basari_sirasi,ayt_edebiyat,ayt_cografya1,toplam_net
94.0,22.5,5.1,27.6
82.0,22.5,5.3,27.8
200.0,22.7,5.9,28.6
670.0,21.6,4.9,26.5
163.0,22.8,5.4,28.200000000000003
455.0,21.4,5.7,27.1
277.0,21.7,5.0,26.7
172.0,22.3,5.0,27.3
286.0,21.7,5.6,27.3
473.0,22.4,4.5,26.9
239.0,22.6,4.8,27.4
132.0,22.6,5.8,28.4
305.0,22.2,4.8,27.0
271.0,22.1,5.0,27.1
329.0,21.9,5.5,27.4
651.0,21.4,4.8,26.2
302.0,22.3,4.9,27.200000000000003
436.0,21.5,5.5,27.0
256.0,22.4,4.7,27.1
330.0,22.1,5.0,27.1
524.0,21.1,5.4,26.5
425.0,21.8,4.8,26.6
340.0,22.2,5.2,27.4
164.0,22.5,5.7,28.2
630.0,21.7,4.8,26.5
433.0,21.6,4.4,26.0
715.0,21.0,5.7,26.7
311.0,22.3,5.0,27.3
477.0,21.5,4.9,26.4
970.0,20.4,5.6,26.0
403.0,21.5,4.4,25.9
478.0,21.5,4.6,26.1
672.0,20.8,5.3,26.1
414.0,21.6,4.5,26.1
491.0,22.2,4.8,27.0
742.0,22.6,5.5,28.1
609.0,22.1,4.5,26.6
541.0,22.1,4.8,26.9
509.0,21.5,5.5,27.0
529.0,21.6,4.6,26.200000000000003
557.0,21.8,4.6,26.4
662.0,21.4,5.5,26.9
2083.0,20.8,3.9,24.7
643.0,21.9,4.5,26.4
1205.0,20.8,5.7,26.5
515.0,21.6,4.4,26.0
654.0,21.4,4.8,26.2
977.0,20.8,5.3,26.1
691.0,21.4,4.2,25.6
658.0,20.8,5.0,25.8
689.0,21.2,5.3,26.5
768.0,20.8,4.8,25.6
765.0,20.1,4.3,24.4
973.0,19.9,5.1,25.0
845.0,21.4,4.5,25.9
795.0,21.4,4.6,26.0
683.0,20.9,4.3,25.2
814.0,20.7,4.5,25.2
1278.0,21.7,4.8,26.5
756.0,21.2,4.6,25.8
829.0,21.6,4.3,25.9
1589.0,20.1,5.6,25.700000000000003
879.0,20.3,4.3,24.6
970.0,21.3,4.2,25.5
1340.0,19.0,5.1,24.1
1169.0,21.4,4.3,25.7
1123.0,21.0,4.4,25.4
1458.0,21.0,4.5,25.5
1135.0,21.5,4.9,26.4
1388.0,21.2,5.2,26.4
1362.0,21.1,4.5,25.6
1180.0,21.5,4.6,26.1
1128.0,20.7,5.5,26.2
1191.0,21.1,4.8,25.9
1262.0,21.2,4.3,25.5
1689.0,20.3,5.4,25.700000000000003
1389.0,20.5,4.5,25.0
1270.0,21.0,4.8,25.8
1448.0,20.1,5.1,25.200000000000003
1240.0,21.5,4.5,26.0
1284.0,21.3,4.4,25.700000000000003
1741.0,20.7,5.3,26.0
1142.0,21.0,4.8,25.8
1292.0,20.0,4.4,24.4
1867.0,18.9,4.8,23.7
1447.0,20.6,4.5,25.1
1319.0,20.2,4.1,24.3
1663.0,20.6,5.2,25.8
972.0,21.1,3.9,25.0
1343.0,20.0,4.3,24.3
2012.0,19.9,5.1,25.0
1417.0,20.0,4.3,24.3
1387.0,21.1,4.3,25.4
1746.0,19.6,4.8,24.4
1779.0,21.1,4.6,25.700000000000003
1406.0,21.5,4.4,25.9
1316.0,20.8,5.3,26.1
1619.0,20.9,4.4,25.3
1414.0,21.5,4.4,25.9
933.0,20.7,5.2,25.9
975.0,20.6,4.5,25.1
1430.0,20.1,3.5,23.6
2708.0,18.5,5.0,23.5
1819.0,20.4,4.4,24.8
1522.0,21.0,4.5,25.5
1890.0,19.9,5.3,25.2
1520.0,21.1,4.5,25.6
1527.0,20.5,4.2,24.7
2017.0,19.5,5.2,24.7
1091.0,21.2,3.9,25.1
1584.0,20.9,4.3,25.2
1389.0,20.7,5.5,26.2
1559.0,21.0,4.4,25.4
1662.0,21.3,4.3,25.6
991.0,21.8,5.5,27.3
1027.0,20.2,4.2,24.4
1711.0,21.5,4.8,26.3
1908.0,20.1,5.0,25.1
1512.0,20.9,4.4,25.3
1715.0,20.1,4.4,24.5
2604.0,19.0,5.1,24.1
1722.0,20.6,4.3,24.9
1719.0,20.7,3.8,24.5
2425.0,19.0,6.0,25.0
1608.0,20.4,4.5,24.9
1803.0,21.0,4.0,25.0
2785.0,18.9,5.3,24.2
1657.0,22.0,4.3,26.3
1812.0,21.1,3.3,24.4
2102.0,20.9,5.1,26.0
1671.0,20.9,4.4,25.3
1939.0,20.4,4.3,24.7
3136.0,19.5,5.0,24.5
2155.0,21.4,4.5,25.9
1954.0,20.9,4.5,25.4
2770.0,19.5,5.0,24.5
1900.0,19.8,4.4,24.200000000000003
1990.0,19.5,4.4,23.9
2929.0,18.5,4.8,23.3
2271.0,20.4,4.5,24.9
2134.0,21.0,4.7,25.7
3269.0,20.1,4.7,24.8
2143.0,20.6,4.2,24.8
2255.0,20.0,4.4,24.4
2149.0,20.7,4.4,25.1
2267.0,20.1,4.2,24.3
3923.0,18.8,5.3,24.1
1993.0,21.2,3.9,25.1
2353.0,19.7,3.3,23.0
3894.0,17.5,5.3,22.8
2450.0,20.8,4.5,25.3
2374.0,20.2,4.1,24.3
3094.0,19.9,5.4,25.3
2429.0,20.5,4.3,24.8
2182.0,16.9,6.0,22.9
4465.0,20.6,4.6,25.200000000000003
2437.0,21.1,4.1,25.200000000000003
4087.0,19.4,4.9,24.3
2372.0,21.0,4.4,25.4
2465.0,20.2,4.0,24.2
2906.0,19.4,5.2,24.6
1568.0,20.5,2.5,23.0
2468.0,21.5,6.0,27.5
3497.0,17.0,6.0,23.0
2653.0,18.9,4.0,22.9
2793.0,18.7,4.0,22.7
3558.0,19.8,5.0,24.8
3447.0,20.6,4.6,25.200000000000003
2967.0,20.9,3.4,24.3
5397.0,17.2,4.9,22.1
2793.0,21.6,4.6,26.200000000000003
2995.0,20.2,4.4,24.6
4798.0,17.9,4.7,22.6
2706.0,20.2,4.3,24.5
3042.0,20.3,4.0,24.3
2456.0,19.7,5.1,24.8
3022.0,20.6,4.4,25.0
3221.0,19.8,4.3,24.1
6043.0,18.4,5.0,23.4
3225.0,20.5,4.4,24.9
3242.0,20.5,4.3,24.8
4387.0,19.5,5.0,24.5
1878.0,20.2,-0.2,20.0
3330.0,21.5,3.5,25.0
3969.0,15.5,4.8,20.3
3831.0,20.2,4.3,24.5
3353.0,20.0,4.0,24.0
7535.0,17.9,5.1,23.0
4159.0,17.3,3.5,20.8
3400.0,19.4,5.1,24.5
13150.0,16.8,3.9,20.7
3942.0,20.0,4.5,24.5
3470.0,19.9,4.2,24.1
6831.0,17.7,4.8,22.5
2028.0,20.2,5.1,25.3
3523.0,18.2,4.9,23.1
1563.0,20.9,5.5,26.4
2349.0,18.1,4.1,22.200000000000003
3578.0,18.0,4.6,22.6
9839.0,15.2,4.6,19.8
6247.0,19.6,4.7,24.3
3638.0,19.2,4.2,23.4
4105.0,18.6,4.7,23.3
6969.0,20.2,4.6,24.8
3664.0,20.3,4.5,24.8
5244.0,17.0,4.6,21.6
3356.0,20.4,4.3,24.7
3682.0,19.7,3.9,23.6
5196.0,20.8,5.6,26.4
4436.0,19.3,4.1,23.4
3821.0,19.3,4.2,23.5
4201.0,19.1,5.0,24.1
2223.0,21.2,4.1,25.3
4056.0,16.9,3.6,20.5
16098.0,19.8,4.7,24.5
4056.0,20.1,4.2,24.3
4090.0,19.8,4.1,23.9
6201.0,18.2,4.9,23.1
7963.0,18.7,3.8,22.5
4185.0,19.3,4.1,23.4
7173.0,19.5,4.9,24.4
4886.0,20.3,3.8,24.1
4364.0,20.2,3.5,23.7
5218.0,17.0,5.1,22.1
5695.0,20.4,4.1,24.5
4388.0,20.1,3.9,24.0
6906.0,18.9,4.9,23.8
10831.0,19.9,4.2,24.1
4520.0,19.3,3.3,22.6
4786.0,19.1,5.0,24.1
5560.0,20.2,4.2,24.4
4539.0,20.0,4.1,24.1
5405.0,19.3,5.1,24.4
5687.0,18.2,4.4,22.6
4910.0,20.4,3.5,23.9
7338.0,17.8,5.0,22.8
8743.0,19.1,4.2,23.3
4993.0,18.6,3.9,22.5
8229.0,18.2,4.9,23.1
6168.0,19.2,4.8,24.0
4639.0,19.1,4.3,23.4
5192.0,20.5,3.6,24.1
10481.0,16.3,5.0,21.3
6110.0,20.1,4.4,24.5
5250.0,18.9,4.1,23.0
12652.0,18.0,5.0,23.0
8245.0,19.8,4.1,23.9
5384.0,18.7,3.6,22.3
9311.0,16.3,4.4,20.700000000000003
5873.0,19.7,4.2,23.9
5430.0,19.8,4.0,23.8
7914.0,19.4,4.8,24.2
5256.0,20.2,4.3,24.5
5574.0,20.0,3.7,23.7
8093.0,19.3,5.1,24.4
10851.0,17.8,3.5,21.3
5638.0,19.2,2.8,22.0
8404.0,16.9,4.6,21.5
8183.0,19.7,4.2,23.9
5791.0,19.2,4.1,23.3
10270.0,17.1,4.7,21.8
6835.0,19.1,5.1,24.200000000000003
5941.0,20.2,4.0,24.2
13479.0,17.3,4.5,21.8
9947.0,19.1,4.0,23.1
5947.0,19.3,3.7,23.0
6158.0,18.2,5.2,23.4
24502.0,18.9,3.9,22.8
5999.0,20.6,4.1,24.700000000000003
12052.0,20.0,4.6,24.6
9090.0,18.2,4.3,22.5
6060.0,17.5,3.9,21.4
8662.0,16.9,4.8,21.7
9005.0,19.6,4.2,23.8
6174.0,19.6,3.9,23.5
9118.0,18.0,4.8,22.8
9139.0,19.8,4.1,23.9
6380.0,19.6,4.1,23.700000000000003
11196.0,17.6,4.9,22.5
7190.0,20.0,4.3,24.3
6451.0,19.1,3.8,22.9
15584.0,16.7,4.9,21.6
9679.0,19.1,4.4,23.5
6513.0,19.0,4.4,23.4
8808.0,16.2,4.4,20.6
13632.0,19.2,4.0,23.2
6549.0,20.1,3.7,23.8
9052.0,18.8,5.3,24.1
13311.0,19.8,4.2,24.0
6602.0,19.2,4.1,23.3
14799.0,17.5,4.7,22.2
10106.0,19.6,3.9,23.5
6655.0,18.7,3.9,22.6
13797.0,19.4,4.9,24.3
4334.0,20.2,4.4,24.6
6694.0,18.1,4.3,22.4
12534.0,18.0,4.7,22.7
16717.0,15.9,4.2,20.1
6858.0,18.3,2.6,20.9
7341.0,19.9,5.3,25.2
4762.0,19.6,3.8,23.4
6915.0,18.9,4.5,23.4
11597.0,19.0,4.3,23.3
16080.0,19.0,3.9,22.9
7092.0,18.4,3.2,21.6
10666.0,18.0,5.0,23.0
16819.0,19.4,4.1,23.5
7134.0,18.9,4.3,23.2
12982.0,18.2,4.4,22.6
15562.0,20.3,4.7,25.0
7306.0,17.5,4.0,21.5
8614.0,18.9,5.7,24.6
7858.0,19.6,4.2,23.8
7582.0,18.2,4.0,22.2
12544.0,17.9,4.9,22.8
14524.0,19.7,3.7,23.4
7590.0,18.2,4.1,22.3
14319.0,16.5,4.8,21.3
10981.0,19.4,4.2,23.6
7598.0,18.5,4.0,22.5
9372.0,15.0,4.9,19.9
10225.0,19.8,4.3,24.1
7630.0,18.4,3.8,22.2
10597.0,17.3,5.2,22.5
11978.0,18.6,4.0,22.6
7967.0,18.7,4.6,23.3
10365.0,17.2,4.9,22.1
11567.0,19.6,4.4,24.0
8031.0,18.9,3.7,22.6
19276.0,17.6,5.1,22.700000000000003
11385.0,19.9,4.1,24.0
8130.0,19.2,3.8,23.0
11620.0,17.4,4.8,22.2
14784.0,18.3,4.4,22.700000000000003
8267.0,18.3,3.3,21.6
8070.0,18.4,4.5,22.9
11873.0,20.4,3.8,24.2
8294.0,17.3,2.7,20.0
12835.0,15.8,5.1,20.9
6023.0,20.8,3.5,24.3
8409.0,15.4,4.0,19.4
11480.0,19.0,4.8,23.8
20794.0,18.1,4.2,22.3
8726.0,18.8,4.4,23.200000000000003
10155.0,17.3,5.7,23.0
9039.0,19.8,4.4,24.200000000000003
8782.0,19.4,4.6,24.0
17731.0,15.2,4.7,19.9
22367.0,19.6,3.7,23.3
8899.0,19.2,3.9,23.1
11616.0,18.4,4.9,23.3
9088.0,18.1,4.5,22.6
9090.0,18.4,3.3,21.7
12996.0,16.5,5.1,21.6
13391.0,19.2,4.1,23.3
9239.0,18.9,3.8,22.7
14264.0,17.0,4.6,21.6
10263.0,20.1,4.3,24.4
9243.0,19.1,3.8,22.9
24396.0,15.7,5.3,21.0
12514.0,19.2,4.5,23.7
9347.0,19.0,3.7,22.7
12391.0,17.6,4.8,22.4
11391.0,19.6,4.1,23.700000000000003
9521.0,19.3,3.8,23.1
12546.0,18.2,5.1,23.3
15530.0,19.4,4.2,23.6
9639.0,19.4,3.8,23.2
12110.0,18.1,4.6,22.700000000000003
16194.0,19.6,4.1,23.700000000000003
9736.0,19.3,3.9,23.2
13564.0,17.7,4.7,22.4
16615.0,18.5,3.9,22.4
9758.0,17.8,3.9,21.7
15566.0,18.3,4.9,23.200000000000003
15694.0,19.5,4.1,23.6
9831.0,19.1,3.8,22.9
14281.0,17.9,4.8,22.7
17694.0,18.1,4.1,22.200000000000003
9848.0,18.8,4.0,22.8
15666.0,17.1,4.6,21.700000000000003
13904.0,16.8,3.4,20.2
10139.0,18.1,3.4,21.5
14919.0,15.7,4.8,20.5
15901.0,19.0,4.0,23.0
10317.0,19.1,4.1,23.200000000000003
16942.0,16.0,4.4,20.4
6753.0,19.6,4.1,23.700000000000003
10367.0,18.2,3.6,21.8
24514.0,16.7,4.8,21.5
20595.0,18.6,3.9,22.5
10568.0,20.3,3.4,23.7
22380.0,16.4,4.5,20.9
39025.0,19.5,4.3,23.8
10620.0,23.0,3.3,26.3
13183.0,18.0,5.4,23.4
18560.0,19.0,4.2,23.2
10823.0,18.9,3.9,22.8
15117.0,17.3,5.1,22.4
16012.0,19.2,4.0,23.2
10883.0,18.8,3.7,22.5
14717.0,16.8,4.4,21.200000000000003
19038.0,19.4,4.1,23.5
11141.0,19.0,3.9,22.9
16617.0,17.8,4.8,22.6
17622.0,19.3,4.5,23.8
11658.0,19.2,3.9,23.1
18381.0,16.7,4.7,21.4
9866.0,22.6,3.9,26.5
11747.0,19.5,4.4,23.9
16988.0,17.4,5.0,22.4
16634.0,19.3,4.2,23.5
11925.0,19.0,3.9,22.9
21027.0,16.9,4.8,21.7
21413.0,19.9,4.0,23.9
12044.0,18.8,3.6,22.4
32093.0,12.4,4.7,17.1
7943.0,19.8,4.1,23.9
12061.0,18.9,3.8,22.7
25731.0,15.2,4.9,20.1
23749.0,18.9,4.2,23.1
12182.0,19.0,3.4,22.4
14192.0,19.0,4.5,23.5
6612.0,21.1,4.3,25.4
12396.0,20.0,4.3,24.3
25952.0,17.2,4.9,22.1
23511.0,19.8,3.7,23.5
12542.0,17.5,4.1,21.6
16211.0,17.5,5.3,22.8
22348.0,19.5,4.4,23.9
12597.0,18.0,3.9,21.9
20799.0,17.4,5.2,22.6
64395.0,16.1,3.9,20.0
12667.0,19.8,4.4,24.200000000000003
20123.0,19.5,4.4,23.9
23476.0,17.9,4.0,21.9
12709.0,19.7,3.1,22.8
16256.0,16.3,4.5,20.8
20025.0,19.5,4.1,23.6
13045.0,18.7,3.7,22.4
17312.0,17.1,4.7,21.8
21528.0,18.8,4.1,22.9
13084.0,18.5,3.9,22.4
18728.0,16.9,4.8,21.7
21451.0,19.0,4.0,23.0
13166.0,19.1,3.8,22.9
19178.0,16.9,4.4,21.3
23217.0,17.1,3.7,20.8
13198.0,18.4,3.4,21.8
17192.0,17.2,4.9,22.1
21546.0,17.7,3.7,21.4
13273.0,17.0,4.6,21.6
26353.0,16.4,4.7,21.1
21543.0,19.6,4.8,24.4
13405.0,14.7,2.9,17.599999999999998
19321.0,16.6,4.6,21.200000000000003
22221.0,18.1,3.9,22.0
13514.0,18.6,3.8,22.4
18873.0,17.8,4.5,22.3
20210.0,19.3,4.1,23.4
13611.0,19.6,3.3,22.9
24740.0,19.7,3.8,23.5
13659.0,18.0,3.5,21.5
17561.0,17.1,4.9,22.0
21552.0,19.5,4.0,23.5
13730.0,18.6,3.7,22.3
18751.0,17.9,4.7,22.6
24966.0,19.5,3.9,23.4
13745.0,18.4,3.6,22.0
20160.0,17.4,5.0,22.4
25538.0,18.4,3.2,21.6
13929.0,18.8,3.7,22.5
21032.0,16.4,4.3,20.7
35162.0,18.7,3.7,22.4
13953.0,19.2,4.2,23.4
22723.0,14.5,5.0,19.5
46587.0,16.0,3.6,19.6
14164.0,15.4,3.3,18.7
17699.0,13.1,4.6,17.7
13551.0,19.2,4.0,23.2
14414.0,18.3,3.7,22.0
25181.0,16.6,4.8,21.4
11921.0,19.1,4.1,23.200000000000003
14422.0,16.1,3.8,19.9
59282.0,16.1,4.9,21.0
23695.0,19.5,3.8,23.3
14786.0,19.0,4.0,23.0
20567.0,17.4,4.5,21.9
20734.0,18.8,4.0,22.8
15043.0,19.2,3.7,22.9
18317.0,17.0,4.8,21.8
24833.0,18.8,3.9,22.7
15308.0,17.5,2.8,20.3
24427.0,19.2,4.0,23.2
15492.0,18.5,4.0,22.5
22378.0,17.0,4.7,21.7
53440.0,18.9,3.7,22.6
15646.0,19.0,3.2,22.2
19664.0,17.7,4.3,22.0
30011.0,19.2,4.3,23.5
16017.0,17.6,3.7,21.3
23727.0,19.0,4.7,23.7
27807.0,17.1,3.3,20.4
16193.0,18.5,3.9,22.4
23212.0,15.1,4.7,19.8
33542.0,18.8,4.3,23.1
16238.0,18.3,3.2,21.5
20530.0,17.5,4.8,22.3
25940.0,18.8,4.1,22.9
16929.0,18.7,3.8,22.5
22769.0,17.0,4.5,21.5
29791.0,20.6,3.9,24.5
16986.0,18.4,3.3,21.7
28064.0,14.9,5.0,19.9
23890.0,18.1,3.8,21.9
17246.0,18.1,3.4,21.5
35445.0,15.1,4.5,19.6
28872.0,17.1,4.0,21.1
17552.0,17.9,3.9,21.8
20949.0,17.4,4.7,22.1
28886.0,17.7,3.8,21.5
17557.0,18.4,3.0,21.4
22700.0,17.0,4.6,21.6
48094.0,17.9,3.9,21.8
17867.0,19.8,3.7,23.5
22942.0,17.9,4.6,22.5
35044.0,19.2,3.7,22.9
17935.0,18.1,3.0,21.1
25016.0,16.6,5.0,21.6
60009.0,19.2,3.8,23.0
18038.0,18.4,4.2,22.6
17982.0,17.8,5.0,22.8
22388.0,18.0,3.4,21.4
18337.0,19.7,3.4,23.1
33932.0,19.0,5.4,24.4
5778.0,16.5,3.5,20.0
18764.0,17.5,4.8,22.3
12796.0,11.8,6.0,17.8
26010.0,20.8,4.8,25.6
18963.0,15.9,4.1,20.0
26195.0,17.8,3.8,21.6
27287.0,19.1,4.5,23.6
19494.0,18.4,4.0,22.4
25022.0,16.6,5.0,21.6
33437.0,18.0,3.8,21.8
19536.0,18.0,3.5,21.5
25407.0,18.8,4.5,23.3
33670.0,17.9,4.1,22.0
36314.0,19.6,4.2,23.8
20485.0,18.8,3.4,22.2
32520.0,18.0,4.8,22.8
29773.0,19.0,4.0,23.0
20567.0,18.6,3.6,22.200000000000003
27712.0,17.1,4.6,21.700000000000003
17678.0,20.8,4.5,25.3
20760.0,17.5,4.3,21.8
35621.0,18.5,3.9,22.4
21116.0,18.6,3.5,22.1
26586.0,16.5,4.8,21.3
20170.0,16.8,3.9,20.7
21272.0,17.3,2.5,19.8
33271.0,18.3,4.6,22.9
32985.0,18.5,3.8,22.3
21410.0,18.0,3.9,21.9
27255.0,16.1,4.5,20.6
23324.0,18.4,4.2,22.6
21484.0,18.4,2.9,21.3
38266.0,14.0,4.8,18.8
31633.0,19.6,4.1,23.700000000000003
21681.0,17.7,3.1,20.8
25161.0,18.7,4.6,23.3
27051.0,18.0,4.2,22.2
21857.0,18.1,3.4,21.5
33759.0,17.7,4.4,22.1
33736.0,18.7,4.2,22.9
22055.0,17.9,3.2,21.1
26950.0,14.1,4.9,19.0
37495.0,18.7,3.8,22.5
22112.0,18.2,3.0,21.2
32585.0,15.9,4.4,20.3
39769.0,15.0,3.8,18.8
22709.0,16.4,3.4,19.8
26892.0,17.5,4.8,22.3
34346.0,19.3,4.5,23.8
23096.0,17.9,3.8,21.7
29836.0,18.0,4.5,22.5
34194.0,18.1,4.2,22.3
23105.0,18.6,4.0,22.6
37604.0,17.2,4.6,21.8
26772.0,19.1,4.3,23.4
23365.0,19.3,3.9,23.2
26412.0,18.7,4.0,22.7
23420.0,18.0,3.5,21.5
37956.0,16.8,4.9,21.700000000000003
29824.0,18.7,3.7,22.4
23926.0,18.8,3.6,22.4
35838.0,17.8,3.8,21.6
23940.0,17.7,3.6,21.3
30319.0,17.0,5.0,22.0
40388.0,19.4,3.5,22.9
24082.0,17.1,4.2,21.3
27134.0,17.8,4.6,22.4
35752.0,18.4,3.9,22.3
24202.0,18.3,3.8,22.1
30052.0,16.0,4.4,20.4
21769.0,18.5,4.2,22.7
24280.0,18.6,4.2,22.8
67407.0,16.7,4.5,21.2
35238.0,17.4,3.8,21.2
24522.0,16.6,3.6,20.200000000000003
46794.0,14.8,5.0,19.8
34188.0,19.8,3.9,23.7
24543.0,18.7,3.9,22.6
31270.0,17.5,4.6,22.1
41249.0,16.1,4.0,20.1
25347.0,17.4,2.9,20.3
30574.0,17.1,5.1,22.200000000000003
15884.0,19.3,4.2,23.5
25471.0,17.5,3.9,21.4
52363.0,15.1,4.7,19.8
36096.0,17.8,4.1,21.9
26062.0,18.2,3.7,21.9
32135.0,15.9,4.5,20.4
37541.0,18.5,3.9,22.4
26208.0,18.1,3.9,22.0
31550.0,16.4,4.5,20.9
38298.0,18.0,3.8,21.8
26643.0,18.6,3.5,22.1
33164.0,16.6,4.5,21.1
46383.0,18.7,3.7,22.4
26848.0,17.8,2.8,20.6
30467.0,17.8,4.8,22.6
62608.0,18.0,4.2,22.2
27335.0,17.8,5.5,23.3
30134.0,19.8,4.8,24.6
42932.0,20.2,4.0,24.2
28117.0,16.9,3.3,20.2
49220.0,16.3,4.6,20.9
38514.0,17.2,3.9,21.1
28155.0,18.6,3.6,22.200000000000003
38395.0,16.6,4.7,21.3
40648.0,17.7,4.2,21.9
28294.0,18.1,3.6,21.700000000000003
66127.0,16.8,4.2,21.0
39338.0,18.4,4.0,22.4
28382.0,18.5,3.5,22.0
36972.0,16.4,4.7,21.1
41263.0,18.4,4.0,22.4
28668.0,17.7,3.6,21.3
34834.0,16.5,4.6,21.1
41290.0,18.5,3.9,22.4
28789.0,18.3,3.7,22.0
36180.0,15.3,4.5,19.8
79788.0,18.6,4.1,22.700000000000003
29219.0,18.0,3.5,21.5
61773.0,18.1,4.5,22.6
54710.0,19.2,3.9,23.1
29403.0,18.3,3.3,21.6
38348.0,18.1,5.3,23.4
49929.0,19.3,3.8,23.1
29475.0,18.9,2.5,21.4
33670.0,17.4,4.4,21.8
35666.0,19.4,4.9,24.3
29695.0,18.4,3.8,22.2
34300.0,15.4,4.6,20.0
44852.0,17.2,4.1,21.3
29746.0,16.2,3.9,20.1
31453.0,19.6,4.3,23.9
29968.0,17.2,4.2,21.4
45414.0,17.8,4.6,22.4
17270.0,21.2,3.5,24.7
30154.0,12.8,3.0,15.8
57559.0,15.8,4.8,20.6
197465.0,13.6,3.4,17.0
30403.0,16.5,3.4,19.9
48750.0,16.1,5.2,21.3
234590.0,10.6,3.6,14.2
30421.0,16.1,4.8,20.9
110274.0,14.1,4.4,18.5
29016.0,18.2,4.3,22.5
31337.0,15.6,3.8,19.4
110136.0,15.1,4.6,19.7
33420.0,19.2,4.2,23.4
31354.0,18.4,3.7,22.1
49721.0,16.8,4.6,21.4
44596.0,17.0,4.0,21.0
31849.0,17.7,2.9,20.6
41183.0,15.8,4.3,20.1
32952.0,18.8,4.0,22.8
32305.0,16.6,3.5,20.1
51715.0,16.0,4.7,20.7
41830.0,16.2,4.2,20.4
32608.0,16.0,3.1,19.1
57603.0,14.1,5.3,19.4
43254.0,17.9,3.8,21.7
33447.0,17.8,3.6,21.4
39504.0,15.6,4.4,20.0
46886.0,18.2,4.0,22.2
33660.0,16.9,3.5,20.4
40358.0,15.0,4.4,19.4
38752.0,18.2,3.2,21.4
33677.0,14.5,5.4,19.9
62315.0,12.0,5.1,17.1
42727.0,16.0,3.6,19.6
33818.0,16.1,4.3,20.4
38046.0,15.4,4.7,20.1
35297.0,17.6,3.9,21.5
34177.0,19.1,4.1,23.200000000000003
57879.0,15.1,4.2,19.3
35015.0,19.0,3.8,22.8
34333.0,17.0,3.6,20.6
57612.0,15.8,4.9,20.700000000000003
46256.0,18.5,3.9,22.4
34343.0,18.2,3.4,21.6
44120.0,16.2,4.8,21.0
46014.0,18.3,3.8,22.1
34545.0,17.6,3.6,21.200000000000003
44760.0,16.4,4.6,21.0
41748.0,18.4,4.1,22.5
45089.0,17.5,3.8,21.3
35363.0,17.1,3.6,20.700000000000003
44203.0,15.1,4.4,19.5
27406.0,19.1,4.1,23.200000000000003
36052.0,18.0,3.9,21.9
53669.0,17.4,4.7,22.1
49032.0,18.8,4.2,23.0
36631.0,19.3,5.0,24.3
62436.0,14.6,4.4,19.0
40038.0,18.0,3.9,21.9
37126.0,18.4,3.7,22.1
51481.0,16.8,4.6,21.4
49211.0,17.9,3.8,21.7
37157.0,17.2,3.4,20.6
46168.0,16.6,4.5,21.1
55785.0,17.6,3.4,21.0
37655.0,17.6,4.2,21.8
44710.0,17.5,4.6,22.1
60800.0,19.0,4.0,23.0
37795.0,15.9,3.2,19.1
73672.0,17.0,4.9,21.9
52575.0,17.7,3.3,21.0
38028.0,16.4,3.6,20.0
41686.0,15.2,4.6,19.8
20752.0,18.3,3.9,22.2
38246.0,16.3,4.0,20.3
66564.0,15.4,4.8,20.2
45155.0,19.4,4.2,23.6
38702.0,19.0,2.7,21.7
65553.0,14.2,5.2,19.4
50520.0,18.7,3.9,22.6
38705.0,17.5,3.4,20.9
44593.0,15.8,4.4,20.200000000000003
98909.0,19.0,4.0,23.0
39017.0,17.5,3.4,20.9
36785.0,18.7,4.1,22.8
39034.0,16.3,3.0,19.3
61397.0,16.3,4.3,20.6
51526.0,17.5,3.8,21.3
39244.0,17.4,3.5,20.9
49317.0,15.6,4.5,20.1
28368.0,17.8,3.9,21.7
39660.0,16.7,3.5,20.2
64704.0,16.3,4.6,20.9
51371.0,18.9,3.9,22.8
40167.0,18.4,3.6,22.0
44013.0,17.6,4.6,22.200000000000003
51696.0,17.7,4.0,21.7
40730.0,17.2,3.5,20.7
50666.0,14.6,4.5,19.1
23889.0,19.0,4.3,23.3
41341.0,19.0,3.0,22.0
51863.0,15.9,4.4,20.3
51880.0,17.2,3.8,21.0
41725.0,16.1,3.5,19.6
42332.0,15.5,4.6,20.1
53211.0,18.4,4.0,22.4
42043.0,17.6,3.6,21.200000000000003
52503.0,16.0,4.4,20.4
43313.0,18.6,4.0,22.6
42546.0,17.7,3.7,21.4
76170.0,16.0,4.8,20.8
55697.0,17.0,3.8,20.8
42556.0,16.6,3.6,20.200000000000003
49239.0,15.2,4.6,19.8
64012.0,16.8,3.9,20.7
42838.0,17.0,3.3,20.3
62190.0,13.1,3.6,16.7
76062.0,18.7,3.9,22.6
42977.0,17.8,3.6,21.4
40098.0,16.9,4.6,21.5
66267.0,18.1,3.4,21.5
42990.0,16.8,3.3,20.1
65275.0,15.3,5.3,20.6
56481.0,17.5,3.8,21.3
43977.0,16.8,3.1,19.9
49637.0,15.5,4.4,19.9
40342.0,18.2,3.9,22.1
44129.0,16.9,3.7,20.6
62995.0,15.9,4.8,20.7
56815.0,18.0,3.8,21.8
44251.0,17.4,3.4,20.8
55675.0,16.0,4.5,20.5
45192.0,18.6,4.1,22.700000000000003
44804.0,18.0,2.8,20.8
51788.0,17.9,5.1,23.0
58775.0,16.7,3.7,20.4
45703.0,16.1,3.4,19.5
43860.0,15.2,4.5,19.7
27248.0,16.8,4.3,21.1
46596.0,17.4,3.5,20.9
71584.0,16.5,5.4,21.9
54877.0,18.2,3.8,22.0
46673.0,17.8,3.6,21.4
53146.0,16.3,4.5,20.8
60275.0,17.7,3.7,21.4
47627.0,17.2,3.4,20.6
57484.0,15.9,4.5,20.4
54212.0,18.9,4.0,22.9
47685.0,16.2,3.7,19.9
48835.0,18.0,4.6,22.6
54459.0,18.8,3.8,22.6
48139.0,18.2,3.4,21.6
56473.0,16.1,4.6,20.700000000000003
49109.0,18.0,3.9,21.9
48180.0,17.4,3.2,20.6
59078.0,15.8,4.5,20.3
56156.0,17.9,4.2,22.1
48456.0,18.0,3.6,21.6
63701.0,17.3,4.5,21.8
49802.0,19.1,3.9,23.0
48483.0,18.7,3.7,22.4
61072.0,17.3,4.4,21.700000000000003
61852.0,17.1,3.7,20.8
48488.0,17.4,3.5,20.9
55671.0,15.7,4.3,20.0
55615.0,17.7,4.0,21.7
48715.0,16.7,3.8,20.5
57801.0,14.0,4.3,18.3
33608.0,18.6,3.8,22.4
48936.0,17.9,3.2,21.1
80187.0,15.7,5.1,20.8
47444.0,18.6,4.0,22.6
49069.0,18.8,3.7,22.5
67088.0,16.8,4.3,21.1
47080.0,15.5,3.7,19.2
49146.0,16.8,3.8,20.6
68837.0,14.8,4.4,19.200000000000003
65343.0,17.4,3.8,21.2
50736.0,17.3,3.5,20.8
58874.0,15.7,4.3,20.0
59572.0,18.0,3.8,21.8
50905.0,17.3,3.4,20.7
55868.0,15.8,4.6,20.4
49848.0,17.2,4.0,21.2
51284.0,15.6,3.9,19.5
82244.0,17.3,4.8,22.1
63725.0,18.3,4.2,22.5
51296.0,17.6,3.5,21.1
63395.0,16.7,4.7,21.4
68675.0,17.2,4.1,21.3
51335.0,17.0,3.4,20.4
47330.0,16.9,5.0,21.9
40427.0,17.1,3.2,20.3
24350.0,18.7,4.1,22.8
51678.0,17.5,3.1,20.6
82578.0,16.0,4.7,20.7
41243.0,18.5,4.1,22.6
51833.0,15.9,2.5,18.4
82851.0,13.6,4.5,18.1
82476.0,20.2,3.8,24.0
52069.0,19.7,3.4,23.1
49844.0,16.4,4.9,21.3
52818.0,18.3,4.1,22.4
52275.0,18.3,3.6,21.9
66184.0,17.0,4.4,21.4
59631.0,17.6,4.0,21.6
52283.0,17.7,3.6,21.3
59980.0,17.8,4.5,22.3
66284.0,16.0,3.7,19.7
52436.0,15.0,3.3,18.3
61248.0,15.4,4.6,20.0
53995.0,18.7,4.0,22.7
53849.0,17.3,3.4,20.7
78234.0,16.2,4.8,21.0
72317.0,18.6,3.0,21.6
54213.0,16.6,3.4,20.0
72321.0,14.9,4.1,19.0
52871.0,17.2,3.6,20.8
54507.0,14.6,3.1,17.7
85428.0,15.9,4.6,20.5
46723.0,18.5,3.8,22.3
54885.0,14.4,3.7,18.1
77499.0,13.0,5.7,18.7
57641.0,15.7,3.7,19.4
55395.0,16.8,2.6,19.4
73841.0,12.9,5.2,18.1
59967.0,18.8,4.1,22.9
55446.0,17.3,3.8,21.1
73997.0,15.4,4.1,19.5
66513.0,17.5,4.0,21.5
55707.0,17.5,2.9,20.4
67999.0,16.9,4.4,21.3
66637.0,19.1,3.8,22.9
55869.0,18.3,3.4,21.7
74895.0,16.8,4.3,21.1
60332.0,18.4,3.4,21.8
55912.0,18.2,3.8,22.0
58568.0,15.2,3.3,18.5
62931.0,17.6,3.6,21.200000000000003
55966.0,17.3,4.3,21.6
67153.0,16.0,4.5,20.5
65289.0,17.8,3.8,21.6
56003.0,17.1,3.2,20.3
65409.0,16.8,4.5,21.3
63450.0,18.4,4.0,22.4
56055.0,17.3,3.8,21.1
69896.0,16.7,4.8,21.5
56579.0,18.9,3.9,22.8
56230.0,16.6,2.9,19.5
79224.0,13.8,3.5,17.3
60228.0,18.7,4.0,22.7
56237.0,18.2,3.4,21.6
37670.0,17.2,4.7,21.9
62668.0,18.5,3.8,22.3
56415.0,18.3,3.6,21.9
75473.0,16.7,4.3,21.0
60650.0,18.4,4.0,22.4
56438.0,18.1,3.5,21.6
72256.0,16.4,4.6,21.0
81377.0,17.9,3.9,21.8
56759.0,17.8,3.5,21.3
49544.0,16.7,4.7,21.4
75596.0,17.9,3.8,21.7
57886.0,17.0,3.4,20.4
66113.0,15.0,4.5,19.5
56186.0,18.6,4.1,22.700000000000003
58384.0,17.0,3.6,20.6
77640.0,16.2,4.9,21.1
68438.0,18.6,4.3,22.9
58552.0,15.8,2.4,18.2
68946.0,15.2,4.7,19.9
40134.0,15.8,4.0,19.8
58698.0,16.5,3.1,19.6
90069.0,14.9,3.9,18.8
77238.0,18.2,3.8,22.0
59420.0,16.2,3.2,19.4
54871.0,18.1,4.2,22.3
58510.0,18.1,4.0,22.1
59616.0,17.3,3.4,20.7
76360.0,15.6,4.8,20.4
48656.0,17.9,4.2,22.1
59867.0,16.6,3.4,20.0
86858.0,14.8,4.6,19.4
77030.0,18.6,4.2,22.8
59951.0,18.0,3.3,21.3
68964.0,16.6,4.4,21.0
67604.0,18.0,3.9,21.9
60078.0,18.1,3.4,21.5
80589.0,16.9,4.3,21.2
67070.0,19.6,3.4,23.0
60433.0,16.6,3.9,20.5
77022.0,17.3,4.8,22.1
70581.0,16.3,4.5,20.8
60475.0,15.9,3.4,19.3
81900.0,17.1,5.0,22.1
76214.0,17.6,4.0,21.6
60697.0,17.1,3.0,20.1
79638.0,16.9,4.4,21.3
111410.0,16.5,3.8,20.3
61127.0,16.9,2.9,19.8
80887.0,15.3,5.1,20.4
70819.0,19.6,3.8,23.4
61244.0,16.1,3.2,19.3
69732.0,14.6,4.4,19.0
77979.0,18.8,4.1,22.9
61313.0,17.2,3.6,20.8
68914.0,14.8,4.2,19.0
59412.0,18.6,4.0,22.6
61633.0,17.0,3.3,20.3
94995.0,14.7,4.5,19.2
61582.0,18.9,4.0,22.9
61753.0,17.5,3.6,21.1
98214.0,16.1,4.5,20.6
53887.0,18.8,3.8,22.6
61828.0,16.9,4.1,21.0
94143.0,16.3,3.8,20.1
56924.0,18.1,3.9,22.0
74854.0,17.3,3.6,20.9
62047.0,19.6,4.0,23.6
61952.0,18.7,4.7,23.4
74649.0,16.8,3.6,20.4
62115.0,18.2,2.6,20.8
95570.0,16.4,5.7,22.1
69571.0,20.9,3.5,24.4
62150.0,16.9,3.0,19.9
73334.0,17.0,4.8,21.8
68666.0,18.1,4.0,22.1
62218.0,18.5,3.4,21.9
77981.0,17.1,4.4,21.5
63920.0,17.3,4.1,21.4
62271.0,16.6,3.3,19.9
82957.0,16.1,4.5,20.6
70324.0,18.1,3.6,21.700000000000003
62640.0,17.8,3.4,21.2
74363.0,16.5,4.2,20.7
69503.0,17.8,4.0,21.8
62649.0,17.1,3.9,21.0
86761.0,16.0,4.6,20.6
66150.0,17.8,3.9,21.7
63391.0,17.9,3.6,21.5
77752.0,16.0,4.4,20.4
70769.0,18.9,4.0,22.9
63529.0,16.5,3.6,20.1
84967.0,17.1,4.3,21.4
49370.0,17.9,3.8,21.7
63761.0,17.0,3.4,20.4
91813.0,15.6,4.7,20.3
60547.0,16.1,3.9,20.0
64119.0,18.0,3.8,21.8
87589.0,17.9,4.6,22.5
76572.0,17.8,3.6,21.4
64454.0,17.3,3.4,20.7
83385.0,16.9,4.4,21.3
74106.0,17.8,3.7,21.5
64571.0,14.5,3.5,18.0
75173.0,16.4,4.7,21.1
68248.0,18.7,3.9,22.6
65104.0,18.4,3.4,21.8
80923.0,16.7,4.3,21.0
69862.0,17.7,4.0,21.7
65105.0,16.4,3.1,19.5
92934.0,15.0,4.5,19.5
60913.0,17.6,3.8,21.4
65630.0,17.2,3.7,20.9
104272.0,15.0,3.9,18.9
83886.0,17.6,4.0,21.6
66363.0,16.6,3.7,20.3
80450.0,15.5,5.1,20.6
71133.0,13.3,3.4,16.7
66493.0,17.7,4.9,22.6
103804.0,15.0,3.9,18.9
75278.0,16.1,4.0,20.1
66778.0,16.3,3.5,19.8
76181.0,15.8,5.0,20.8
71123.0,17.9,3.8,21.7
67106.0,18.1,3.6,21.700000000000003
84509.0,17.4,4.6,22.0
75545.0,17.3,4.8,22.1
67382.0,17.3,4.1,21.4
76326.0,12.3,4.2,16.5
78237.0,16.8,4.0,20.8
67536.0,16.8,2.3,19.1
76131.0,18.8,4.5,23.3
62380.0,17.3,3.5,20.8
62711.0,17.2,3.5,20.7
67753.0,17.3,4.0,21.3
82005.0,15.2,4.3,19.5
79518.0,16.9,4.0,20.9
67900.0,17.4,4.1,21.5
95515.0,15.6,4.0,19.6
81548.0,20.0,4.0,24.0
67943.0,16.9,3.9,20.8
98060.0,15.2,4.7,19.9
71750.0,17.2,3.6,20.8
68218.0,17.1,3.4,20.5
77269.0,15.7,4.4,20.1
80714.0,18.1,3.8,21.9
68633.0,17.8,3.6,21.4
92520.0,16.1,4.5,20.6
73788.0,17.8,3.8,21.6
68669.0,18.1,3.3,21.4
89019.0,16.8,4.3,21.1
107160.0,17.3,3.8,21.1
68702.0,17.0,3.3,20.3
77940.0,15.4,4.4,19.8
103440.0,18.6,4.1,22.700000000000003
68740.0,16.6,3.6,20.200000000000003
68300.0,17.4,5.0,22.4
69557.0,18.2,3.9,22.1
68778.0,18.0,3.4,21.4
78319.0,17.0,4.4,21.4
68244.0,19.2,3.7,22.9
68949.0,17.6,3.2,20.8
77012.0,15.9,4.5,20.4
58889.0,12.7,3.7,16.4
69140.0,16.3,3.9,20.2
103635.0,13.9,5.2,19.1
84579.0,18.4,4.2,22.6
69764.0,18.8,3.4,22.2
78385.0,16.9,5.0,21.9
71349.0,18.2,3.7,21.9
70072.0,17.5,3.4,20.9
89778.0,16.0,4.7,20.7
64201.0,17.6,4.0,21.6
70207.0,18.0,3.5,21.5
85197.0,17.2,4.2,21.4
74825.0,17.5,4.1,21.6
70326.0,17.2,3.6,20.8
89499.0,16.6,4.4,21.0
75324.0,17.7,3.7,21.4
70562.0,17.9,3.4,21.3
82404.0,16.0,4.4,20.4
69689.0,16.6,3.8,20.4
70644.0,17.4,3.9,21.3
113935.0,14.1,2.9,17.0
72798.0,18.0,4.1,22.1
70933.0,17.9,3.5,21.4
102895.0,15.7,4.6,20.3
58207.0,17.3,3.7,21.0
70958.0,17.7,3.5,21.2
87337.0,17.4,4.6,22.0
66870.0,18.1,4.0,22.1
71004.0,17.3,3.2,20.5
110984.0,15.6,4.4,20.0
89176.0,17.4,4.0,21.4
71135.0,18.0,3.0,21.0
76410.0,19.1,3.8,22.9
71204.0,17.7,3.6,21.3
91106.0,16.7,4.2,20.9
61841.0,18.6,3.9,22.5
71362.0,18.9,3.6,22.5
118990.0,17.5,4.3,21.8
77616.0,18.0,4.0,22.0
71366.0,17.8,3.4,21.2
85165.0,15.8,4.4,20.200000000000003
73379.0,12.2,3.1,15.3
71403.0,14.9,2.4,17.3
95224.0,18.2,4.5,22.7
90671.0,15.4,3.9,19.3
71418.0,16.6,2.8,19.4
71127.0,14.6,4.5,19.1
69976.0,18.1,3.6,21.700000000000003
71832.0,15.8,3.6,19.4
89273.0,15.7,4.7,20.4
86351.0,18.3,3.8,22.1
72167.0,17.5,3.8,21.3
93461.0,17.4,4.0,21.4
79393.0,18.3,3.8,22.1
72176.0,16.9,3.3,20.2
84230.0,16.9,4.5,21.4
78303.0,18.1,4.2,22.3
72230.0,12.3,3.6,15.9
97738.0,14.5,3.5,18.0
72992.0,17.1,3.2,20.3
72314.0,16.6,3.5,20.1
92449.0,17.3,3.9,21.2
75382.0,17.0,4.2,21.2
72823.0,12.3,2.1,14.4
158571.0,11.8,4.8,16.6
85052.0,16.7,4.1,20.8
72836.0,18.0,2.9,20.9
51240.0,17.6,4.0,21.6
72984.0,16.5,3.2,19.7
119267.0,14.1,4.7,18.8
80949.0,17.4,3.9,21.3
73645.0,18.4,3.2,21.6
95445.0,15.8,4.3,20.1
85334.0,17.7,3.8,21.5
74118.0,17.8,3.3,21.1
93710.0,16.3,4.2,20.5
91875.0,21.5,4.8,26.3
75037.0,13.8,2.5,16.3
102561.0,16.5,4.8,21.3
83381.0,17.3,3.9,21.2
75581.0,17.2,3.9,21.1
100491.0,16.5,4.3,20.8
95007.0,14.2,4.0,18.2
75603.0,18.6,3.6,22.200000000000003
97656.0,16.0,4.4,20.4
85511.0,18.6,3.7,22.3
76156.0,13.7,3.4,17.099999999999998
82095.0,14.9,3.7,18.6
81880.0,17.9,3.7,21.6
76227.0,17.2,3.3,20.5
87474.0,15.8,4.5,20.3
121086.0,17.3,3.8,21.1
76301.0,18.6,3.7,22.3
67710.0,17.9,4.7,22.6
74348.0,17.9,4.3,22.2
76667.0,16.5,2.6,19.1
124535.0,18.1,4.8,22.9
75713.0,17.2,3.8,21.0
76914.0,16.5,3.6,20.1
87656.0,15.9,4.2,20.1
80100.0,17.9,3.8,21.7
77714.0,17.4,3.2,20.6
90344.0,16.8,4.3,21.1
85310.0,18.5,3.7,22.2
77955.0,17.5,3.2,20.7
94783.0,15.9,4.3,20.2
84134.0,18.4,3.9,22.3
77957.0,17.3,3.3,20.6
83567.0,16.8,4.4,21.200000000000003
74562.0,19.3,3.3,22.6
78477.0,17.4,3.3,20.7
96344.0,12.1,4.6,16.7
46828.0,18.0,4.0,22.0
79271.0,16.3,3.3,19.6
106272.0,16.4,3.7,20.1
79698.0,16.6,3.4,20.0
82609.0,15.6,4.4,20.0
83682.0,17.4,3.8,21.2
79906.0,17.4,3.2,20.6
81569.0,17.6,3.8,21.4
80006.0,15.4,3.9,19.3
114218.0,14.8,4.5,19.3
89439.0,17.1,3.9,21.0
80105.0,17.4,3.6,21.0
98064.0,15.4,4.0,19.4
79297.0,17.5,4.0,21.5
80129.0,17.5,3.5,21.0
91843.0,16.6,4.4,21.0
90410.0,16.6,4.2,20.8
80371.0,14.6,2.8,17.4
81460.0,18.1,3.8,21.9
80542.0,17.2,3.2,20.4
97065.0,16.0,4.3,20.3
79630.0,16.7,3.6,20.3
80642.0,15.9,3.5,19.4
123428.0,17.1,4.1,21.200000000000003
85601.0,17.3,3.5,20.8
81251.0,17.0,3.3,20.3
92774.0,15.7,4.9,20.6
84699.0,17.6,3.6,21.200000000000003
81452.0,17.2,3.2,20.4
93912.0,16.0,4.2,20.2
89624.0,16.3,4.2,20.5
81518.0,17.2,3.7,20.9
85964.0,15.1,5.3,20.4
72973.0,17.8,4.3,22.1
81542.0,16.7,2.9,19.6
109650.0,17.4,4.4,21.8
49437.0,15.7,4.2,19.9
81072.0,18.1,3.9,22.0
82884.0,16.6,3.2,19.8
96230.0,15.8,4.5,20.3
86468.0,18.9,4.0,22.9
83064.0,18.4,3.2,21.6
100793.0,17.2,4.6,21.8
84141.0,17.3,3.4,20.7
83337.0,14.9,3.8,18.7
133222.0,16.1,4.7,20.8
85235.0,18.2,3.8,22.0
83538.0,17.6,3.4,21.0
102231.0,16.2,4.4,20.6
78875.0,16.1,4.3,20.4
83860.0,17.6,3.4,21.0
105186.0,13.5,5.1,18.6
83108.0,18.5,3.9,22.4
84143.0,17.0,3.3,20.3
96000.0,16.4,4.4,20.8
71779.0,17.7,3.7,21.4
84582.0,17.2,3.3,20.5
95518.0,16.7,4.8,21.5
76835.0,13.6,3.8,17.4
85026.0,16.7,3.3,20.0
96968.0,15.9,4.6,20.5
85955.0,18.1,4.0,22.1
85501.0,17.3,3.5,20.8
87978.0,16.6,4.3,20.9
65242.0,17.4,4.0,21.4
89467.0,14.4,3.3,17.7
86626.0,15.9,3.2,19.1
113911.0,14.5,4.6,19.1
89431.0,17.1,3.9,21.0
86973.0,17.6,3.3,20.9
102951.0,15.5,4.1,19.6
71156.0,15.7,4.1,19.8
86991.0,12.8,3.7,16.5
136000.0,12.3,3.9,16.2
77363.0,17.4,3.8,21.2
87220.0,16.3,3.4,19.7
113663.0,15.3,4.7,20.0
86680.0,18.0,3.9,21.9
87310.0,16.3,3.4,19.7
101389.0,16.5,4.7,21.2
96947.0,16.7,3.8,20.5
87336.0,16.3,3.2,19.5
85532.0,17.9,4.0,21.9
94631.0,16.4,3.7,20.1
87406.0,16.6,3.4,20.0
94459.0,15.7,4.6,20.3
104985.0,17.4,3.7,21.1
87725.0,17.6,3.6,21.200000000000003
84043.0,13.2,4.4,17.6
83450.0,17.6,3.9,21.5
87981.0,13.8,2.9,16.7
94844.0,17.2,3.9,21.1
84013.0,18.2,3.9,22.1
88201.0,16.3,3.4,19.7
109819.0,16.3,4.3,20.6
109916.0,17.5,3.8,21.3
88491.0,16.8,3.2,20.0
91507.0,16.4,4.5,20.9
66958.0,17.5,4.0,21.5
72776.0,15.9,3.8,19.7
88572.0,15.7,3.9,19.6
87232.0,17.4,3.7,21.1
89017.0,19.5,3.3,22.8
101652.0,17.3,4.3,21.6
124904.0,17.1,3.8,20.9
89089.0,16.9,3.3,20.2
93954.0,15.6,4.2,19.8
93016.0,18.6,3.7,22.3
89134.0,16.7,3.3,20.0
105844.0,15.0,4.0,19.0
81366.0,18.5,3.9,22.4
89723.0,16.4,3.5,19.9
108452.0,16.0,4.6,20.6
161918.0,16.5,3.5,20.0
90029.0,17.5,3.3,20.8
92914.0,14.6,4.0,18.6
92051.0,18.2,3.9,22.1
90127.0,17.1,3.5,20.6
106000.0,17.0,4.1,21.1
86277.0,16.6,3.8,20.4
90263.0,18.1,3.8,21.9
109253.0,16.6,4.4,21.0
97157.0,17.2,4.5,21.7
90266.0,18.3,2.7,21.0
113801.0,16.4,4.4,20.8
93355.0,17.1,3.8,20.9
90374.0,16.4,3.2,19.6
90323.0,16.9,4.5,21.4
75920.0,15.8,3.9,19.7
90832.0,16.7,3.8,20.5
108246.0,17.3,5.7,23.0
94826.0,18.8,4.1,22.9
91848.0,17.2,3.9,21.1
111403.0,16.8,4.3,21.1
88837.0,16.4,4.0,20.4
91859.0,16.9,3.6,20.5
119005.0,15.5,4.9,20.4
96272.0,16.6,2.9,19.5
91971.0,15.9,3.3,19.2
154766.0,13.5,5.3,18.8
111063.0,16.1,3.1,19.200000000000003
92055.0,15.7,3.1,18.8
109590.0,16.7,5.1,21.8
92754.0,17.4,3.6,21.0
92070.0,16.5,3.3,19.8
98843.0,14.8,4.3,19.1
98413.0,16.9,3.5,20.4
92101.0,17.0,3.4,20.4
111682.0,15.2,4.3,19.5
82357.0,17.2,3.3,20.5
92103.0,16.0,3.0,19.0
109537.0,16.4,4.3,20.7
102663.0,18.0,3.7,21.7
92350.0,17.5,3.6,21.1
112794.0,16.7,4.1,20.8
86006.0,19.1,4.0,23.1
92386.0,18.8,3.1,21.9
109355.0,14.8,4.2,19.0
106205.0,17.5,3.4,20.9
92479.0,17.9,3.7,21.6
95435.0,16.1,4.0,20.1
76686.0,18.4,4.0,22.4
92863.0,16.9,3.1,20.0
97852.0,17.8,3.7,21.5
93015.0,17.3,3.3,20.6
110541.0,15.8,3.9,19.7
97102.0,17.8,4.0,21.8
93070.0,17.4,3.4,20.8
115876.0,16.4,4.4,20.8
94793.0,16.4,3.5,19.9
93403.0,15.6,3.0,18.6
111203.0,14.6,4.7,19.3
91044.0,19.2,4.0,23.2
93591.0,18.5,3.0,21.5
98885.0,17.8,4.1,21.9
94285.0,20.2,3.8,24.0
93751.0,16.0,2.8,18.8
113296.0,16.3,4.0,20.3
99885.0,15.0,3.6,18.6
93824.0,15.7,2.9,18.6
115589.0,14.3,4.5,18.8
91146.0,17.3,3.6,20.9
94120.0,17.6,3.3,20.9
111495.0,16.8,4.3,21.1
116272.0,18.2,3.8,22.0
94175.0,17.2,3.4,20.6
124272.0,17.2,3.7,20.9
94382.0,17.7,3.3,21.0
98928.0,17.7,4.0,21.7
94527.0,17.9,3.4,21.3
113463.0,14.7,4.1,18.8
102631.0,17.5,4.0,21.5
94961.0,17.3,3.5,20.8
101375.0,14.4,3.9,18.3
91109.0,9.8,2.9,12.7
94990.0,15.2,2.7,17.9
94686.0,13.4,4.2,17.6
88819.0,17.6,3.9,21.5
95038.0,16.8,2.9,19.7
128534.0,14.8,4.6,19.4
96491.0,16.8,3.4,20.2
95220.0,17.5,2.8,20.3
119323.0,15.7,3.1,18.8
89557.0,18.8,3.1,21.9
95438.0,16.7,3.8,20.5
121809.0,16.6,5.2,21.8
103305.0,18.0,4.0,22.0
95823.0,17.2,3.7,20.9
116149.0,16.9,4.4,21.3
90257.0,17.3,3.9,21.2
95864.0,16.8,3.4,20.2
109254.0,15.2,4.2,19.4
92823.0,18.6,3.5,22.1
96064.0,16.3,2.6,18.9
107374.0,14.9,5.3,20.2
95374.0,16.6,3.7,20.3
96089.0,16.6,3.2,19.8
107610.0,15.1,4.2,19.3
86580.0,17.8,4.0,21.8
96131.0,16.1,3.4,19.5
125947.0,15.9,4.4,20.3
82985.0,16.5,3.8,20.3
96166.0,16.8,2.8,19.6
110901.0,17.4,5.3,22.7
93977.0,17.4,3.8,21.2
96267.0,17.0,3.4,20.4
106987.0,16.0,4.2,20.2
241543.0,15.1,2.7,17.8
96484.0,17.1,3.7,20.8
101586.0,14.5,4.5,19.0
88757.0,14.4,4.8,19.2
97087.0,18.5,3.9,22.4
139740.0,14.3,4.7,19.0
93424.0,17.0,4.0,21.0
97140.0,16.7,3.5,20.2
117447.0,16.5,4.7,21.2
101570.0,16.8,4.0,20.8
97303.0,16.5,3.6,20.1
130250.0,15.4,4.6,20.0
96780.0,17.5,3.6,21.1
97443.0,17.3,3.4,20.7
105330.0,17.2,4.5,21.7
103133.0,18.6,3.9,22.5
98619.0,17.8,3.4,21.2
117016.0,16.4,4.1,20.5
101320.0,18.8,3.1,21.9
98683.0,14.9,3.4,18.3
90996.0,13.6,3.9,17.5
96215.0,15.8,3.2,19.0
98800.0,15.6,3.6,19.2
113262.0,13.1,4.3,17.4
103227.0,18.1,3.6,21.700000000000003
99342.0,15.6,3.1,18.7
115737.0,15.8,4.2,20.0
128566.0,15.4,3.0,18.4
99517.0,16.2,3.6,19.8
120721.0,14.4,4.5,18.9
96684.0,17.6,3.8,21.4
99529.0,17.4,3.5,20.9
116100.0,16.5,4.3,20.8
107189.0,17.4,3.8,21.2
99536.0,17.3,3.4,20.7
123614.0,15.7,3.9,19.6
92419.0,16.0,3.0,19.0
99614.0,18.4,3.8,22.2
140282.0,14.7,4.0,18.7
88880.0,18.9,4.2,23.1
99835.0,15.7,2.9,18.6
108014.0,17.2,5.1,22.3
98205.0,17.7,3.8,21.5
98308.0,17.7,3.6,21.3
113228.0,17.5,3.9,21.4
112559.0,17.5,3.6,21.1
99961.0,14.8,3.4,18.2
103602.0,17.5,4.8,22.3
72573.0,17.6,4.0,21.6
100011.0,16.9,3.7,20.6
133761.0,15.8,4.4,20.200000000000003
105316.0,17.9,4.2,22.1
100041.0,15.2,2.1,17.3
106982.0,16.1,4.2,20.3
99404.0,17.9,3.5,21.4
100089.0,16.5,3.3,19.8
109030.0,17.2,3.8,21.0
100239.0,17.4,3.4,20.8
118324.0,15.6,4.1,19.7
97147.0,16.4,3.3,19.7
100277.0,16.3,3.4,19.7
115860.0,15.3,4.5,19.8
120667.0,16.2,4.1,20.3
100284.0,17.3,3.4,20.7
105818.0,15.8,4.4,20.200000000000003
100009.0,16.9,3.5,20.4
100812.0,16.7,3.3,20.0
105061.0,15.4,4.6,20.0
96463.0,17.7,3.8,21.5
101731.0,13.3,2.2,15.5
100708.0,15.7,4.8,20.5
99702.0,17.8,3.8,21.6
101788.0,17.0,3.2,20.2
142739.0,14.5,4.7,19.2
93023.0,17.4,3.8,21.2
101794.0,15.2,3.0,18.2
141262.0,14.0,4.4,18.4
106818.0,17.5,3.9,21.4
102412.0,16.0,3.3,19.3
107322.0,15.2,3.8,19.0
107876.0,17.0,3.8,20.8
102808.0,16.6,3.4,20.0
115130.0,14.7,4.4,19.1
108505.0,17.3,3.8,21.1
102914.0,17.2,3.6,20.8
122158.0,15.6,4.3,19.9
119722.0,16.7,3.6,20.3
102925.0,16.5,3.2,19.7
106896.0,15.4,4.0,19.4
106034.0,18.1,3.8,21.9
102976.0,15.6,2.8,18.4
119351.0,16.2,4.4,20.6
110063.0,18.3,4.1,22.4
103113.0,17.1,3.4,20.5
119095.0,16.0,4.0,20.0
123496.0,17.2,3.8,21.0
103445.0,16.2,3.1,19.3
74462.0,17.2,4.0,21.2
103578.0,12.8,4.4,17.200000000000003
146502.0,16.5,5.0,21.5
106547.0,18.2,3.6,21.8
103642.0,18.4,3.4,21.8
116023.0,19.0,4.1,23.1
107098.0,18.1,4.1,22.200000000000003
103732.0,17.1,3.2,20.3
121304.0,16.6,4.3,20.9
82471.0,18.1,3.2,21.3
104554.0,17.1,2.2,19.3
140525.0,17.4,4.3,21.7
90143.0,17.4,3.7,21.1
99566.0,17.9,3.7,21.6
108050.0,18.4,4.1,22.5
104698.0,16.5,3.4,19.9
124607.0,17.3,5.0,22.3
110974.0,17.0,4.1,21.1
104791.0,16.5,3.2,19.7
122360.0,16.9,4.2,21.1
119767.0,17.0,3.7,20.7
105404.0,15.1,3.2,18.3
87310.0,14.8,4.5,19.3
97931.0,17.0,3.7,20.7
105648.0,17.6,2.8,20.4
114684.0,15.4,4.3,19.7
123828.0,14.7,3.2,17.9
105806.0,17.5,3.6,21.1
115640.0,16.7,3.9,20.6
105871.0,16.7,2.9,19.6
123659.0,15.1,4.1,19.2
102323.0,16.8,3.7,20.5
106349.0,15.4,2.9,18.3
147311.0,15.0,4.9,19.9
115204.0,17.3,3.7,21.0
106365.0,16.1,3.1,19.200000000000003
135905.0,15.8,4.7,20.5
96398.0,16.9,4.0,20.9
106543.0,16.9,3.8,20.7
147444.0,15.2,4.8,20.0
99107.0,18.2,3.8,22.0
106679.0,17.9,3.0,20.9
126381.0,16.9,4.2,21.1
102773.0,17.8,3.6,21.4
108777.0,18.2,3.3,21.5
107589.0,16.9,3.0,19.9
123565.0,15.9,4.6,20.5
103643.0,15.3,4.1,19.4
108000.0,15.3,2.8,18.1
127401.0,15.6,5.1,20.7
115181.0,17.2,3.7,20.9
108096.0,17.2,3.2,20.4
128744.0,14.9,4.1,19.0
115082.0,17.5,4.3,21.8
108220.0,18.4,3.6,22.0
152205.0,16.1,4.9,21.0
103235.0,18.0,3.9,21.9
108283.0,16.7,3.8,20.5
122635.0,16.6,4.9,21.5
101012.0,17.6,3.8,21.4
108488.0,16.0,3.3,19.3
118264.0,15.6,4.2,19.8
82454.0,17.4,3.8,21.2
108495.0,16.2,3.0,19.2
140201.0,14.6,4.6,19.2
109696.0,17.2,3.3,20.5
108647.0,15.8,3.1,18.9
126757.0,14.7,4.1,18.8
95778.0,15.5,3.6,19.1
108648.0,16.0,3.8,19.8
138949.0,13.5,4.3,17.8
119815.0,17.6,3.6,21.200000000000003
108652.0,16.6,3.7,20.3
126920.0,14.5,3.8,18.3
124549.0,15.4,3.6,19.0
108737.0,16.5,3.1,19.6
96704.0,14.8,4.1,18.9
118903.0,16.8,2.9,19.7
108808.0,18.3,1.8,20.1
123370.0,13.2,5.4,18.6
106517.0,17.7,3.9,21.6
109033.0,17.4,3.4,20.8
123104.0,16.4,4.4,20.8
105009.0,17.4,3.9,21.3
109126.0,17.6,3.0,20.6
127179.0,15.0,3.9,18.9
104830.0,16.9,4.0,20.9
109190.0,16.8,3.1,19.9
118828.0,16.4,4.5,20.9
124593.0,17.4,3.8,21.2
109238.0,16.4,3.1,19.5
94992.0,16.1,4.4,20.5
111877.0,17.6,3.7,21.3
109341.0,16.9,3.3,20.2
107420.0,19.3,3.8,23.1
109579.0,15.8,2.6,18.4
122888.0,14.5,3.9,18.4
117249.0,16.9,3.7,20.6
109988.0,17.3,3.8,21.1
129343.0,14.3,4.0,18.3
124888.0,17.1,4.2,21.3
110449.0,16.0,3.1,19.1
114386.0,15.1,4.3,19.4
104472.0,17.5,3.8,21.3
110569.0,16.6,3.1,19.700000000000003
130855.0,16.1,4.2,20.3
107025.0,19.1,2.9,22.0
110729.0,14.4,3.8,18.2
130272.0,16.1,4.5,20.6
85744.0,16.4,3.8,20.2
110955.0,10.5,3.2,13.7
114300.0,14.8,4.8,19.6
96214.0,18.1,3.5,21.6
111056.0,17.5,3.0,20.5
116502.0,15.6,4.0,19.6
121838.0,16.8,3.0,19.8
111193.0,16.2,2.4,18.6
109936.0,17.6,3.7,21.3
111637.0,15.2,3.0,18.2
114761.0,16.0,4.7,20.7
109143.0,16.9,3.6,20.5
111848.0,16.7,3.5,20.2
118432.0,15.8,4.6,20.4
101890.0,16.7,3.9,20.6
111995.0,15.6,3.1,18.7
127989.0,15.9,4.6,20.5
124339.0,16.0,3.7,19.7
112056.0,15.5,2.9,18.4
119198.0,15.1,4.2,19.3
116372.0,16.9,3.8,20.7
89417.0,18.0,3.9,21.9
124519.0,17.1,3.6,20.700000000000003
112387.0,16.6,3.1,19.700000000000003
118867.0,15.1,4.4,19.5
105166.0,16.9,3.5,20.4
112481.0,17.0,3.1,20.1
121544.0,17.2,3.7,20.9
113086.0,16.5,3.4,19.9
121449.0,15.1,3.9,19.0
94721.0,15.6,3.2,18.8
113126.0,15.8,3.2,19.0
143361.0,12.2,4.3,16.5
113090.0,18.0,4.6,22.6
113411.0,13.6,2.5,16.1
118284.0,16.5,4.7,21.2
121228.0,18.1,3.6,21.700000000000003
114086.0,16.8,3.2,20.0
132536.0,16.3,4.1,20.4
114326.0,16.6,3.6,20.200000000000003
114344.0,16.5,3.2,19.7
113375.0,16.1,3.8,19.9
110528.0,17.7,3.7,21.4
114398.0,17.0,2.5,19.5
115715.0,15.8,4.0,19.8
112271.0,16.3,3.4,19.7
114525.0,16.2,3.1,19.3
116671.0,16.4,4.5,20.9
120042.0,18.6,3.4,22.0
114752.0,17.2,3.2,20.4
136226.0,15.8,3.7,19.5
163041.0,13.3,3.4,16.7
115558.0,14.3,4.4,18.700000000000003
125665.0,16.5,4.4,20.9
115631.0,18.2,3.4,21.6
139695.0,15.4,4.7,20.1
110954.0,16.6,3.6,20.200000000000003
115870.0,15.6,3.3,18.9
125441.0,15.7,4.1,19.8
113806.0,17.8,3.6,21.4
116283.0,14.8,3.8,18.6
114297.0,14.8,4.7,19.5
118310.0,17.5,3.4,20.9
112107.0,18.2,4.1,22.3
117312.0,17.9,3.0,20.9
123996.0,15.9,5.1,21.0
103310.0,17.1,3.6,20.700000000000003
117407.0,16.1,3.0,19.1
127615.0,16.6,4.4,21.0
122372.0,17.7,3.6,21.3
117766.0,16.9,3.4,20.3
134903.0,15.2,3.9,19.1
108587.0,17.0,4.3,21.3
117768.0,13.6,2.5,16.1
179385.0,13.0,3.8,16.8
119115.0,18.8,3.7,22.5
117888.0,14.9,3.0,17.9
130640.0,16.4,4.6,21.0
141366.0,18.2,3.5,21.7
117911.0,16.4,3.1,19.5
141038.0,16.4,4.5,20.9
126159.0,17.3,2.8,20.1
117915.0,16.4,3.5,19.9
122247.0,16.2,3.6,19.8
116422.0,16.3,3.4,19.7
118049.0,15.6,3.1,18.7
158240.0,16.5,4.8,21.3
101118.0,18.8,4.2,23.0
118339.0,18.5,3.6,22.1
162126.0,16.3,5.4,21.700000000000003
112473.0,15.9,3.4,19.3
118408.0,16.1,3.3,19.4
135024.0,15.4,4.1,19.5
114513.0,16.5,3.8,20.3
118489.0,14.0,2.8,16.8
146238.0,14.4,4.1,18.5
121036.0,18.2,3.9,22.1
118717.0,17.2,3.3,20.5
132770.0,16.0,4.1,20.1
128620.0,17.0,4.3,21.3
118921.0,15.3,2.7,18.0
148816.0,15.7,4.8,20.5
124798.0,17.4,3.4,20.8
119408.0,17.0,3.4,20.4
138958.0,14.5,3.8,18.3
124748.0,16.0,3.6,19.6
119410.0,16.1,3.6,19.700000000000003
120119.0,16.2,4.8,21.0
121524.0,17.3,3.8,21.1
119449.0,17.0,3.0,20.0
136035.0,14.9,4.2,19.1
135369.0,17.5,3.6,21.1
119634.0,17.8,3.6,21.4
143407.0,15.3,4.0,19.3
119834.0,16.8,3.2,20.0
119727.0,14.8,2.5,17.3
133670.0,14.6,4.4,19.0
125051.0,16.6,3.6,20.200000000000003
119770.0,16.3,3.7,20.0
134240.0,13.7,3.9,17.599999999999998
165570.0,15.2,3.5,18.7
119900.0,18.0,5.0,23.0
127031.0,17.6,3.8,21.4
120051.0,17.0,3.3,20.3
138278.0,16.1,4.2,20.3
114991.0,16.6,3.6,20.200000000000003
120130.0,16.1,3.4,19.5
141363.0,16.0,4.2,20.2
127746.0,17.0,3.2,20.2
120392.0,16.8,3.8,20.6
153730.0,16.7,4.4,21.1
122007.0,16.2,3.3,19.5
120528.0,16.2,3.0,19.2
99816.0,17.0,4.2,21.2
120602.0,16.3,3.4,19.7
153184.0,13.6,4.6,18.2
148660.0,17.3,3.8,21.1
120614.0,16.3,3.3,19.6
99990.0,15.4,4.4,19.8
113506.0,17.7,3.8,21.5
120660.0,16.3,3.3,19.6
140894.0,16.1,4.0,20.1
121305.0,17.5,3.6,21.1
120865.0,15.4,3.1,18.5
116669.0,19.0,3.9,22.9
121644.0,16.9,3.0,19.9
132156.0,12.8,3.4,16.2
114163.0,17.5,3.5,21.0
121814.0,17.6,3.7,21.3
123231.0,14.2,5.0,19.2
122001.0,17.8,2.6,20.4
116375.0,17.9,3.8,21.7
122196.0,17.0,3.2,20.2
144425.0,16.1,4.5,20.6
124671.0,18.3,4.0,22.3
122211.0,17.0,2.5,19.5
113756.0,17.4,3.8,21.2
122541.0,16.1,3.4,19.5
149626.0,15.3,4.7,20.0
112143.0,18.8,4.1,22.9
122617.0,12.3,4.4,16.700000000000003
152861.0,16.8,5.2,22.0
156596.0,15.6,3.9,19.5
122897.0,17.9,2.9,20.8
135070.0,11.3,3.7,15.0
116547.0,17.2,3.9,21.1
122935.0,16.0,3.1,19.1
131047.0,15.9,4.1,20.0
123317.0,16.7,4.1,20.8
123009.0,16.5,3.1,19.6
105744.0,16.6,4.9,21.5
127792.0,15.8,3.6,19.4
123295.0,16.1,3.5,19.6
141135.0,14.4,4.3,18.7
114306.0,18.0,3.7,21.7
123320.0,16.1,3.5,19.6
124705.0,15.8,4.5,20.3
124862.0,16.5,3.6,20.1
123367.0,16.8,3.4,20.2
127667.0,19.0,3.9,22.9
123789.0,15.4,3.2,18.6
158583.0,16.7,5.0,21.7
130243.0,16.6,3.8,20.4
124195.0,17.2,3.1,20.3
143122.0,14.7,4.0,18.7
93207.0,15.8,3.6,19.4
124299.0,16.1,2.9,19.0
155236.0,16.0,4.5,20.5
114918.0,16.8,3.8,20.6
124481.0,15.4,3.2,18.6
157567.0,15.0,4.4,19.4
117536.0,16.1,4.0,20.1
125092.0,16.1,3.7,19.8
123896.0,16.3,4.3,20.6
120096.0,17.5,3.7,21.2
125285.0,17.3,3.2,20.5
145509.0,15.9,4.3,20.2
114839.0,17.7,3.7,21.4
125298.0,16.5,3.1,19.6
172307.0,15.0,4.4,19.4
125674.0,19.5,3.9,23.4
125362.0,16.4,3.0,19.4
130536.0,15.5,5.0,20.5
130994.0,16.9,3.7,20.6
125428.0,15.6,2.1,17.7
177586.0,15.9,4.9,20.8
121306.0,18.2,3.8,22.0
125664.0,16.3,3.4,19.7
141659.0,16.6,4.3,20.9
113360.0,16.7,3.6,20.3
125668.0,15.1,3.2,18.3
150399.0,14.6,4.4,19.0
96344.0,17.5,3.9,21.4
125960.0,15.3,3.1,18.4
155294.0,14.9,4.3,19.2
128688.0,16.9,3.8,20.7
126002.0,16.4,3.0,19.4
139754.0,15.1,4.0,19.1
132585.0,17.5,3.7,21.2
126096.0,16.4,3.1,19.5
142730.0,15.6,4.0,19.6
125840.0,15.6,4.0,19.6
126776.0,15.6,2.7,18.3
130213.0,14.6,3.8,18.4
114946.0,17.7,3.2,20.9
126986.0,14.8,3.1,17.900000000000002
130514.0,15.6,4.7,20.3
105708.0,16.1,3.8,19.9
127228.0,14.8,3.0,17.8
152664.0,14.9,4.5,19.4
126427.0,18.4,3.6,22.0
127257.0,16.1,2.9,19.0
124492.0,16.6,4.5,21.1
128979.0,17.3,3.9,21.2
127269.0,17.0,3.0,20.0
143625.0,16.2,4.2,20.4
121795.0,16.9,3.8,20.7
127339.0,15.0,2.7,17.7
147253.0,16.7,4.0,20.7
127591.0,16.5,4.3,20.8
116744.0,15.6,4.9,20.5
104719.0,17.2,4.1,21.3
127661.0,16.2,3.2,19.4
144011.0,16.9,4.6,21.5
120919.0,17.3,3.8,21.1
127716.0,16.5,3.2,19.7
153400.0,15.5,4.9,20.4
113629.0,18.0,4.0,22.0
127753.0,17.3,3.4,20.7
135886.0,13.7,4.6,18.3
126650.0,17.5,3.7,21.2
127827.0,16.5,3.4,19.9
148186.0,15.3,4.1,19.4
134852.0,17.7,3.7,21.4
127867.0,17.0,3.2,20.2
145439.0,14.4,3.9,18.3
128461.0,16.7,3.6,20.3
128397.0,17.5,2.9,20.4
133177.0,17.6,4.7,22.3
119882.0,17.4,3.7,21.1
128616.0,15.4,3.3,18.7
135282.0,15.5,4.4,19.9
119481.0,15.2,3.4,18.6
128680.0,15.0,3.6,18.6
165917.0,13.7,4.4,18.1
130329.0,16.9,3.3,20.2
128888.0,16.0,3.5,19.5
149508.0,15.9,4.1,20.0
135672.0,17.6,3.7,21.3
129127.0,16.2,2.9,19.1
148160.0,14.8,3.9,18.7
127556.0,15.9,3.8,19.7
129317.0,18.1,2.3,20.4
143021.0,13.9,3.9,17.8
132231.0,19.3,3.8,23.1
129499.0,15.5,3.0,18.5
129330.0,17.5,4.4,21.9
124860.0,18.9,3.7,22.6
129526.0,17.2,3.0,20.2
138661.0,16.4,5.0,21.4
132845.0,16.0,3.9,19.9
129687.0,13.8,3.1,16.900000000000002
111672.0,14.6,3.9,18.5
145286.0,16.2,4.4,20.6
129987.0,16.2,3.7,19.9
106329.0,13.8,4.1,17.9
134199.0,17.7,3.8,21.5
130263.0,15.3,2.9,18.2
146874.0,16.5,4.2,20.7
119212.0,15.6,3.9,19.5
130290.0,18.4,5.2,23.6
200933.0,11.7,4.9,16.6
122779.0,16.9,3.4,20.3
130601.0,16.2,3.1,19.3
150369.0,15.6,4.4,20.0
124954.0,16.3,3.2,19.5
130610.0,14.9,2.2,17.1
155922.0,16.2,5.0,21.2
122876.0,17.0,3.5,20.5
113875.0,17.7,3.9,21.6
130927.0,16.1,3.2,19.3
101239.0,15.0,3.7,18.7
112967.0,18.4,3.7,22.1
131087.0,16.5,2.9,19.4
110101.0,17.4,4.5,21.9
136461.0,16.6,4.0,20.6
131299.0,15.7,3.1,18.8
151195.0,15.3,4.3,19.6
119409.0,17.2,3.7,20.9
131357.0,16.2,3.1,19.3
155628.0,15.6,4.1,19.7
110916.0,17.8,3.8,21.6
131571.0,16.3,3.5,19.8
170262.0,15.3,4.5,19.8
146338.0,16.1,3.5,19.6
131644.0,15.1,3.1,18.2
151765.0,14.8,4.1,18.9
112862.0,16.3,3.7,20.0
131899.0,15.4,3.3,18.7
153642.0,14.2,4.5,18.7
137936.0,16.6,3.6,20.200000000000003
131965.0,16.3,2.9,19.2
151640.0,15.3,3.9,19.2
126818.0,16.2,3.6,19.8
132056.0,17.6,2.1,19.700000000000003
132429.0,15.8,4.2,20.0
130176.0,16.7,3.2,19.9
132245.0,18.1,3.6,21.700000000000003
136085.0,15.3,4.7,20.0
121565.0,14.9,3.6,18.5
132246.0,15.2,2.3,17.5
130445.0,16.8,3.6,20.4
132365.0,16.0,3.3,19.3
136856.0,15.9,3.9,19.8
183110.0,15.8,3.3,19.1
132695.0,15.6,4.0,19.6
115505.0,16.1,3.5,19.6
123833.0,17.2,3.7,20.9
132786.0,16.0,3.0,19.0
143275.0,16.2,4.7,20.9
137913.0,17.1,3.6,20.700000000000003
132852.0,14.0,2.9,16.9
144495.0,17.5,4.9,22.4
132632.0,17.3,3.6,20.9
133051.0,15.3,2.9,18.2
155295.0,15.5,5.0,20.5
113824.0,14.4,3.3,17.7
133670.0,16.8,2.7,19.5
156000.0,14.8,4.8,19.6
126240.0,17.2,3.7,20.9
134002.0,16.8,3.4,20.2
154464.0,15.2,4.1,19.3
124298.0,17.1,4.0,21.1
134020.0,16.6,3.1,19.700000000000003
153982.0,14.5,4.7,19.2
138393.0,17.8,3.9,21.7
134199.0,15.9,3.6,19.5
154659.0,16.0,4.1,20.1
124208.0,16.2,3.5,19.7
134225.0,17.6,2.5,20.1
119443.0,17.3,3.9,21.2
134361.0,15.9,3.2,19.1
140123.0,16.3,4.1,20.4
127403.0,17.3,3.6,20.9
135027.0,15.6,3.1,18.7
159585.0,15.3,4.6,19.9
133315.0,17.1,3.9,21.0
135038.0,17.2,3.2,20.4
152159.0,17.0,4.6,21.6
117443.0,17.6,3.9,21.5
135063.0,16.7,3.2,19.9
177770.0,14.4,4.4,18.8
138300.0,17.1,3.7,20.8
135088.0,16.7,3.4,20.1
157230.0,14.3,4.5,18.8
134940.0,18.1,3.0,21.1
135669.0,16.5,3.1,19.6
146402.0,15.5,4.7,20.2
128282.0,16.2,3.8,20.0
135863.0,16.3,3.2,19.5
150140.0,12.7,4.8,17.5
140334.0,17.3,3.6,20.9
136024.0,16.6,3.4,20.0
156208.0,14.8,4.0,18.8
113974.0,13.6,4.2,17.8
136070.0,10.5,3.4,13.9
181700.0,9.3,4.2,13.5
132594.0,17.0,3.4,20.4
136387.0,14.6,2.9,17.5
142155.0,13.0,4.3,17.3
130152.0,17.1,4.0,21.1
136644.0,17.5,3.1,20.6
131282.0,15.0,4.2,19.2
100375.0,14.4,2.9,17.3
136746.0,16.5,2.3,18.8
187281.0,15.1,5.1,20.2
131556.0,15.4,3.8,19.2
136975.0,14.9,2.6,17.5
140914.0,14.3,4.6,18.9
132378.0,17.2,3.7,20.9
137146.0,17.5,3.2,20.7
166921.0,16.5,4.4,20.9
139367.0,16.9,3.8,20.7
137397.0,16.0,3.0,19.0
150905.0,15.1,4.2,19.3
66901.0,17.4,3.8,21.2
137846.0,16.4,3.0,19.4
191637.0,12.5,4.5,17.0
145889.0,16.6,3.8,20.4
138215.0,16.3,2.3,18.6
160420.0,17.9,4.4,22.3
117032.0,16.5,3.7,20.2
138392.0,15.0,3.3,18.3
171216.0,15.7,4.4,20.1
144160.0,17.0,3.9,20.9
138827.0,16.5,3.3,19.8
157568.0,15.7,3.6,19.3
109033.0,16.8,3.5,20.3
138867.0,15.2,3.4,18.6
165715.0,14.0,4.6,18.6
138570.0,12.2,3.9,16.099999999999998
138966.0,15.4,2.4,17.8
146423.0,15.2,4.3,19.5
338690.0,13.3,3.5,16.8
139018.0,13.6,2.6,16.2
144799.0,8.6,3.7,12.3
137690.0,17.6,3.8,21.4
139247.0,16.8,3.2,20.0
160700.0,16.7,4.2,20.9
145684.0,17.2,3.5,20.7
139827.0,16.6,3.5,20.1
160890.0,16.0,4.1,20.1
144101.0,17.0,4.0,21.0
140519.0,15.3,2.3,17.6
148637.0,15.5,4.5,20.0
132515.0,18.1,3.8,21.9
140665.0,15.7,3.1,18.8
160657.0,15.9,4.4,20.3
155373.0,15.0,3.3,18.3
141090.0,16.3,3.7,20.0
182578.0,17.1,2.9,20.0
141309.0,18.4,3.4,21.8
157798.0,15.1,5.1,20.2
103692.0,13.5,2.4,15.9
141414.0,18.2,3.5,21.7
206054.0,14.4,5.3,19.7
144277.0,17.3,3.7,21.0
141612.0,15.6,3.3,18.9
159654.0,15.8,4.0,19.8
139827.0,17.4,3.7,21.1
141630.0,16.1,2.8,18.9
162272.0,15.5,4.2,19.7
153672.0,17.6,3.6,21.200000000000003
141667.0,16.5,2.9,19.4
154121.0,16.4,3.6,20.0
142047.0,15.8,2.9,18.7
153056.0,17.7,4.3,22.0
123753.0,17.1,4.2,21.3
142301.0,14.5,2.7,17.2
117894.0,12.8,4.9,17.700000000000003
150401.0,17.8,4.1,21.9
131986.0,16.6,3.8,20.4
142575.0,15.4,3.2,18.6
161317.0,15.9,4.4,20.3
153006.0,16.1,3.7,19.8
142665.0,18.9,3.5,22.4
171409.0,13.4,4.3,17.7
141779.0,13.4,3.0,16.4
142929.0,10.7,4.2,14.9
182677.0,17.0,3.3,20.3
134586.0,18.6,4.0,22.6
143328.0,15.3,2.5,17.8
139743.0,14.4,4.7,19.1
166725.0,15.3,3.2,18.5
143465.0,17.3,2.3,19.6
293616.0,14.9,4.0,18.9
154939.0,16.4,3.5,19.9
143488.0,16.9,2.9,19.8
162618.0,17.0,4.2,21.2
119092.0,15.7,3.7,19.4
143514.0,14.0,2.6,16.6
177590.0,12.0,4.8,16.8
124362.0,12.8,3.6,16.400000000000002
144227.0,11.0,3.1,14.1
258344.0,14.5,4.7,19.2
139419.0,17.1,3.5,20.6
144380.0,15.9,3.0,18.9
165165.0,15.8,4.2,20.0
200407.0,16.2,4.4,20.6
144387.0,14.8,3.0,17.8
206493.0,15.8,5.1,20.9
137214.0,16.8,3.7,20.5
144491.0,16.1,2.9,19.0
164267.0,15.9,4.5,20.4
139779.0,17.8,3.6,21.4
145169.0,17.1,2.5,19.6
161329.0,13.2,3.0,16.2
162211.0,16.5,4.2,20.7
145534.0,15.0,1.7,16.7
164853.0,17.0,5.3,22.3
138763.0,16.5,3.6,20.1
146037.0,14.7,2.8,17.5
171215.0,14.7,4.6,19.3
122366.0,16.8,3.6,20.4
146487.0,12.7,2.6,15.3
162848.0,15.4,4.9,20.3
115803.0,16.7,3.8,20.5
146534.0,15.3,3.1,18.4
175693.0,14.2,4.4,18.6
143173.0,16.4,3.4,19.8
146725.0,16.2,3.0,19.2
163257.0,15.4,4.4,19.8
145229.0,16.4,3.2,19.6
147123.0,17.5,3.8,21.3
152946.0,16.8,5.0,21.8
129470.0,16.0,3.9,19.9
147684.0,16.0,3.1,19.1
181356.0,14.5,4.5,19.0
140036.0,17.2,3.7,20.9
148128.0,15.4,3.1,18.5
177640.0,14.9,4.2,19.1
122357.0,16.0,3.7,19.7
148173.0,15.3,3.3,18.6
173749.0,14.3,4.3,18.6
150769.0,16.8,4.0,20.8
148501.0,15.3,3.6,18.9
164579.0,15.7,4.1,19.8
136023.0,17.1,3.7,20.8
149190.0,16.4,3.2,19.6
170289.0,16.0,4.4,20.4
139417.0,15.3,3.6,18.9
149477.0,14.0,2.9,16.9
143675.0,15.7,4.7,20.4
135697.0,17.3,3.6,20.9
149538.0,15.5,3.1,18.6
150050.0,15.9,4.4,20.3
141336.0,16.9,3.9,20.8
149553.0,16.1,2.9,19.0
153577.0,15.9,4.2,20.1
145421.0,18.2,4.5,22.7
149732.0,15.5,2.0,17.5
190522.0,14.3,4.2,18.5
138674.0,14.3,3.3,17.6
149747.0,13.3,2.7,16.0
135151.0,12.7,3.9,16.599999999999998
175223.0,15.7,4.1,19.8
149778.0,14.1,3.3,17.4
218132.0,14.5,4.6,19.1
153179.0,17.6,3.0,20.6
149931.0,15.8,3.1,18.9
149833.0,15.9,4.5,20.4
138110.0,18.2,3.8,22.0
150367.0,17.2,3.3,20.5
169420.0,15.9,4.1,20.0
140217.0,17.1,4.0,21.1
150587.0,15.5,3.1,18.6
185667.0,14.8,4.6,19.4
144401.0,17.3,3.8,21.1
150592.0,15.5,3.3,18.8
172759.0,15.3,4.0,19.3
55760.0,18.5,3.8,22.3
150840.0,17.5,-0.5,17.0
154688.0,15.9,3.2,19.1
151074.0,13.5,2.4,15.9
288577.0,12.1,4.6,16.7
127456.0,16.8,4.0,20.8
151149.0,16.0,3.0,19.0
152269.0,15.7,4.2,19.9
147524.0,14.8,3.5,18.3
151371.0,16.4,2.1,18.5
153966.0,16.5,5.1,21.6
141499.0,16.1,4.0,20.1
151393.0,14.8,3.2,18.0
172736.0,14.1,4.2,18.3
159003.0,16.7,3.4,20.1
151435.0,15.5,3.1,18.6
173430.0,14.5,4.6,19.1
190088.0,16.9,3.2,20.1
151681.0,14.2,3.2,17.4
193765.0,8.3,3.2,11.5
154673.0,17.0,3.0,20.0
152383.0,17.5,2.5,20.0
160627.0,14.6,4.7,19.3
142053.0,17.2,3.9,21.1
152629.0,15.2,3.0,18.2
173161.0,16.1,4.1,20.200000000000003
221745.0,16.5,3.6,20.1
152768.0,14.7,2.8,17.5
302413.0,14.6,4.2,18.8
158248.0,16.8,3.2,20.0
152805.0,13.1,2.1,15.2
163720.0,14.9,4.6,19.5
133182.0,16.6,3.8,20.4
152878.0,15.4,3.0,18.4
153262.0,15.7,4.3,20.0
147504.0,17.4,3.5,20.9
153287.0,14.9,3.1,18.0
148662.0,15.3,4.2,19.5
143837.0,16.3,3.5,19.8
153306.0,16.3,3.1,19.4
190279.0,15.6,4.7,20.3
163053.0,15.9,3.6,19.5
153767.0,14.5,3.2,17.7
164996.0,15.1,3.9,19.0
145796.0,17.0,3.3,20.3
153933.0,16.5,2.9,19.4
173923.0,15.3,4.2,19.5
153452.0,16.4,3.6,20.0
154219.0,15.2,2.9,18.1
164151.0,14.8,4.2,19.0
132780.0,16.8,3.6,20.4
154424.0,16.0,3.1,19.1
157396.0,15.6,4.0,19.6
142080.0,15.9,3.6,19.5
154463.0,16.1,3.1,19.200000000000003
169154.0,15.7,4.3,20.0
177594.0,16.8,3.7,20.5
154734.0,16.6,3.0,19.6
117668.0,16.8,4.5,21.3
155109.0,17.5,4.0,21.5
154814.0,15.9,3.8,19.7
160956.0,17.5,3.7,21.2
141970.0,16.6,3.7,20.3
155218.0,16.8,3.1,19.9
146514.0,16.7,3.6,20.3
155841.0,16.1,3.0,19.1
176157.0,15.0,4.5,19.5
125562.0,11.7,2.7,14.4
156435.0,12.2,2.9,15.1
147731.0,9.6,3.6,13.2
120172.0,18.3,3.5,21.8
156479.0,14.6,3.4,18.0
195140.0,12.5,4.1,16.6
138630.0,19.3,3.7,23.0
156652.0,14.6,3.4,18.0
193815.0,15.8,5.5,21.3
154139.0,17.6,3.8,21.4
156851.0,15.1,2.8,17.9
176972.0,15.6,4.1,19.7
130773.0,15.9,3.4,19.3
156945.0,14.6,2.7,17.3
183677.0,14.2,4.5,18.7
145428.0,16.5,3.5,20.0
157007.0,15.2,3.4,18.6
146188.0,15.4,4.1,19.5
133110.0,17.7,3.5,21.2
157335.0,16.3,3.1,19.4
178915.0,15.3,4.0,19.3
147385.0,17.5,3.8,21.3
157609.0,15.0,3.1,18.1
181591.0,15.0,4.3,19.3
151974.0,16.7,3.6,20.3
157669.0,16.2,2.6,18.8
175497.0,15.5,3.7,19.2
154158.0,14.8,3.6,18.4
158249.0,14.1,2.8,16.9
157061.0,15.1,4.8,19.9
152109.0,15.8,3.6,19.4
158340.0,14.9,3.3,18.2
188417.0,15.1,4.6,19.7
131841.0,16.7,3.3,20.0
158369.0,15.9,3.0,18.9
167430.0,15.9,4.1,20.0
145186.0,17.4,3.5,20.9
158668.0,15.8,3.2,19.0
195386.0,14.9,4.3,19.2
160910.0,14.2,3.9,18.1
158805.0,16.6,3.2,19.8
165072.0,14.3,4.2,18.5
155459.0,16.9,3.6,20.5
159307.0,16.0,2.3,18.3
141684.0,18.3,4.5,22.8
173324.0,16.5,3.6,20.1
159468.0,19.2,3.1,22.3
151263.0,16.5,3.8,20.3
159958.0,16.2,3.2,19.4
173653.0,15.5,4.4,19.9
155542.0,17.0,3.5,20.5
159995.0,15.4,3.0,18.4
176055.0,15.4,4.0,19.4
165420.0,11.3,2.8,14.1
160001.0,15.2,3.2,18.4
163967.0,16.9,5.0,21.9
150692.0,17.2,3.7,20.9
160276.0,16.5,3.1,19.6
180460.0,15.8,4.0,19.8
146024.0,15.6,3.4,19.0
160626.0,13.3,2.4,15.7
169528.0,14.4,4.5,18.9
139847.0,14.7,3.6,18.3
160664.0,12.1,2.3,14.4
159902.0,13.1,4.4,17.5
149221.0,17.1,3.8,20.9
160994.0,15.6,2.9,18.5
203649.0,15.0,4.3,19.3
167777.0,18.6,4.0,22.6
161002.0,12.4,3.0,15.4
240075.0,15.6,4.8,20.4
151249.0,17.3,3.2,20.5
161018.0,17.2,2.9,20.1
180952.0,15.5,4.1,19.6
143997.0,16.1,3.0,19.1
161103.0,15.6,3.6,19.2
159724.0,14.7,4.5,19.2
140592.0,17.1,3.6,20.700000000000003
158365.0,16.7,3.6,20.3
161843.0,15.5,3.1,18.6
183550.0,15.8,4.5,20.3
146775.0,16.2,4.1,20.3
162045.0,15.8,2.9,18.7
167057.0,15.6,5.1,20.7
188876.0,13.1,3.2,16.3
162062.0,14.0,3.8,17.8
162117.0,18.6,3.8,22.4
162104.0,18.0,3.6,21.6
161912.0,16.6,3.4,20.0
147798.0,16.5,3.6,20.1
162624.0,15.7,2.8,18.5
173582.0,14.0,4.1,18.1
156795.0,19.3,3.9,23.2
162761.0,14.3,3.4,17.7
179858.0,16.2,4.8,21.0
130337.0,14.9,3.6,18.5
162805.0,14.4,3.0,17.4
175125.0,14.9,4.4,19.3
173954.0,18.0,3.3,21.3
163164.0,14.5,2.9,17.4
238741.0,15.8,4.5,20.3
148411.0,16.0,4.0,20.0
163321.0,14.9,3.1,18.0
171187.0,13.9,4.2,18.1
149927.0,13.4,2.7,16.1
163769.0,14.5,3.2,17.7
212516.0,13.0,4.4,17.4
159068.0,16.6,3.6,20.200000000000003
164792.0,15.6,3.6,19.2
196584.0,10.8,4.1,14.9
157158.0,18.7,3.8,22.5
164966.0,15.9,3.0,18.9
186174.0,15.3,4.7,20.0
143269.0,16.1,3.3,19.4
165229.0,15.2,2.6,17.8
135269.0,14.2,3.9,18.1
165246.0,13.0,2.4,15.4
190650.0,13.6,4.2,17.8
150699.0,15.9,3.1,19.0
165517.0,15.1,3.4,18.5
181789.0,13.6,6.0,19.6
167347.0,15.5,4.2,19.7
165554.0,16.8,3.2,20.0
171019.0,15.8,4.5,20.3
141616.0,16.7,4.1,20.8
165876.0,15.5,2.9,18.4
195666.0,14.3,4.0,18.3
152348.0,17.2,3.7,20.9
166062.0,16.6,3.0,19.6
184886.0,15.8,4.2,20.0
151854.0,15.2,2.7,17.9
166235.0,14.7,3.1,17.8
183195.0,14.8,4.0,18.8
174280.0,16.9,3.4,20.3
166745.0,15.6,2.4,18.0
197532.0,14.1,4.6,18.7
187734.0,17.1,3.6,20.700000000000003
166874.0,17.1,2.4,19.5
189933.0,15.6,3.6,19.2
130119.0,18.8,4.0,22.8
166882.0,16.6,4.1,20.700000000000003
184106.0,16.2,4.4,20.6
80328.0,16.7,3.8,20.5
166889.0,11.6,2.8,14.4
257609.0,8.2,3.7,11.9
158060.0,16.7,3.5,20.2
166984.0,15.7,2.9,18.6
184198.0,15.3,3.9,19.2
161205.0,16.0,3.6,19.6
167193.0,14.7,3.2,17.9
154983.0,15.4,5.1,20.5
157264.0,17.2,3.6,20.8
167377.0,15.5,3.1,18.6
185718.0,15.4,4.3,19.7
179561.0,14.4,3.7,18.1
167520.0,15.5,3.7,19.2
152965.0,15.5,3.6,19.1
167600.0,14.5,2.4,16.9
179598.0,16.7,4.7,21.4
166080.0,15.7,3.9,19.6
167653.0,14.7,3.0,17.7
178758.0,14.6,3.8,18.4
152766.0,16.0,3.5,19.5
168086.0,14.9,2.8,17.7
200207.0,14.9,4.4,19.3
156548.0,16.6,3.5,20.1
168189.0,14.3,2.9,17.2
186584.0,15.0,4.0,19.0
179174.0,17.4,2.7,20.1
168287.0,17.7,3.6,21.3
207370.0,14.6,4.9,19.5
148735.0,16.3,3.6,19.9
168622.0,15.0,2.9,17.9
209416.0,14.1,4.3,18.4
166930.0,17.2,3.6,20.8
169609.0,12.3,1.9,14.2
167925.0,15.3,4.5,19.8
160090.0,16.9,3.7,20.6
169762.0,15.2,2.8,18.0
188860.0,15.7,4.0,19.7
127356.0,17.0,4.3,21.3
169774.0,9.3,1.9,11.2
233923.0,14.6,4.9,19.5
157506.0,15.5,3.8,19.3
170090.0,13.3,3.2,16.5
182338.0,11.4,3.9,15.3
165395.0,16.4,4.4,20.8
170140.0,14.2,3.0,17.2
155631.0,17.0,4.8,21.8
152072.0,16.0,3.6,19.6
170182.0,13.7,2.9,16.599999999999998
167434.0,14.5,4.3,18.8
172664.0,16.7,4.0,20.7
170241.0,11.8,2.3,14.1
174598.0,13.9,4.4,18.3
188165.0,15.2,3.0,18.2
170740.0,13.9,2.9,16.8
193187.0,12.3,4.9,17.200000000000003
142819.0,15.8,3.1,18.9
170743.0,15.8,2.8,18.6
218381.0,14.3,4.8,19.1
159932.0,15.4,3.1,18.5
170788.0,13.8,2.8,16.6
158868.0,14.5,4.0,18.5
158375.0,16.6,3.3,19.9
170809.0,16.4,2.9,19.3
188295.0,15.5,3.7,19.2
174084.0,16.7,3.5,20.2
170851.0,14.9,3.9,18.8
188400.0,17.0,4.4,21.4
161676.0,16.1,4.1,20.200000000000003
170883.0,16.7,2.7,19.4
151207.0,15.3,4.0,19.3
178636.0,18.0,3.2,21.2
170938.0,15.1,3.1,18.2
191175.0,15.2,4.4,19.6
166414.0,14.6,4.1,18.7
170987.0,15.8,2.4,18.2
197242.0,13.2,5.1,18.3
168810.0,17.4,3.9,21.3
171014.0,16.6,2.8,19.4
173912.0,16.6,4.2,20.8
148842.0,12.6,3.5,16.1
171275.0,13.3,1.4,14.7
220498.0,12.8,3.8,16.6
152870.0,13.7,2.9,16.599999999999998
171285.0,17.3,2.9,20.2
190355.0,15.7,5.1,20.8
163030.0,15.0,3.8,18.8
171487.0,12.8,2.9,15.7
199927.0,16.9,4.8,21.7
182526.0,17.7,3.2,20.9
171572.0,15.3,4.0,19.3
165249.0,17.3,4.9,22.200000000000003
225638.0,15.3,3.6,18.9
172475.0,16.0,3.5,19.5
237518.0,14.0,3.4,17.4
172788.0,14.9,3.5,18.4
192230.0,15.2,4.2,19.4
157208.0,19.0,4.2,23.2
172975.0,9.3,1.9,11.2
179652.0,12.0,4.6,16.6
160657.0,16.7,3.5,20.2
173538.0,16.5,3.3,19.8
210164.0,15.5,4.4,19.9
159841.0,17.0,3.6,20.6
173572.0,15.0,3.0,18.0
188629.0,14.9,4.2,19.1
161129.0,17.2,3.5,20.7
173661.0,15.7,2.9,18.6
190680.0,16.1,4.2,20.3
162418.0,17.1,4.0,21.1
173792.0,18.4,3.9,22.3
184554.0,11.8,5.3,17.1
203860.0,15.7,3.4,19.1
173966.0,15.3,2.8,18.1
170734.0,16.0,4.2,20.2
157743.0,14.5,4.0,18.5
174253.0,13.9,2.2,16.1
151593.0,16.8,3.0,19.8
174286.0,12.2,2.8,15.0
200383.0,11.9,4.3,16.2
147120.0,17.9,3.5,21.4
174337.0,15.5,2.8,18.3
177917.0,15.9,4.2,20.1
157369.0,16.0,3.6,19.6
174491.0,17.1,3.5,20.6
159732.0,16.7,3.6,20.3
174510.0,14.6,2.9,17.5
203162.0,14.2,4.6,18.8
170008.0,18.4,3.9,22.3
174528.0,14.3,3.1,17.400000000000002
199467.0,15.0,4.1,19.1
143421.0,16.1,3.6,19.700000000000003
174916.0,14.1,2.7,16.8
207798.0,13.7,4.4,18.1
145431.0,15.8,3.7,19.5
167586.0,15.2,3.9,19.1
153907.0,17.4,3.0,20.4
175334.0,17.1,3.3,20.4
231786.0,13.9,4.3,18.2
168099.0,16.3,3.7,20.0
175398.0,15.8,3.1,18.9
187063.0,15.8,4.3,20.1
188374.0,16.9,3.2,20.1
175402.0,15.1,3.7,18.8
197326.0,14.7,4.5,19.2
152250.0,18.3,3.2,21.5
175917.0,15.9,3.1,19.0
199603.0,16.3,5.3,21.6
158004.0,17.6,3.8,21.4
176423.0,16.8,3.2,20.0
123670.0,16.1,4.5,20.6
165077.0,16.7,3.5,20.2
177303.0,15.2,2.9,18.1
193962.0,15.4,3.9,19.3
161422.0,12.2,3.6,15.8
177690.0,16.1,3.0,19.1
207326.0,7.6,4.0,11.6
183188.0,15.4,4.1,19.5
177798.0,17.6,2.9,20.5
150626.0,12.9,3.8,16.7
230841.0,15.6,4.5,20.1
178144.0,16.5,3.5,20.0
173834.0,13.3,3.8,17.1
246932.0,13.4,4.0,17.4
178363.0,17.4,3.9,21.3
154074.0,16.6,3.6,20.200000000000003
161547.0,15.1,3.7,18.8
178730.0,16.6,3.1,19.700000000000003
199750.0,15.7,3.9,19.6
158572.0,16.3,3.7,20.0
179756.0,14.7,2.9,17.599999999999998
223074.0,14.5,4.5,19.0
178368.0,16.2,3.7,19.9
180202.0,15.0,3.0,18.0
194601.0,15.0,4.6,19.6
169035.0,16.1,3.8,19.9
180753.0,14.9,3.0,17.9
210739.0,15.9,4.6,20.5
170244.0,17.6,3.6,21.200000000000003
181261.0,17.1,2.8,19.9
198161.0,14.9,4.0,18.9
160693.0,16.0,3.8,19.8
181478.0,14.1,2.7,16.8
194244.0,14.1,4.1,18.2
177820.0,17.1,3.7,20.8
181522.0,16.1,3.2,19.3
199157.0,15.4,4.1,19.5
128910.0,16.6,3.0,19.6
181609.0,12.3,3.4,15.7
199117.0,14.4,4.8,19.2
153302.0,19.0,4.4,23.4
181661.0,13.1,3.3,16.4
185494.0,15.7,4.3,20.0
176093.0,17.5,3.6,21.1
181909.0,16.6,2.4,19.0
176102.0,18.7,3.4,22.1
182748.0,15.2,3.2,18.4
189103.0,15.2,4.3,19.5
147934.0,16.3,3.7,20.0
182897.0,14.4,2.9,17.3
203588.0,14.6,4.5,19.1
177253.0,13.1,3.6,16.7
182999.0,11.8,2.4,14.2
282987.0,14.5,3.7,18.2
192669.0,15.0,3.6,18.6
183905.0,8.4,3.3,11.7
205928.0,12.1,5.0,17.1
156857.0,16.2,3.5,19.7
183980.0,16.9,2.8,19.7
183325.0,12.2,3.0,15.2
161838.0,15.8,3.5,19.3
184105.0,14.3,2.7,17.0
221932.0,14.2,4.9,19.1
179447.0,16.4,3.7,20.1
184141.0,14.9,3.3,18.2
194845.0,15.6,4.3,19.9
187702.0,14.7,4.0,18.7
184742.0,16.0,3.5,19.5
204981.0,14.2,3.6,17.8
179972.0,15.0,3.5,18.5
185468.0,15.7,1.8,17.5
206594.0,15.4,4.9,20.3
161031.0,13.9,3.3,17.2
185602.0,14.6,2.9,17.5
184026.0,15.1,4.7,19.8
152699.0,18.9,3.5,22.4
186110.0,13.8,3.2,17.0
293994.0,13.1,4.6,17.7
170037.0,12.8,3.8,16.6
186731.0,13.3,3.0,16.3
184805.0,16.0,4.2,20.2
186897.0,14.6,2.4,17.0
220878.0,9.8,4.8,14.6
166037.0,17.2,3.3,20.5
187454.0,14.2,3.3,17.5
215274.0,13.6,4.1,17.7
187750.0,17.8,3.9,21.7
187803.0,12.3,2.2,14.5
237021.0,12.4,4.1,16.5
205458.0,16.1,3.9,20.0
188140.0,16.2,3.0,19.2
206729.0,13.8,4.5,18.3
175825.0,16.9,3.3,20.2
188600.0,12.9,2.6,15.5
207471.0,14.6,5.0,19.6
184557.0,14.9,3.5,18.4
188651.0,17.3,2.8,20.1
191791.0,15.8,4.2,20.0
173950.0,17.8,3.7,21.5
188812.0,11.9,2.7,14.6
188126.0,15.7,4.0,19.7
176232.0,16.8,3.6,20.4
189030.0,16.1,2.8,18.9
206330.0,15.1,4.0,19.1
163586.0,17.0,3.7,20.7
189170.0,15.2,2.9,18.1
224581.0,14.6,4.8,19.4
197686.0,14.6,3.5,18.1
189181.0,14.9,3.1,18.0
190643.0,14.0,4.0,18.0
154873.0,16.6,3.8,20.4
189436.0,14.5,3.2,17.7
223986.0,14.5,4.7,19.2
222192.0,16.8,3.7,20.5
189468.0,16.1,2.8,18.9
210803.0,15.8,4.2,20.0
164777.0,16.0,3.6,19.6
189602.0,15.4,2.9,18.3
229850.0,15.2,4.1,19.3
165213.0,15.7,3.7,19.4
189672.0,13.4,3.0,16.4
209435.0,13.4,4.4,17.8
205602.0,17.2,3.8,21.0
189880.0,15.9,3.6,19.5
211434.0,15.4,3.2,18.6
190900.0,16.3,3.4,19.7
207725.0,16.2,4.3,20.5
199849.0,15.2,3.2,18.4
191313.0,11.3,2.8,14.1
214464.0,15.4,4.5,19.9
180469.0,16.0,3.9,19.9
191342.0,15.4,2.9,18.3
209885.0,14.8,4.1,18.9
163507.0,17.2,3.7,20.9
191618.0,14.7,3.1,17.8
197726.0,15.4,3.8,19.2
161108.0,15.7,3.7,19.4
191640.0,13.9,2.7,16.6
221036.0,14.1,4.3,18.4
172627.0,16.4,3.8,20.2
192027.0,15.3,2.9,18.2
227091.0,14.7,4.2,18.9
223980.0,16.4,3.3,19.7
192755.0,15.3,3.2,18.5
192550.0,13.4,2.9,16.3
189168.0,16.1,4.2,20.3
192982.0,15.7,3.0,18.7
217990.0,12.9,3.9,16.8
196528.0,15.5,3.5,19.0
193326.0,14.1,2.6,16.7
180809.0,17.0,3.6,20.6
193357.0,15.7,3.4,19.1
200273.0,14.7,4.3,19.0
214812.0,17.6,4.2,21.8
193600.0,13.5,3.2,16.7
219823.0,13.5,4.2,17.7
207479.0,16.5,3.6,20.1
194493.0,14.7,2.8,17.5
170963.0,14.8,4.3,19.1
176543.0,14.4,4.5,18.9
194612.0,11.4,1.7,13.1
251888.0,9.5,3.6,13.1
181915.0,18.3,4.7,23.0
195033.0,15.1,2.4,17.5
204882.0,15.9,4.2,20.1
190041.0,18.3,3.8,22.1
195360.0,16.5,3.2,19.7
218554.0,15.8,4.5,20.3
591390.0,10.3,2.7,13.0
195607.0,8.8,1.7,10.5
165439.0,6.1,2.5,8.6
162817.0,14.2,4.0,18.2
195621.0,15.7,1.3,17.0
236281.0,14.9,4.4,19.3
172180.0,16.1,3.2,19.3
195767.0,15.0,3.5,18.5
255314.0,14.4,4.1,18.5
199073.0,15.8,3.8,19.6
196207.0,14.3,2.4,16.7
237522.0,15.7,4.1,19.8
167073.0,18.2,2.8,21.0
197011.0,15.1,2.1,17.2
231484.0,13.8,3.9,17.7
188774.0,16.5,3.5,20.0
197070.0,15.0,2.7,17.7
213573.0,16.3,4.0,20.3
167855.0,17.1,3.5,20.6
197369.0,15.0,2.9,17.9
167930.0,15.6,3.5,19.1
198716.0,13.4,2.5,15.9
229701.0,13.4,4.6,18.0
162314.0,15.7,3.3,19.0
198777.0,14.8,3.1,17.900000000000002
199477.0,15.6,4.3,19.9
184185.0,16.7,3.5,20.2
199036.0,15.5,2.9,18.4
216272.0,15.3,4.1,19.4
182958.0,15.1,4.6,19.7
199110.0,11.7,2.4,14.1
203782.0,15.0,4.3,19.3
197789.0,16.0,3.6,19.6
199145.0,14.8,3.0,17.8
215828.0,15.8,4.3,20.1
184241.0,15.5,3.5,19.0
199159.0,15.2,2.9,18.1
217439.0,15.2,3.9,19.1
169130.0,16.0,3.4,19.4
199354.0,14.7,2.7,17.4
237667.0,13.0,4.2,17.2
174102.0,16.1,3.8,19.9
199708.0,14.9,3.2,18.1
221560.0,14.7,4.9,19.6
180161.0,16.8,3.6,20.4
199993.0,14.7,2.8,17.5
242298.0,14.7,4.4,19.1
183736.0,17.8,3.5,21.3
200046.0,13.6,3.5,17.1
251459.0,14.9,3.6,18.5
176902.0,16.1,3.5,19.6
200575.0,15.3,3.1,18.4
212254.0,15.7,3.9,19.6
189064.0,14.8,3.7,18.5
200750.0,13.6,3.0,16.6
170632.0,12.7,4.3,17.0
199097.0,16.0,3.8,19.8
202150.0,15.5,3.1,18.6
234300.0,15.3,4.2,19.5
158783.0,15.5,4.3,19.8
202343.0,12.8,2.3,15.1
267264.0,11.9,5.1,17.0
188834.0,15.4,4.0,19.4
202512.0,15.8,2.9,18.7
214194.0,14.5,3.9,18.4
195992.0,17.8,3.7,21.5
202522.0,15.5,2.9,18.4
209291.0,14.4,4.5,18.9
291778.0,12.4,2.8,15.2
202702.0,13.2,3.0,16.2
331954.0,14.0,4.1,18.1
178044.0,14.2,3.9,18.1
202906.0,15.6,2.5,18.1
216090.0,13.4,4.3,17.7
217421.0,14.9,3.7,18.6
203373.0,16.5,2.7,19.2
219950.0,11.1,4.1,15.2
176620.0,15.9,3.5,19.4
203638.0,14.9,2.8,17.7
201425.0,15.0,4.2,19.2
170937.0,15.7,3.6,19.3
203813.0,15.1,2.9,18.0
237256.0,14.3,4.2,18.5
130856.0,16.9,4.0,20.9
204102.0,13.1,2.2,15.3
249763.0,12.8,3.8,16.6
204729.0,17.1,3.6,20.700000000000003
204548.0,15.3,3.5,18.8
259006.0,15.7,4.0,19.7
185045.0,14.8,2.9,17.7
204691.0,11.6,3.6,15.2
234991.0,15.0,5.3,20.3
190335.0,18.0,3.6,21.6
205117.0,13.5,3.1,16.6
218004.0,17.7,4.2,21.9
197391.0,14.6,3.8,18.4
205919.0,15.2,3.6,18.8
173760.0,17.1,3.5,20.6
206518.0,14.5,2.9,17.4
204414.0,15.5,4.7,20.2
184129.0,16.0,3.6,19.6
207074.0,14.5,2.7,17.2
240425.0,15.0,4.7,19.7
208887.0,15.6,4.0,19.6
207076.0,15.4,2.3,17.7
223197.0,13.8,4.9,18.700000000000003
188721.0,16.1,3.6,19.700000000000003
207234.0,15.4,3.3,18.7
241743.0,14.2,4.5,18.7
185377.0,15.5,3.6,19.1
207399.0,15.1,2.8,17.9
220805.0,14.0,4.4,18.4
178842.0,16.3,3.7,20.0
207688.0,15.5,2.9,18.4
219002.0,14.5,4.0,18.5
145091.0,14.8,3.0,17.8
207702.0,15.5,2.9,18.4
297432.0,13.2,4.6,17.799999999999997
215604.0,16.4,3.8,20.2
207923.0,15.6,2.2,17.8
212651.0,17.2,4.3,21.5
208181.0,16.9,3.7,20.6
223785.0,14.8,4.3,19.1
149426.0,15.3,3.6,18.9
208262.0,15.7,3.5,19.2
242856.0,14.6,4.1,18.7
198807.0,16.8,3.4,20.2
208443.0,15.5,3.0,18.5
231688.0,15.4,4.0,19.4
186768.0,14.9,3.6,18.5
208456.0,14.0,3.0,17.0
222294.0,13.4,4.1,17.5
178257.0,15.8,3.6,19.4
208787.0,12.3,2.6,14.9
214368.0,14.2,4.6,18.8
194072.0,15.9,3.4,19.3
208807.0,14.8,3.0,17.8
221950.0,14.9,4.8,19.7
189049.0,16.2,4.1,20.3
208933.0,17.3,2.6,19.9
223901.0,15.4,4.9,20.3
183887.0,17.0,3.4,20.4
209131.0,15.1,3.2,18.3
189967.0,16.0,4.1,20.1
227229.0,16.6,3.9,20.5
209223.0,15.7,3.1,18.8
238083.0,15.2,3.6,18.8
201788.0,16.9,3.4,20.3
219675.0,15.6,3.6,19.2
209695.0,14.2,3.1,17.3
213181.0,14.6,4.6,19.2
206176.0,15.0,3.1,18.1
209991.0,12.3,2.4,14.7
400120.0,14.3,2.5,16.8
210112.0,14.5,3.3,17.8
185420.0,8.3,4.6,12.9
185938.0,16.8,3.6,20.4
210172.0,16.5,3.3,19.8
249194.0,15.1,4.0,19.1
190072.0,15.7,3.5,19.2
210216.0,14.0,2.5,16.5
237680.0,14.1,4.3,18.4
180891.0,15.4,3.6,19.0
210224.0,13.5,2.5,16.0
178148.0,12.5,4.0,16.5
219655.0,15.4,3.1,18.5
210230.0,17.7,1.9,19.6
240780.0,14.7,4.1,18.8
199365.0,16.7,3.5,20.2
210515.0,15.0,3.1,18.1
228638.0,15.5,4.4,19.9
177780.0,17.4,3.6,21.0
210716.0,14.7,3.0,17.7
223194.0,14.9,4.0,18.9
202611.0,17.8,4.8,22.6
210764.0,12.7,1.3,14.0
241544.0,15.9,4.3,20.2
196914.0,16.2,3.6,19.8
211884.0,12.8,3.4,16.2
234780.0,15.6,4.2,19.8
187088.0,16.9,3.5,20.4
212004.0,15.9,2.7,18.6
226700.0,14.6,4.1,18.7
230665.0,13.0,3.3,16.3
212606.0,11.7,2.1,13.8
257151.0,13.4,4.8,18.2
199298.0,16.3,3.4,19.7
213438.0,15.0,2.9,17.9
238710.0,14.7,4.8,19.5
173658.0,16.0,3.7,19.7
213737.0,15.0,2.9,17.9
238806.0,13.6,4.4,18.0
201305.0,16.5,3.6,20.1
213750.0,15.1,2.8,17.9
207367.0,15.1,4.3,19.4
182672.0,15.9,3.8,19.7
214187.0,14.4,2.6,17.0
230132.0,13.7,4.9,18.6
198208.0,18.1,3.9,22.0
214407.0,13.0,2.1,15.1
300751.0,13.0,3.8,16.8
193972.0,14.0,3.6,17.6
214684.0,16.3,2.4,18.7
233563.0,15.2,4.0,19.2
132282.0,18.5,3.3,21.8
214934.0,14.3,2.4,16.7
244483.0,11.8,4.8,16.6
222759.0,15.9,3.7,19.6
215112.0,14.8,2.8,17.6
231410.0,15.3,4.3,19.6
203751.0,15.3,3.7,19.0
215182.0,16.6,2.6,19.200000000000003
216792.0,16.4,4.4,20.8
215201.0,14.7,3.8,18.5
215275.0,12.3,2.7,15.0
225915.0,15.1,5.3,20.4
180166.0,14.8,3.5,18.3
215396.0,13.3,3.5,16.8
251495.0,12.8,4.3,17.1
189016.0,15.9,4.1,20.0
215942.0,16.5,2.9,19.4
223150.0,12.7,5.1,17.799999999999997
198914.0,13.0,3.6,16.6
216544.0,13.2,2.8,16.0
218958.0,13.5,4.7,18.2
246645.0,15.8,3.8,19.6
216749.0,16.3,2.0,18.3
404918.0,10.9,4.8,15.7
204600.0,15.0,3.5,18.5
216765.0,14.1,2.6,16.7
250804.0,13.3,4.2,17.5
198262.0,16.6,3.7,20.3
217931.0,15.2,2.7,17.9
228947.0,15.2,3.9,19.1
186498.0,15.9,3.4,19.3
218028.0,15.6,3.1,18.7
260316.0,14.7,4.2,18.9
186492.0,14.8,4.2,19.0
218309.0,14.6,2.5,17.1
230588.0,14.8,4.4,19.200000000000003
163493.0,16.7,3.8,20.5
218419.0,14.7,2.8,17.5
244039.0,14.2,4.5,18.7
239378.0,14.4,3.4,17.8
218534.0,14.8,2.9,17.7
209098.0,13.3,4.6,17.9
233949.0,16.0,3.5,19.5
218644.0,15.1,2.7,17.8
186787.0,15.5,4.1,19.6
194156.0,12.3,3.3,15.6
219134.0,16.1,2.9,19.0
227180.0,13.5,5.0,18.5
193865.0,15.3,3.5,18.8
219821.0,13.5,2.9,16.4
252655.0,13.9,4.3,18.2
210383.0,15.8,4.1,19.9
220465.0,17.1,3.1,20.200000000000003
235246.0,17.5,4.3,21.8
198099.0,17.3,3.5,20.8
220486.0,14.3,2.4,16.7
236544.0,12.8,3.9,16.7
180038.0,15.1,3.5,18.6
220810.0,15.5,3.6,19.1
235809.0,14.7,4.3,19.0
182960.0,15.8,3.5,19.3
220932.0,14.2,3.1,17.3
217561.0,13.2,3.2,16.4
221172.0,15.2,2.8,18.0
250930.0,10.8,4.1,14.9
205947.0,17.0,4.1,21.1
221379.0,16.2,2.0,18.2
209983.0,7.4,3.7,11.1
216993.0,17.5,2.9,20.4
221455.0,12.7,3.6,16.3
234596.0,8.7,2.8,11.5
197420.0,16.0,3.8,19.8
221534.0,15.6,2.8,18.4
256471.0,14.3,4.4,18.700000000000003
180165.0,15.4,3.5,18.9
222077.0,13.5,2.6,16.1
254203.0,13.0,4.5,17.5
217112.0,15.0,3.3,18.3
222725.0,15.3,3.6,18.9
248117.0,10.8,4.9,15.7
229775.0,14.8,3.3,18.1
223153.0,12.9,3.3,16.2
243572.0,14.8,4.5,19.3
199512.0,16.1,3.9,20.0
223422.0,12.3,2.0,14.3
269021.0,11.8,4.2,16.0
208377.0,16.3,3.4,19.7
223431.0,16.7,3.0,19.7
237686.0,14.4,4.1,18.5
272395.0,17.8,4.3,22.1
224029.0,16.6,1.9,18.5
253173.0,13.8,4.0,17.8
214191.0,14.6,3.4,18.0
225298.0,13.6,2.7,16.3
251340.0,14.0,4.4,18.4
203537.0,12.8,3.8,16.6
225417.0,14.1,2.2,16.3
260024.0,13.7,4.9,18.6
193799.0,16.8,3.8,20.6
225428.0,15.5,3.0,18.5
280710.0,13.7,4.4,18.1
200534.0,16.0,3.3,19.3
226779.0,15.5,2.8,18.3
223559.0,15.4,4.0,19.4
254833.0,15.7,3.5,19.2
227093.0,14.3,2.2,16.5
234050.0,15.7,4.2,19.9
182187.0,9.5,1.4,10.9
227175.0,11.9,3.5,15.4
215114.0,13.8,4.3,18.1
221590.0,15.5,3.3,18.8
227286.0,15.1,2.5,17.6
243043.0,14.8,3.8,18.6
195145.0,16.4,3.7,20.1
227333.0,14.9,2.8,17.7
275500.0,14.0,4.0,18.0
314778.0,13.8,3.6,17.400000000000002
228017.0,14.3,2.6,16.900000000000002
199987.0,14.0,4.3,18.3
199943.0,15.9,3.4,19.3
228152.0,14.5,3.0,17.5
223751.0,15.8,4.1,19.9
228199.0,15.5,2.4,17.9
210669.0,18.5,3.9,22.4
228622.0,13.7,3.2,16.9
300334.0,12.2,4.5,16.7
174752.0,11.2,3.3,14.5
228869.0,17.9,2.0,19.9
231173.0,16.9,3.4,20.3
229280.0,10.8,4.2,15.0
272753.0,12.0,3.9,15.9
174011.0,16.9,3.8,20.7
230458.0,16.2,2.8,19.0
156980.0,15.5,3.9,19.4
212465.0,18.0,3.9,21.9
230778.0,15.5,4.2,19.7
223995.0,15.1,4.1,19.2
269833.0,15.7,3.4,19.1
230903.0,16.2,2.7,18.9
183014.0,16.3,3.8,20.1
286369.0,16.8,3.1,19.9
231105.0,16.0,3.1,19.1
211928.0,14.5,4.1,18.6
519771.0,13.5,2.9,16.4
231226.0,10.9,1.3,12.2
350362.0,12.3,4.3,16.6
203562.0,15.7,3.3,19.0
231429.0,14.3,2.7,17.0
294589.0,14.0,4.4,18.4
197591.0,15.9,3.6,19.5
232205.0,14.5,2.8,17.3
258798.0,14.4,4.5,18.9
227510.0,15.9,3.8,19.7
232661.0,14.1,3.3,17.4
192947.0,16.2,4.1,20.3
232922.0,13.4,5.1,18.5
328352.0,14.5,3.4,17.9
233350.0,18.3,3.1,21.4
303991.0,16.8,5.1,21.9
214913.0,16.5,3.6,20.1
233378.0,15.7,3.0,18.7
245658.0,14.9,4.1,19.0
196574.0,16.5,3.7,20.2
233799.0,14.7,3.3,18.0
302188.0,14.3,4.2,18.5
288748.0,13.0,3.2,16.2
234207.0,15.2,3.8,19.0
117887.0,16.8,3.6,20.4
234253.0,13.3,2.6,15.9
183237.0,13.2,4.2,17.4
234865.0,14.9,3.1,18.0
246903.0,15.6,3.8,19.4
281410.0,17.3,3.5,20.8
235268.0,16.5,2.6,19.1
233130.0,16.0,3.7,19.7
221234.0,16.1,3.6,19.700000000000003
236082.0,12.8,2.9,15.7
307237.0,13.7,4.4,18.1
199801.0,15.1,3.3,18.4
236156.0,13.5,3.0,16.5
263879.0,13.4,4.7,18.1
221388.0,16.9,3.2,20.1
236398.0,13.7,3.8,17.5
222094.0,15.8,4.0,19.8
236406.0,14.4,3.7,18.1
307480.0,13.5,3.6,17.1
212316.0,15.4,3.5,18.9
239070.0,14.8,2.3,17.1
270211.0,13.8,4.2,18.0
211200.0,16.3,3.8,20.1
239421.0,14.5,3.1,17.6
239663.0,15.1,4.0,19.1
201711.0,14.9,3.4,18.3
239444.0,14.0,3.0,17.0
215690.0,15.3,4.4,19.700000000000003
239701.0,16.7,2.4,19.1
240856.0,13.7,3.3,17.0
233521.0,15.2,4.2,19.4
239825.0,14.7,2.7,17.4
215588.0,16.2,3.6,19.8
240058.0,14.3,2.6,16.900000000000002
224779.0,15.6,4.3,19.9
212010.0,15.7,3.5,19.2
240254.0,13.9,3.1,17.0
309201.0,13.6,4.3,17.9
220508.0,17.2,2.4,19.6
240435.0,15.8,3.2,19.0
235328.0,17.3,4.0,21.3
231283.0,15.1,4.8,19.9
240539.0,16.9,3.4,20.3
249539.0,13.3,3.8,17.1
193594.0,15.6,3.6,19.2
240574.0,14.4,3.1,17.5
220814.0,15.9,3.4,19.3
240656.0,16.3,3.2,19.5
249797.0,16.6,3.6,20.200000000000003
203682.0,17.0,3.8,20.8
241307.0,14.8,3.2,18.0
266956.0,13.1,3.7,16.8
215297.0,17.0,3.8,20.8
241826.0,12.4,2.3,14.7
277163.0,16.2,3.4,19.6
209726.0,15.8,2.7,18.5
242327.0,16.8,2.8,19.6
345778.0,14.4,4.9,19.3
242331.0,18.0,3.0,21.0
274415.0,15.6,4.9,20.5
249377.0,9.9,3.7,13.6
242724.0,15.3,2.9,18.2
270375.0,15.8,3.6,19.4
375461.0,14.8,3.4,18.2
242769.0,15.2,2.8,18.0
220542.0,15.5,4.1,19.6
243069.0,15.6,4.0,19.6
243146.0,14.8,2.0,16.8
240998.0,14.9,3.8,18.7
364068.0,16.0,2.2,18.2
243664.0,15.8,4.9,20.700000000000003
166363.0,15.5,5.0,20.5
219435.0,14.8,3.6,18.4
244027.0,13.8,3.2,17.0
249689.0,14.3,4.8,19.1
213516.0,17.0,3.6,20.6
244224.0,15.2,3.2,18.4
255080.0,15.5,4.0,19.5
216013.0,15.4,3.2,18.6
244318.0,13.2,3.0,16.2
249091.0,14.6,4.5,19.1
217855.0,14.6,3.4,18.0
244381.0,13.7,2.8,16.5
277790.0,14.1,4.2,18.3
246212.0,16.3,3.5,19.8
208479.0,15.8,3.5,19.3
244505.0,14.0,2.8,16.8
288977.0,13.3,4.2,17.5
243294.0,13.4,3.2,16.6
244575.0,12.8,2.2,15.0
301124.0,13.7,3.5,17.2
211877.0,16.8,3.4,20.2
244590.0,16.4,2.0,18.4
227088.0,17.3,3.6,20.9
244830.0,16.2,2.4,18.6
237708.0,14.0,2.7,16.7
245156.0,17.7,3.3,21.0
293160.0,13.8,4.0,17.8
208618.0,15.0,3.5,18.5
246546.0,14.2,2.8,17.0
289370.0,13.8,4.3,18.1
240700.0,15.9,3.8,19.7
246936.0,16.0,3.3,19.3
271027.0,15.8,4.5,20.3
236924.0,13.0,3.6,16.6
247770.0,14.8,3.4,18.2
240166.0,16.0,3.4,19.4
247815.0,15.1,3.1,18.2
266643.0,14.6,4.0,18.6
240579.0,13.1,3.3,16.4
248006.0,12.4,2.8,15.2
201163.0,12.2,3.8,16.0
233391.0,14.4,3.2,17.6
248015.0,10.3,3.1,13.4
253161.0,13.9,4.2,18.1
216792.0,15.2,3.6,18.8
248391.0,14.4,2.7,17.1
272501.0,13.5,4.1,17.6
217905.0,14.2,3.9,18.1
249538.0,17.2,3.9,21.1
202417.0,13.8,4.8,18.6
241479.0,9.4,3.0,12.4
249548.0,17.1,3.1,20.200000000000003
254445.0,12.5,4.9,17.4
219255.0,14.6,4.4,19.0
249886.0,14.6,3.8,18.4
257006.0,11.7,4.0,15.7
230158.0,16.4,3.6,20.0
249891.0,15.2,2.9,18.1
262468.0,15.6,4.2,19.8
242306.0,14.4,3.3,17.7
249900.0,13.7,2.5,16.2
253313.0,14.7,4.5,19.2
229686.0,15.4,3.2,18.6
250583.0,14.9,2.8,17.7
237599.0,13.8,4.6,18.4
259266.0,15.6,3.8,19.4
250626.0,14.9,2.9,17.8
278914.0,14.5,3.3,17.8
255874.0,16.9,3.6,20.5
250895.0,11.6,3.2,14.8
231744.0,15.3,4.5,19.8
218591.0,16.2,3.9,20.1
251912.0,14.2,2.7,16.9
278427.0,14.7,4.4,19.1
227998.0,15.3,3.3,18.6
251993.0,15.4,1.1,16.5
258652.0,12.7,4.6,17.299999999999997
222115.0,14.6,3.5,18.1
252102.0,14.2,2.0,16.2
231013.0,16.6,3.8,20.4
252356.0,15.4,2.8,18.2
239555.0,14.2,3.4,17.599999999999998
210207.0,15.7,3.6,19.3
252480.0,14.8,3.0,17.8
286187.0,13.8,4.4,18.200000000000003
275786.0,15.6,3.3,18.9
252582.0,13.6,2.3,15.9
268523.0,12.6,4.1,16.7
196524.0,15.8,3.5,19.3
252761.0,13.0,3.2,16.2
298926.0,13.9,3.9,17.8
245841.0,15.4,3.5,18.9
252777.0,14.4,2.8,17.2
265440.0,14.9,4.4,19.3
241156.0,16.6,3.4,20.0
252957.0,13.8,3.5,17.3
261990.0,14.3,4.8,19.1
271601.0,15.1,3.0,18.1
253074.0,14.2,1.4,15.6
356020.0,13.1,3.9,17.0
252455.0,16.4,3.2,19.6
253634.0,14.9,2.3,17.2
270599.0,15.8,3.8,19.6
232148.0,15.1,3.6,18.7
253673.0,13.5,1.6,15.1
1599723.0,7.8,1.8,9.6
254415.0,15.0,2.5,17.5
346230.0,12.8,4.1,16.9
227425.0,12.6,3.4,16.0
254418.0,11.5,2.8,14.3
281848.0,12.9,4.4,17.3
254056.0,15.4,3.6,19.0
254532.0,14.7,2.7,17.4
290283.0,14.0,4.5,18.5
222179.0,15.1,3.6,18.7
254629.0,14.3,2.8,17.1
274012.0,13.2,4.2,17.4
235609.0,14.7,3.3,18.0
254687.0,14.2,2.8,17.0
237975.0,13.7,4.4,18.1
188687.0,16.8,4.0,20.8
254812.0,13.3,3.4,16.7
303909.0,12.8,4.5,17.3
213159.0,15.4,3.5,18.9
255330.0,13.6,2.6,16.2
291238.0,14.1,4.4,18.5
189327.0,15.1,3.4,18.5
255675.0,14.8,2.6,17.400000000000002
286900.0,14.3,4.7,19.0
244448.0,14.8,3.9,18.7
256174.0,12.9,1.8,14.7
236894.0,14.1,4.6,18.7
232478.0,14.2,3.6,17.8
256348.0,13.1,3.2,16.3
277350.0,7.7,2.6,10.3
196632.0,14.3,3.1,17.400000000000002
256778.0,14.9,2.7,17.6
292332.0,13.5,4.4,17.9
209922.0,14.0,3.6,17.6
257206.0,14.2,2.7,16.9
310132.0,13.1,4.3,17.4
254682.0,14.7,3.7,18.4
257657.0,13.2,2.3,15.5
262110.0,11.2,4.2,15.4
276732.0,14.2,4.0,18.2
257796.0,15.0,3.4,18.4
296432.0,13.6,3.7,17.3
289896.0,14.6,3.7,18.3
257853.0,15.2,2.5,17.7
280594.0,14.0,4.0,18.0
236515.0,13.3,3.6,16.900000000000002
258170.0,11.1,2.4,13.5
285499.0,12.7,4.7,17.4
224029.0,15.5,3.8,19.3
258804.0,14.2,1.7,15.9
290240.0,13.3,4.1,17.4
306891.0,12.2,3.9,16.099999999999998
258914.0,14.8,2.3,17.1
239778.0,16.6,3.7,20.3
258920.0,14.4,2.9,17.3
254536.0,15.5,3.8,19.3
245177.0,12.6,3.2,15.8
258972.0,12.0,2.4,14.4
299372.0,14.3,5.0,19.3
118295.0,9.2,4.8,14.0
258983.0,14.4,5.4,19.8
437686.0,11.0,4.8,15.8
205432.0,16.0,3.6,19.6
259024.0,13.5,3.0,16.5
273666.0,14.5,4.4,18.9
226640.0,16.1,3.6,19.700000000000003
259367.0,17.0,2.8,19.8
253720.0,15.1,3.6,18.7
257716.0,15.3,3.6,18.9
260293.0,13.9,3.0,16.9
287451.0,14.7,4.3,19.0
227799.0,15.5,3.6,19.1
260503.0,14.2,2.4,16.599999999999998
288071.0,12.6,4.5,17.1
251517.0,14.6,3.1,17.7
260994.0,13.8,3.2,17.0
320810.0,12.8,3.7,16.5
249111.0,16.4,3.4,19.8
261446.0,16.6,3.1,19.700000000000003
213906.0,13.0,2.7,15.7
261448.0,11.9,3.1,15.0
277477.0,14.0,4.8,18.8
233578.0,15.8,3.8,19.6
261742.0,14.9,2.5,17.4
286600.0,13.4,4.5,17.9
224589.0,15.2,3.5,18.7
261922.0,13.7,3.0,16.7
295745.0,13.7,4.4,18.1
228950.0,15.2,3.4,18.6
262129.0,12.5,0.4,12.9
262470.0,13.4,4.9,18.3
249639.0,12.5,3.9,16.4
263213.0,12.3,2.6,14.9
308456.0,10.7,4.3,15.0
238853.0,16.1,3.6,19.700000000000003
263273.0,15.5,2.7,18.2
352156.0,14.4,4.4,18.8
319146.0,14.5,3.5,18.0
263397.0,13.7,2.2,15.9
248790.0,14.3,4.2,18.5
220719.0,15.8,3.8,19.6
263672.0,14.1,2.6,16.7
330326.0,14.1,4.0,18.1
242510.0,13.3,3.2,16.5
264411.0,13.7,3.3,17.0
274648.0,14.1,3.9,18.0
300423.0,14.0,3.2,17.2
264690.0,14.1,2.6,16.7
329613.0,13.8,4.0,17.8
261552.0,13.2,3.4,16.599999999999998
265014.0,16.3,3.6,19.9
299484.0,16.0,3.9,19.9
225618.0,13.7,3.3,17.0
265044.0,11.9,2.5,14.4
290816.0,11.4,4.2,15.6
209505.0,16.0,3.9,19.9
265137.0,15.5,2.8,18.3
239709.0,17.5,4.2,21.7
213966.0,16.1,3.6,19.700000000000003
265310.0,16.4,3.2,19.6
314216.0,13.9,4.7,18.6
233811.0,16.9,3.8,20.7
265331.0,15.2,3.0,18.2
239694.0,15.5,4.2,19.7
238750.0,17.1,4.4,21.5
265334.0,13.8,3.4,17.2
291014.0,13.0,4.3,17.3
226732.0,16.2,3.6,19.8
265633.0,13.7,2.9,16.599999999999998
289274.0,14.0,4.3,18.3
294551.0,14.7,3.4,18.1
266932.0,13.4,2.8,16.2
216483.0,13.1,2.6,15.7
267069.0,16.1,2.7,18.8
298291.0,12.6,4.7,17.3
257178.0,16.0,3.8,19.8
267358.0,16.3,2.9,19.2
297585.0,12.0,4.9,16.9
216958.0,13.6,3.6,17.2
267375.0,12.0,2.6,14.6
296642.0,12.3,4.4,16.700000000000003
240186.0,15.3,3.5,18.8
267465.0,14.9,2.9,17.8
273740.0,14.8,3.9,18.7
259143.0,14.3,3.4,17.7
267523.0,14.2,2.9,17.099999999999998
254374.0,13.3,4.1,17.4
205954.0,15.8,2.8,18.6
267762.0,11.9,1.9,13.8
276126.0,10.9,3.7,14.6
260343.0,14.7,3.4,18.1
267933.0,14.3,3.0,17.3
287419.0,14.2,4.6,18.8
226428.0,17.1,4.2,21.3
268427.0,13.8,1.7,15.5
223286.0,14.7,5.5,20.2
252972.0,11.0,3.5,14.5
269129.0,4.0,0.0,4.0
584299.0,4.0,3.3,7.3
231859.0,15.6,4.0,19.6
269545.0,13.7,2.3,16.0
225685.0,14.3,3.6,17.900000000000002
269727.0,12.5,2.8,15.3
234963.0,11.9,3.9,15.8
267613.0,14.2,3.5,17.7
269764.0,13.8,3.1,16.900000000000002
289128.0,14.3,4.7,19.0
251076.0,14.8,3.7,18.5
270181.0,12.9,2.5,15.4
267523.0,13.7,4.5,18.2
244039.0,15.6,3.6,19.2
270388.0,13.5,3.6,17.1
298140.0,9.7,3.0,12.7
228722.0,15.6,3.6,19.2
270478.0,12.9,2.6,15.5
269320.0,15.4,3.8,19.2
237701.0,14.4,3.8,18.2
270723.0,14.2,2.6,16.8
264768.0,16.4,4.2,20.6
270271.0,15.7,3.2,18.9
270915.0,15.6,3.0,18.6
260148.0,15.7,4.2,19.9
256051.0,15.3,3.1,18.4
271110.0,12.5,3.0,15.5
296356.0,12.4,4.3,16.7
209733.0,15.1,3.4,18.5
271959.0,13.3,2.7,16.0
313058.0,12.5,4.2,16.7
235229.0,12.1,3.4,15.5
272019.0,14.3,2.9,17.2
283498.0,14.4,3.3,17.7
230488.0,16.1,3.7,19.8
272189.0,15.1,3.1,18.2
229567.0,14.6,3.4,18.0
272378.0,14.4,2.1,16.5
245658.0,13.6,3.4,17.0
272529.0,15.9,2.4,18.3
295254.0,13.1,4.3,17.4
227839.0,15.5,3.6,19.1
272681.0,13.8,2.6,16.400000000000002
312133.0,13.4,4.3,17.7
270843.0,15.5,3.3,18.8
273473.0,14.3,2.6,16.900000000000002
268032.0,15.2,4.1,19.3
323324.0,15.6,3.4,19.0
274350.0,15.1,2.9,18.0
251194.0,12.8,3.2,16.0
274537.0,17.3,2.7,20.0
217862.0,14.9,2.9,17.8
261358.0,15.7,3.4,19.1
274613.0,12.3,1.7,14.0
320929.0,11.4,4.7,16.1
234119.0,15.4,3.9,19.3
274731.0,14.0,3.1,17.1
318467.0,13.6,4.4,18.0
271052.0,13.6,3.3,16.9
274841.0,11.6,2.7,14.3
295937.0,13.7,4.8,18.5
262170.0,15.2,3.3,18.5
274935.0,13.6,3.9,17.5
274143.0,11.7,3.6,15.3
271599.0,11.9,3.5,15.4
274994.0,10.7,2.4,13.1
283031.0,13.7,4.9,18.6
248439.0,17.5,3.4,20.9
275086.0,16.1,2.5,18.6
283249.0,15.5,3.9,19.4
247236.0,16.7,4.0,20.7
275574.0,16.4,3.0,19.4
221843.0,17.1,2.8,19.9
276151.0,15.3,2.9,18.2
234201.0,17.4,4.9,22.3
261293.0,17.1,3.8,20.9
277133.0,17.2,3.6,20.8
283722.0,15.8,4.3,20.1
241200.0,15.1,3.9,19.0
277994.0,15.8,3.2,19.0
288083.0,14.1,4.3,18.4
264022.0,16.4,3.6,20.0
278050.0,15.3,2.8,18.1
247325.0,15.4,3.3,18.7
278259.0,13.5,2.8,16.3
321045.0,13.7,4.3,18.0
236815.0,14.9,3.4,18.3
278873.0,13.3,2.6,15.9
307732.0,14.0,4.4,18.4
243554.0,15.4,3.6,19.0
266145.0,15.4,3.8,19.2
279460.0,14.4,2.6,17.0
347049.0,13.0,4.4,17.4
258785.0,15.9,3.6,19.5
279653.0,12.4,2.5,14.9
236168.0,11.0,4.1,15.1
219823.0,16.0,3.7,19.7
279847.0,13.5,2.5,16.0
293584.0,13.8,4.4,18.200000000000003
257440.0,17.0,3.7,20.7
280385.0,15.4,3.1,18.5
280832.0,14.8,3.6,18.4
299273.0,14.7,3.5,18.2
280609.0,14.1,3.0,17.1
261399.0,14.2,4.2,18.4
241292.0,15.3,3.6,18.9
280876.0,14.7,2.3,17.0
296399.0,11.2,4.3,15.5
285406.0,14.8,3.9,18.7
280909.0,13.8,2.7,16.5
356384.0,13.6,4.0,17.6
201728.0,18.3,2.9,21.2
281470.0,16.3,2.7,19.0
328771.0,12.9,3.8,16.7
264009.0,14.4,4.3,18.7
282825.0,12.7,2.6,15.3
337647.0,12.3,3.4,15.7
281093.0,15.3,3.6,18.9
284385.0,13.5,2.6,16.1
298953.0,14.5,3.9,18.4
240683.0,9.6,2.6,12.2
284545.0,15.6,3.4,19.0
260013.0,15.6,3.1,18.7
284575.0,13.2,3.0,16.2
249499.0,14.1,4.0,18.1
232545.0,16.8,3.6,20.4
284962.0,14.4,3.0,17.4
354456.0,12.1,3.8,15.9
212535.0,15.9,4.4,20.3
284992.0,14.4,3.8,18.2
311432.0,11.5,4.2,15.7
261053.0,14.3,3.3,17.6
284994.0,13.5,2.7,16.2
316547.0,13.0,4.1,17.1
279076.0,15.4,3.4,18.8
285389.0,14.3,2.6,16.900000000000002
351697.0,12.3,4.5,16.8
252725.0,12.2,3.3,15.5
285723.0,11.0,2.3,13.3
311440.0,12.0,4.8,16.8
265078.0,15.4,3.6,19.0
286003.0,14.1,2.9,17.0
313200.0,14.5,4.3,18.8
1299318.0,9.6,3.4,13.0
286624.0,7.8,2.1,9.9
398940.0,7.6,4.1,11.7
240464.0,16.8,3.7,20.5
287423.0,12.4,2.7,15.1
259551.0,16.4,3.7,20.1
287810.0,15.6,2.9,18.5
297968.0,14.5,4.1,18.6
322065.0,15.1,3.3,18.4
287994.0,13.8,2.7,16.5
277140.0,14.7,4.3,19.0
270591.0,13.9,3.9,17.8
288027.0,12.6,3.5,16.1
320271.0,15.4,3.3,18.7
263795.0,14.0,3.7,17.7
288073.0,12.6,2.2,14.8
314745.0,12.5,3.9,16.4
236979.0,15.3,3.5,18.8
288529.0,13.5,2.7,16.2
332934.0,12.6,4.4,17.0
267457.0,14.5,3.6,18.1
288650.0,14.0,3.4,17.4
322028.0,14.1,4.4,18.5
255979.0,13.2,2.2,15.4
289362.0,14.8,2.1,16.900000000000002
250928.0,14.4,3.6,18.0
289852.0,13.9,2.7,16.6
263814.0,14.9,4.3,19.2
282224.0,13.5,3.2,16.7
290068.0,12.3,2.8,15.1
293832.0,13.7,4.5,18.2
257972.0,14.9,3.5,18.4
290168.0,14.1,2.8,16.9
285291.0,14.3,4.2,18.5
358361.0,12.4,3.3,15.7
290379.0,11.4,2.9,14.3
287288.0,16.2,3.6,19.8
290465.0,13.5,2.7,16.2
317565.0,13.9,4.3,18.2
247859.0,15.0,3.7,18.7
290644.0,12.3,2.5,14.8
333205.0,13.3,4.3,17.6
246108.0,14.8,3.2,18.0
290753.0,10.8,2.1,12.9
305268.0,13.5,4.1,17.6
214482.0,13.3,3.1,16.400000000000002
291021.0,15.5,2.3,17.8
376867.0,12.9,4.2,17.1
255002.0,14.8,3.6,18.4
291698.0,13.9,1.7,15.6
280512.0,15.6,3.8,19.4
260055.0,13.5,2.9,16.4
292043.0,13.7,2.6,16.3
286048.0,13.9,4.1,18.0
235215.0,16.2,3.6,19.8
292478.0,14.6,2.8,17.4
359653.0,13.3,4.5,17.8
267291.0,16.6,3.4,20.0
292570.0,13.8,3.1,16.900000000000002
261662.0,14.8,4.2,19.0
254629.0,16.3,3.6,19.9
293273.0,15.8,3.4,19.2
265236.0,16.8,4.3,21.1
232096.0,15.2,3.5,18.7
293818.0,14.2,3.1,17.3
379934.0,13.4,4.5,17.9
268102.0,16.2,4.0,20.2
294001.0,12.8,1.9,14.7
252528.0,12.5,3.5,16.0
294348.0,16.2,3.8,20.0
278442.0,15.3,4.6,19.9
264387.0,15.2,3.7,18.9
294715.0,13.4,2.5,15.9
321843.0,12.2,4.6,16.799999999999997
246969.0,12.8,3.3,16.1
294803.0,12.5,2.6,15.1
352541.0,11.8,4.6,16.4
256371.0,17.6,3.4,21.0
295428.0,17.0,3.0,20.0
285075.0,14.7,3.4,18.1
268665.0,15.5,4.0,19.5
296021.0,15.5,3.4,18.9
286445.0,13.8,4.3,18.1
293169.0,16.0,3.3,19.3
297659.0,15.3,3.1,18.4
260421.0,15.5,4.0,19.5
291134.0,17.8,2.9,20.7
297992.0,12.8,1.9,14.7
298984.0,14.7,3.7,18.4
298115.0,15.3,2.6,17.900000000000002
251545.0,15.1,3.1,18.2
298483.0,12.7,2.4,15.1
845867.0,8.7,3.5,12.2
299121.0,13.6,2.9,16.5
482439.0,10.4,4.1,14.5
246573.0,12.9,3.0,15.9
299468.0,15.1,3.1,18.2
285632.0,14.9,3.7,18.6
262563.0,17.0,4.6,21.6
299641.0,16.7,2.8,19.5
288939.0,13.3,3.4,16.7
286554.0,13.6,3.5,17.1
300837.0,12.7,3.0,15.7
322410.0,13.1,4.4,17.5
255786.0,14.4,3.6,18.0
300885.0,11.8,2.3,14.1
322958.0,14.6,3.9,18.5
279960.0,16.4,3.5,19.9
301462.0,14.1,2.8,16.9
294884.0,16.6,3.3,19.9
302023.0,14.6,2.6,17.2
308431.0,15.6,3.7,19.3
281996.0,14.5,3.2,17.7
302057.0,14.0,2.8,16.8
311520.0,14.6,4.0,18.6
330579.0,14.7,3.5,18.2
302435.0,13.9,2.3,16.2
277492.0,14.3,3.8,18.1
260279.0,16.2,3.9,20.1
303050.0,14.1,3.3,17.4
105477.0,15.8,5.2,21.0
251778.0,14.6,3.1,17.7
303158.0,13.1,2.7,15.8
334556.0,12.9,4.2,17.1
343123.0,13.7,3.4,17.099999999999998
303448.0,12.7,2.7,15.4
309718.0,13.6,4.3,17.9
274303.0,16.0,3.2,19.2
304439.0,14.4,2.6,17.0
376382.0,14.4,4.1,18.5
267226.0,14.9,4.1,19.0
304460.0,13.0,2.8,15.8
372890.0,11.3,4.5,15.8
325943.0,15.6,3.4,19.0
304788.0,15.1,2.4,17.5
265763.0,14.8,2.7,17.5
305149.0,15.0,3.2,18.2
319818.0,15.4,3.2,18.6
307993.0,12.0,3.2,15.2
305213.0,14.3,2.8,17.1
284597.0,14.1,3.4,17.5
305887.0,12.5,2.7,15.2
316450.0,14.5,4.2,18.7
271163.0,14.6,3.4,18.0
305934.0,13.4,2.7,16.1
307362.0,15.0,4.2,19.2
214930.0,14.3,2.9,17.2
306691.0,12.3,3.4,15.7
258082.0,15.2,3.6,18.8
307442.0,13.4,3.4,16.8
360498.0,12.5,4.1,16.6
284697.0,15.4,3.3,18.7
307586.0,14.4,2.0,16.4
302150.0,14.6,4.2,18.8
272818.0,11.6,3.5,15.1
307589.0,10.7,2.8,13.5
310192.0,12.3,5.1,17.4
241295.0,17.1,2.6,19.700000000000003
308597.0,13.4,2.9,16.3
327841.0,14.8,4.3,19.1
297760.0,15.9,3.6,19.5
308821.0,14.3,2.9,17.2
310621.0,15.2,3.9,19.1
273711.0,14.7,3.5,18.2
309381.0,13.1,2.5,15.6
346939.0,12.1,4.1,16.2
299463.0,15.8,3.6,19.4
309655.0,14.8,3.1,17.900000000000002
312588.0,14.8,3.6,18.4
297974.0,16.8,3.7,20.5
310434.0,12.1,2.3,14.4
312484.0,14.0,4.7,18.7
319151.0,15.4,3.5,18.9
310478.0,15.4,2.9,18.3
313060.0,14.9,4.0,18.9
262879.0,15.1,3.6,18.7
310600.0,13.5,2.7,16.2
348102.0,12.3,4.4,16.700000000000003
306572.0,14.0,3.5,17.5
310894.0,14.4,2.5,16.9
334376.0,11.4,5.3,16.7
275015.0,15.5,3.4,18.9
310946.0,14.4,2.7,17.1
311626.0,14.4,3.9,18.3
270747.0,11.1,3.4,14.5
311181.0,9.8,2.2,12.0
305322.0,9.8,3.7,13.5
286415.0,14.2,3.4,17.599999999999998
311624.0,12.7,2.2,14.9
341669.0,13.4,4.6,18.0
291792.0,14.9,3.2,18.1
311840.0,12.8,4.6,17.4
336694.0,13.7,3.8,17.5
293608.0,16.1,3.2,19.3
312233.0,14.2,2.8,17.0
221055.0,14.3,4.2,18.5
237906.0,15.4,3.4,18.8
312234.0,12.3,2.6,14.9
331519.0,15.1,3.3,18.4
271814.0,16.8,3.0,19.8
313046.0,13.0,2.7,15.7
315766.0,14.2,5.2,19.4
296988.0,15.8,3.5,19.3
313150.0,16.6,1.8,18.4
318212.0,15.4,4.0,19.4
249520.0,15.1,3.6,18.7
313315.0,13.3,2.8,16.1
347179.0,12.9,4.3,17.2
256879.0,14.8,3.5,18.3
313436.0,13.1,2.5,15.6
353872.0,12.9,4.4,17.3
293478.0,13.8,3.3,17.1
313876.0,13.1,2.6,15.7
286462.0,12.6,4.1,16.7
264650.0,12.2,4.8,17.0
315397.0,10.9,1.5,12.4
334736.0,14.7,4.6,19.3
874312.0,8.4,3.2,11.6
315587.0,12.8,4.1,16.9
374114.0,15.6,4.8,20.4
243427.0,15.0,3.4,18.4
315774.0,9.1,2.0,11.1
277670.0,15.2,3.5,18.7
316973.0,13.9,3.0,16.9
348529.0,13.1,4.4,17.5
283569.0,12.2,3.4,15.6
317474.0,12.2,2.7,14.9
380834.0,12.7,4.2,16.9
283604.0,15.7,3.1,18.8
317991.0,12.8,2.9,15.7
332685.0,11.0,4.7,15.7
283823.0,15.0,3.0,18.0
318069.0,13.5,1.9,15.4
279537.0,15.4,3.6,19.0
318490.0,14.2,1.9,16.099999999999998
339537.0,13.1,4.1,17.2
305380.0,15.7,3.8,19.5
318638.0,14.9,2.2,17.1
324642.0,14.6,3.7,18.3
337628.0,16.5,3.5,20.0
318653.0,17.0,2.3,19.3
273127.0,14.6,3.7,18.3
319743.0,12.9,2.7,15.6
373444.0,12.5,4.6,17.1
251346.0,15.6,3.1,18.7
320622.0,10.4,3.1,13.5
353494.0,12.5,3.9,16.4
303977.0,12.6,3.8,16.4
320975.0,16.0,3.9,19.9
338500.0,14.4,4.6,19.0
312332.0,11.9,2.4,14.3
321328.0,13.1,3.8,16.9
330736.0,14.4,3.6,18.0
295931.0,14.3,3.6,17.900000000000002
322121.0,13.4,2.7,16.1
342978.0,13.8,4.2,18.0
295053.0,12.7,3.9,16.599999999999998
322126.0,9.9,2.7,12.6
360028.0,14.6,4.5,19.1
276601.0,14.4,3.4,17.8
322270.0,13.0,2.8,15.8
363299.0,12.5,4.3,16.8
292893.0,16.3,3.6,19.9
322483.0,15.2,3.3,18.5
322978.0,15.4,3.7,19.1
334000.0,13.5,3.4,16.9
322651.0,13.8,2.9,16.7
241488.0,13.8,4.7,18.5
365087.0,14.6,3.4,18.0
323865.0,14.2,2.6,16.8
365708.0,14.4,4.2,18.6
267252.0,13.9,3.4,17.3
324661.0,12.8,2.9,15.7
370088.0,12.9,4.3,17.2
274768.0,11.3,3.1,14.4
326140.0,13.2,2.8,16.0
338336.0,12.2,5.2,17.4
266673.0,11.2,3.2,14.4
326329.0,9.7,2.8,12.5
353297.0,11.4,4.8,16.2
271125.0,15.3,3.7,19.0
326713.0,13.5,2.4,15.9
404752.0,12.2,4.2,16.4
661102.0,11.0,2.5,13.5
327212.0,0.0,0.0,0.0
289555.0,14.9,3.6,18.5
327415.0,12.9,2.8,15.7
375563.0,13.3,4.3,17.6
294819.0,15.9,3.8,19.7
328634.0,14.5,2.6,17.1
336853.0,14.2,4.1,18.3
344774.0,8.8,2.2,11.0
328821.0,17.0,1.5,18.5
197948.0,14.0,4.2,18.2
328937.0,10.1,3.7,13.8
303246.0,9.5,5.1,14.6
320489.0,15.8,3.5,19.3
329548.0,13.4,2.5,15.9
305699.0,14.7,3.5,18.2
310173.0,14.0,3.7,17.7
330604.0,11.6,3.0,14.6
329627.0,14.3,4.6,18.9
302972.0,9.5,2.9,12.4
330754.0,16.8,1.4,18.2
342714.0,12.1,4.5,16.6
316583.0,15.4,3.4,18.8
330825.0,13.3,3.2,16.5
331673.0,14.1,4.4,18.5
394639.0,13.7,3.8,17.5
330939.0,13.4,3.2,16.6
375486.0,14.1,4.9,19.0
277364.0,15.4,3.2,18.6
331329.0,13.3,3.0,16.3
435674.0,11.8,3.8,15.6
315925.0,15.3,3.5,18.8
332106.0,14.0,2.4,16.4
305099.0,14.6,3.9,18.5
252605.0,15.5,3.5,19.0
332117.0,14.0,2.9,16.9
366499.0,12.5,4.1,16.6
270623.0,15.1,3.6,18.7
333169.0,13.6,2.8,16.4
343902.0,13.1,4.0,17.1
272106.0,14.0,3.3,17.3
333626.0,12.4,2.5,14.9
380767.0,11.9,4.2,16.1
265615.0,12.0,3.8,15.8
334795.0,10.9,2.1,13.0
286613.0,14.4,3.4,17.8
334903.0,13.4,2.7,16.1
347023.0,13.9,4.2,18.1
307617.0,16.1,3.4,19.5
334968.0,14.7,3.0,17.7
330131.0,15.0,3.7,18.7
259291.0,14.1,3.4,17.5
335401.0,14.0,2.6,16.6
376380.0,12.6,4.2,16.8
325796.0,13.2,3.3,16.5
335587.0,12.0,2.0,14.0
342225.0,13.3,4.1,17.4
314786.0,12.9,3.6,16.5
335689.0,11.5,3.0,14.5
290904.0,15.2,3.3,18.5
376919.0,12.5,3.3,15.8
337497.0,11.4,2.4,13.8
413768.0,12.1,4.3,16.4
261922.0,14.4,4.1,18.5
338030.0,13.2,2.3,15.5
287437.0,14.1,3.5,17.6
338263.0,12.4,2.3,14.7
379771.0,12.2,4.0,16.2
321549.0,14.7,3.6,18.3
338508.0,12.5,2.5,15.0
306008.0,11.8,4.2,16.0
289034.0,15.5,3.2,18.7
339100.0,12.5,2.8,15.3
326976.0,14.5,4.4,18.9
345823.0,17.1,4.2,21.3
339744.0,13.7,1.9,15.6
384952.0,10.7,4.9,15.6
291631.0,15.1,3.8,18.9
340013.0,13.0,2.4,15.4
334882.0,12.6,4.1,16.7
319088.0,15.2,3.5,18.7
340175.0,13.1,2.6,15.7
356643.0,13.4,4.2,17.6
293462.0,15.5,3.5,19.0
340997.0,12.3,3.0,15.3
348640.0,13.0,4.6,17.6
355945.0,10.5,3.0,13.5
340999.0,11.5,2.4,13.9
289445.0,12.9,4.9,17.8
343628.0,14.4,3.9,18.3
341051.0,12.5,2.1,14.6
347358.0,14.4,3.4,17.8
480432.0,12.7,3.3,16.0
341088.0,11.8,2.3,14.1
406542.0,12.0,4.1,16.1
299495.0,13.8,2.8,16.6
341222.0,15.4,2.6,18.0
285775.0,12.8,5.1,17.9
652816.0,10.1,3.3,13.4
341312.0,14.6,3.1,17.7
463055.0,12.9,3.9,16.8
329961.0,14.1,3.5,17.6
341617.0,14.1,2.9,17.0
360316.0,14.1,4.4,18.5
338114.0,14.1,3.4,17.5
341707.0,13.6,2.7,16.3
327396.0,14.8,4.1,18.9
335655.0,13.6,3.3,16.9
341938.0,14.2,2.8,17.0
327256.0,13.8,3.6,17.400000000000002
284370.0,14.5,3.5,18.0
343457.0,13.3,2.6,15.9
398568.0,12.3,4.0,16.3
315696.0,17.0,3.9,20.9
343658.0,15.4,3.1,18.5
335188.0,15.0,4.0,19.0
485837.0,12.0,3.3,15.3
344942.0,12.4,2.6,15.0
330303.0,13.1,3.5,16.6
345335.0,13.1,2.7,15.8
315655.0,13.8,4.2,18.0
330552.0,13.8,3.4,17.2
346474.0,12.9,3.0,15.9
351775.0,13.7,4.0,17.7
293530.0,9.7,2.6,12.3
346816.0,11.2,2.7,13.9
298811.0,15.0,3.5,18.5
347414.0,14.3,2.3,16.6
240414.0,15.3,4.3,19.6
685652.0,13.4,3.1,16.5
347938.0,13.7,2.2,15.9
276380.0,16.6,4.3,20.9
329672.0,15.4,3.3,18.7
348170.0,12.7,2.4,15.1
334613.0,12.9,3.5,16.4
303034.0,14.2,3.5,17.7
349133.0,12.9,2.0,14.9
392660.0,12.3,4.2,16.5
313560.0,14.7,3.4,18.1
351499.0,14.0,2.8,16.8
366287.0,13.4,4.3,17.7
284013.0,15.5,3.5,19.0
302673.0,11.3,2.7,14.0
353442.0,13.9,3.6,17.5
394458.0,10.2,4.8,15.0
302628.0,12.8,2.4,15.2
354294.0,10.9,3.0,13.9
301444.0,12.5,3.1,15.6
354521.0,13.1,2.8,15.9
342413.0,13.5,4.6,18.1
315818.0,15.4,3.3,18.7
354636.0,15.3,2.4,17.7
393510.0,9.2,4.3,13.5
252283.0,15.5,3.6,19.1
355475.0,13.4,2.7,16.1
401591.0,13.5,4.3,17.8
524581.0,11.5,3.2,14.7
355664.0,12.9,2.5,15.4
344583.0,10.8,4.3,15.1
309498.0,14.7,3.5,18.2
355823.0,12.9,2.7,15.6
415659.0,11.6,3.9,15.5
523214.0,12.3,3.1,15.4
356184.0,9.9,1.3,11.2
332525.0,12.3,3.3,15.6
357584.0,13.2,2.3,15.5
349500.0,13.4,4.1,17.5
292368.0,16.0,4.1,20.1
357611.0,15.3,2.2,17.5
219231.0,17.4,4.7,22.1
358980.0,13.5,3.3,16.8
357808.0,13.1,2.6,15.7
372328.0,13.7,4.1,17.799999999999997
320904.0,13.5,2.9,16.4
359867.0,12.1,2.8,14.9
338693.0,11.1,4.2,15.3
326702.0,14.8,3.3,18.1
360791.0,12.5,3.0,15.5
333062.0,13.4,3.9,17.3
320432.0,14.3,3.4,17.7
361444.0,12.1,2.2,14.3
412688.0,12.3,4.3,16.6
1596514.0,11.2,3.0,14.2
361725.0,12.9,2.0,14.9
374397.0,13.3,4.0,17.3
356809.0,11.7,3.5,15.2
363925.0,12.6,2.9,15.5
256842.0,9.7,3.6,13.3
270542.0,15.0,3.5,18.5
364618.0,13.2,2.7,15.9
371851.0,12.7,4.4,17.1
301342.0,14.8,3.7,18.5
315460.0,13.9,3.4,17.3
365354.0,13.4,2.3,15.7
377943.0,13.0,4.8,17.8
318375.0,14.5,3.5,18.0
365823.0,12.9,2.3,15.2
362070.0,12.7,3.8,16.5
308527.0,15.6,3.2,18.8
366015.0,15.8,2.3,18.1
337803.0,15.3,4.0,19.3
347416.0,14.4,3.3,17.7
369289.0,13.8,2.6,16.400000000000002
400713.0,12.5,3.9,16.4
361401.0,12.4,3.5,15.9
369309.0,12.9,3.0,15.9
280524.0,13.7,4.5,18.2
333508.0,12.7,3.4,16.099999999999998
369456.0,11.9,2.3,14.2
405966.0,12.1,4.2,16.3
933592.0,7.3,3.0,10.3
369784.0,13.9,2.9,16.8
313369.0,15.2,3.3,18.5
369846.0,12.9,1.9,14.8
276920.0,14.8,3.9,18.7
349735.0,14.3,3.4,17.7
369890.0,12.6,3.2,15.8
362721.0,13.8,4.8,18.6
219122.0,16.6,3.5,20.1
370322.0,12.0,3.2,15.2
527421.0,10.7,4.1,14.8
413572.0,12.4,3.4,15.8
370496.0,12.5,2.5,15.0
347636.0,12.3,4.4,16.700000000000003
332251.0,15.0,3.2,18.2
370511.0,13.3,2.5,15.8
372075.0,12.6,4.3,16.9
291021.0,15.6,3.4,19.0
297628.0,16.0,4.3,20.3
371916.0,10.7,2.9,13.6
350499.0,13.8,3.6,17.400000000000002
372143.0,13.4,1.9,15.3
461676.0,11.9,3.8,15.7
312974.0,13.6,3.5,17.1
372417.0,12.7,3.1,15.8
401608.0,13.0,4.3,17.3
290646.0,12.8,4.8,17.6
372458.0,5.0,3.5,8.5
1167098.0,4.3,3.8,8.1
328504.0,13.4,3.4,16.8
372882.0,11.9,2.5,14.4
390770.0,12.2,4.1,16.299999999999997
278593.0,15.3,3.4,18.7
372942.0,13.2,2.7,15.9
401134.0,12.4,4.1,16.5
297024.0,13.8,3.4,17.2
373214.0,11.6,2.6,14.2
404891.0,11.7,4.1,15.8
327084.0,14.3,3.3,17.6
373335.0,12.6,2.3,14.9
382701.0,13.6,3.7,17.3
333734.0,14.7,3.0,17.7
374375.0,14.1,1.6,15.7
385179.0,12.4,4.3,16.7
356121.0,13.9,3.3,17.2
375061.0,11.9,1.9,13.8
339851.0,14.2,3.8,18.0
327467.0,14.2,3.5,17.7
375640.0,13.0,2.4,15.4
386126.0,13.1,4.2,17.3
354467.0,13.4,3.4,16.8
375787.0,14.7,3.0,17.7
351059.0,12.0,3.0,15.0
376783.0,13.7,2.4,16.099999999999998
332754.0,13.1,5.1,18.2
326621.0,13.9,3.5,17.4
376867.0,13.2,2.7,15.9
397442.0,12.9,4.5,17.4
348667.0,14.4,3.4,17.8
377433.0,12.2,2.5,14.7
399692.0,13.0,4.2,17.2
313100.0,11.3,3.4,14.7
378661.0,10.3,2.7,13.0
388747.0,11.7,5.0,16.7
563251.0,9.6,4.0,13.6
379610.0,11.9,2.7,14.6
376539.0,13.9,3.5,17.4
379913.0,13.7,2.7,16.4
335204.0,14.7,3.8,18.5
327799.0,14.1,3.4,17.5
380775.0,12.0,2.5,14.5
403130.0,12.6,4.3,16.9
377895.0,14.8,3.8,18.6
383227.0,12.6,0.9,13.5
414614.0,12.8,4.6,17.4
331810.0,14.4,3.7,18.1
384652.0,13.5,2.3,15.8
418170.0,12.3,4.2,16.5
377608.0,15.0,3.6,18.6
384946.0,14.3,2.6,16.900000000000002
343378.0,14.6,4.0,18.6
419447.0,14.0,3.4,17.4
385074.0,13.7,2.5,16.2
672528.0,10.8,3.4,14.2
385280.0,12.4,2.6,15.0
525127.0,12.3,4.3,16.6
354057.0,14.2,3.5,17.7
385507.0,12.4,2.5,14.9
392858.0,12.8,4.4,17.200000000000003
221791.0,20.5,4.8,25.3
386324.0,10.0,3.5,13.5
257118.0,14.3,4.0,18.3
386491.0,7.9,2.8,10.7
442818.0,9.6,3.6,13.2
446841.0,12.3,3.5,15.8
388166.0,10.8,2.6,13.4
451256.0,11.5,4.0,15.5
332040.0,12.1,3.1,15.2
388601.0,10.6,2.1,12.7
384934.0,11.7,4.7,16.4
296507.0,14.4,3.3,17.7
389298.0,11.6,2.5,14.1
482615.0,11.5,4.3,15.8
368378.0,11.4,3.2,14.6
389396.0,11.3,2.3,13.6
401731.0,12.1,4.4,16.5
325747.0,14.3,3.7,18.0
389999.0,15.9,3.3,19.2
407711.0,12.7,3.4,16.099999999999998
616463.0,9.1,3.3,12.4
390172.0,11.0,2.2,13.2
423952.0,10.4,4.1,14.5
327562.0,10.9,3.2,14.1
390314.0,9.8,2.5,12.3
466204.0,10.8,4.5,15.3
364146.0,12.9,3.2,16.1
390657.0,13.9,1.8,15.7
428023.0,12.6,4.4,17.0
361446.0,13.0,3.3,16.3
390804.0,11.7,2.5,14.2
399039.0,12.1,4.3,16.4
316268.0,12.8,3.4,16.2
390979.0,12.5,2.4,14.9
410098.0,12.2,4.0,16.2
336851.0,13.3,3.5,16.8
391047.0,12.0,2.8,14.8
409288.0,11.8,4.3,16.1
283414.0,14.3,3.5,17.8
391756.0,12.4,2.4,14.8
423088.0,12.2,4.2,16.4
538929.0,13.5,2.9,16.4
393212.0,14.3,2.0,16.3
383705.0,12.9,4.3,17.2
346539.0,13.6,3.4,17.0
393380.0,13.0,2.2,15.2
371668.0,12.9,3.8,16.7
281914.0,14.6,3.3,17.9
394456.0,13.1,2.4,15.5
470996.0,11.4,3.9,15.3
372913.0,14.6,3.5,18.1
394500.0,14.9,2.7,17.6
359103.0,13.7,3.6,17.3
314671.0,14.8,3.3,18.1
394580.0,14.2,2.0,16.2
161469.0,17.3,4.1,21.4
328949.0,13.3,3.5,16.8
395891.0,12.8,2.7,15.5
417316.0,12.1,4.2,16.3
352398.0,14.1,3.2,17.3
396862.0,11.4,3.3,14.7
363097.0,10.2,4.5,14.7
387656.0,8.7,2.4,11.1
397976.0,11.7,1.5,13.2
366412.0,14.5,4.0,18.5
347401.0,11.1,3.2,14.3
398112.0,9.0,1.9,10.9
411183.0,12.0,4.7,16.7
596848.0,11.2,3.0,14.2
425821.0,12.4,3.4,15.8
399954.0,12.6,2.7,15.3
409664.0,12.8,4.4,17.200000000000003
397848.0,10.8,3.1,13.9
401356.0,10.4,2.0,12.4
411658.0,12.3,4.8,17.1
339776.0,13.9,3.5,17.4
401454.0,12.5,2.3,14.8
410821.0,12.5,4.1,16.6
440670.0,12.0,3.0,15.0
401500.0,11.1,2.5,13.6
502769.0,11.3,4.4,15.7
335168.0,12.7,3.0,15.7
401915.0,12.5,2.3,14.8
417827.0,12.4,4.2,16.6
337858.0,12.6,3.4,16.0
402959.0,10.8,2.4,13.2
438716.0,11.8,3.9,15.7
352980.0,15.2,3.0,18.2
404727.0,15.3,3.3,18.6
294737.0,16.2,5.2,21.4
325723.0,14.1,3.4,17.5
405387.0,13.0,2.2,15.2
436500.0,12.0,4.2,16.2
369776.0,13.8,3.2,17.0
405404.0,10.7,2.7,13.4
362647.0,13.4,2.8,16.2
405605.0,11.5,2.2,13.7
428624.0,12.2,4.5,16.7
365138.0,13.2,3.4,16.599999999999998
406891.0,12.1,2.3,14.4
415439.0,12.2,4.3,16.5
401030.0,7.8,3.1,10.9
407419.0,9.6,2.2,11.8
267956.0,11.5,3.8,15.3
384573.0,12.3,3.3,15.6
407647.0,12.0,2.3,14.3
333430.0,12.4,4.2,16.6
338550.0,14.2,3.4,17.599999999999998
407691.0,13.0,2.6,15.6
407578.0,12.5,4.0,16.5
345736.0,12.1,3.3,15.4
407952.0,11.7,2.4,14.1
416974.0,13.1,4.5,17.6
315164.0,14.7,3.0,17.7
407970.0,13.0,2.2,15.2
468883.0,12.1,4.0,16.1
382870.0,17.2,4.0,21.2
408105.0,16.5,3.1,19.6
428687.0,14.0,4.2,18.2
462008.0,10.9,2.9,13.8
408753.0,13.9,2.3,16.2
514250.0,11.4,3.8,15.2
387078.0,12.7,3.4,16.099999999999998
409067.0,11.3,2.0,13.3
414650.0,11.3,4.1,15.4
532297.0,12.4,3.4,15.8
409279.0,12.4,2.4,14.8
434356.0,11.7,3.5,15.2
409669.0,10.2,2.7,12.9
480135.0,10.8,4.7,15.5
354002.0,14.3,3.6,17.900000000000002
409674.0,13.0,2.4,15.4
420096.0,12.8,4.2,17.0
354266.0,14.1,3.6,17.7
409863.0,12.9,2.5,15.4
423320.0,12.2,4.2,16.4
391429.0,14.0,3.4,17.4
410468.0,13.2,2.7,15.9
365585.0,14.5,4.0,18.5
369315.0,11.4,3.4,14.8
410572.0,12.7,2.5,15.2
412925.0,10.4,4.5,14.9
1261575.0,8.2,2.8,11.0
410914.0,9.9,3.8,13.7
423234.0,10.6,4.5,15.1
415424.0,10.1,3.4,13.5
412091.0,9.8,2.1,11.9
337514.0,11.5,4.3,15.8
312109.0,13.9,3.4,17.3
412302.0,11.6,2.5,14.1
435502.0,12.0,4.0,16.0
615898.0,11.3,3.2,14.5
412353.0,12.5,2.6,15.1
501177.0,12.1,4.1,16.2
475552.0,11.8,3.0,14.8
413389.0,11.8,1.6,13.4
384294.0,12.7,4.3,17.0
365344.0,13.2,3.0,16.2
413945.0,10.8,2.3,13.1
422575.0,12.4,4.5,16.9
387536.0,13.6,3.7,17.3
414066.0,13.0,3.2,16.2
630314.0,9.9,4.1,14.0
368886.0,11.5,3.6,15.1
415257.0,11.3,1.5,12.8
607749.0,10.1,4.2,14.3
539118.0,13.8,2.5,16.3
415832.0,12.5,1.0,13.5
407593.0,11.1,3.2,14.3
415849.0,6.6,3.3,9.9
353582.0,14.0,3.6,17.6
415850.0,11.7,2.7,14.4
392716.0,13.2,4.2,17.4
502999.0,11.8,3.2,15.0
416680.0,12.0,2.5,14.5
280007.0,13.5,4.7,18.2
397747.0,13.3,3.3,16.6
416866.0,11.9,2.7,14.6
411873.0,12.4,4.2,16.6
272010.0,16.2,3.6,19.8
417660.0,12.1,3.4,15.5
416172.0,14.5,4.3,18.8
383384.0,11.2,3.7,14.9
417678.0,10.6,2.3,12.9
427556.0,12.0,4.7,16.7
347082.0,13.1,3.3,16.4
417932.0,12.1,2.5,14.6
435908.0,12.1,4.3,16.4
368415.0,12.5,3.0,15.5
418565.0,10.4,2.0,12.4
480587.0,10.7,4.1,14.8
406632.0,13.0,3.4,16.4
419276.0,12.2,2.2,14.4
407546.0,11.7,4.3,16.0
391636.0,12.5,3.3,15.8
419527.0,11.4,2.7,14.1
472350.0,10.6,4.7,15.3
372751.0,14.2,3.4,17.599999999999998
419910.0,12.9,2.5,15.4
368246.0,13.7,3.9,17.599999999999998
383430.0,12.6,3.5,16.1
420399.0,13.3,2.5,15.8
444158.0,12.2,4.2,16.4
331309.0,14.5,3.2,17.7
421566.0,10.6,2.5,13.1
507798.0,12.2,4.3,16.5
379849.0,13.4,3.7,17.1
421992.0,11.8,2.9,14.7
452459.0,12.3,4.8,17.1
369877.0,13.7,3.4,17.099999999999998
422523.0,11.8,2.3,14.1
442262.0,12.8,4.5,17.3
389781.0,12.3,3.2,15.5
423258.0,9.7,2.5,12.2
492408.0,11.1,4.7,15.8
360333.0,16.9,3.5,20.4
423335.0,12.2,2.2,14.4
394278.0,12.9,4.3,17.2
530055.0,11.2,3.1,14.3
423978.0,11.4,2.5,13.9
441799.0,11.3,4.0,15.3
497047.0,12.0,3.4,15.4
424455.0,12.3,2.7,15.0
472428.0,11.5,4.4,15.9
352969.0,13.0,3.2,16.2
425108.0,13.2,2.9,16.099999999999998
382792.0,13.6,4.9,18.5
1672220.0,7.9,2.1,10.0
425512.0,14.1,2.9,17.0
370332.0,12.8,2.4,15.2
354189.0,12.7,3.4,16.099999999999998
426110.0,12.6,2.2,14.8
416404.0,12.5,4.3,16.8
362079.0,12.7,3.4,16.099999999999998
426233.0,12.4,3.0,15.4
518098.0,11.9,4.4,16.3
391209.0,14.1,3.3,17.4
427095.0,11.9,3.0,14.9
432924.0,13.0,4.3,17.3
417967.0,12.5,3.5,16.0
427354.0,12.6,2.3,14.9
413814.0,12.5,4.2,16.7
371913.0,11.0,3.0,14.0
427954.0,11.3,2.4,13.7
471530.0,11.7,4.0,15.7
395851.0,14.4,4.0,18.4
428575.0,10.5,3.9,14.4
567665.0,12.2,3.5,15.7
379141.0,13.5,3.3,16.8
428855.0,12.1,2.4,14.5
427682.0,12.4,4.1,16.5
436475.0,11.8,3.8,15.6
428897.0,11.8,2.1,13.9
414839.0,12.5,4.3,16.8
335454.0,14.1,3.5,17.6
429072.0,12.3,2.3,14.6
468456.0,11.1,4.1,15.2
376373.0,13.9,3.3,17.2
429597.0,12.6,2.5,15.1
326096.0,15.9,3.8,19.7
431190.0,13.6,2.5,16.1
334690.0,15.3,4.4,19.700000000000003
404439.0,12.4,3.1,15.5
431649.0,12.3,2.4,14.7
446204.0,12.0,4.4,16.4
738481.0,13.2,3.5,16.7
344626.0,13.8,3.3,17.1
435038.0,11.5,2.3,13.8
446576.0,11.2,4.6,15.8
383891.0,13.3,3.5,16.8
435228.0,13.4,2.4,15.8
401634.0,13.0,4.0,17.0
358868.0,17.1,4.0,21.1
435277.0,12.4,1.8,14.2
312979.0,17.0,6.0,23.0
424654.0,9.2,3.4,12.6
435410.0,8.9,1.7,10.6
406257.0,11.4,4.2,15.6
373636.0,14.1,3.4,17.5
435949.0,11.8,2.3,14.1
436186.0,12.8,4.2,17.0
470596.0,11.7,3.3,15.0
436215.0,11.7,2.3,14.0
454722.0,12.4,4.2,16.6
399967.0,13.7,3.2,16.9
437140.0,12.5,2.3,14.8
375943.0,12.8,3.8,16.6
435409.0,12.1,3.1,15.2
437297.0,12.0,2.7,14.7
428617.0,12.5,4.1,16.6
1447005.0,10.6,3.0,13.6
438439.0,13.8,2.3,16.1
498137.0,11.4,4.2,15.6
394876.0,12.4,3.2,15.6
438475.0,10.0,2.3,12.3
392754.0,13.1,4.2,17.3
1428305.0,6.9,2.7,9.6
438911.0,12.2,2.1,14.3
486244.0,10.8,4.3,15.1
620016.0,12.7,3.2,15.9
438943.0,14.4,2.2,16.6
543909.0,13.0,3.4,16.4
390683.0,12.8,3.2,16.0
439308.0,12.1,2.4,14.5
411991.0,11.9,4.0,15.9
461227.0,12.1,3.2,15.3
439332.0,10.9,2.4,13.3
451861.0,11.1,3.6,14.7
381227.0,12.0,3.2,15.2
440977.0,11.5,2.2,13.7
569664.0,9.1,3.5,12.6
356337.0,13.6,3.5,17.1
440995.0,11.0,2.3,13.3
484194.0,12.2,4.1,16.299999999999997
328017.0,13.5,3.4,16.9
441880.0,9.7,2.3,12.0
517706.0,10.4,4.8,15.2
419582.0,14.3,3.3,17.6
442426.0,13.4,2.4,15.8
426758.0,12.8,3.7,16.5
370571.0,13.3,3.6,16.900000000000002
442595.0,11.7,2.3,14.0
451317.0,11.7,4.4,16.1
421765.0,14.0,3.4,17.4
442639.0,10.8,3.2,14.0
471623.0,12.9,4.4,17.3
1332563.0,7.3,2.4,9.7
443063.0,12.4,2.4,14.8
483669.0,10.7,4.0,14.7
429978.0,13.2,3.4,16.599999999999998
443288.0,12.9,3.1,16.0
430611.0,14.8,4.1,18.9
421190.0,13.7,3.1,16.8
443659.0,12.9,2.2,15.1
378544.0,13.8,4.0,17.8
401012.0,12.4,3.5,15.9
445348.0,11.5,2.4,13.9
469736.0,12.1,3.8,15.9
440637.0,10.4,3.2,13.6
445846.0,12.8,2.9,15.7
500974.0,12.1,3.9,16.0
673300.0,12.7,3.4,16.099999999999998
446883.0,12.4,2.3,14.7
634926.0,9.5,3.2,12.7
447192.0,13.4,1.6,15.0
583919.0,9.8,4.6,14.4
429518.0,10.2,3.3,13.5
447916.0,9.8,2.2,12.0
454217.0,11.6,4.5,16.1
403029.0,13.7,3.1,16.8
448071.0,13.8,2.2,16.0
247008.0,15.6,4.1,19.7
399827.0,9.8,3.0,12.8
450052.0,8.5,1.9,10.4
601202.0,9.7,4.5,14.2
327069.0,14.7,3.5,18.2
450262.0,9.9,2.4,12.3
460049.0,9.7,4.7,14.4
397662.0,15.1,3.6,18.7
451604.0,12.1,2.5,14.6
425606.0,13.1,3.3,16.4
452226.0,12.3,2.3,14.6
392734.0,13.6,3.8,17.4
464000.0,13.6,3.0,16.6
452592.0,12.6,2.2,14.8
276083.0,14.2,4.0,18.2
514202.0,9.5,2.1,11.6
454086.0,12.8,2.8,15.6
415806.0,12.8,3.2,16.0
454857.0,12.6,2.6,15.2
485445.0,11.8,4.1,15.9
454258.0,13.8,3.0,16.8
455440.0,13.7,2.5,16.2
355462.0,13.3,3.7,17.0
355219.0,13.3,3.7,17.0
455546.0,11.8,2.3,14.1
422475.0,12.4,3.9,16.3
389179.0,15.2,3.2,18.4
456122.0,9.9,2.5,12.4
536921.0,12.5,4.6,17.1
424048.0,12.2,3.3,15.5
348225.0,12.6,3.4,16.0
456373.0,7.0,1.0,8.0
397962.0,16.5,4.4,20.9
396591.0,13.1,3.3,16.4
457052.0,11.9,2.3,14.2
437989.0,12.1,4.1,16.2
560073.0,10.4,3.4,13.8
458658.0,9.9,1.8,11.7
492996.0,10.7,4.0,14.7
322530.0,14.2,3.7,17.9
458687.0,13.7,2.7,16.4
488919.0,10.8,3.8,14.6
332390.0,14.7,3.4,18.1
459059.0,12.1,2.6,14.7
490000.0,12.4,4.2,16.6
434339.0,12.5,3.5,16.0
459375.0,12.2,2.6,14.8
448959.0,12.2,4.3,16.5
443994.0,12.2,3.4,15.6
460675.0,10.0,2.3,12.3
678971.0,8.5,4.0,12.5
1703132.0,5.5,2.3,7.8
460766.0,10.2,2.3,12.5
534630.0,11.0,4.3,15.3
395908.0,13.4,3.2,16.6
461710.0,12.1,2.6,14.7
491619.0,11.9,3.9,15.8
386776.0,12.0,3.3,15.3
463696.0,10.9,1.9,12.8
477689.0,11.6,4.0,15.6
367431.0,14.9,3.5,18.4
395948.0,13.6,3.3,16.9
465209.0,12.7,2.1,14.8
447966.0,12.8,4.1,16.9
451606.0,12.5,3.3,15.8
465270.0,10.5,2.1,12.6
490967.0,11.3,3.9,15.2
507395.0,11.0,3.1,14.1
466651.0,11.9,2.1,14.0
387476.0,11.8,4.4,16.200000000000003
375631.0,13.1,3.1,16.2
467464.0,12.6,2.2,14.8
428828.0,13.0,3.9,16.9
432370.0,13.9,3.2,17.1
468162.0,12.3,2.7,15.0
414572.0,13.6,3.8,17.4
406194.0,13.2,3.2,16.4
468477.0,11.7,2.6,14.3
482652.0,11.9,4.1,16.0
435447.0,13.4,3.4,16.8
470574.0,12.6,2.5,15.1
394738.0,14.1,3.9,18.0
392395.0,13.4,3.6,17.0
471133.0,10.7,2.5,13.2
550685.0,10.7,4.3,15.0
407217.0,12.5,3.5,16.0
471429.0,12.7,2.0,14.7
496551.0,10.6,4.4,15.0
469469.0,9.8,3.1,12.9
445781.0,13.2,3.4,16.599999999999998
472926.0,13.4,2.1,15.5
451258.0,12.2,4.2,16.4
402101.0,13.1,3.4,16.5
473997.0,12.2,2.4,14.6
481453.0,12.3,3.9,16.2
414535.0,11.8,3.2,15.0
475161.0,10.0,2.1,12.1
455603.0,11.3,4.7,16.0
482143.0,12.8,3.2,16.0
475185.0,13.3,2.2,15.5
385605.0,11.8,3.0,14.8
475932.0,11.4,2.5,13.9
281231.0,9.1,4.2,13.3
415574.0,13.1,3.3,16.4
476146.0,11.2,2.3,13.5
442423.0,11.4,4.3,15.7
422414.0,12.9,3.2,16.1
476196.0,10.7,1.9,12.6
439851.0,11.5,4.2,15.7
398535.0,10.1,2.3,12.4
476995.0,12.2,3.8,16.0
433569.0,10.6,3.0,13.6
477828.0,10.2,1.8,12.0
424834.0,13.3,3.8,17.1
478337.0,11.8,2.8,14.6
415979.0,13.8,4.4,18.200000000000003
378597.0,12.7,3.3,16.0
478463.0,10.5,2.4,12.9
546837.0,11.1,3.9,15.0
284737.0,12.4,2.6,15.0
478473.0,14.4,4.1,18.5
260950.0,16.8,3.4,20.2
409025.0,12.0,3.4,15.4
478495.0,11.5,2.0,13.5
483813.0,11.1,4.3,15.4
359196.0,12.7,3.9,16.599999999999998
479487.0,11.3,2.3,13.6
254793.0,10.5,3.5,14.0
475660.0,13.2,3.3,16.5
479732.0,11.7,2.2,13.9
494371.0,11.3,4.3,15.6
388622.0,12.7,3.1,15.8
479849.0,10.3,2.3,12.6
410500.0,10.8,3.4,14.2
440002.0,12.7,3.0,15.7
480773.0,12.8,2.3,15.1
464629.0,12.9,4.3,17.2
1626330.0,6.6,2.5,9.1
482325.0,14.2,1.6,15.8
393498.0,12.9,4.9,17.8
378638.0,14.1,3.2,17.3
482412.0,11.7,2.6,14.3
302640.0,15.7,3.6,19.3
438722.0,10.8,2.4,13.2
483694.0,10.4,2.6,13.0
529233.0,10.7,4.7,15.4
739840.0,8.5,2.7,11.2
484173.0,9.4,2.1,11.5
567613.0,9.0,3.8,12.8
819636.0,5.6,2.9,8.5
484840.0,9.2,2.5,11.7
398706.0,13.2,3.3,16.5
485122.0,12.1,2.1,14.2
505379.0,10.9,3.9,14.8
621729.0,11.5,3.0,14.5
485982.0,10.4,2.6,13.0
621819.0,12.4,4.1,16.5
494052.0,12.4,3.0,15.4
486428.0,13.4,2.1,15.5
257197.0,14.9,4.0,18.9
330996.0,14.3,3.6,17.900000000000002
486839.0,12.3,2.3,14.6
527400.0,11.7,4.2,15.9
1010178.0,8.1,2.9,11.0
487714.0,12.6,2.4,15.0
476388.0,13.2,4.2,17.4
455643.0,8.4,3.2,11.6
488143.0,6.1,0.9,7.0
463096.0,12.1,3.0,15.1
488188.0,10.8,2.2,13.0
520367.0,8.9,4.3,13.2
397729.0,11.5,3.3,14.8
488319.0,11.1,2.1,13.2
511800.0,10.3,3.7,14.0
413975.0,13.3,3.2,16.5
488838.0,12.5,2.5,15.0
450483.0,12.5,3.9,16.4
422166.0,10.5,2.7,13.2
489305.0,7.5,2.0,9.5
356794.0,11.5,3.4,14.9
411588.0,16.2,2.4,18.6
489529.0,11.1,1.2,12.3
426402.0,10.8,3.0,13.8
489556.0,11.6,2.3,13.9
505025.0,11.9,4.3,16.2
568085.0,11.1,3.0,14.1
489580.0,11.4,2.3,13.7
556118.0,11.2,4.1,15.3
432702.0,13.1,3.5,16.6
489993.0,12.4,1.9,14.3
483676.0,12.3,4.2,16.5
469119.0,12.6,3.2,15.8
490608.0,8.8,3.4,12.2
402027.0,12.4,4.8,17.2
446250.0,10.9,3.1,14.0
490613.0,10.4,2.2,12.6
498703.0,11.2,4.9,16.1
476622.0,10.6,2.6,13.2
492965.0,12.3,2.3,14.6
488455.0,12.4,4.3,16.7
497510.0,10.1,3.3,13.4
493398.0,12.2,2.3,14.5
459489.0,11.1,3.4,14.5
428709.0,12.9,3.4,16.3
493825.0,11.0,2.4,13.4
489541.0,12.7,4.0,16.7
393408.0,12.5,3.4,15.9
494546.0,11.5,2.4,13.9
515052.0,11.2,4.1,15.3
496478.0,12.4,3.2,15.6
495162.0,12.4,2.4,14.8
498253.0,12.1,3.8,15.9
471318.0,11.7,3.4,15.1
519317.0,12.8,2.7,15.5
496684.0,10.0,2.1,12.1
400001.0,12.9,3.6,16.5
415541.0,13.1,3.3,16.4
496763.0,12.3,2.3,14.6
395142.0,13.7,4.1,17.799999999999997
405702.0,11.3,3.3,14.6
497187.0,10.0,2.1,12.1
505855.0,10.0,4.4,14.4
451313.0,11.8,3.5,15.3
498797.0,11.0,2.5,13.5
466412.0,11.9,4.5,16.4
1498746.0,11.4,2.6,14.0
498811.0,12.9,2.2,15.1
726600.0,10.6,3.6,14.2
446376.0,11.7,3.0,14.7
499145.0,10.9,2.1,13.0
506562.0,11.2,4.3,15.5
398087.0,12.9,3.6,16.5
499396.0,10.6,2.4,13.0
511916.0,11.7,4.0,15.7
421354.0,12.7,3.2,15.9
501801.0,11.8,2.0,13.8
501771.0,11.1,4.5,15.6
461746.0,11.7,3.3,15.0
504134.0,11.7,2.3,14.0
501110.0,11.5,4.5,16.0
375666.0,12.2,3.1,15.3
504336.0,11.0,2.5,13.5
566101.0,8.7,3.8,12.5
416357.0,14.3,3.4,17.7
504695.0,14.6,2.6,17.2
239939.0,15.1,4.2,19.3
591742.0,11.4,2.8,14.2
508334.0,11.9,2.4,14.3
616081.0,9.1,3.1,12.2
446622.0,12.0,3.2,15.2
510421.0,11.0,2.1,13.1
509911.0,10.6,4.3,14.9
490202.0,12.4,3.3,15.7
511011.0,13.0,2.7,15.7
413296.0,13.9,3.9,17.8
500385.0,11.2,3.0,14.2
511525.0,9.9,2.3,12.2
519964.0,11.5,4.0,15.5
412631.0,13.4,3.0,16.4
439708.0,12.2,3.2,15.4
502624.0,11.1,3.5,14.6
511996.0,11.3,2.5,13.8
440505.0,12.9,3.0,15.9
513695.0,10.3,2.2,12.5
509232.0,12.4,4.2,16.6
499968.0,11.4,3.1,14.5
514220.0,11.2,2.3,13.5
493733.0,11.7,4.1,15.8
442679.0,12.1,3.5,15.6
514537.0,12.5,2.2,14.7
460200.0,12.6,4.0,16.6
298925.0,14.5,3.3,17.8
515271.0,13.5,2.4,15.9
214216.0,13.8,3.8,17.6
444277.0,12.5,3.3,15.8
516679.0,11.6,2.3,13.9
526358.0,11.0,4.0,15.0
441368.0,11.5,3.1,14.6
517685.0,11.3,2.1,13.4
525469.0,11.3,4.3,15.6
478498.0,12.5,3.3,15.8
519855.0,10.7,2.7,13.4
476369.0,11.8,4.5,16.3
473516.0,13.6,3.2,16.8
519908.0,11.8,2.2,14.0
517476.0,12.9,3.9,16.8
533632.0,11.9,3.3,15.2
520189.0,11.9,2.1,14.0
534360.0,12.3,4.3,16.6
461148.0,13.7,3.0,16.7
521152.0,12.3,2.2,14.5
492474.0,12.2,3.7,15.9
441235.0,13.8,3.3,17.1
521217.0,12.8,2.3,15.1
653790.0,10.2,4.2,14.4
435264.0,13.6,3.4,17.0
522685.0,11.9,2.1,14.0
517195.0,12.7,4.2,16.9
524179.0,12.3,3.4,15.7
523189.0,11.3,2.8,14.1
495046.0,11.9,4.0,15.9
471802.0,12.8,2.6,15.4
523570.0,12.0,2.4,14.4
458200.0,12.7,3.6,16.3
894629.0,10.8,2.8,13.6
523586.0,11.8,2.1,13.9
775685.0,9.8,4.0,13.8
480504.0,11.5,3.3,14.8
524164.0,10.7,2.1,12.8
526479.0,10.6,4.0,14.6
450906.0,12.4,3.3,15.7
524661.0,11.3,2.4,13.7
524186.0,12.2,4.0,16.2
627055.0,10.7,3.2,13.9
526319.0,10.4,2.0,12.4
516508.0,11.4,4.4,15.8
410376.0,14.1,3.5,17.6
527490.0,11.4,2.4,13.8
382898.0,14.2,3.7,17.9
490378.0,13.2,3.7,16.9
527575.0,11.9,3.0,14.9
487503.0,11.8,4.5,16.3
1335236.0,5.7,2.6,8.3
528160.0,10.6,2.1,12.7
749163.0,6.8,3.2,10.0
426206.0,12.2,3.1,15.3
529341.0,11.6,1.9,13.5
443553.0,11.1,4.3,15.4
513874.0,11.8,3.4,15.2
529384.0,11.4,2.3,13.7
569976.0,11.2,4.7,15.9
437856.0,11.1,3.4,14.5
530183.0,11.2,2.1,13.3
505936.0,11.4,4.0,15.4
407253.0,13.0,3.2,16.2
530196.0,11.0,2.4,13.4
416499.0,12.5,4.4,16.9
481278.0,13.6,3.2,16.8
531159.0,12.0,2.4,14.4
434238.0,13.0,3.9,16.9
460856.0,12.1,3.0,15.1
531456.0,10.5,2.2,12.7
583105.0,12.0,4.1,16.1
559632.0,12.1,3.4,15.5
531772.0,11.1,2.5,13.6
518267.0,13.2,4.0,17.2
495083.0,11.1,3.3,14.4
532133.0,11.4,2.6,14.0
516920.0,12.1,4.0,16.1
651773.0,10.0,3.2,13.2
532526.0,10.1,2.7,12.8
748853.0,9.4,4.9,14.3
468791.0,12.6,3.3,15.9
532683.0,12.0,2.5,14.5
530241.0,12.3,4.1,16.4
542029.0,12.4,3.0,15.4
533116.0,12.6,2.0,14.6
576137.0,12.1,4.2,16.3
565812.0,10.5,2.8,13.3
533121.0,10.0,1.6,11.6
406614.0,9.6,4.0,13.6
467514.0,12.7,3.3,16.0
534227.0,11.7,2.2,13.9
504304.0,11.6,4.1,15.7
499222.0,10.9,3.2,14.1
534756.0,11.3,2.3,13.6
575315.0,10.2,4.4,14.6
697094.0,12.6,3.1,15.7
536079.0,13.2,2.2,15.4
624900.0,13.2,3.9,17.099999999999998
845808.0,10.1,2.9,13.0
536533.0,13.1,2.5,15.6
624431.0,11.2,3.8,15.0
540763.0,12.7,2.8,15.5
537829.0,12.2,2.4,14.6
396933.0,12.6,4.1,16.7
486594.0,12.1,3.2,15.3
538078.0,11.5,2.2,13.7
503006.0,11.9,3.9,15.8
480760.0,11.7,2.8,14.5
538896.0,11.6,2.2,13.8
513478.0,11.7,4.2,15.9
413032.0,11.5,3.1,14.6
538964.0,9.8,2.4,12.2
532534.0,10.9,4.6,15.5
558579.0,11.3,3.5,14.8
539840.0,11.4,3.0,14.4
515958.0,11.6,4.4,16.0
1648293.0,3.9,1.4,5.3
540231.0,10.4,1.9,12.3
1200371.0,4.5,3.9,8.4
405861.0,12.7,3.5,16.2
540821.0,12.0,2.4,14.4
573447.0,11.4,4.0,15.4
518405.0,12.2,3.4,15.6
541507.0,11.1,2.5,13.6
569960.0,11.5,4.0,15.5
500361.0,11.2,3.3,14.5
541702.0,11.5,2.7,14.2
454378.0,13.0,3.8,16.8
562453.0,11.4,3.2,14.6
541846.0,11.2,2.7,13.9
515396.0,11.3,4.1,15.4
640714.0,9.4,3.1,12.5
542125.0,10.1,2.0,12.1
449680.0,12.7,3.5,16.2
419449.0,12.2,3.5,15.7
542642.0,11.3,2.3,13.6
537813.0,10.9,4.1,15.0
534451.0,9.5,3.1,12.6
542721.0,9.5,2.3,11.8
843532.0,8.8,4.9,13.7
440083.0,14.1,3.0,17.1
543318.0,14.2,2.5,16.7
377273.0,14.6,3.9,18.5
492899.0,10.9,3.2,14.1
543889.0,9.4,1.9,11.3
524722.0,10.8,4.2,15.0
649164.0,12.3,2.9,15.2
544473.0,12.8,2.4,15.2
582602.0,11.5,3.8,15.3
464717.0,14.1,3.0,17.1
545801.0,13.2,1.9,15.1
591287.0,10.7,3.9,14.6
496168.0,12.7,3.0,15.7
545847.0,11.2,2.6,13.8
398096.0,11.8,4.0,15.8
547668.0,9.7,2.9,12.6
547580.0,10.0,2.2,12.2
577050.0,10.6,4.5,15.1
727363.0,9.5,2.8,12.3
547946.0,9.3,2.7,12.0
887884.0,8.7,4.4,13.1
516549.0,10.6,2.7,13.3
548833.0,10.2,2.2,12.4
403120.0,11.3,4.0,15.3
453341.0,10.9,3.1,14.0
549830.0,8.3,2.5,10.8
393287.0,12.1,4.4,16.5
466719.0,9.2,3.1,12.3
550571.0,9.0,2.5,11.5
668043.0,10.0,4.8,14.8
621609.0,11.2,2.9,14.1
551241.0,12.0,2.2,14.2
609612.0,8.2,2.9,11.1
551795.0,8.6,2.0,10.6
684703.0,8.9,4.4,13.3
490496.0,12.3,3.1,15.4
552359.0,11.6,2.2,13.8
596516.0,12.1,4.2,16.3
680587.0,11.1,3.4,14.5
552495.0,10.9,2.7,13.6
577646.0,12.0,4.2,16.2
528605.0,12.3,2.8,15.1
552577.0,13.3,2.8,16.1
536170.0,12.3,4.4,16.700000000000003
517025.0,11.3,3.2,14.5
554302.0,10.9,2.0,12.9
527819.0,11.6,4.1,15.7
485209.0,12.4,3.1,15.5
1589221.0,7.2,2.8,10.0
554708.0,10.8,1.2,12.0
572313.0,9.2,4.0,13.2
500600.0,14.4,3.3,17.7
554757.0,12.7,2.2,14.9
457375.0,13.7,3.8,17.5
544408.0,11.4,2.9,14.3
554955.0,11.9,2.5,14.4
569520.0,11.3,3.8,15.1
518325.0,8.7,2.4,11.1
555301.0,6.0,1.3,7.3
442400.0,12.4,5.2,17.6
508990.0,10.3,3.0,13.3
555999.0,7.4,1.8,9.2
402724.0,11.8,4.0,15.8
456783.0,11.8,3.3,15.1
557034.0,11.5,1.8,13.3
509518.0,11.8,4.2,16.0
483095.0,12.2,3.4,15.6
557107.0,11.8,2.5,14.3
535505.0,11.0,3.7,14.7
442152.0,12.8,3.3,16.1
557192.0,11.4,2.5,13.9
485876.0,11.8,3.9,15.7
615996.0,10.3,3.0,13.3
558171.0,10.8,2.1,12.9
699525.0,11.0,3.6,14.6
521713.0,11.2,3.1,14.3
558478.0,9.5,1.9,11.4
578451.0,9.0,3.9,12.9
1065937.0,6.7,2.8,9.5
558822.0,9.2,2.9,12.1
945466.0,8.5,4.2,12.7
448255.0,13.5,3.1,16.6
560421.0,11.6,2.2,13.8
553577.0,12.1,3.7,15.8
545080.0,10.6,3.5,14.1
560720.0,10.5,2.1,12.6
538424.0,10.3,4.2,14.5
502972.0,10.3,3.1,13.4
562065.0,11.1,2.5,13.6
551889.0,10.6,4.5,15.1
491841.0,11.7,3.0,14.7
530465.0,10.6,3.2,13.8
563695.0,9.0,2.0,11.0
632644.0,9.8,4.3,14.1
508713.0,10.9,3.1,14.0
563819.0,10.1,2.2,12.3
635543.0,9.5,4.1,13.6
466902.0,10.2,3.2,13.4
564872.0,9.8,2.1,11.9
468240.0,11.5,3.2,14.7
564967.0,10.0,1.9,11.9
626494.0,10.3,4.0,14.3
447822.0,10.6,3.4,14.0
565126.0,9.5,2.1,11.6
535434.0,10.2,5.0,15.2
492225.0,11.1,3.0,14.1
565185.0,11.2,2.4,13.6
514059.0,11.9,4.0,15.9
405145.0,13.8,3.5,17.3
565357.0,12.8,2.7,15.5
315524.0,13.5,4.6,18.1
669559.0,6.3,1.5,7.8
565690.0,4.3,0.8,5.1
434167.0,10.4,3.3,13.7
503066.0,10.9,3.0,13.9
566013.0,9.0,2.0,11.0
539932.0,10.1,4.3,14.4
504455.0,12.5,2.8,15.3
566943.0,10.4,2.2,12.6
471291.0,12.5,4.3,16.8
1674267.0,6.0,2.0,8.0
567375.0,12.1,2.8,14.9
512759.0,11.9,4.4,16.3
510398.0,12.5,3.0,15.5
567643.0,10.9,2.6,13.5
435544.0,12.6,4.3,16.9
518012.0,11.4,3.2,14.6
567697.0,10.0,2.0,12.0
591692.0,9.8,3.7,13.5
405675.0,12.4,3.1,15.5
567713.0,12.1,2.8,14.9
527030.0,13.1,3.4,16.5
568036.0,13.0,2.4,15.4
476109.0,13.3,3.8,17.1
467150.0,10.6,3.0,13.6
568430.0,9.6,1.8,11.4
564480.0,9.1,4.4,13.5
650764.0,9.1,2.5,11.6
568811.0,7.3,0.5,7.8
497113.0,10.5,3.1,13.6
570149.0,11.2,2.2,13.4
441606.0,9.9,3.7,13.6
645014.0,8.6,3.1,11.7
572099.0,9.1,2.3,11.4
560287.0,10.0,4.0,14.0
508078.0,13.1,3.1,16.2
573170.0,13.3,2.3,15.6
405225.0,12.6,4.0,16.6
1346864.0,8.0,2.3,10.3
573391.0,11.9,2.3,14.2
419970.0,12.6,4.0,16.6
1174501.0,10.9,3.0,13.9
573442.0,12.4,2.0,14.4
558958.0,11.6,4.1,15.7
503520.0,11.9,3.1,15.0
574306.0,10.5,2.1,12.6
528728.0,11.2,4.0,15.2
525617.0,12.5,3.1,15.6
575106.0,11.4,2.1,13.5
488500.0,11.6,4.2,15.8
882114.0,7.7,2.9,10.6
575144.0,9.6,2.2,11.8
713030.0,10.2,4.8,15.0
496937.0,10.8,3.5,14.3
575355.0,10.7,2.5,13.2
533959.0,12.3,4.3,16.6
640567.0,8.8,3.2,12.0
575414.0,11.0,1.9,12.9
666735.0,9.0,2.1,11.1
576044.0,7.3,1.7,9.0
729256.0,6.6,2.3,8.899999999999999
576320.0,8.1,1.1,9.2
520230.0,11.8,4.2,16.0
421662.0,10.1,3.3,13.4
576476.0,9.9,2.8,12.7
535276.0,10.3,4.9,15.2
905716.0,11.3,2.6,13.9
577397.0,10.7,2.2,12.9
573691.0,13.0,3.9,16.9
515064.0,11.0,3.1,14.1
577734.0,10.5,2.2,12.7
590544.0,11.5,4.2,15.7
439788.0,11.3,3.1,14.4
578671.0,11.0,2.3,13.3
469835.0,12.5,3.3,15.8
579059.0,11.8,2.0,13.8
564279.0,11.6,4.1,15.7
444219.0,12.8,3.8,16.6
579262.0,11.3,2.3,13.6
624572.0,11.0,4.3,15.3
493625.0,13.5,3.1,16.6
580029.0,11.0,2.3,13.3
563283.0,11.4,4.3,15.7
480754.0,10.7,3.2,13.9
580442.0,10.4,1.8,12.2
646815.0,10.0,3.9,13.9
535714.0,12.0,3.4,15.4
580832.0,13.2,2.2,15.4
556799.0,12.5,3.9,16.4
557251.0,9.8,3.2,13.0
1025952.0,8.8,1.0,9.8
581807.0,10.3,0.0,10.3
630838.0,5.5,4.8,10.3
497159.0,9.1,2.9,12.0
581985.0,8.8,2.1,10.9
586020.0,10.2,4.6,14.8
500504.0,10.3,3.1,13.4
582334.0,11.5,1.8,13.3
518121.0,12.1,4.0,16.1
527433.0,11.9,3.1,15.0
582484.0,10.3,2.4,12.7
551975.0,11.1,3.7,14.8
445332.0,11.7,3.1,14.8
582742.0,11.4,2.3,13.7
517145.0,11.8,4.6,16.4
503762.0,12.1,3.4,15.5
583797.0,10.7,2.0,12.7
571785.0,12.0,4.0,16.0
477057.0,11.5,3.0,14.5
584072.0,11.6,2.5,14.1
574120.0,11.3,3.4,14.7
584661.0,11.8,2.1,13.9
457290.0,11.8,4.2,16.0
493612.0,10.8,3.2,14.0
584902.0,9.7,2.1,11.8
511218.0,12.0,3.9,15.9
1275019.0,8.4,2.8,11.2
585053.0,10.8,2.2,13.0
592144.0,10.1,3.9,14.0
654194.0,8.5,5.0,13.5
585079.0,13.3,3.5,16.8
418889.0,13.6,3.4,17.0
586739.0,11.3,2.3,13.6
456933.0,12.8,3.9,16.7
472117.0,12.4,3.4,15.8
587454.0,10.6,2.0,12.6
592601.0,10.0,3.9,13.9
518211.0,9.6,3.0,12.6
588033.0,9.3,2.1,11.4
672692.0,9.5,4.4,13.9
633637.0,9.3,2.5,11.8
588182.0,10.7,1.6,12.3
497962.0,11.5,3.3,14.8
589501.0,10.4,2.0,12.4
605346.0,10.2,4.2,14.4
568271.0,11.3,3.1,14.4
589671.0,11.0,2.1,13.1
571107.0,11.4,4.1,15.5
588814.0,11.5,3.2,14.7
589946.0,12.8,2.5,15.3
364107.0,13.6,4.3,17.9
534499.0,10.0,2.7,12.7
591164.0,8.5,1.6,10.1
574732.0,10.2,4.0,14.2
494469.0,12.4,3.3,15.7
591292.0,11.2,2.0,13.2
595838.0,10.6,4.4,15.0
803053.0,10.2,3.6,13.8
591648.0,13.3,2.5,15.8
792452.0,11.6,3.5,15.1
443716.0,10.6,3.1,13.7
592260.0,9.2,2.4,11.6
618158.0,9.8,4.3,14.1
758853.0,6.2,2.0,8.2
592913.0,8.0,1.4,9.4
423990.0,9.9,3.9,13.8
550768.0,11.7,3.4,15.1
592935.0,10.2,2.1,12.3
553895.0,11.5,3.9,15.4
488255.0,11.8,3.4,15.2
593457.0,10.4,2.3,12.7
564244.0,10.4,4.3,14.7
505783.0,12.0,3.1,15.1
593687.0,11.2,2.4,13.6
559380.0,11.2,3.7,14.9
1388839.0,4.9,2.0,6.9
595853.0,10.0,1.9,11.9
596102.0,9.8,5.1,14.9
774273.0,9.3,3.1,12.4
596108.0,12.0,1.8,13.8
777847.0,10.7,3.8,14.5
557753.0,12.6,3.3,15.9
596809.0,12.6,2.5,15.1
443617.0,13.5,3.6,17.1
589330.0,11.0,2.9,13.9
597014.0,10.7,2.8,13.5
488033.0,13.6,3.9,17.5
577944.0,9.9,3.4,13.3
598766.0,11.1,2.1,13.2
622390.0,11.8,3.3,15.1
516777.0,10.9,3.3,14.2
375214.0,14.9,3.2,18.1
599802.0,13.9,2.2,16.1
258461.0,15.0,4.2,19.2
594154.0,10.4,3.2,13.6
600206.0,13.8,1.9,15.7
973163.0,10.0,3.8,13.8
515058.0,11.5,3.4,14.9
600273.0,12.3,1.5,13.8
1184043.0,9.1,3.5,12.6
563291.0,10.6,3.2,13.8
600283.0,10.8,2.4,13.2
550014.0,12.1,3.8,15.9
544925.0,10.6,3.1,13.7
600492.0,11.5,2.2,13.7
601089.0,10.7,4.0,14.7
721720.0,9.5,3.2,12.7
600842.0,11.1,1.7,12.8
597010.0,10.2,4.3,14.5
555051.0,10.7,3.1,13.8
601720.0,11.0,2.6,13.6
541862.0,10.5,4.2,14.7
1514564.0,6.6,2.7,9.3
601928.0,9.4,3.2,12.6
771232.0,8.1,3.7,11.8
427942.0,8.8,2.7,11.5
602935.0,9.0,2.0,11.0
730265.0,7.4,3.5,10.9
596437.0,9.0,2.9,11.9
603024.0,9.2,2.0,11.2
536926.0,10.4,4.5,14.9
607030.0,9.1,2.6,11.7
603317.0,8.9,2.1,11.0
665376.0,8.7,3.6,12.3
528335.0,10.9,3.0,13.9
603418.0,9.5,2.4,11.9
535037.0,11.6,4.2,15.8
612098.0,10.6,3.1,13.7
603788.0,9.1,1.9,11.0
597250.0,9.5,4.0,13.5
476806.0,10.2,3.2,13.4
603899.0,9.1,2.4,11.5
642807.0,9.5,4.5,14.0
605824.0,8.3,3.0,11.3
604209.0,7.0,2.1,9.1
708203.0,8.0,3.8,11.8
552640.0,11.3,3.1,14.4
605321.0,11.4,2.2,13.6
581901.0,11.5,4.1,15.6
695071.0,9.7,3.1,12.8
605844.0,9.7,1.7,11.4
563801.0,12.9,3.3,16.2
606045.0,13.4,2.4,15.8
405655.0,14.1,4.4,18.5
635880.0,11.2,3.2,14.4
606855.0,11.2,2.3,13.5
440645.0,14.1,3.7,17.8
554406.0,11.5,3.2,14.7
608093.0,11.2,2.2,13.4
563971.0,11.6,3.7,15.3
532762.0,10.8,3.2,14.0
602326.0,10.3,3.2,13.5
650621.0,9.8,3.2,13.0
608750.0,10.0,2.1,12.1
671058.0,9.9,3.9,13.8
560474.0,9.4,2.8,12.2
609251.0,10.3,1.7,12.0
605872.0,10.8,4.0,14.8
682432.0,7.2,3.6,10.8
609282.0,11.8,3.3,15.1
647645.0,8.5,5.2,13.7
585143.0,11.1,3.1,14.2
611913.0,10.2,2.2,12.4
594447.0,9.8,4.4,14.2
484468.0,10.1,2.0,12.1
612099.0,8.5,0.1,8.6
631677.0,10.0,3.3,13.3
484017.0,11.4,2.8,14.2
612884.0,10.1,2.3,12.4
619425.0,10.4,3.8,14.2
545799.0,11.5,3.4,14.9
613555.0,9.8,1.7,11.5
644275.0,9.5,4.5,14.0
479124.0,11.4,3.1,14.5
613855.0,9.5,1.8,11.3
607936.0,9.9,4.0,13.9
743945.0,6.8,2.6,9.4
614322.0,10.3,1.6,11.9
504188.0,11.2,3.5,14.7
514180.0,12.3,3.0,15.3
614658.0,11.2,1.4,12.6
499252.0,11.5,3.1,14.6
614809.0,10.1,1.9,12.0
645655.0,10.0,3.8,13.8
489736.0,12.2,3.0,15.2
615113.0,9.9,1.7,11.6
423812.0,11.2,3.7,14.9
356617.0,12.6,3.2,15.8
615636.0,10.8,2.1,12.9
649609.0,11.4,4.2,15.6
559482.0,7.6,2.8,10.4
615795.0,6.3,1.7,8.0
570922.0,7.6,4.2,11.8
528514.0,10.3,3.1,13.4
616733.0,9.9,2.0,11.9
613881.0,10.9,4.1,15.0
542669.0,10.4,3.1,13.5
617066.0,8.5,2.1,10.6
630404.0,9.7,3.8,13.5
447795.0,12.7,3.4,16.099999999999998
575014.0,10.1,2.8,12.9
619322.0,10.3,1.8,12.1
645894.0,10.3,4.1,14.4
476937.0,10.6,3.5,14.1
619805.0,9.7,2.2,11.9
567711.0,9.1,4.5,13.6
498987.0,10.2,3.2,13.4
620028.0,10.2,1.6,11.8
673014.0,8.6,4.2,12.8
549140.0,10.8,3.2,14.0
620153.0,10.5,2.2,12.7
640485.0,9.6,4.0,13.6
529600.0,11.7,3.0,14.7
620419.0,11.8,2.2,14.0
609467.0,11.8,3.9,15.7
1114386.0,9.0,2.8,11.8
620824.0,12.6,1.8,14.4
437125.0,12.3,3.9,16.2
534429.0,11.6,3.1,14.7
622619.0,10.9,2.3,13.2
542125.0,11.3,4.8,16.1
551289.0,11.7,3.3,15.0
622670.0,11.2,1.9,13.1
550829.0,12.1,4.0,16.1
488722.0,11.8,3.0,14.8
624556.0,9.7,2.1,11.8
699077.0,8.9,3.6,12.5
598776.0,11.5,3.1,14.6
624675.0,11.6,2.2,13.8
604117.0,10.7,3.9,14.6
550069.0,12.1,3.4,15.5
625669.0,10.1,2.1,12.2
615479.0,10.9,4.0,14.9
556013.0,11.2,2.8,14.0
625698.0,10.7,2.2,12.9
639668.0,11.0,4.1,15.1
614460.0,9.7,3.1,12.8
625855.0,9.0,2.0,11.0
638851.0,10.1,4.1,14.2
595872.0,9.7,3.0,12.7
626453.0,8.6,1.6,10.2
653120.0,8.4,4.2,12.6
551639.0,11.7,3.1,14.8
626587.0,10.1,1.7,11.8
600069.0,8.5,3.4,11.9
607256.0,8.6,2.4,11.0
627615.0,9.7,1.7,11.4
672464.0,5.7,3.3,9.0
627645.0,8.9,1.8,10.7
365803.0,10.0,4.8,14.8
760143.0,7.2,2.5,9.7
627661.0,8.8,2.2,11.0
674575.0,7.2,3.8,11.0
513315.0,10.6,3.0,13.6
629250.0,8.3,1.4,9.7
558500.0,8.9,4.0,12.9
587436.0,11.5,3.4,14.9
629457.0,10.9,2.5,13.4
543514.0,11.8,4.9,16.700000000000003
566478.0,9.1,3.2,12.3
629838.0,9.2,1.9,11.1
603973.0,10.7,4.0,14.7
791487.0,10.3,2.7,13.0
630550.0,10.4,2.6,13.0
610519.0,10.3,4.4,14.7
568776.0,12.3,3.1,15.4
630919.0,11.3,2.1,13.4
534358.0,12.1,3.7,15.8
535146.0,10.4,2.8,13.2
631143.0,10.0,1.8,11.8
654836.0,10.2,4.0,14.2
582044.0,9.5,3.0,12.5
631542.0,9.9,2.2,12.1
689169.0,10.1,4.0,14.1
555874.0,11.9,3.1,15.0
632311.0,9.9,2.0,11.9
607779.0,11.1,3.7,14.8
554206.0,11.0,3.2,14.2
633122.0,8.9,2.5,11.4
581876.0,10.1,4.1,14.2
596950.0,9.9,3.4,13.3
633380.0,10.1,2.2,12.3
569631.0,12.8,3.5,16.3
633446.0,15.2,3.1,18.3
784569.0,9.3,3.2,12.5
838922.0,8.0,2.9,10.9
633858.0,10.3,1.6,11.9
664164.0,8.7,4.1,12.8
546465.0,9.8,2.9,12.7
634000.0,9.8,1.6,11.4
630911.0,10.1,3.6,13.7
587781.0,12.1,3.0,15.1
634331.0,11.6,2.5,14.1
551816.0,12.5,3.8,16.3
555544.0,11.3,3.0,14.3
635230.0,10.8,2.3,13.1
640308.0,10.0,4.2,14.2
560188.0,12.2,3.1,15.3
635269.0,10.8,2.3,13.1
495001.0,12.3,4.0,16.3
564409.0,11.7,3.2,14.9
635523.0,11.0,2.3,13.3
636999.0,10.8,3.9,14.7
628969.0,9.0,3.2,12.2
635785.0,10.3,1.9,12.2
641795.0,9.8,3.6,13.4
948318.0,6.3,2.2,8.5
636189.0,9.1,1.8,10.9
600425.0,9.9,4.5,14.4
597240.0,10.2,2.9,13.1
636757.0,9.4,2.0,11.4
606542.0,11.0,3.9,14.9
528334.0,10.7,3.0,13.7
638760.0,11.0,2.0,13.0
493383.0,9.8,4.2,14.0
486558.0,9.8,3.0,12.8
639026.0,9.1,1.9,11.0
664955.0,9.2,4.0,13.2
481646.0,8.8,3.1,11.9
639478.0,8.2,1.9,10.1
742081.0,8.3,4.4,12.7
491382.0,11.8,3.1,14.9
639712.0,11.3,1.9,13.2
661209.0,10.1,3.9,14.0
573234.0,12.2,3.0,15.2
640337.0,10.7,1.9,12.6
557077.0,11.9,4.1,16.0
560542.0,10.0,3.1,13.1
641685.0,9.9,2.1,12.0
657011.0,10.0,4.0,14.0
517735.0,10.9,3.2,14.1
641832.0,11.0,2.1,13.1
715978.0,8.8,4.2,13.0
639582.0,9.1,2.8,11.9
642222.0,9.5,1.3,10.8
625868.0,8.3,4.3,12.6
527846.0,11.0,3.2,14.2
642346.0,10.3,2.0,12.3
671408.0,9.5,4.2,13.7
1277139.0,9.1,2.7,11.8
643547.0,11.8,2.2,14.0
576011.0,11.1,4.3,15.4
566322.0,11.8,3.2,15.0
643969.0,11.2,2.2,13.4
616038.0,10.8,4.1,14.9
569054.0,11.0,3.1,14.1
644491.0,10.6,1.8,12.4
671876.0,10.5,4.0,14.5
544083.0,12.0,3.3,15.3
645321.0,11.2,2.0,13.2
750493.0,8.3,3.2,11.5
646485.0,8.9,2.2,11.1
588616.0,11.7,4.3,16.0
801406.0,8.4,2.7,11.1
646771.0,9.7,1.6,11.3
857045.0,10.1,3.7,13.8
569951.0,10.5,3.0,13.5
647256.0,9.2,2.3,11.5
665176.0,10.1,4.2,14.3
558056.0,10.0,3.1,13.1
647874.0,9.5,1.6,11.1
650730.0,9.6,4.5,14.1
602706.0,9.0,2.9,11.9
647926.0,9.5,2.0,11.5
372850.0,10.5,4.2,14.7
512374.0,10.7,3.2,13.9
648421.0,9.6,1.9,11.5
689278.0,9.3,4.0,13.3
734098.0,8.3,2.6,10.9
648843.0,9.2,2.6,11.8
548001.0,14.9,3.5,18.4
623438.0,10.0,3.0,13.0
650962.0,10.4,1.7,12.1
579044.0,11.9,3.9,15.8
535003.0,11.5,3.2,14.7
652014.0,9.5,2.1,11.6
603100.0,10.5,3.6,14.1
691904.0,9.9,2.9,12.8
652078.0,9.6,2.1,11.7
536930.0,11.3,4.8,16.1
772403.0,7.0,3.1,10.1
652607.0,8.9,2.3,11.2
618960.0,9.6,3.8,13.4
1544105.0,4.1,2.5,6.6
652764.0,9.7,1.4,11.1
807868.0,7.3,3.8,11.1
790317.0,8.2,3.1,11.3
654620.0,9.7,2.1,11.8
525535.0,11.4,4.4,15.8
449187.0,12.3,3.3,15.6
655130.0,9.8,2.2,12.0
728921.0,9.9,3.7,13.6
590706.0,11.7,2.8,14.5
655335.0,11.0,2.2,13.2
538638.0,11.7,3.8,15.5
606634.0,10.8,3.0,13.8
656283.0,10.5,1.7,12.2
656497.0,11.2,4.3,15.5
583167.0,13.2,3.3,16.5
656332.0,11.6,2.3,13.9
513446.0,12.8,4.1,16.9
519974.0,10.9,3.1,14.0
656658.0,9.8,1.7,11.5
665392.0,9.9,3.9,13.8
576539.0,10.3,3.0,13.3
657579.0,9.6,1.8,11.4
679010.0,9.7,4.1,13.8
1382446.0,5.2,3.5,8.7
659310.0,6.5,2.8,9.3
654291.0,9.3,3.1,12.4
659336.0,8.3,2.6,10.9
655211.0,9.5,4.8,14.3
661167.0,9.6,3.1,12.7
659882.0,10.4,2.3,12.7
658899.0,11.4,3.9,15.3
631021.0,9.7,2.8,12.5
660341.0,10.3,2.1,12.4
521948.0,11.1,4.0,15.1
888577.0,7.0,2.6,9.6
661979.0,10.1,1.9,12.0
675010.0,8.8,3.6,12.4
555302.0,11.0,2.9,13.9
662092.0,10.6,1.9,12.5
557814.0,11.2,3.8,15.0
533844.0,10.9,3.0,13.9
665300.0,8.6,1.5,10.1
672900.0,9.5,3.8,13.3
793444.0,9.4,3.0,12.4
665864.0,10.0,2.2,12.2
773184.0,11.5,3.7,15.2
961150.0,7.1,2.9,10.0
666004.0,9.0,2.0,11.0
765338.0,9.3,4.7,14.0
547695.0,12.2,3.4,15.6
666122.0,9.7,2.2,11.9
571784.0,11.6,3.7,15.3
587837.0,11.0,3.2,14.2
594143.0,9.8,3.0,12.8
639001.0,9.5,3.1,12.6
666731.0,9.3,2.4,11.7
584050.0,11.0,4.7,15.7
618926.0,10.0,3.3,13.3
668063.0,9.9,2.1,12.0
653014.0,9.8,3.9,13.7
1318118.0,5.3,2.4,7.699999999999999
669157.0,9.6,2.0,11.6
652599.0,8.1,4.0,12.1
1185402.0,7.3,3.1,10.4
669257.0,9.7,1.9,11.6
570753.0,10.2,4.1,14.3
734169.0,8.9,2.8,11.7
670855.0,8.6,1.9,10.5
760691.0,8.6,4.2,12.8
581213.0,9.1,2.7,11.8
671240.0,9.7,2.3,12.0
671295.0,9.9,4.3,14.2
817846.0,7.2,2.5,9.7
671697.0,8.4,1.7,10.1
696486.0,8.0,3.8,11.8
601393.0,10.1,3.2,13.3
672955.0,10.1,1.8,11.9
688920.0,9.5,3.9,13.4
587801.0,12.2,3.0,15.2
674697.0,11.5,1.8,13.3
640510.0,12.0,4.0,16.0
678654.0,9.2,3.1,12.3
675440.0,9.5,2.4,11.9
789301.0,8.3,3.7,12.0
496667.0,9.9,2.9,12.8
982629.0,5.0,2.3,7.3
677398.0,5.6,1.0,6.6
689187.0,4.4,2.9,7.300000000000001
818882.0,7.8,2.6,10.4
677682.0,9.1,2.7,11.8
684411.0,10.2,3.8,14.0
733195.0,9.7,3.1,12.8
677825.0,10.5,1.9,12.4
677254.0,9.9,4.0,13.9
623203.0,9.8,2.9,12.7
678835.0,9.1,2.0,11.1
677620.0,10.5,4.0,14.5
613809.0,9.4,2.8,12.2
679235.0,10.6,1.6,12.2
421691.0,10.1,4.1,14.2
884879.0,7.0,2.6,9.6
679356.0,7.5,1.2,8.7
606307.0,5.5,4.5,10.0
781213.0,7.3,2.9,10.2
679556.0,8.3,1.8,10.1
716253.0,8.8,4.6,13.4
626085.0,9.1,3.2,12.3
680141.0,8.5,1.7,10.2
699357.0,9.8,5.0,14.8
659712.0,9.7,2.8,12.5
680495.0,9.7,1.8,11.5
731240.0,10.1,3.8,13.9
562572.0,9.6,3.1,12.7
681355.0,10.0,1.9,11.9
718098.0,9.2,4.1,13.3
950672.0,8.2,2.8,11.0
681914.0,11.3,1.8,13.1
571135.0,11.8,4.2,16.0
523483.0,10.1,2.8,12.9
682513.0,10.4,1.5,11.9
406347.0,10.6,4.2,14.8
576209.0,10.7,3.0,13.7
682609.0,9.7,1.8,11.5
690389.0,10.2,3.7,13.9
445193.0,11.1,2.6,13.7
682778.0,9.5,2.0,11.5
426496.0,9.3,4.6,13.9
1452242.0,5.8,2.5,8.3
683096.0,9.2,2.0,11.2
686251.0,9.4,4.2,13.6
488341.0,14.0,3.2,17.2
683274.0,10.5,1.7,12.2
566845.0,11.2,3.7,14.9
613174.0,10.0,3.1,13.1
684244.0,9.5,1.8,11.3
677772.0,10.0,4.2,14.2
625994.0,6.7,2.7,9.4
684560.0,9.3,1.4,10.7
490371.0,10.1,3.8,13.9
766133.0,8.6,2.8,11.4
684615.0,8.3,2.5,10.8
567982.0,10.5,3.1,13.6
685055.0,9.7,1.9,11.6
719062.0,9.6,4.0,13.6
601011.0,10.7,2.5,13.2
685115.0,8.9,1.7,10.6
643454.0,4.8,3.3,8.1
454329.0,14.0,2.5,16.5
685418.0,12.5,1.9,14.4
257284.0,15.4,4.5,19.9
653967.0,9.7,3.3,13.0
685597.0,10.0,2.3,12.3
638178.0,10.3,4.4,14.7
642029.0,10.2,2.9,13.1
685614.0,10.9,2.2,13.1
607758.0,9.5,3.0,12.5
1100689.0,8.2,1.0,9.2
687080.0,10.0,0.8,10.8
545992.0,8.3,3.0,11.3
714582.0,7.1,3.0,10.1
687120.0,8.5,1.5,10.0
505401.0,9.1,4.1,13.2
785936.0,9.4,2.4,11.8
687150.0,11.4,1.8,13.2
608729.0,12.9,4.0,16.9
698676.0,11.0,3.0,14.0
687581.0,9.2,2.0,11.2
695407.0,11.2,4.5,15.7
589730.0,10.5,2.9,13.4
688748.0,10.2,2.1,12.3
684895.0,9.9,4.2,14.1
655607.0,8.7,3.2,11.9
689177.0,8.3,2.1,10.4
733687.0,10.7,4.4,15.1
780310.0,8.5,3.2,11.7
689853.0,8.5,2.4,10.9
637616.0,10.3,4.4,14.7
655250.0,10.3,3.2,13.5
690386.0,10.3,1.9,12.2
685443.0,10.8,4.3,15.1
634074.0,9.7,3.1,12.8
690508.0,9.8,2.0,11.8
698154.0,10.0,4.2,14.2
553034.0,11.1,3.1,14.2
690649.0,9.6,1.6,11.2
724368.0,9.9,3.9,13.8
617677.0,10.2,3.0,13.2
690816.0,10.0,2.6,12.6
723414.0,9.4,4.2,13.6
614745.0,10.1,3.2,13.3
691043.0,10.5,2.6,13.1
586819.0,8.6,4.2,12.8
1507606.0,4.4,2.6,7.0
691083.0,9.2,1.9,11.1
520547.0,12.1,4.2,16.3
726016.0,7.4,1.9,9.3
692540.0,9.4,1.2,10.6
629983.0,8.8,4.0,12.8
590216.0,9.6,3.0,12.6
693189.0,9.7,2.0,11.7
694369.0,9.6,4.0,13.6
604794.0,10.4,2.9,13.3
693538.0,8.7,2.1,10.8
637030.0,9.8,4.0,13.8
534856.0,11.4,3.1,14.5
693613.0,9.9,1.9,11.8
703470.0,10.3,3.8,14.1
587329.0,10.5,3.2,13.7
693757.0,9.3,1.9,11.2
700953.0,9.5,3.7,13.2
696601.0,10.7,3.5,14.2
693849.0,10.2,2.3,12.5
644386.0,11.3,3.5,14.8
890133.0,6.8,2.8,9.6
693878.0,7.6,1.6,9.2
765091.0,8.6,4.3,12.9
612203.0,10.4,3.0,13.4
694388.0,9.5,1.7,11.2
646123.0,10.5,4.1,14.6
639423.0,10.1,3.0,13.1
694894.0,10.4,2.2,12.6
575913.0,11.7,4.0,15.7
1013167.0,7.8,2.7,10.5
695073.0,8.8,2.1,10.9
513861.0,9.6,4.4,14.0
918606.0,5.4,2.0,7.4
695267.0,6.0,1.3,7.3
571453.0,7.9,4.0,11.9
616626.0,8.9,2.9,11.8
695985.0,9.2,1.6,10.8
666366.0,9.1,4.2,13.3
565954.0,6.9,2.5,9.4
697662.0,8.4,0.9,9.3
348082.0,12.6,4.9,17.5
592303.0,11.3,3.0,14.3
698094.0,10.5,1.8,12.3
768949.0,9.4,3.8,13.2
723674.0,6.3,2.4,8.7
698215.0,7.2,0.8,8.0
564954.0,11.1,3.0,14.1
698232.0,9.6,1.8,11.4
759716.0,10.5,3.9,14.4
641412.0,10.0,3.4,13.4
698903.0,8.9,2.4,11.3
714459.0,11.0,3.9,14.9
345339.0,13.3,3.1,16.400000000000002
699304.0,8.1,1.4,9.5
972681.0,7.2,3.9,11.1
580310.0,11.6,2.7,14.3
700122.0,9.7,1.8,11.5
652016.0,10.4,3.8,14.2
596464.0,11.5,3.4,14.9
700754.0,11.0,2.0,13.0
539051.0,12.6,3.6,16.2
983655.0,6.3,2.2,8.5
700862.0,6.1,1.3,7.399999999999999
1209759.0,4.2,2.7,6.9
1385797.0,3.6,1.7,5.3
701073.0,6.6,1.1,7.699999999999999
699111.0,9.3,2.9,12.2
701782.0,9.9,2.1,12.0
705632.0,10.5,3.5,14.0
563050.0,8.2,3.0,11.2
702034.0,7.8,1.8,9.6
829209.0,7.8,4.3,12.1
635314.0,8.8,3.2,12.0
702181.0,8.7,2.0,10.7
703514.0,9.2,4.1,13.3
656870.0,10.1,3.2,13.3
702259.0,11.3,2.3,13.6
476317.0,12.9,4.2,17.1
470332.0,12.4,3.4,15.8
702683.0,11.2,2.3,13.5
315789.0,12.8,4.1,16.9
650696.0,10.1,2.6,12.7
703946.0,11.5,1.6,13.1
667395.0,10.9,3.9,14.8
531158.0,10.7,3.2,13.9
704126.0,8.0,1.9,9.9
685588.0,10.2,4.7,14.9
655849.0,8.6,2.6,11.2
704422.0,9.1,1.9,11.0
688578.0,9.6,4.3,13.9
620647.0,9.1,2.9,12.0
704729.0,9.7,1.9,11.6
728788.0,9.4,4.0,13.4
719615.0,5.9,2.5,8.4
704955.0,7.6,1.8,9.4
535543.0,9.3,3.9,13.2
648956.0,9.8,3.2,13.0
705021.0,8.3,1.8,10.1
735485.0,8.9,3.7,12.6
644245.0,10.2,3.0,13.2
705188.0,9.6,1.6,11.2
680693.0,10.2,4.0,14.2
641939.0,10.1,3.0,13.1
705202.0,9.1,2.4,11.5
639047.0,11.6,4.5,16.1
735723.0,7.2,2.6,9.8
705616.0,9.7,2.2,11.9
506312.0,10.6,4.3,14.9
583953.0,10.3,3.2,13.5
705845.0,9.5,1.6,11.1
719159.0,8.9,3.9,12.8
589863.0,10.3,2.9,13.2
705853.0,9.0,1.9,10.9
725171.0,9.7,4.0,13.7
1279660.0,7.0,2.5,9.5
706397.0,12.1,2.3,14.4
446341.0,13.4,4.0,17.4
1019254.0,5.3,2.6,7.9
706568.0,4.1,1.5,5.6
659615.0,4.9,3.3,8.2
829568.0,8.9,2.8,11.7
706729.0,11.0,1.6,12.6
550507.0,11.3,3.6,14.9
1228814.0,8.7,3.1,11.8
413221.0,12.6,3.2,15.8
707798.0,10.0,2.0,12.0
742299.0,10.4,4.0,14.4
758457.0,8.9,2.9,11.8
708818.0,7.4,1.8,9.2
542167.0,10.4,3.1,13.5
709273.0,8.7,2.3,11.0
764543.0,9.0,4.2,13.2
587620.0,11.0,3.2,14.2
709365.0,9.6,1.7,11.3
626858.0,12.3,4.0,16.3
621595.0,9.2,3.4,12.6
709375.0,9.2,1.9,11.1
720792.0,9.7,3.8,13.5
681423.0,7.2,2.5,9.7
710045.0,10.3,1.6,11.9
875185.0,7.7,5.1,12.8
469226.0,12.6,3.3,15.9
710095.0,10.3,2.2,12.5
756235.0,9.6,3.2,12.8
556177.0,9.4,3.1,12.5
710227.0,8.4,1.5,9.9
618504.0,11.1,2.8,13.9
710381.0,9.5,1.9,11.4
668771.0,11.1,4.1,15.2
697776.0,9.4,2.9,12.3
710420.0,10.0,2.1,12.1
779352.0,9.0,4.1,13.1
1071419.0,6.4,2.7,9.1
710515.0,9.1,1.6,10.7
613569.0,8.7,2.8,11.5
710919.0,9.4,1.5,10.9
725736.0,10.2,4.1,14.3
876561.0,7.2,2.8,10.0
711472.0,9.1,1.9,11.0
711802.0,9.9,4.5,14.4
781893.0,5.2,3.5,8.7
711925.0,6.5,1.0,7.5
896563.0,7.0,2.5,9.5
712892.0,8.7,2.0,10.7
605973.0,9.9,3.7,13.6
653318.0,9.6,3.0,12.6
713420.0,9.5,1.9,11.4
704709.0,10.7,4.6,15.3
576875.0,11.7,2.8,14.5
713813.0,11.6,2.2,13.8
296510.0,13.3,3.8,17.1
811441.0,9.0,3.1,12.1
713840.0,9.9,2.5,12.4
689243.0,10.9,4.5,15.4
660065.0,7.7,2.7,10.4
713989.0,8.2,1.8,10.0
781066.0,8.6,4.3,12.9
1243677.0,6.6,2.4,9.0
714641.0,8.2,1.8,10.0
1205647.0,5.6,4.1,9.7
1446973.0,8.7,2.4,11.1
714696.0,9.7,1.6,11.3
705397.0,11.0,4.0,15.0
555884.0,10.3,2.6,12.9
714784.0,9.2,1.6,10.8
574675.0,10.0,4.1,14.1
728296.0,8.7,2.9,11.6
715507.0,10.6,2.7,13.3
648395.0,11.3,3.8,15.1
617098.0,9.8,3.1,12.9
716723.0,9.4,1.8,11.2
755126.0,9.4,3.9,13.3
846650.0,7.4,3.0,10.4
953665.0,6.9,2.4,9.3
651543.0,10.6,2.8,13.4
719560.0,9.2,1.8,11.0
702748.0,9.4,5.8,15.2
625800.0,11.8,3.3,15.1
719857.0,11.2,1.9,13.1
470631.0,12.8,3.9,16.7
1497104.0,8.2,2.4,10.6
720486.0,10.9,2.1,13.0
770775.0,9.5,3.7,13.2
603595.0,9.7,3.0,12.7
720820.0,8.4,1.5,9.9
762624.0,9.4,4.1,13.5
656890.0,9.8,3.0,12.8
720898.0,10.0,1.6,11.6
765833.0,9.2,3.9,13.1
602638.0,10.4,2.9,13.3
722040.0,8.8,1.7,10.5
753041.0,8.8,4.1,12.9
678910.0,9.1,3.0,12.1
722434.0,9.1,2.3,11.4
726851.0,9.5,4.6,14.1
787127.0,7.4,2.8,10.2
722915.0,8.0,1.0,9.0
651225.0,7.8,3.8,11.6
453150.0,12.7,2.9,15.6
724296.0,12.0,2.4,14.4
269271.0,13.0,3.9,16.9
633685.0,9.9,3.1,13.0
725253.0,9.4,1.7,11.1
758251.0,9.1,4.0,13.1
622697.0,9.7,3.1,12.8
725276.0,8.4,2.1,10.5
726717.0,10.3,3.9,14.2
766257.0,10.0,2.9,12.9
726728.0,11.0,1.4,12.4
610691.0,11.9,3.5,15.4
521955.0,12.2,2.9,15.1
727453.0,8.4,1.3,9.7
503161.0,9.7,3.8,13.5
647552.0,10.8,2.9,13.7
727825.0,7.5,1.2,8.7
568682.0,12.5,3.2,15.7
728404.0,12.1,2.1,14.2
961809.0,5.1,2.6,7.699999999999999
728502.0,8.8,0.6,9.4
660683.0,8.9,3.9,12.8
1583741.0,7.3,2.7,10.0
728504.0,9.2,1.8,11.0
623632.0,10.2,4.1,14.3
778251.0,8.6,2.8,11.4
728874.0,9.5,2.3,11.8
701443.0,9.9,3.9,13.8
681351.0,9.5,3.1,12.6
729531.0,10.6,1.9,12.5
828276.0,10.7,4.0,14.7
793172.0,7.8,2.8,10.6
729907.0,9.3,1.7,11.0
582058.0,9.4,4.2,13.6
630865.0,10.7,3.1,13.8
730153.0,9.8,1.9,11.7
658837.0,10.7,3.4,14.1
659160.0,7.1,2.5,9.6
733536.0,7.2,1.3,8.5
614662.0,8.0,3.8,11.8
1499041.0,6.0,2.8,8.8
733965.0,11.0,0.6,11.6
522317.0,9.2,3.2,12.4
734534.0,9.3,2.5,11.8
672030.0,7.9,3.1,11.0
734846.0,9.0,1.6,10.6
735748.0,9.1,4.1,13.2
648109.0,10.9,2.9,13.8
735091.0,8.8,2.3,11.1
853045.0,7.2,3.2,10.4
735255.0,10.9,2.5,13.4
552113.0,9.3,4.1,13.4
537195.0,10.6,3.3,13.9
735259.0,9.1,1.5,10.6
565086.0,10.2,4.4,14.6
1508982.0,5.1,2.1,7.199999999999999
735326.0,7.0,1.4,8.4
811497.0,9.1,3.5,12.6
819571.0,7.7,2.7,10.4
735414.0,9.0,1.8,10.8
589682.0,10.2,3.7,13.9
655323.0,6.9,2.7,9.6
736571.0,8.6,1.5,10.1
483973.0,9.8,4.1,13.9
646802.0,10.2,3.1,13.3
736862.0,9.8,1.8,11.6
672457.0,10.4,3.8,14.2
1091831.0,6.2,2.4,8.6
738179.0,6.0,1.7,7.7
715121.0,6.6,2.1,8.7
697963.0,9.7,2.9,12.6
738410.0,8.9,1.8,10.7
566379.0,11.3,3.9,15.2
601455.0,11.7,3.0,14.7
738474.0,10.9,2.2,13.1
497965.0,12.8,3.8,16.6
663712.0,7.3,2.7,10.0
739065.0,3.8,0.8,4.6
655902.0,9.4,3.4,12.8
739408.0,9.2,1.8,11.0
720977.0,9.7,3.9,13.6
605917.0,10.4,2.7,13.1
739839.0,9.9,1.9,11.8
568565.0,10.7,3.2,13.9
653713.0,9.0,2.9,11.9
740573.0,9.1,1.8,10.9
759954.0,8.9,4.3,13.2
845834.0,7.0,2.6,9.6
740940.0,8.3,1.4,9.7
657788.0,9.4,2.8,12.2
742720.0,9.1,2.0,11.1
769397.0,8.8,3.6,12.4
816270.0,5.9,2.1,8.0
744179.0,6.7,0.8,7.5
489469.0,8.8,4.4,13.2
769644.0,9.3,3.4,12.7
744408.0,10.3,1.7,12.0
838082.0,10.6,3.5,14.1
673436.0,9.9,3.0,12.9
745591.0,10.2,1.8,12.0
631674.0,11.6,3.8,15.4
545510.0,8.6,3.0,11.6
746237.0,8.4,2.4,10.8
723105.0,8.6,4.7,13.3
626477.0,10.8,3.1,13.9
746704.0,9.0,1.5,10.5
782326.0,9.2,3.8,13.0
900885.0,6.5,2.8,9.3
747148.0,8.7,2.4,11.1
700615.0,8.5,3.0,11.5
747527.0,6.9,1.9,8.8
800120.0,7.8,3.7,11.5
579866.0,8.5,1.0,9.5
747664.0,10.3,2.5,12.8
1076937.0,4.3,4.0,8.3
678048.0,8.9,3.0,11.9
747837.0,8.4,1.9,10.3
784670.0,9.2,3.6,12.8
641712.0,10.0,2.9,12.9
748985.0,8.8,1.9,10.7
788646.0,8.8,3.9,12.7
576907.0,11.1,3.2,14.3
749067.0,10.0,2.1,12.1
493201.0,11.6,3.7,15.3
654653.0,5.0,3.5,8.5
750693.0,7.3,1.0,8.3
974109.0,7.0,2.6,9.6
751791.0,7.8,1.5,9.3
664924.0,8.4,4.0,12.4
1664705.0,6.3,2.4,8.7
752163.0,7.2,2.2,9.4
1234693.0,6.5,4.0,10.5
892098.0,6.7,2.3,9.0
752929.0,6.4,1.6,8.0
844725.0,7.2,3.8,11.0
392821.0,9.6,4.0,13.6
753538.0,7.5,1.4,8.9
1106732.0,5.4,3.3,8.7
634669.0,8.9,2.8,11.7
753773.0,8.9,1.7,10.6
788953.0,8.5,3.5,12.0
836180.0,5.6,2.6,8.2
755089.0,7.6,1.7,9.3
950151.0,6.6,4.2,10.8
593487.0,9.6,3.1,12.7
755304.0,7.3,1.4,8.7
770992.0,8.0,3.9,11.9
1685799.0,6.1,2.8,8.899999999999999
755964.0,9.3,2.4,11.7
724218.0,8.6,4.5,13.1
646092.0,9.0,2.7,11.7
756477.0,8.0,0.9,8.9
517068.0,9.5,3.6,13.1
634008.0,9.5,2.6,12.1
756729.0,9.0,0.4,9.4
749111.0,9.3,2.9,12.2
757034.0,7.3,2.1,9.4
948122.0,8.7,4.3,13.0
702075.0,8.4,3.0,11.4
757449.0,8.8,2.0,10.8
805498.0,9.1,4.1,13.2
624916.0,8.0,2.7,10.7
757751.0,7.1,1.6,8.7
729562.0,9.2,4.3,13.5
717602.0,8.7,3.0,11.7
758838.0,8.3,2.1,10.4
735081.0,9.9,3.9,13.8
649690.0,9.1,2.7,11.8
759164.0,8.7,1.6,10.3
793271.0,8.1,3.8,11.9
641585.0,9.9,3.1,13.0
759288.0,8.8,1.7,10.5
796505.0,8.6,3.6,12.2
714482.0,9.2,2.9,12.1
760265.0,7.7,1.6,9.3
773554.0,9.5,4.0,13.5
719924.0,8.2,2.9,11.1
762638.0,8.3,1.8,10.1
755718.0,8.9,4.3,13.2
668543.0,9.9,3.0,12.9
763062.0,9.7,1.7,11.4
793437.0,9.7,4.3,14.0
650946.0,8.6,3.0,11.6
763142.0,8.9,1.7,10.6
770855.0,8.6,3.6,12.2
1279886.0,7.0,2.2,9.2
763359.0,10.6,2.0,12.6
672379.0,11.0,3.4,14.4
630150.0,8.9,3.0,11.9
763773.0,8.2,1.4,9.6
807504.0,9.0,3.8,12.8
748741.0,6.2,2.3,8.5
764156.0,8.6,1.6,10.2
486591.0,7.3,3.9,11.2
792863.0,3.8,2.0,5.8
765227.0,10.9,3.3,14.2
593250.0,14.0,4.8,18.8
802534.0,9.2,2.8,12.0
765650.0,11.5,2.1,13.6
531896.0,12.5,3.7,16.2
680137.0,8.0,2.8,10.8
765759.0,8.1,1.7,9.8
820938.0,7.8,4.3,12.1
669228.0,10.0,3.0,13.0
766150.0,8.6,2.0,10.6
710007.0,9.7,3.7,13.4
831081.0,7.8,2.8,10.6
766190.0,10.2,2.0,12.2
765860.0,9.6,3.1,12.7
766468.0,10.1,2.0,12.1
758554.0,10.9,3.9,14.8
696266.0,11.2,2.9,14.1
766593.0,9.4,2.0,11.4
721655.0,11.1,3.7,14.8
688723.0,7.0,3.1,10.1
767255.0,7.6,2.0,9.6
729645.0,8.4,4.6,13.0
787152.0,7.2,4.0,11.2
767829.0,6.5,1.6,8.1
482718.0,8.9,4.2,13.1
650193.0,8.5,2.9,11.4
768210.0,8.6,1.6,10.2
780587.0,8.8,4.0,12.8
634538.0,9.2,3.1,12.3
768895.0,8.7,1.5,10.2
812116.0,8.2,3.9,12.1
1068286.0,5.4,2.4,7.800000000000001
768904.0,10.4,3.5,13.9
943554.0,10.2,1.9,12.1
769381.0,7.4,1.0,8.4
519361.0,10.2,3.5,13.7
721013.0,8.4,3.0,11.4
769723.0,8.2,2.0,10.2
704765.0,10.5,3.8,14.3
702030.0,10.2,3.1,13.3
770675.0,10.4,2.0,12.4
829571.0,9.1,3.9,13.0
751042.0,7.1,2.8,9.9
960888.0,6.3,2.6,8.9
771444.0,8.2,1.5,9.7
910007.0,7.9,2.8,10.7
771560.0,8.3,1.8,10.1
822241.0,8.4,4.6,13.0
669107.0,10.8,3.0,13.8
771578.0,11.7,2.0,13.7
523120.0,13.0,3.3,16.3
652274.0,10.8,2.8,13.6
771681.0,8.8,1.6,10.4
817954.0,9.0,3.9,12.9
688929.0,9.5,3.1,12.6
771883.0,9.6,2.2,11.8
802652.0,9.4,3.9,13.3
1144605.0,7.9,2.6,10.5
771954.0,7.2,0.7,7.9
1130276.0,5.4,3.6,9.0
817223.0,7.4,3.1,10.5
772996.0,10.6,1.7,12.3
1210286.0,4.7,1.8,6.5
773204.0,6.4,1.9,8.3
692284.0,8.7,3.0,11.7
776895.0,8.0,1.3,9.3
784516.0,9.7,3.7,13.4
769137.0,9.2,3.1,12.3
777845.0,8.6,2.0,10.6
633369.0,11.3,4.4,15.7
987235.0,5.8,2.0,7.8
777924.0,6.1,1.6,7.699999999999999
685292.0,9.9,3.9,13.8
663160.0,9.2,3.0,12.2
778408.0,10.1,1.4,11.5
818476.0,9.1,4.0,13.1
834353.0,6.1,2.2,8.3
778433.0,6.9,1.2,8.1
540898.0,9.2,2.7,11.9
778508.0,8.3,1.2,9.5
703574.0,8.8,3.6,12.4
1227677.0,5.1,2.4,7.5
778638.0,8.3,1.6,9.9
702450.0,9.2,4.4,13.6
871799.0,7.2,3.0,10.2
778655.0,8.1,2.4,10.5
610579.0,11.3,4.4,15.7
738223.0,9.2,2.7,11.9
778965.0,8.0,1.1,9.1
743849.0,10.0,3.9,13.9
1386298.0,5.1,2.6,7.699999999999999
779155.0,6.1,1.3,7.399999999999999
747302.0,6.8,4.1,10.9
718527.0,9.7,2.8,12.5
779569.0,10.0,2.0,12.0
765339.0,9.4,3.8,13.2
718306.0,8.5,2.8,11.3
779619.0,8.8,1.6,10.4
797515.0,9.1,3.7,12.8
764142.0,8.6,2.8,11.4
779666.0,9.4,1.7,11.1
746700.0,9.8,4.1,13.9
667325.0,8.9,2.7,11.6
779892.0,7.3,1.4,8.7
576545.0,9.3,4.1,13.4
812120.0,8.4,2.8,11.2
780402.0,8.7,2.0,10.7
851328.0,9.9,3.9,13.8
642271.0,8.0,3.4,11.4
780582.0,8.2,1.7,9.9
908863.0,7.2,3.5,10.7
629233.0,9.3,3.0,12.3
780689.0,8.4,1.7,10.1
638800.0,9.6,4.0,13.6
769449.0,7.9,3.0,10.9
780761.0,9.7,1.7,11.4
780011.0,9.4,4.0,13.4
1301802.0,5.3,2.2,7.5
780786.0,6.6,1.4,8.0
453385.0,14.0,4.3,18.3
632974.0,11.4,2.9,14.3
781087.0,9.6,1.8,11.4
724212.0,11.2,3.4,14.6
1047840.0,4.7,2.7,7.4
781607.0,4.0,1.3,5.3
534313.0,8.0,6.0,14.0
647312.0,11.3,3.2,14.5
1123492.0,6.0,2.6,8.6
782620.0,9.1,1.8,10.9
831709.0,4.0,1.2,5.2
783735.0,10.5,-0.8,9.7
900795.0,6.0,2.4,8.4
783832.0,9.6,2.0,11.6
558175.0,9.8,4.4,14.2
728507.0,9.7,3.2,12.9
783929.0,9.1,1.9,11.0
789607.0,9.3,3.9,13.2
676566.0,9.6,2.8,12.4
783960.0,9.6,2.0,11.6
469494.0,11.9,4.0,15.9
688025.0,8.6,3.0,11.6
784004.0,8.9,1.8,10.7
738477.0,9.8,3.6,13.4
706242.0,8.8,2.6,11.4
784442.0,8.0,1.6,9.6
804962.0,8.8,3.9,12.7
1409551.0,10.2,2.5,12.7
785137.0,10.0,1.9,11.9
823362.0,10.0,3.5,13.5
646175.0,9.4,2.8,12.2
785648.0,8.4,1.5,9.9
841545.0,8.5,3.5,12.0
844171.0,7.7,2.9,10.6
786035.0,8.8,2.8,11.6
725091.0,9.2,4.8,14.0
1487274.0,8.5,2.8,11.3
787005.0,9.7,1.3,11.0
903667.0,8.1,3.7,11.8
694694.0,8.2,2.9,11.1
788283.0,9.9,1.9,11.8
657355.0,10.6,3.9,14.5
712069.0,8.9,4.2,13.1
788520.0,9.1,0.4,9.5
764564.0,9.0,5.2,14.2
625405.0,9.5,3.2,12.7
788542.0,8.2,1.7,9.9
742574.0,9.2,4.1,13.3
1659941.0,7.3,2.4,9.7
788739.0,10.4,1.4,11.8
469079.0,12.1,3.6,15.7
1031326.0,6.6,2.4,9.0
788844.0,8.6,2.0,10.6
597419.0,10.8,3.9,14.7
608504.0,8.0,3.4,11.4
788931.0,7.3,1.8,9.1
960633.0,7.5,3.8,11.3
1684079.0,7.4,2.6,10.0
788992.0,9.5,1.3,10.8
788328.0,9.7,3.9,13.6
698369.0,9.7,2.9,12.6
790133.0,9.6,1.8,11.4
774331.0,9.3,3.9,13.2
1226034.0,6.5,2.6,9.1
790761.0,9.7,1.6,11.3
878459.0,7.2,2.9,10.1
790961.0,8.7,2.2,10.9
774667.0,9.2,4.2,13.4
1087495.0,2.8,0.0,2.8
791010.0,11.5,3.0,14.5
709094.0,8.1,2.8,10.9
792768.0,8.3,2.2,10.5
883126.0,6.9,3.6,10.5
808440.0,6.7,2.7,9.4
792852.0,8.0,1.4,9.4
576126.0,8.9,4.1,13.0
656936.0,9.2,3.0,12.2
793822.0,9.6,1.7,11.3
834481.0,8.8,3.6,12.4
714440.0,8.6,2.6,11.2
794443.0,8.5,1.8,10.3
849836.0,8.6,3.8,12.4
692701.0,9.2,2.8,12.0
796256.0,9.2,1.4,10.6
865383.0,8.8,3.8,12.6
765136.0,8.2,2.9,11.1
797193.0,8.9,1.4,10.3
885734.0,7.5,3.8,11.3
771784.0,11.6,3.1,14.7
797525.0,11.4,2.1,13.5
681715.0,10.6,4.3,14.9
677567.0,8.8,3.0,11.8
798468.0,8.8,1.4,10.2
838365.0,8.7,3.5,12.2
732357.0,8.0,3.1,11.1
799387.0,9.7,1.5,11.2
742475.0,9.6,3.4,13.0
732990.0,8.1,3.0,11.1
799527.0,8.4,1.8,10.2
773712.0,8.4,4.2,12.6
812501.0,8.2,2.9,11.1
799629.0,7.6,1.5,9.1
875716.0,8.8,3.8,12.6
884191.0,4.0,1.0,5.0
799652.0,9.0,1.0,10.0
691456.0,9.8,2.9,12.7
799891.0,8.8,1.2,10.0
855953.0,8.3,3.5,11.8
686194.0,9.3,2.9,12.2
800367.0,8.3,1.4,9.7
829523.0,9.4,3.6,13.0
754376.0,9.0,2.7,11.7
800611.0,7.5,1.4,8.9
817763.0,10.6,4.0,14.6
652417.0,9.1,3.4,12.5
801096.0,6.6,1.2,7.8
669998.0,9.5,3.9,13.4
903578.0,7.2,2.8,10.0
801195.0,9.9,1.6,11.5
654920.0,9.4,3.8,13.2
1335840.0,5.1,2.6,7.699999999999999
802634.0,7.9,1.3,9.2
585601.0,8.6,4.8,13.4
727376.0,5.9,2.7,8.600000000000001
802736.0,6.0,1.3,7.3
735020.0,6.4,3.5,9.9
604059.0,9.0,3.3,12.3
803686.0,7.8,1.1,8.9
895602.0,8.7,4.3,13.0
680606.0,8.7,3.0,11.7
804032.0,7.7,1.4,9.1
832798.0,7.7,3.9,11.6
712358.0,8.7,2.9,11.6
804591.0,8.5,1.4,9.9
838154.0,9.0,3.6,12.6
722088.0,8.8,3.4,12.2
953775.0,6.6,2.6,9.2
804962.0,8.3,1.2,9.5
743385.0,7.7,4.0,11.7
841715.0,10.0,3.5,13.5
805005.0,11.8,1.5,13.3
862444.0,7.4,2.8,10.2
805090.0,7.4,1.7,9.1
880686.0,8.7,3.6,12.3
1149064.0,5.1,2.7,7.8
805202.0,5.9,1.1,7.0
871546.0,6.6,3.9,10.5
741858.0,9.5,2.9,12.4
805218.0,9.3,1.8,11.1
813243.0,9.5,3.9,13.4
629884.0,10.2,2.6,12.8
805872.0,9.9,1.9,11.8
754380.0,8.5,3.8,12.3
1537674.0,8.0,2.6,10.6
806512.0,11.5,1.8,13.3
773660.0,11.7,3.4,15.1
731478.0,8.9,2.6,11.5
807173.0,8.6,1.8,10.4
821287.0,8.9,3.3,12.2
1236539.0,4.8,1.8,6.6
807470.0,7.5,1.5,9.0
586714.0,9.2,4.0,13.2
687271.0,10.0,2.9,12.9
807894.0,9.4,2.0,11.4
826255.0,9.5,3.6,13.1
993020.0,6.1,2.4,8.5
807913.0,4.4,0.4,4.800000000000001
609371.0,8.9,3.8,12.7
664283.0,10.9,3.1,14.0
807928.0,10.3,2.7,13.0
1688796.0,4.5,2.1,6.6
808400.0,6.7,1.0,7.7
738347.0,8.6,4.1,12.7
804381.0,8.5,3.1,11.6
808711.0,9.8,1.9,11.7
763506.0,10.1,4.2,14.3
662030.0,9.6,2.5,12.1
808732.0,8.2,1.1,9.3
614765.0,8.6,3.6,12.2
1694276.0,2.0,1.1,3.1
808830.0,7.5,2.5,10.0
851357.0,3.1,3.7,6.800000000000001
769076.0,7.0,2.7,9.7
810023.0,7.4,1.5,8.9
742079.0,9.0,4.5,13.5
804457.0,9.8,2.7,12.5
810400.0,10.1,1.5,11.6
690318.0,7.1,3.0,10.1
811539.0,6.8,1.0,7.8
837068.0,6.6,3.7,10.3
685269.0,8.1,3.0,11.1
811665.0,8.0,1.8,9.8
764056.0,9.1,3.9,13.0
809552.0,7.9,2.9,10.8
812401.0,9.3,1.9,11.2
758509.0,9.9,3.8,13.7
715713.0,10.9,2.8,13.7
812852.0,11.6,1.9,13.5
347664.0,14.2,3.8,18.0
711678.0,8.6,2.8,11.4
814308.0,8.8,1.6,10.4
725371.0,8.9,4.4,13.3
771544.0,8.2,2.7,10.9
814945.0,9.9,1.6,11.5
806287.0,10.7,3.7,14.4
881036.0,7.6,2.8,10.4
816284.0,8.1,1.4,9.5
645545.0,10.0,4.1,14.1
878299.0,6.4,2.7,9.1
816504.0,7.3,1.6,8.9
833225.0,7.6,4.3,11.9
1301437.0,6.9,2.7,9.6
817418.0,10.2,2.0,12.2
720031.0,10.1,4.2,14.3
770354.0,9.6,2.8,12.4
818947.0,9.5,1.9,11.4
770617.0,10.1,3.9,14.0
803547.0,7.5,3.0,10.5
819393.0,8.7,1.9,10.6
771721.0,9.1,4.0,13.1
827162.0,6.4,2.6,9.0
819561.0,7.5,1.2,8.7
535564.0,9.1,4.1,13.2
790255.0,6.2,1.2,7.4
821382.0,9.1,1.9,11.0
497585.0,9.5,1.0,10.5
690935.0,8.9,2.9,11.8
821808.0,9.2,1.5,10.7
748530.0,9.5,3.6,13.1
701326.0,5.2,1.6,6.800000000000001
821979.0,8.8,0.7,9.5
612044.0,8.8,3.8,12.6
1159951.0,7.8,2.9,10.7
822100.0,9.8,1.8,11.6
1228277.0,7.5,3.2,10.7
698330.0,8.8,2.7,11.5
823162.0,10.0,1.4,11.4
772739.0,10.3,3.9,14.2
732288.0,8.0,2.6,10.6
823460.0,7.0,1.2,8.2
834085.0,8.7,3.9,12.6
1460150.0,5.8,2.4,8.2
823662.0,9.6,1.8,11.4
625256.0,5.8,4.7,10.5
781241.0,8.0,2.5,10.5
824129.0,7.4,1.8,9.2
758685.0,8.9,3.9,12.8
666097.0,9.8,2.9,12.7
824245.0,8.7,1.4,10.1
883215.0,8.8,3.8,12.6
857946.0,8.0,2.7,10.7
824376.0,8.3,1.9,10.2
824279.0,9.4,4.7,14.1
734959.0,7.4,2.8,10.2
824680.0,7.4,1.5,8.9
867034.0,7.5,3.6,11.1
836384.0,8.9,2.9,11.8
824814.0,11.3,2.0,13.3
871332.0,10.6,3.3,13.9
718852.0,8.1,3.1,11.2
825120.0,7.9,1.6,9.5
821885.0,8.9,3.8,12.7
975241.0,7.2,2.7,9.9
825488.0,8.2,2.8,11.0
787703.0,9.9,4.1,14.0
710517.0,6.5,3.6,10.1
825527.0,6.7,0.9,7.6
925470.0,6.2,2.6,8.8
825530.0,7.4,1.7,9.1
820952.0,8.0,4.5,12.5
1244752.0,3.6,1.9,5.5
825780.0,4.8,0.0,4.8
906459.0,7.0,4.8,11.8
698391.0,8.7,2.8,11.5
826610.0,8.9,1.3,10.2
707441.0,7.5,3.4,10.9
696363.0,8.6,3.0,11.6
827171.0,8.5,1.3,9.8
864651.0,8.2,3.9,12.1
705286.0,9.1,2.9,12.0
827834.0,9.0,2.0,11.0
788959.0,8.7,3.6,12.3
742838.0,8.9,2.9,11.8
828227.0,9.6,1.7,11.3
852966.0,9.5,3.6,13.1
719324.0,9.2,2.9,12.1
828384.0,8.8,1.3,10.1
849514.0,8.9,3.5,12.4
859657.0,7.0,2.3,9.3
829605.0,8.3,1.5,9.8
766770.0,7.5,2.7,10.2
829631.0,7.7,1.6,9.3
842702.0,8.4,4.1,12.5
669175.0,9.3,3.0,12.3
830055.0,8.4,2.0,10.4
850425.0,8.3,3.6,11.9
721512.0,8.1,2.8,10.9
830359.0,7.4,1.7,9.1
832990.0,8.3,4.1,12.4
878948.0,7.1,2.5,9.6
830950.0,8.2,1.5,9.7
1384096.0,3.8,1.8,5.6
831661.0,8.9,2.3,11.2
909159.0,8.2,3.0,11.2
833356.0,8.0,1.9,9.9
997337.0,8.9,3.7,12.6
750942.0,8.5,3.0,11.5
834357.0,8.5,1.8,10.3
834623.0,8.7,3.7,12.4
1625498.0,6.6,1.9,8.5
835353.0,9.5,1.3,10.8
871279.0,9.4,3.9,13.3
1084158.0,6.1,2.4,8.5
835592.0,8.0,2.0,10.0
914489.0,7.9,4.2,12.1
728992.0,7.3,2.5,9.8
836224.0,7.9,1.3,9.2
730472.0,8.0,3.7,11.7
998135.0,7.8,2.6,10.4
836549.0,11.2,1.6,12.8
523619.0,12.3,3.9,16.2
771090.0,8.7,2.8,11.5
836648.0,8.3,2.1,10.4
863016.0,9.1,3.6,12.7
451065.0,8.8,3.0,11.8
836997.0,7.4,1.6,9.0
851482.0,7.9,4.2,12.1
726347.0,9.4,3.2,12.6
837416.0,9.4,1.8,11.2
793198.0,10.1,3.4,13.5
918910.0,7.4,2.4,9.8
837471.0,8.1,1.7,9.8
756610.0,8.4,3.9,12.3
534171.0,13.3,3.3,16.6
838009.0,13.6,2.2,15.8
403709.0,14.3,4.0,18.3
796212.0,7.8,2.9,10.7
838204.0,8.8,1.8,10.6
851821.0,8.5,4.0,12.5
853762.0,7.9,3.0,10.9
838232.0,9.8,1.5,11.3
624395.0,9.4,3.7,13.1
970633.0,6.2,2.5,8.7
838565.0,8.8,1.6,10.4
936484.0,7.9,3.8,11.7
774658.0,9.7,2.9,12.6
592977.0,9.4,2.9,12.3
838805.0,7.9,1.2,9.1
967826.0,7.3,3.9,11.2
774153.0,8.8,3.0,11.8
839707.0,11.6,2.4,14.0
603689.0,11.8,4.5,16.3
756787.0,7.2,3.0,10.2
840575.0,8.0,1.6,9.6
855504.0,8.1,3.5,11.6
881386.0,8.7,2.5,11.2
840924.0,10.8,1.7,12.5
576472.0,11.2,3.7,14.9
712851.0,7.4,2.5,9.9
841205.0,8.8,1.3,10.1
841954.0,9.2,3.9,13.1
963641.0,4.6,1.9,6.5
841446.0,7.9,0.9,8.8
711568.0,7.2,2.6,9.8
841478.0,6.7,1.3,8.0
894298.0,7.3,3.5,10.8
745391.0,7.0,2.8,9.8
842388.0,7.5,1.9,9.4
859776.0,8.1,4.7,12.8
870672.0,6.8,2.7,9.5
844810.0,8.6,2.1,10.7
801490.0,8.5,4.0,12.5
750874.0,9.3,2.8,12.1
844925.0,7.9,1.5,9.4
869431.0,8.3,3.2,11.5
1657694.0,5.8,2.5,8.3
845074.0,6.6,1.9,8.5
621893.0,11.2,4.2,15.4
764219.0,9.4,3.2,12.6
845099.0,8.3,1.7,10.0
721861.0,9.7,3.8,13.5
677395.0,10.1,3.0,13.1
845228.0,10.4,1.8,12.2
537078.0,12.7,3.3,16.0
738596.0,9.7,3.1,12.8
845391.0,8.5,1.5,10.0
877931.0,9.2,3.3,12.5
791764.0,8.3,3.0,11.3
846419.0,9.0,1.9,10.9
839978.0,8.9,4.2,13.1
839930.0,4.2,3.2,7.4
847050.0,5.6,1.5,7.1
805059.0,4.9,4.1,9.0
684055.0,10.5,2.9,13.4
847216.0,9.8,2.2,12.0
879152.0,10.0,3.5,13.5
754854.0,9.4,2.7,12.1
847448.0,9.0,1.6,10.6
834205.0,9.5,3.4,12.9
839382.0,6.4,2.6,9.0
847906.0,5.9,1.0,6.9
849452.0,7.6,3.8,11.4
1677473.0,6.4,2.8,9.2
848219.0,9.1,1.5,10.6
830732.0,8.9,3.9,12.8
740988.0,11.7,2.8,14.5
848701.0,10.9,2.2,13.1
594664.0,12.4,3.8,16.2
648924.0,7.5,3.1,10.6
849255.0,5.8,0.6,6.4
916505.0,8.3,4.8,13.1
767662.0,8.6,2.7,11.3
850344.0,7.9,1.7,9.6
844521.0,8.9,3.8,12.7
722617.0,8.1,3.0,11.1
850417.0,8.3,1.6,9.9
875262.0,7.6,4.2,11.8
786090.0,9.8,1.9,11.7
851330.0,9.6,1.5,11.1
923565.0,7.0,2.6,9.6
851929.0,7.8,1.7,9.5
992653.0,7.6,4.3,11.9
764337.0,8.8,2.9,11.7
852321.0,8.6,1.7,10.3
862249.0,8.2,3.9,12.1
1490415.0,5.2,2.4,7.6
852727.0,7.4,1.2,8.6
825279.0,6.0,4.0,10.0
910120.0,7.5,2.7,10.2
853331.0,8.5,1.8,10.3
893639.0,8.2,4.1,12.3
739696.0,9.1,2.9,12.0
853380.0,7.3,2.1,9.4
865143.0,8.6,3.6,12.2
703786.0,8.9,2.6,11.5
855468.0,7.8,2.4,10.2
760867.0,7.7,2.9,10.6
855635.0,8.9,1.9,10.8
919249.0,8.0,3.9,11.9
735842.0,8.6,3.0,11.6
856712.0,8.2,1.7,9.9
810823.0,10.2,3.4,13.6
789657.0,7.3,2.9,10.2
857577.0,7.8,1.2,9.0
862853.0,8.5,4.0,12.5
1311349.0,6.8,2.3,9.1
858829.0,11.2,1.8,13.0
742186.0,11.6,3.2,14.8
746875.0,7.9,2.3,10.2
859224.0,8.3,1.4,9.7
848094.0,8.8,4.1,12.9
776306.0,8.6,2.7,11.3
859425.0,7.5,1.5,9.0
882941.0,8.7,3.8,12.5
767877.0,8.6,2.9,11.5
859466.0,8.2,2.0,10.2
849785.0,9.7,3.8,13.5
731911.0,9.6,2.9,12.5
859724.0,7.2,1.7,8.9
545225.0,12.9,4.1,17.0
1482628.0,7.8,2.8,10.6
860850.0,9.3,1.8,11.1
1062316.0,8.1,3.5,11.6
1598003.0,4.7,2.2,6.9
860941.0,9.6,1.7,11.3
922113.0,7.3,3.2,10.5
822720.0,9.0,2.7,11.7
861189.0,8.9,1.6,10.5
858141.0,8.9,3.8,12.7
682275.0,8.8,2.5,11.3
861394.0,7.3,1.8,9.1
765761.0,8.7,4.5,13.2
1442603.0,4.1,2.0,6.1
861978.0,4.9,2.5,7.4
815720.0,8.7,3.0,11.7
791837.0,7.1,2.5,9.6
1004432.0,6.6,2.7,9.3
862154.0,7.7,1.9,9.6
860857.0,8.5,4.5,13.0
682128.0,8.2,2.6,10.8
864343.0,7.7,1.9,9.6
842835.0,9.4,4.6,14.0
852083.0,6.3,3.0,9.3
864624.0,6.3,2.2,8.5
478937.0,8.7,3.5,12.2
699914.0,8.4,3.0,11.4
865870.0,8.2,2.3,10.5
823967.0,8.6,4.6,13.2
1212492.0,6.0,2.6,8.6
866514.0,8.9,1.5,10.4
1028308.0,8.1,3.8,11.9
1122525.0,5.6,2.4,8.0
867220.0,9.0,1.3,10.3
743550.0,7.4,3.9,11.3
703372.0,8.3,2.6,10.9
867889.0,7.0,1.5,8.5
731781.0,7.7,3.8,11.5
829680.0,7.7,2.5,10.2
868144.0,7.4,2.0,9.4
927595.0,8.0,4.9,12.9
916988.0,5.0,2.6,7.6
868188.0,6.6,1.4,8.0
707133.0,7.9,3.3,11.2
759870.0,8.3,3.0,11.3
868241.0,6.7,1.2,7.9
854781.0,8.4,4.0,12.4
816657.0,8.7,3.1,11.8
868691.0,8.4,2.3,10.7
825047.0,9.4,4.6,14.0
1582766.0,5.4,2.5,7.9
869232.0,8.5,1.7,10.2
742364.0,9.0,4.3,13.3
771366.0,10.0,4.0,14.0
870392.0,9.9,2.2,12.1
474240.0,10.2,6.0,16.2
713400.0,9.8,2.9,12.7
870704.0,8.1,1.3,9.4
897990.0,8.1,3.7,11.8
745482.0,8.9,2.8,11.7
870729.0,8.0,1.6,9.6
888231.0,8.9,3.9,12.8
704795.0,8.3,3.1,11.4
871168.0,5.3,1.3,6.6
966546.0,7.1,3.6,10.7
764510.0,8.5,2.8,11.3
871990.0,7.5,1.7,9.2
907038.0,8.1,3.6,11.7
797232.0,8.2,2.7,10.9
872105.0,8.8,1.7,10.5
932665.0,7.1,3.4,10.5
785727.0,8.0,2.6,10.6
872247.0,8.6,1.3,9.9
897600.0,8.9,3.7,12.6
740784.0,10.0,2.8,12.8
872548.0,10.2,1.9,12.1
804835.0,10.8,3.5,14.3
734847.0,10.9,2.9,13.8
1508740.0,3.7,2.2,5.9
873854.0,2.5,0.7,3.2
1100988.0,7.4,2.2,9.6
874857.0,9.7,1.8,11.5
839886.0,9.5,3.8,13.3
1012686.0,6.9,2.7,9.6
876305.0,9.3,1.6,10.9
676283.0,10.0,3.4,13.4
528090.0,11.4,2.8,14.2
876779.0,10.0,1.6,11.6
383271.0,13.0,4.6,17.6
981634.0,4.3,2.2,6.5
876927.0,8.2,1.6,9.8
862678.0,6.9,4.1,11.0
652948.0,7.5,2.8,10.3
877236.0,9.2,2.5,11.7
688521.0,8.1,4.1,12.2
822225.0,8.2,2.5,10.7
877888.0,8.8,1.5,10.3
934632.0,9.7,3.5,13.2
666897.0,10.2,2.9,13.1
878191.0,9.5,1.8,11.3
549945.0,12.3,3.7,16.0
991787.0,5.9,4.1,10.0
879838.0,7.8,0.9,8.7
712115.0,6.5,4.0,10.5
815038.0,7.6,2.9,10.5
879974.0,8.4,1.8,10.2
909094.0,6.8,3.2,10.0
1100882.0,7.1,2.3,9.4
880757.0,8.5,0.8,9.3
864716.0,9.3,3.4,12.7
790429.0,7.1,2.8,9.9
881358.0,7.6,1.4,9.0
890002.0,9.4,3.4,12.8
821137.0,7.8,2.6,10.4
881943.0,8.1,1.2,9.3
780720.0,7.6,4.2,11.8
587509.0,11.5,3.0,14.5
882419.0,9.6,1.8,11.4
768209.0,8.3,2.8,11.1
883295.0,8.2,1.3,9.5
629935.0,10.3,3.5,13.8
788075.0,5.7,3.4,9.1
884440.0,8.3,2.1,10.4
692154.0,9.8,5.2,15.0
781005.0,9.5,2.9,12.4
885259.0,8.9,1.9,10.8
873677.0,9.5,3.7,13.2
773008.0,8.1,2.8,10.9
886551.0,8.9,1.5,10.4
930526.0,7.3,3.5,10.8
557637.0,11.4,3.2,14.6
887285.0,12.8,2.3,15.1
360066.0,14.3,4.1,18.4
835095.0,8.1,2.6,10.7
887383.0,9.1,2.1,11.2
785907.0,11.5,3.7,15.2
803029.0,8.5,2.6,11.1
887939.0,8.2,1.6,9.8
1005259.0,7.3,3.5,10.8
729374.0,8.3,2.5,10.8
887995.0,7.3,1.7,9.0
927621.0,7.9,4.0,11.9
1106548.0,8.5,2.5,11.0
888156.0,9.4,1.2,10.6
650732.0,9.7,3.5,13.2
717881.0,9.8,2.8,12.6
889262.0,10.1,1.9,12.0
552322.0,12.0,3.6,15.6
862024.0,7.8,2.8,10.6
889735.0,9.1,1.6,10.7
957450.0,6.8,4.0,10.8
728583.0,8.3,2.7,11.0
889933.0,6.2,1.5,7.7
936487.0,6.1,3.0,9.1
764289.0,8.5,2.8,11.3
890320.0,8.1,1.8,9.9
807306.0,9.4,3.9,13.3
1113206.0,5.9,2.3,8.2
890532.0,8.4,1.6,10.0
932071.0,8.7,4.0,12.7
1106283.0,3.4,1.8,5.2
890573.0,6.6,-0.1,6.5
663725.0,7.8,4.1,11.9
801839.0,8.6,2.6,11.2
890693.0,7.0,1.5,8.5
894150.0,7.9,3.9,11.8
796928.0,8.1,2.6,10.7
890977.0,8.0,1.8,9.8
775908.0,9.4,3.7,13.1
847709.0,8.5,2.7,11.2
891656.0,10.1,1.9,12.0
867479.0,8.3,4.0,12.3
801517.0,9.3,2.8,12.1
892537.0,11.7,2.0,13.7
609730.0,11.6,3.7,15.3
811556.0,6.8,3.1,9.9
894221.0,8.8,1.7,10.5
1038205.0,9.1,3.4,12.5
1057219.0,7.6,1.9,9.5
894740.0,8.3,2.1,10.4
796124.0,8.9,2.7,11.6
896159.0,8.6,1.7,10.3
908716.0,9.4,3.6,13.0
1568421.0,4.6,1.9,6.5
896508.0,8.3,1.7,10.0
1048443.0,7.4,3.3,10.7
1487387.0,6.6,2.7,9.3
897037.0,9.1,1.9,11.0
960605.0,7.5,4.2,11.7
1205157.0,4.7,2.9,7.6
898489.0,5.6,1.5,7.1
1290479.0,4.6,4.0,8.6
1254421.0,5.8,2.4,8.2
899598.0,8.9,1.6,10.5
910945.0,7.9,3.5,11.4
885205.0,9.2,2.9,12.1
899710.0,9.9,2.1,12.0
698458.0,10.7,3.5,14.2
771482.0,8.6,2.8,11.4
899879.0,8.0,1.4,9.4
903353.0,9.1,3.4,12.5
821004.0,9.5,2.7,12.2
900001.0,9.3,2.4,11.7
874234.0,10.1,3.6,13.7
906035.0,7.9,2.7,10.6
900469.0,6.8,1.4,8.2
949436.0,7.9,3.8,11.7
759375.0,8.8,2.7,11.5
900678.0,7.6,1.3,8.9
963275.0,7.9,3.6,11.5
1042454.0,7.8,2.5,10.3
903026.0,8.2,1.7,9.9
967456.0,8.6,3.7,12.3
832995.0,8.7,2.6,11.3
905468.0,8.6,2.0,10.6
972389.0,9.1,4.1,13.2
919158.0,7.9,2.7,10.6
906390.0,10.0,1.5,11.5
566781.0,10.5,4.1,14.6
831055.0,7.6,2.8,10.4
906733.0,7.3,1.5,8.8
988643.0,6.8,4.4,11.2
782623.0,8.7,2.9,11.6
907263.0,7.9,1.6,9.5
951226.0,7.2,3.6,10.8
516394.0,9.5,3.0,12.5
907397.0,7.8,1.6,9.4
920496.0,8.1,4.1,12.2
1230485.0,4.5,2.1,6.6
907760.0,8.4,2.6,11.0
1183117.0,6.6,2.9,9.5
841278.0,9.0,3.1,12.1
908342.0,9.0,2.0,11.0
777347.0,11.2,3.6,14.8
684574.0,7.8,2.3,10.1
908364.0,8.0,1.9,9.9
593575.0,11.0,4.5,15.5
1195545.0,3.9,1.2,5.1
909892.0,5.2,0.2,5.4
868819.0,7.7,2.6,10.3
787271.0,9.5,3.0,12.5
887435.0,6.0,2.4,8.4
910244.0,7.1,1.7,8.799999999999999
1046227.0,6.1,4.6,10.7
783459.0,8.4,2.6,11.0
910317.0,7.7,1.4,9.1
921938.0,8.2,3.7,11.9
1013731.0,5.9,2.7,8.600000000000001
910437.0,5.5,1.0,6.5
859234.0,6.4,3.7,10.1
846829.0,7.2,2.7,9.9
911712.0,7.8,1.4,9.2
966897.0,7.7,4.3,12.0
843942.0,7.9,2.8,10.7
914896.0,7.2,1.9,9.1
950291.0,6.9,3.6,10.5
849871.0,7.3,2.9,10.2
914964.0,8.1,1.7,9.8
917678.0,8.2,3.7,11.9
828910.0,8.1,2.8,10.9
915639.0,7.3,2.3,9.6
956781.0,8.3,3.4,11.7
753019.0,9.9,2.8,12.7
916024.0,9.2,1.6,10.8
850442.0,10.2,3.5,13.7
1700583.0,4.3,1.9,6.199999999999999
917311.0,7.2,1.2,8.4
918146.0,7.2,3.6,10.8
1328065.0,9.1,3.0,12.1
917410.0,7.9,1.9,9.8
952770.0,9.4,3.8,13.2
1141128.0,5.4,2.4,7.800000000000001
918417.0,6.5,1.4,7.9
1026899.0,7.4,3.3,10.7
765293.0,10.2,2.9,13.1
918711.0,8.8,1.6,10.4
700608.0,9.1,4.0,13.1
872438.0,7.2,2.8,10.0
918722.0,7.3,1.9,9.2
891663.0,9.1,4.2,13.3
921536.0,8.1,2.6,10.7
919342.0,8.3,1.4,9.7
840361.0,7.6,4.1,11.7
926298.0,7.3,2.4,9.7
920103.0,6.6,1.2,7.8
689498.0,8.8,4.0,12.8
810987.0,8.0,2.6,10.6
920320.0,7.6,1.1,8.7
998507.0,7.5,4.0,11.5
857899.0,7.2,2.7,9.9
922305.0,7.8,1.7,9.5
914941.0,7.8,3.6,11.4
804586.0,7.2,2.7,9.9
923795.0,7.0,1.5,8.5
999818.0,6.8,3.9,10.7
806400.0,8.4,2.7,11.1
924943.0,7.3,2.1,9.4
963289.0,7.2,4.0,11.2
838981.0,7.3,2.6,9.9
925221.0,6.7,1.3,8.0
921810.0,8.2,3.8,12.0
897704.0,7.4,2.8,10.2
926137.0,8.7,1.7,10.4
1431299.0,5.2,3.5,8.7
1056172.0,5.6,2.3,7.899999999999999
927188.0,7.1,1.7,8.799999999999999
914688.0,8.6,3.7,12.3
1100129.0,5.9,2.8,8.7
927302.0,10.2,1.5,11.7
881406.0,7.2,2.7,9.9
928901.0,9.2,1.7,10.9
902754.0,8.6,4.2,12.8
985062.0,5.6,1.3,6.9
929264.0,4.9,2.3,7.2
1744096.0,1.1,3.7,4.800000000000001
830491.0,8.8,2.9,11.7
930105.0,9.7,1.9,11.6
680023.0,11.7,3.5,15.2
873875.0,9.6,2.9,12.5
930125.0,10.2,2.2,12.4
617924.0,12.7,3.3,16.0
876953.0,6.7,2.7,9.4
930128.0,8.2,1.6,9.8
882090.0,8.7,3.6,12.3
558230.0,7.7,3.2,10.9
930151.0,7.0,1.6,8.6
963288.0,6.8,4.0,10.8
685633.0,11.3,2.7,14.0
930210.0,8.2,1.9,10.1
681410.0,9.9,3.9,13.8
859929.0,6.9,2.6,9.5
930623.0,7.9,1.5,9.4
932402.0,7.5,2.7,10.2
861374.0,7.0,2.4,9.4
930639.0,8.0,1.2,9.2
1007795.0,7.2,3.6,10.8
1073140.0,5.9,2.6,8.5
931683.0,6.6,1.4,8.0
943188.0,8.4,2.9,11.3
840184.0,6.1,3.0,9.1
931790.0,6.6,0.8,7.399999999999999
772647.0,6.7,3.3,10.0
801016.0,8.5,3.2,11.7
932724.0,7.7,2.0,9.7
824387.0,8.8,4.9,13.7
822612.0,6.9,2.8,9.7
934259.0,7.9,1.4,9.3
858257.0,8.9,3.9,12.8
980577.0,6.6,2.4,9.0
934277.0,6.7,0.8,7.5
702700.0,7.7,3.9,11.6
847259.0,4.1,1.4,5.5
934673.0,7.2,3.0,10.2
1652316.0,4.9,3.6,8.5
1597610.0,6.1,1.9,8.0
875634.0,7.5,2.3,9.8
885409.0,6.3,2.5,8.8
934754.0,7.1,1.6,8.7
767471.0,8.8,4.4,13.2
909900.0,6.9,2.5,9.4
935273.0,6.5,0.5,7.0
744771.0,7.4,3.7,11.1
899320.0,7.5,1.5,9.0
935357.0,6.4,1.3,7.7
1069416.0,6.1,4.1,10.2
836135.0,8.3,2.7,11.0
935389.0,7.9,1.7,9.6
753851.0,10.6,3.9,14.5
853173.0,7.2,2.7,9.9
935910.0,8.2,2.0,10.2
933089.0,7.9,3.5,11.4
1617455.0,4.4,2.5,6.9
935949.0,8.0,0.9,8.9
927054.0,8.8,3.8,12.6
1129078.0,6.2,2.3,8.5
936273.0,7.5,1.6,9.1
901713.0,9.0,3.8,12.8
804479.0,9.1,3.0,12.1
936718.0,8.7,1.3,10.0
909572.0,9.8,3.6,13.4
894270.0,7.2,2.9,10.1
937274.0,7.3,1.8,9.1
1000323.0,7.6,3.9,11.5
785517.0,6.7,2.8,9.5
937723.0,7.5,1.1,8.6
1019804.0,5.8,3.5,9.3
1011488.0,6.7,2.5,9.2
937938.0,7.8,1.8,9.6
989587.0,7.8,3.6,11.4
957102.0,7.4,2.2,9.6
938071.0,8.8,1.7,10.5
661607.0,9.7,4.3,14.0
1497333.0,1.5,1.2,2.7
938205.0,6.5,1.5,8.0
934778.0,7.1,3.1,10.2
939934.0,8.3,1.3,9.6
945379.0,8.3,3.9,12.2
1397500.0,5.0,1.0,6.0
940583.0,9.0,1.0,10.0
1295305.0,3.3,4.8,8.1
815679.0,7.9,3.0,10.9
940883.0,7.2,1.5,8.7
952337.0,8.1,3.8,11.9
1203184.0,4.9,2.3,7.2
941239.0,6.8,1.1,7.9
865926.0,7.1,3.2,10.3
885937.0,7.2,2.5,9.7
942400.0,9.9,0.6,10.5
621803.0,10.2,3.2,13.4
1051636.0,5.6,2.5,8.1
943771.0,6.8,1.3,8.1
951911.0,7.0,4.2,11.2
785272.0,7.6,3.0,10.6
943802.0,7.9,1.2,9.1
952435.0,8.5,3.8,12.3
1510096.0,6.8,2.0,8.8
943882.0,9.0,1.4,10.4
836670.0,7.9,3.8,11.7
1674881.0,3.6,2.6,6.2
944123.0,8.3,1.5,9.8
522491.0,12.5,3.8,16.3
872799.0,8.6,3.0,11.6
944141.0,8.7,2.1,10.8
929393.0,9.5,3.8,13.3
1678068.0,5.0,1.8,6.8
944199.0,7.5,1.0,8.5
877567.0,8.1,3.5,11.6
884626.0,7.3,2.9,10.2
944610.0,7.0,1.3,8.3
927792.0,6.8,3.7,10.5
776800.0,7.9,2.8,10.7
944742.0,6.6,2.1,8.7
889966.0,8.3,4.4,12.7
888893.0,7.6,2.7,10.3
946754.0,7.3,1.5,8.8
955059.0,7.1,3.7,10.8
864024.0,7.5,2.6,10.1
1672820.0,4.6,2.1,6.699999999999999
947990.0,6.8,1.4,8.2
1079984.0,6.2,2.3,8.5
771914.0,6.1,3.3,9.4
948083.0,4.6,1.9,6.5
1171689.0,5.2,3.5,8.7
909161.0,7.6,2.8,10.4
948480.0,7.3,1.5,8.8
950921.0,7.7,3.9,11.6
1095070.0,6.0,2.5,8.5
949188.0,7.2,1.4,8.6
931294.0,8.4,3.2,11.6
939034.0,6.3,2.7,9.0
949637.0,7.0,1.5,8.5
978411.0,7.0,4.3,11.3
821091.0,6.9,2.8,9.7
949724.0,6.8,1.3,8.1
884539.0,7.0,3.3,10.3
611629.0,7.8,2.1,9.9
949750.0,7.5,1.3,8.8
1156302.0,4.5,5.5,10.0
880739.0,8.9,2.8,11.7
949843.0,8.6,1.5,10.1
879683.0,9.2,3.6,12.8
1501116.0,4.8,2.3,7.1
950474.0,8.1,1.8,9.9
774170.0,10.0,3.4,13.4
839720.0,8.4,2.8,11.2
950514.0,8.1,1.8,9.9
969661.0,8.9,3.0,11.9
846236.0,6.6,2.7,9.3
951798.0,7.5,1.1,8.6
1036604.0,7.6,3.6,11.2
874669.0,7.2,2.8,10.0
953378.0,7.1,1.6,8.7
749817.0,10.1,3.9,14.0
1260692.0,4.3,2.4,6.699999999999999
954128.0,5.8,1.2,7.0
881448.0,7.3,3.6,10.9
779881.0,8.6,2.7,11.3
954219.0,7.7,1.2,8.9
993006.0,8.4,3.5,11.9
1189029.0,5.1,2.7,7.8
956176.0,8.4,1.3,9.7
1247438.0,6.0,3.3,9.3
929096.0,6.8,2.9,9.7
956368.0,6.5,1.5,8.0
926379.0,7.7,4.0,11.7
872140.0,6.9,2.8,9.7
956740.0,7.5,1.5,9.0
969951.0,8.5,3.7,12.2
798119.0,7.7,2.7,10.4
957483.0,6.8,1.0,7.8
1037036.0,7.1,3.5,10.6
1129808.0,5.2,2.5,7.7
957891.0,7.8,1.4,9.2
811018.0,7.7,4.2,11.9
894814.0,7.5,2.6,10.1
957910.0,8.3,1.8,10.1
999171.0,7.7,3.8,11.5
1373806.0,3.1,2.4,5.5
960258.0,6.0,-0.1,5.9
874035.0,9.9,1.9,11.8
1703386.0,3.1,2.0,5.1
961053.0,8.0,1.2,9.2
725292.0,9.5,4.1,13.6
930119.0,7.0,2.4,9.4
961092.0,8.0,2.2,10.2
1031083.0,8.0,3.8,11.8
863406.0,7.9,2.5,10.4
961416.0,7.8,1.7,9.5
918266.0,8.9,3.5,12.4
970673.0,8.0,2.2,10.2
961655.0,7.1,2.0,9.1
855804.0,7.6,3.9,11.5
855490.0,6.3,2.7,9.0
962072.0,5.8,1.3,7.1
1025616.0,7.2,3.5,10.7
818691.0,7.9,2.5,10.4
962103.0,7.7,1.1,8.8
1021216.0,8.1,3.9,12.0
926507.0,7.0,2.7,9.7
963264.0,8.3,1.8,10.1
979705.0,9.0,3.4,12.4
816819.0,7.4,2.8,10.2
964122.0,8.2,1.4,9.6
1097333.0,7.3,3.5,10.8
1507528.0,4.0,2.0,6.0
965259.0,7.9,1.3,9.2
844478.0,7.3,3.7,11.0
770614.0,7.1,2.4,9.5
966836.0,7.9,1.0,8.9
573537.0,8.1,4.4,12.5
1297361.0,6.4,2.8,9.2
968381.0,8.6,1.3,9.9
885166.0,8.5,2.8,11.3
968695.0,8.6,1.5,10.1
606167.0,9.4,4.2,13.6
917766.0,7.0,2.9,9.9
968723.0,7.1,1.8,8.9
857775.0,8.9,4.1,13.0
909039.0,7.1,3.1,10.2
968755.0,8.3,1.9,10.2
552132.0,10.1,4.5,14.6
1629002.0,7.1,2.5,9.6
969202.0,9.6,1.5,11.1
902890.0,9.0,4.0,13.0
841546.0,6.2,2.2,8.4
969352.0,7.9,0.9,8.8
890202.0,6.5,2.7,9.2
969910.0,6.5,1.4,7.9
969678.0,7.1,4.2,11.3
860877.0,7.1,2.8,9.9
969993.0,7.1,1.6,8.7
878833.0,9.4,2.9,12.3
970680.0,8.7,1.5,10.2
869256.0,10.7,4.1,14.8
915380.0,6.8,3.2,10.0
970884.0,7.8,2.1,9.9
602198.0,10.9,4.3,15.2
859428.0,7.6,2.7,10.3
971402.0,7.9,1.3,9.2
992006.0,7.2,3.4,10.6
845726.0,6.8,2.8,9.6
971406.0,5.7,1.1,6.800000000000001
1017125.0,7.1,3.8,10.9
725151.0,10.3,2.9,13.2
971613.0,12.3,1.8,14.1
385976.0,14.4,4.0,18.4
882611.0,8.2,2.7,10.9
972342.0,7.5,1.3,8.8
1005972.0,7.9,3.4,11.3
1171653.0,7.0,2.4,9.4
972711.0,7.1,1.6,8.7
886961.0,7.8,4.1,11.9
1068726.0,4.0,2.2,6.2
973137.0,7.2,1.1,8.3
800628.0,7.4,4.2,11.6
1206280.0,5.3,2.3,7.6
973607.0,7.8,1.4,9.2
982007.0,8.1,3.4,11.5
987113.0,6.0,2.6,8.6
974298.0,7.0,1.5,8.5
991567.0,7.0,3.8,10.8
1282895.0,4.8,2.4,7.199999999999999
974718.0,6.2,1.3,7.5
905751.0,7.0,4.3,11.3
1120906.0,7.0,3.2,10.2
975028.0,5.3,3.1,8.4
1063197.0,3.5,2.3,5.8
1303766.0,4.7,2.3,7.0
975781.0,6.9,1.5,8.4
996018.0,7.2,4.4,11.6
1081884.0,6.1,2.3,8.399999999999999
976066.0,7.1,1.2,8.299999999999999
1038197.0,7.6,4.0,11.6
966155.0,8.2,2.6,10.8
977225.0,7.7,1.6,9.3
993252.0,8.6,3.3,11.9
965634.0,6.9,2.5,9.4
977839.0,7.7,1.7,9.4
970584.0,8.2,3.6,11.8
907497.0,7.3,2.5,9.8
979554.0,7.1,1.3,8.4
995309.0,6.3,3.8,10.1
655014.0,8.8,2.9,11.7
979901.0,7.9,1.6,9.5
899735.0,8.8,4.4,13.2
948324.0,6.1,2.5,8.6
980123.0,8.5,1.6,10.1
565270.0,9.6,4.1,13.7
1035454.0,5.8,2.6,8.4
980446.0,7.0,1.8,8.8
990083.0,6.0,3.9,9.9
879718.0,6.6,2.7,9.3
980563.0,6.6,0.9,7.5
970529.0,7.8,3.6,11.4
852371.0,8.3,2.3,10.6
980874.0,9.9,1.7,11.6
885441.0,7.2,2.9,10.1
981147.0,6.9,1.8,8.700000000000001
933575.0,6.8,3.9,10.7
1702332.0,5.5,1.7,7.2
981379.0,9.9,1.6,11.5
1116178.0,9.3,3.5,12.8
1376157.0,5.5,2.2,7.7
981590.0,10.2,1.5,11.7
872452.0,10.4,3.0,13.4
611518.0,14.2,2.2,16.4
981612.0,5.3,3.5,8.8
899019.0,8.1,2.9,11.0
981802.0,7.6,1.5,9.1
981024.0,8.6,3.7,12.3
876171.0,5.9,2.8,8.7
982452.0,5.1,0.8,5.9
1106488.0,6.6,3.7,10.3
752266.0,10.8,3.1,13.9
982474.0,10.0,1.7,11.7
528566.0,11.7,3.9,15.6
899153.0,6.8,2.6,9.4
984775.0,7.0,1.7,8.7
960058.0,8.1,4.3,12.4
981860.0,8.2,2.9,11.1
898519.0,8.1,2.3,10.4
1036671.0,6.0,2.6,8.6
985285.0,7.1,1.5,8.6
1000745.0,7.0,4.3,11.3
861816.0,8.1,2.6,10.7
986304.0,8.8,1.6,10.4
912578.0,9.9,3.6,13.5
884784.0,7.7,2.8,10.5
987835.0,7.8,1.8,9.6
922239.0,8.5,3.5,12.0
1302256.0,4.6,2.0,6.6
988989.0,7.2,1.1,8.3
871461.0,8.0,2.8,10.8
990313.0,7.8,1.4,9.2
1015126.0,8.5,3.9,12.4
859112.0,8.1,3.0,11.1
991152.0,8.1,1.9,10.0
924892.0,9.0,3.7,12.7
1060992.0,7.6,2.3,9.9
991282.0,8.8,1.4,10.2
862512.0,9.4,3.8,13.2
1089827.0,5.6,2.5,8.1
991684.0,7.2,1.5,8.7
983311.0,7.5,4.4,11.9
948678.0,5.7,2.3,8.0
992294.0,7.0,1.5,8.5
879151.0,7.8,3.8,11.6
867173.0,7.7,3.0,10.7
992368.0,7.6,1.6,9.2
1039021.0,7.7,3.6,11.3
1146698.0,5.5,2.4,7.9
992503.0,6.3,1.6,7.9
1111732.0,6.9,3.7,10.6
888557.0,8.7,2.8,11.5
993970.0,7.8,1.7,9.5
936587.0,9.0,3.6,12.6
894916.0,6.2,2.5,8.7
994078.0,7.3,1.2,8.5
1042454.0,6.3,3.9,10.2
843120.0,7.2,2.8,10.0
994247.0,7.1,1.3,8.4
1026894.0,7.3,3.6,10.9
957675.0,7.6,2.4,10.0
994347.0,8.0,2.3,10.3
734423.0,9.6,3.6,13.2
883657.0,7.9,3.1,11.0
994763.0,7.1,1.5,8.6
990863.0,8.2,3.9,12.1
892663.0,7.2,2.0,9.2
996772.0,6.9,1.5,8.4
1004018.0,8.5,3.0,11.5
1044071.0,5.9,2.7,8.600000000000001
997571.0,6.1,0.4,6.5
976714.0,6.1,3.3,9.4
880621.0,6.8,2.7,9.5
997844.0,6.5,1.3,7.8
1004575.0,6.9,3.8,10.7
1054178.0,6.1,2.7,8.8
998685.0,7.7,1.0,8.7
855031.0,8.6,4.0,12.6
1054205.0,5.2,2.5,7.7
998796.0,6.5,1.3,7.8
1010745.0,6.4,4.1,10.5
879358.0,6.4,2.7,9.1
999398.0,6.0,1.1,7.1
1036575.0,6.4,3.8,10.2
1548884.0,4.6,2.1,6.699999999999999
999449.0,6.9,1.6,8.5
980877.0,7.9,3.4,11.3
708074.0,9.8,3.0,12.8
1000556.0,9.9,1.5,11.4
374095.0,13.2,3.2,16.4
989833.0,8.0,2.5,10.5
1000639.0,8.0,2.3,10.3
796223.0,9.8,3.9,13.7
1700140.0,3.5,1.8,5.3
1004256.0,6.4,1.6,8.0
896386.0,7.5,3.5,11.0
908889.0,7.1,2.8,9.9
1004625.0,7.5,1.6,9.1
1072523.0,7.9,3.8,11.7
1129962.0,6.2,2.6,8.8
1004897.0,8.0,1.6,9.6
1006266.0,8.1,3.6,11.7
896677.0,9.2,2.8,12.0
1005074.0,8.7,1.6,10.3
941995.0,8.5,3.5,12.0
800228.0,9.3,2.4,11.7
1005352.0,10.4,1.7,12.1
428644.0,13.1,4.2,17.3
918207.0,7.4,2.6,10.0
1007867.0,7.8,1.6,9.4
1005265.0,7.3,3.8,11.1
885592.0,9.5,3.0,12.5
1008330.0,9.9,1.4,11.3
557142.0,11.8,4.8,16.6
1257187.0,5.4,2.4,7.800000000000001
1008437.0,6.2,1.5,7.7
1121990.0,7.7,4.1,11.8
958039.0,6.2,2.6,8.8
1009377.0,7.6,1.5,9.1
1060699.0,6.8,3.8,10.6
957012.0,6.2,3.0,9.2
1009855.0,9.5,1.8,11.3
1058658.0,7.0,3.6,10.6
1001502.0,5.4,1.8,7.2
1010332.0,8.3,1.3,9.6
662281.0,9.1,3.7,12.8
967524.0,7.1,2.3,9.4
1010636.0,8.2,1.0,9.2
1317977.0,0.5,2.6,3.1
1268678.0,4.5,2.2,6.7
1010685.0,7.5,1.7,9.2
333872.0,13.4,2.5,15.9
1682544.0,3.1,1.6,4.7
1010924.0,6.9,1.0,7.9
793370.0,8.8,3.9,12.7
1046533.0,5.6,2.5,8.1
976033.0,5.9,2.4,8.3
1011082.0,7.2,1.4,8.6
1041569.0,7.2,3.7,10.9
968543.0,6.4,2.5,8.9
1012188.0,6.6,1.7,8.299999999999999
1010686.0,7.0,3.3,10.3
985710.0,6.3,2.7,9.0
1012194.0,7.0,1.7,8.7
873543.0,8.6,3.7,12.3
1655707.0,6.6,1.7,8.299999999999999
1012719.0,8.5,1.7,10.2
994722.0,9.4,3.5,12.9
940477.0,9.4,2.7,12.1
1012790.0,9.3,1.9,11.2
906066.0,9.8,3.6,13.4
891060.0,5.9,2.9,8.8
1013488.0,6.7,1.1,7.800000000000001
1013404.0,7.3,3.9,11.2
1082421.0,6.0,2.5,8.5
1013774.0,7.0,1.4,8.4
997665.0,7.2,4.0,11.2
969428.0,7.3,2.8,10.1
1014364.0,7.9,1.6,9.5
1012286.0,8.0,3.7,11.7
897269.0,6.9,2.4,9.3
1014592.0,6.8,1.0,7.8
1037930.0,7.7,3.7,11.4
890606.0,6.6,2.5,9.1
1015230.0,7.0,1.3,8.3
1091944.0,7.1,3.8,10.9
958743.0,7.8,2.5,10.3
1015374.0,6.9,1.8,8.700000000000001
1025332.0,8.1,3.5,11.6
973449.0,6.3,2.5,8.8
1015550.0,6.5,1.4,7.9
1058541.0,7.3,3.2,10.5
1506243.0,5.4,3.6,9.0
1015842.0,8.3,1.7,10.0
902761.0,7.6,2.5,10.1
1015974.0,5.9,0.9,6.800000000000001
915783.0,7.3,2.5,9.8
1017783.0,7.1,1.4,8.5
1060437.0,7.3,3.5,10.8
1585151.0,4.3,1.9,6.199999999999999
1017976.0,7.0,1.2,8.2
821770.0,8.6,3.2,11.8
1153517.0,5.7,2.4,8.1
1018224.0,8.8,1.1,9.9
651683.0,10.7,4.1,14.8
1466374.0,3.7,2.0,5.7
1019392.0,6.1,0.9,7.0
988038.0,7.5,3.7,11.2
828885.0,9.7,2.7,12.4
1019417.0,9.6,1.4,11.0
732501.0,10.4,4.0,14.4
1090175.0,6.4,2.9,9.3
1021398.0,6.8,2.3,9.1
1050571.0,8.4,4.4,12.8
1005938.0,6.4,2.5,8.9
1022087.0,7.6,1.4,9.0
1055904.0,6.9,3.6,10.5
994763.0,5.8,2.7,8.5
1022330.0,6.8,1.6,8.4
1005694.0,8.3,4.2,12.5
1055124.0,5.8,2.3,8.1
1023274.0,7.2,1.7,8.9
966286.0,8.1,3.7,11.8
1227875.0,5.3,2.1,7.4
1023648.0,8.6,1.2,9.8
641052.0,10.6,3.5,14.1
1588165.0,4.5,1.9,6.4
1023759.0,6.9,1.0,7.9
699319.0,6.2,2.7,8.9
997561.0,6.8,2.9,9.7
1024766.0,6.2,1.1,7.300000000000001
958886.0,7.5,3.6,11.1
1090689.0,6.4,2.8,9.2
1024799.0,6.7,2.3,9.0
1035762.0,8.1,4.8,12.9
840193.0,6.9,2.8,9.7
1024849.0,6.3,1.3,7.6
864451.0,8.1,4.3,12.4
854467.0,7.5,2.7,10.2
1025721.0,6.6,1.4,8.0
1300446.0,6.6,4.0,10.6
912427.0,6.8,2.6,9.4
1026503.0,7.2,0.7,7.9
695256.0,8.9,3.9,12.8
951259.0,6.1,2.6,8.7
1027133.0,7.2,1.1,8.3
1040467.0,7.2,3.7,10.9
1015441.0,6.0,2.6,8.6
1028371.0,7.2,1.6,8.8
1050947.0,7.2,3.5,10.7
941684.0,7.2,2.3,9.5
1028392.0,7.2,1.3,8.5
1060135.0,7.0,3.2,10.2
1546833.0,3.6,1.9,5.5
1030323.0,7.0,1.3,8.3
1209973.0,7.1,3.0,10.1
1563736.0,3.4,1.8,5.2
1030541.0,5.5,1.0,6.5
972328.0,5.4,3.1,8.5
896435.0,6.8,2.7,9.5
1030844.0,7.3,1.2,8.5
1104377.0,7.4,3.4,10.8
708975.0,6.0,3.6,9.6
1030872.0,7.9,1.6,9.5
1314774.0,4.9,3.8,8.7
982303.0,6.1,2.8,8.899999999999999
1032483.0,6.6,1.3,7.899999999999999
1045925.0,6.6,4.0,10.6
988767.0,6.5,2.5,9.0
1033528.0,7.7,1.7,9.4
829714.0,9.2,3.8,13.0
740338.0,7.1,3.0,10.1
1033598.0,7.0,1.7,8.7
1029402.0,7.2,4.4,11.6
1023426.0,5.0,2.5,7.5
1033647.0,6.5,1.7,8.2
986306.0,7.7,4.5,12.2
1633359.0,4.3,1.4,5.699999999999999
1033920.0,7.4,1.2,8.6
1079073.0,8.2,3.7,11.9
975460.0,6.0,2.6,8.6
1034141.0,7.3,1.1,8.4
1013801.0,7.3,3.7,11.0
1120476.0,5.2,2.6,7.800000000000001
1034260.0,7.1,1.9,9.0
1037057.0,7.6,4.6,12.2
959035.0,7.6,2.3,9.9
1035208.0,7.0,0.9,7.9
1038355.0,7.6,3.8,11.4
924815.0,6.5,2.5,9.0
1035831.0,6.8,1.1,7.9
1110956.0,5.4,3.6,9.0
1238540.0,5.5,2.7,8.2
1147572.0,6.3,2.5,8.8
1036861.0,6.3,1.5,7.8
790933.0,7.4,3.4,10.8
1122140.0,6.0,2.6,8.6
1036995.0,7.0,1.4,8.4
1063008.0,7.0,3.1,10.1
938018.0,9.4,2.7,12.1
1037433.0,8.4,1.6,10.0
972173.0,9.4,4.2,13.6
889882.0,5.3,3.0,8.3
1038710.0,4.6,0.4,5.0
1386852.0,3.9,4.1,8.0
1202808.0,5.1,2.4,7.5
1038739.0,6.6,1.5,8.1
1130832.0,6.2,4.2,10.4
983542.0,6.5,2.2,8.7
1039462.0,7.8,1.7,9.5
563282.0,11.1,4.3,15.4
1163887.0,4.7,2.5,7.2
1040406.0,5.9,0.8,6.7
919560.0,7.7,3.1,10.8
935848.0,8.8,3.0,11.8
1041302.0,8.6,1.4,10.0
1010352.0,7.3,3.3,10.6
920820.0,6.7,2.8,9.5
1041534.0,7.4,1.0,8.4
1028155.0,8.0,3.8,11.8
928557.0,7.3,2.4,9.7
1041575.0,6.8,1.1,7.9
1104453.0,5.9,3.5,9.4
964362.0,5.7,2.3,8.0
1041709.0,6.1,1.2,7.3
1042923.0,6.9,3.9,10.8
1614494.0,4.9,2.2,7.1000000000000005
1042211.0,7.7,1.1,8.8
1094234.0,5.9,2.7,8.600000000000001
1043245.0,6.0,1.3,7.3
953084.0,7.5,3.9,11.4
385731.0,5.8,3.8,9.6
1043677.0,4.5,0.5,5.0
464475.0,5.0,2.5,7.5
865932.0,8.6,2.5,11.1
1043847.0,6.9,1.2,8.1
988514.0,8.5,3.4,11.9
1078798.0,4.5,2.4,6.9
1043943.0,6.4,1.4,7.800000000000001
1153453.0,4.7,3.9,8.6
1115131.0,5.1,2.3,7.399999999999999
1044213.0,8.4,1.9,10.3
784432.0,7.9,3.8,11.7
1232433.0,4.1,2.4,6.5
1045802.0,6.9,1.6,8.5
1143241.0,6.3,3.8,10.1
921914.0,7.5,2.3,9.8
1046104.0,8.4,1.4,9.8
976309.0,9.0,3.7,12.7
1233937.0,5.3,2.6,7.9
1046272.0,8.5,1.3,9.8
675775.0,9.0,3.9,12.9
1052593.0,8.1,2.1,10.2
1046503.0,8.7,1.7,10.4
1052989.0,9.5,3.7,13.2
946193.0,5.5,2.7,8.2
1046532.0,7.2,1.5,8.7
1079590.0,6.9,3.4,10.3
1014215.0,5.7,2.5,8.2
1047666.0,6.7,0.9,7.6
1137192.0,5.8,3.7,9.5
980705.0,6.4,2.7,9.1
1048344.0,7.2,1.6,8.8
1088714.0,8.1,3.7,11.8
1206004.0,6.1,2.4,8.5
1049418.0,7.2,1.2,8.4
1084995.0,7.6,3.5,11.1
1080437.0,4.9,2.3,7.2
1050018.0,6.3,1.9,8.2
1056694.0,7.4,3.9,11.3
1622658.0,3.3,1.2,4.5
1050227.0,6.2,1.4,7.6
1107771.0,4.8,2.2,7.0
1050273.0,7.3,1.3,8.6
982984.0,6.7,2.7,9.4
1051222.0,7.2,1.4,8.6
1103844.0,6.8,3.5,10.3
939178.0,7.5,2.8,10.3
1051459.0,8.1,1.8,9.9
1012695.0,8.5,3.8,12.3
1177634.0,7.8,2.7,10.5
1052178.0,9.9,1.7,11.6
749388.0,11.7,3.3,15.0
1691313.0,3.7,1.4,5.1
1052374.0,6.4,1.3,7.7
1042099.0,6.2,3.5,9.7
978785.0,6.7,2.6,9.3
1052548.0,8.0,1.6,9.6
971230.0,7.3,4.0,11.3
1107376.0,3.4,1.8,5.2
1053749.0,8.2,1.6,9.8
1344452.0,3.5,5.3,8.8
1009705.0,6.2,2.6,8.8
1054305.0,5.7,1.1,6.800000000000001
1021363.0,7.3,3.9,11.2
1261948.0,4.6,2.1,6.699999999999999
1054561.0,6.2,1.4,7.6
986430.0,7.4,3.8,11.2
1003111.0,6.0,2.3,8.3
1054585.0,5.9,1.4,7.300000000000001
1098203.0,6.7,2.9,9.6
1016757.0,6.4,2.6,9.0
1054805.0,6.7,1.5,8.2
1053436.0,7.0,3.9,10.9
862972.0,7.4,2.9,10.3
1056082.0,6.7,1.3,8.0
842731.0,8.0,3.7,11.7
983222.0,6.6,2.7,9.3
1056116.0,6.5,1.5,8.0
1066429.0,7.6,3.9,11.5
1049738.0,6.2,2.5,8.7
1056374.0,6.6,1.0,7.6
975362.0,7.9,3.7,11.6
972329.0,6.1,2.7,8.8
1056506.0,6.1,1.4,7.5
1028271.0,7.2,3.4,10.6
1000263.0,6.8,2.6,9.4
1057580.0,7.1,1.3,8.4
1109987.0,7.3,3.6,10.9
950959.0,6.5,2.4,8.9
1057798.0,7.1,1.3,8.4
1027742.0,7.5,3.7,11.2
1090217.0,4.9,2.5,7.4
1057927.0,6.6,1.2,7.8
1036856.0,7.6,3.8,11.4
1557062.0,6.3,2.6,8.9
1058440.0,9.1,1.1,10.2
928218.0,7.9,3.5,11.4
956719.0,8.0,2.6,10.6
1058487.0,7.2,1.6,8.8
1063050.0,8.6,3.5,12.1
1000948.0,5.9,2.8,8.7
1058859.0,7.3,1.5,8.8
660889.0,8.6,4.2,12.8
1395764.0,4.2,2.0,6.2
1059060.0,5.9,1.7,7.6
752634.0,8.3,3.0,11.3
772908.0,5.3,3.0,8.3
1060660.0,7.5,1.8,9.3
1347438.0,5.6,3.9,9.5
1087106.0,8.0,2.8,10.8
1060846.0,8.3,1.9,10.2
1089321.0,8.0,3.4,11.4
969870.0,6.0,2.6,8.6
1062155.0,6.6,0.7,7.3
1038491.0,7.0,3.2,10.2
1031931.0,5.6,2.5,8.1
1062192.0,8.1,1.5,9.6
570232.0,11.0,3.9,14.9
785716.0,8.4,2.6,11.0
1062930.0,6.5,1.6,8.1
1270827.0,6.7,2.7,9.4
1011403.0,6.0,2.4,8.4
1063070.0,6.4,1.3,7.7
1144538.0,6.8,3.9,10.7
971834.0,8.2,3.1,11.3
1063288.0,8.2,1.6,9.8
980078.0,8.1,4.5,12.6
970660.0,7.0,2.5,9.5
943531.0,7.4,2.3,9.7
1092236.0,5.3,2.5,7.8
1064308.0,6.6,1.5,8.1
927911.0,8.0,4.4,12.4
931333.0,6.8,3.0,9.8
1064485.0,7.2,1.1,8.3
1134206.0,6.9,4.0,10.9
1014701.0,6.2,2.6,8.8
1064902.0,7.9,1.4,9.3
1088086.0,7.1,3.5,10.6
1182567.0,4.7,2.3,7.0
1065583.0,6.1,1.3,7.399999999999999
1152533.0,5.8,4.0,9.8
1295672.0,2.2,1.9,4.1
1065798.0,2.9,0.3,3.2
1155869.0,4.1,2.4,6.5
1066758.0,6.8,1.2,8.0
902674.0,6.7,2.8,9.5
1329177.0,7.3,2.9,10.2
1066933.0,7.6,1.7,9.3
1302589.0,7.2,3.8,11.0
1060531.0,5.1,2.6,7.699999999999999
1067356.0,5.8,1.5,7.3
1037925.0,7.2,3.4,10.6
1024764.0,6.2,2.2,8.4
1067662.0,6.8,1.5,8.3
1069723.0,8.1,3.6,11.7
858937.0,5.4,2.6,8.0
1069051.0,6.0,1.5,7.5
1184065.0,5.7,4.4,10.1
1051650.0,6.3,2.8,9.1
1069876.0,6.7,1.6,8.3
1182860.0,7.1,3.8,10.9
1081021.0,6.7,2.0,8.7
1071035.0,7.7,1.3,9.0
926805.0,8.5,3.6,12.1
1406103.0,3.4,1.1,4.5
1071120.0,3.8,1.0,4.8
940339.0,6.4,2.4,8.8
1072243.0,6.7,1.4,8.1
1168050.0,6.6,3.2,9.8
1010216.0,6.0,2.5,8.5
1072674.0,5.9,1.0,6.9
1102342.0,7.3,3.9,11.2
1300696.0,4.4,0.1,4.5
1074219.0,7.9,0.8,8.700000000000001
863698.0,8.1,3.1,11.2
1519175.0,3.5,2.0,5.5
1074610.0,7.5,0.4,7.9
847469.0,8.8,3.9,12.7
1335576.0,6.1,2.4,8.5
1074858.0,7.8,1.4,9.2
1130161.0,6.2,4.3,10.5
1057002.0,6.2,2.6,8.8
1074958.0,7.0,1.8,8.8
1029211.0,8.0,4.1,12.1
1264342.0,5.4,2.3,7.7
1075173.0,7.8,1.7,9.5
884191.0,9.1,3.8,12.9
776518.0,7.1,2.8,9.9
1075212.0,6.7,1.3,8.0
1002641.0,7.8,4.0,11.8
1578862.0,2.3,2.1,4.4
1075662.0,5.4,1.1,6.5
1205170.0,5.3,3.3,8.6
1335552.0,3.6,1.2,4.8
1075749.0,5.0,2.2,7.2
1164135.0,4.9,2.2,7.1000000000000005
1075823.0,6.3,1.5,7.8
1081880.0,7.7,3.4,11.1
948552.0,7.2,2.3,9.5
1076146.0,6.8,1.3,8.1
1045387.0,7.1,3.7,10.8
997682.0,6.7,2.2,8.9
1077078.0,7.0,1.0,8.0
1077965.0,7.7,3.8,11.5
903893.0,7.9,2.8,10.7
1077394.0,7.3,1.4,8.7
1059789.0,8.6,3.2,11.8
976255.0,6.4,2.5,8.9
1077885.0,7.4,1.1,8.5
1118115.0,6.9,3.2,10.1
955979.0,7.7,2.7,10.4
1077926.0,6.5,1.1,7.6
1091896.0,7.3,3.5,10.8
1100244.0,5.2,2.4,7.6
1078237.0,6.8,1.7,8.5
1133208.0,7.1,3.0,10.1
1126211.0,6.8,2.5,9.3
1079315.0,8.2,1.8,10.0
882560.0,9.7,3.4,13.1
920171.0,6.4,2.9,9.3
1079802.0,6.8,0.8,7.6
945475.0,5.7,2.7,8.4
1079922.0,6.1,1.1,7.199999999999999
1182653.0,6.5,3.0,9.5
1157742.0,5.8,2.3,8.1
1081559.0,6.3,1.5,7.8
1069390.0,6.7,3.5,10.2
1270899.0,4.8,2.2,7.0
1081564.0,6.7,1.8,8.5
1163864.0,7.8,3.4,11.2
1037116.0,6.4,2.6,9.0
1082073.0,11.1,1.6,12.7
399602.0,13.9,3.9,17.8
1171655.0,6.2,2.6,8.8
1082338.0,8.1,1.7,9.8
1062775.0,8.3,3.6,11.9
982819.0,5.9,2.7,8.600000000000001
1082861.0,6.4,1.4,7.800000000000001
1014249.0,6.3,3.8,10.1
1037908.0,6.6,2.6,9.2
1083332.0,8.7,1.7,10.4
702720.0,7.9,2.9,10.8
1083488.0,6.9,1.4,8.3
1068213.0,6.5,4.3,10.8
951792.0,6.9,2.6,9.5
1084487.0,6.9,1.0,7.9
1149328.0,6.6,3.4,10.0
987053.0,6.2,2.5,8.7
1085299.0,7.0,1.2,8.2
1095416.0,7.5,3.7,11.2
1008167.0,5.1,2.6,7.699999999999999
1085349.0,6.9,1.2,8.1
1182030.0,6.5,3.4,9.9
1061058.0,5.8,2.2,8.0
1086061.0,6.2,1.3,7.5
1045906.0,7.1,3.7,10.8
1007732.0,6.8,2.7,9.5
1087651.0,6.7,1.3,8.0
1055130.0,7.1,3.8,10.9
915473.0,7.0,2.6,9.6
1088677.0,6.9,1.5,8.4
1023680.0,7.7,4.3,12.0
990591.0,6.0,2.6,8.6
1088840.0,5.5,1.4,6.9
1124934.0,7.0,2.7,9.7
1666894.0,4.7,2.1,6.800000000000001
1089022.0,7.5,0.9,8.4
886524.0,5.5,4.1,9.6
903990.0,5.9,3.1,9.0
1089114.0,5.7,2.2,7.9
1677072.0,5.8,3.6,9.4
991177.0,6.8,2.5,9.3
1089468.0,7.4,1.5,8.9
1001414.0,8.7,3.6,12.3
1146455.0,3.2,2.5,5.7
1090372.0,6.5,0.7,7.2
1285659.0,3.2,2.0,5.2
1090959.0,3.8,1.3,5.1
942853.0,7.2,2.5,9.7
1092435.0,6.6,1.2,7.8
1105902.0,7.5,3.3,10.8
1029460.0,6.8,2.7,9.5
1092709.0,6.5,1.3,7.8
1015282.0,7.4,3.2,10.6
1077780.0,6.2,2.4,8.6
1093965.0,6.8,1.2,8.0
877334.0,8.2,3.9,12.1
1004968.0,6.8,2.6,9.4
1094718.0,7.1,1.3,8.4
1127967.0,8.0,3.9,11.9
1702613.0,-0.4,0.4,0.0
1094962.0,5.3,2.3,7.6
1008535.0,5.1,2.1,7.199999999999999
1095010.0,6.8,1.2,8.0
1159642.0,6.9,3.3,10.2
1070674.0,6.0,2.4,8.4
1095297.0,7.1,1.7,8.799999999999999
1052361.0,8.3,3.6,11.9
1477107.0,4.4,1.8,6.2
1096098.0,6.9,1.2,8.1
1774912.0,3.4,2.7,6.1
1035208.0,6.6,2.2,8.8
1098025.0,6.3,1.5,7.8
1242033.0,5.6,3.2,8.8
1277992.0,5.5,2.2,7.7
1098643.0,7.3,1.4,8.7
1023119.0,7.9,4.2,12.1
1050803.0,7.8,2.5,10.3
1099611.0,8.1,1.3,9.4
1155855.0,8.5,3.1,11.6
882896.0,8.3,2.6,10.9
1099988.0,6.5,0.9,7.4
1496591.0,4.9,2.5,7.4
1492559.0,3.8,1.7,5.5
1094863.0,6.8,4.3,11.1
892160.0,4.8,2.1,6.9
1101392.0,5.9,1.2,7.1000000000000005
1293539.0,6.1,4.3,10.4
1031734.0,6.2,2.2,8.4
1102096.0,6.5,1.2,7.7
1137911.0,6.7,3.5,10.2
1002081.0,6.5,2.4,8.9
1102248.0,7.2,1.2,8.4
1122813.0,6.9,3.3,10.2
1298073.0,3.9,1.7,5.6
1102781.0,5.9,1.4,7.300000000000001
1306096.0,4.8,2.9,7.699999999999999
1190211.0,6.2,2.9,9.1
1103174.0,6.0,1.9,7.9
1034340.0,7.6,4.2,11.8
1693582.0,3.3,1.8,5.1
1103927.0,5.7,0.9,6.6000000000000005
1071194.0,6.2,3.4,9.6
960237.0,6.3,2.4,8.7
1104111.0,5.2,0.8,6.0
1335167.0,6.1,3.0,9.1
1002250.0,5.3,2.6,7.9
1104168.0,5.5,0.8,6.3
1280287.0,5.9,3.6,9.5
926492.0,5.5,2.7,8.2
1104189.0,4.5,1.0,5.5
1362257.0,4.5,1.5,6.0
1105218.0,8.2,1.1,9.3
702047.0,8.5,3.5,12.0
966958.0,7.4,2.6,10.0
1105943.0,6.6,1.3,7.899999999999999
1126286.0,8.1,3.4,11.5
974826.0,0.0,0.0,0.0
1106248.0,6.3,1.8,8.1
738459.0,3.8,6.0,9.8
1671013.0,4.8,1.9,6.699999999999999
1106523.0,6.4,1.6,8.0
1246583.0,5.0,2.5,7.5
1106682.0,6.2,1.7,7.9
1132266.0,7.1,4.0,11.1
1639250.0,3.8,2.1,5.9
1107859.0,6.4,1.1,7.5
807369.0,9.2,3.6,12.8
1143698.0,5.1,2.3,7.399999999999999
1108100.0,6.7,1.5,8.2
995849.0,7.3,3.8,11.1
973306.0,6.2,2.5,8.7
1108141.0,8.1,1.6,9.7
1007860.0,8.8,3.4,12.2
1108169.0,13.8,1.3,15.1
891102.0,6.7,2.5,9.2
1108844.0,7.0,1.5,8.5
993525.0,7.4,4.2,11.6
1096694.0,6.4,2.5,8.9
1109193.0,6.4,1.5,7.9
1085362.0,7.5,3.7,11.2
1008301.0,4.9,2.4,7.300000000000001
1109460.0,6.7,0.8,7.5
1290030.0,3.9,3.2,7.1
1534252.0,2.1,1.8,3.9
1109616.0,4.1,0.5,4.6
858857.0,2.8,6.0,8.8
1419481.0,4.2,2.0,6.2
1109642.0,6.3,1.5,7.8
1126251.0,6.1,4.2,10.3
1366498.0,5.4,2.5,7.9
1109819.0,7.1,0.9,8.0
837774.0,8.7,3.6,12.3
1494409.0,4.2,2.8,7.0
1110098.0,6.2,1.2,7.4
1190802.0,7.3,4.5,11.8
1123176.0,5.3,2.4,7.699999999999999
1111346.0,5.9,1.0,6.9
1151351.0,5.4,3.2,8.600000000000001
1318011.0,4.5,2.0,6.5
1111837.0,7.8,1.1,8.9
724097.0,10.2,3.5,13.7
1089821.0,4.9,2.3,7.2
1112092.0,6.6,1.3,7.899999999999999
1128474.0,6.3,4.2,10.5
1334135.0,4.7,2.4,7.1
1113469.0,6.2,1.3,7.5
986517.0,6.3,3.4,9.7
1114487.0,5.8,2.4,8.2
1113662.0,7.3,1.3,8.6
875342.0,9.1,4.0,13.1
1091178.0,6.1,2.9,9.0
1113951.0,7.2,1.6,8.8
1071057.0,8.0,3.8,11.8
1168605.0,5.1,2.4,7.5
1114630.0,6.1,1.3,7.399999999999999
1052628.0,6.6,4.2,10.8
1119840.0,4.9,2.2,7.1000000000000005
1114856.0,6.6,1.6,8.2
1112573.0,6.8,3.5,10.3
1048076.0,5.1,2.6,7.699999999999999
1114897.0,6.7,1.2,7.9
857824.0,8.2,3.6,11.8
1067172.0,6.0,2.3,8.3
1115607.0,6.2,1.3,7.5
1161166.0,6.4,3.6,10.0
1126903.0,5.1,2.2,7.3
1116190.0,6.4,1.5,7.9
900007.0,8.3,3.6,11.9
921875.0,5.3,2.7,8.0
1116210.0,6.1,1.3,7.399999999999999
867473.0,7.2,3.6,10.8
1050766.0,6.2,2.4,8.6
1228769.0,5.0,2.3,7.3
1117448.0,6.7,1.0,7.7
976894.0,7.0,3.6,10.6
1167174.0,5.5,2.3,7.8
1118264.0,7.5,1.5,9.0
687526.0,9.0,4.1,13.1
1008286.0,7.2,2.5,9.7
1118626.0,7.4,1.6,9.0
1128441.0,6.6,3.2,9.8
1276270.0,6.0,2.6,8.6
1119677.0,6.2,1.4,7.6
1014208.0,8.3,4.4,12.7
1175015.0,6.0,2.3,8.3
1120000.0,7.9,1.5,9.4
1158084.0,7.4,4.2,11.6
1695063.0,4.0,2.1,6.1
1120353.0,5.1,1.3,6.4
1416681.0,4.2,2.5,6.7
954044.0,4.4,3.6,8.0
1120910.0,4.4,0.5,4.9
1211761.0,6.8,2.4,9.2
1122754.0,4.4,2.2,6.6000000000000005
1121024.0,6.0,0.8,6.8
1097782.0,7.9,3.4,11.3
1078413.0,6.3,2.2,8.5
1122358.0,6.5,1.1,7.6
1106253.0,5.1,2.5,7.6
1122863.0,6.2,1.2,7.4
1028296.0,6.8,3.3,10.1
775698.0,9.3,2.9,12.2
1123971.0,6.3,1.4,7.699999999999999
1206983.0,6.9,3.6,10.5
1138894.0,5.2,2.5,7.7
1124133.0,5.3,1.1,6.4
905621.0,6.7,3.7,10.4
592221.0,12.0,3.1,15.1
1124145.0,9.9,1.4,11.3
522432.0,13.1,3.8,16.9
1369332.0,2.7,1.7,4.4
1124943.0,5.8,2.2,8.0
1538583.0,3.5,1.4,4.9
1125596.0,5.5,1.1,6.6
1047774.0,6.0,3.0,9.0
1312368.0,5.1,1.8,6.9
1125741.0,6.3,0.7,7.0
1218810.0,5.3,2.5,7.8
1126157.0,6.8,1.5,8.3
1107234.0,7.7,3.3,11.0
1103823.0,5.8,2.5,8.3
1126262.0,7.3,0.8,8.1
1107026.0,7.4,3.1,10.5
966440.0,8.0,2.5,10.5
1126349.0,7.3,1.4,8.7
993152.0,8.8,3.6,12.4
1098274.0,5.4,2.3,7.7
1128380.0,6.2,1.5,7.7
1153926.0,6.2,3.1,9.3
1089665.0,5.0,2.3,7.3
1128920.0,5.5,1.2,6.7
1126207.0,6.3,3.5,9.8
1120136.0,5.1,2.4,7.5
1128965.0,6.1,1.1,7.199999999999999
1259651.0,6.3,3.8,10.1
1060382.0,6.5,2.4,8.9
1129147.0,6.8,1.1,7.9
1180905.0,7.0,3.6,10.6
1112506.0,6.1,2.7,8.8
1129523.0,7.9,1.7,9.6
1153646.0,7.6,3.6,11.2
1101896.0,7.1,2.5,9.6
1131473.0,7.0,1.5,8.5
1128658.0,6.5,3.7,10.2
897420.0,7.8,2.4,10.2
1132869.0,9.4,1.2,10.6
466188.0,12.7,3.5,16.2
1092638.0,7.2,1.4,8.6
1133363.0,5.5,1.7,7.2
1091436.0,5.6,4.1,9.7
1007095.0,6.3,2.9,9.2
1133482.0,6.0,1.0,7.0
1169575.0,6.9,3.7,10.6
1046500.0,6.3,2.3,8.6
1134155.0,6.0,1.2,7.2
1171487.0,7.0,3.2,10.2
1350207.0,4.4,2.4,6.800000000000001
1137241.0,6.7,0.9,7.6
1128341.0,7.8,1.6,9.4
1137529.0,6.4,1.3,7.7
1386812.0,4.1,4.1,8.2
778277.0,10.0,3.1,13.1
359153.0,14.5,4.2,18.7
681736.0,10.8,3.1,13.9
1138784.0,8.7,1.6,10.3
463829.0,12.9,3.7,16.6
1081648.0,6.6,2.4,9.0
1139760.0,7.0,1.3,8.3
1224713.0,6.5,3.1,9.6
1076572.0,6.3,2.5,8.8
1140076.0,6.9,1.6,8.5
922944.0,8.9,3.4,12.3
1086573.0,5.4,2.3,7.7
1140180.0,6.8,1.2,8.0
1082433.0,6.5,3.5,10.0
1072232.0,5.0,2.6,7.6
1140670.0,6.4,1.4,7.800000000000001
1187788.0,5.5,3.5,9.0
1057534.0,5.8,2.3,8.1
1140894.0,6.3,1.1,7.4
1231318.0,5.9,3.5,9.4
1152401.0,6.8,2.3,9.1
1141296.0,7.6,1.6,9.2
1065107.0,8.5,3.6,12.1
1015768.0,5.1,2.9,8.0
1141509.0,5.6,1.7,7.3
1127816.0,5.7,2.3,8.0
1141546.0,6.6,1.6,8.2
1176606.0,7.2,3.7,10.9
1136608.0,5.3,2.3,7.6
1143339.0,5.2,1.2,6.4
763575.0,8.9,3.8,12.7
1308901.0,5.1,2.6,7.699999999999999
1143905.0,5.7,1.3,7.0
1344590.0,4.8,3.1,7.9
1259016.0,4.0,2.4,6.4
1147239.0,6.1,0.8,6.9
1025917.0,5.2,3.4,8.6
1148311.0,5.1,2.5,7.6
1148205.0,5.6,1.1,6.699999999999999
1149608.0,6.3,3.8,10.1
1617923.0,2.2,1.2,3.4000000000000004
1148355.0,7.6,0.9,8.5
1234716.0,5.0,2.3,7.3
1150402.0,7.1,1.4,8.5
1197914.0,7.9,3.7,11.6
1141059.0,5.7,2.2,7.9
1150777.0,6.9,1.4,8.3
1055404.0,5.8,2.4,8.2
1150943.0,7.1,1.7,8.799999999999999
1189244.0,6.9,3.0,9.9
1111586.0,5.6,2.5,8.1
1152497.0,6.7,0.9,7.6
1176875.0,7.5,3.3,10.8
1079975.0,5.1,2.3,7.399999999999999
1152557.0,6.1,1.4,7.5
1337977.0,5.9,3.5,9.4
1666321.0,1.9,1.6,3.5
1152778.0,5.7,2.3,8.0
1236029.0,7.4,4.9,12.3
1077369.0,5.0,2.6,7.6
1154792.0,5.1,1.7,6.8
1304776.0,7.0,2.7,9.7
1119591.0,5.5,2.5,8.0
1155689.0,5.8,1.2,7.0
1231640.0,6.7,3.8,10.5
1093038.0,5.5,2.6,8.1
1155727.0,6.9,1.4,8.3
1196718.0,6.7,3.4,10.1
1071208.0,6.6,2.7,9.3
1155924.0,6.8,1.0,7.8
1185711.0,7.7,3.5,11.2
1101201.0,6.0,2.6,8.6
1156105.0,7.1,1.7,8.799999999999999
1130582.0,7.7,3.7,11.4
923514.0,8.6,2.7,11.3
1156333.0,8.2,1.7,9.9
1001999.0,8.6,3.5,12.1
1314772.0,6.7,1.7,8.4
1156686.0,7.3,0.9,8.2
826585.0,8.5,5.4,13.9
1368168.0,5.0,2.0,7.0
1157099.0,7.2,1.8,9.0
1278646.0,7.1,3.2,10.3
1111070.0,5.2,2.0,7.2
1158162.0,7.1,1.0,8.1
1213680.0,6.6,3.4,10.0
1068636.0,6.5,2.4,8.9
1091735.0,5.7,2.6,8.3
1159959.0,5.5,0.9,6.4
1354610.0,5.9,3.0,8.9
1120176.0,5.7,2.3,8.0
1160783.0,5.3,0.9,6.2
1135689.0,7.1,3.1,10.2
1051591.0,7.5,2.5,10.0
1161103.0,7.3,1.3,8.6
1144143.0,8.0,3.6,11.6
1116056.0,5.8,2.2,8.0
1161823.0,6.3,2.0,8.3
1175475.0,6.0,3.9,9.9
1166565.0,5.1,2.5,7.6
1163095.0,6.2,1.1,7.300000000000001
1141535.0,6.5,3.4,9.9
1240847.0,5.3,2.4,7.699999999999999
1163865.0,6.5,1.4,7.9
1066964.0,7.5,2.9,10.4
1159672.0,6.3,2.5,8.8
1163995.0,7.0,1.4,8.4
1425990.0,5.2,2.6,7.800000000000001
930155.0,9.5,2.5,12.0
1164513.0,10.1,1.7,11.8
520773.0,12.4,3.4,15.8
1158650.0,5.3,2.5,7.8
1164980.0,6.8,1.5,8.3
1115913.0,6.2,3.3,9.5
1029023.0,6.4,2.6,9.0
1166649.0,7.1,1.5,8.6
1029963.0,7.6,4.6,12.2
1108463.0,5.5,2.6,8.1
1166701.0,6.6,1.1,7.699999999999999
754635.0,8.8,3.9,12.7
1661958.0,3.2,1.7,4.9
1167937.0,6.7,0.8,7.5
1259377.0,5.9,3.7,9.6
1097514.0,6.8,2.6,9.4
1168128.0,6.3,1.5,7.8
1176086.0,7.7,3.7,11.4
1229641.0,5.7,2.3,8.0
1168287.0,6.8,1.9,8.7
1197869.0,6.3,4.2,10.5
1167955.0,4.9,2.9,7.800000000000001
1168751.0,5.8,1.7,7.5
1140780.0,5.7,4.1,9.8
1188231.0,5.3,2.7,8.0
1169607.0,6.5,1.7,8.2
1208274.0,7.0,4.1,11.1
1052254.0,5.8,2.5,8.3
1170167.0,5.9,1.6,7.5
1140628.0,5.8,4.3,10.1
1552410.0,4.5,1.6,6.1
1171681.0,4.3,1.1,5.4
1702809.0,3.4,3.5,6.9
1054650.0,6.8,2.6,9.4
1173588.0,7.4,1.3,8.700000000000001
1009150.0,8.4,3.4,11.8
1149008.0,6.2,2.4,8.6
1173960.0,6.6,1.5,8.1
1162970.0,7.5,3.6,11.1
1312070.0,4.6,2.1,6.699999999999999
1174272.0,6.7,1.5,8.2
1289514.0,5.5,3.4,8.9
1647347.0,3.6,1.6,5.2
1174499.0,5.7,0.5,6.2
1104048.0,5.5,3.0,8.5
1160387.0,7.1,2.8,9.9
1175121.0,7.6,1.4,9.0
1186242.0,8.6,3.3,11.9
1160556.0,5.5,2.1,7.6
1175274.0,6.3,1.2,7.5
1196058.0,6.5,3.9,10.4
1187744.0,4.7,2.5,7.2
1175790.0,5.9,1.3,7.2
1225792.0,6.2,3.8,10.0
1216551.0,4.4,1.9,6.300000000000001
1176318.0,6.4,0.8,7.2
776378.0,6.6,3.9,10.5
1149791.0,5.1,2.2,7.3
1176887.0,5.2,1.3,6.5
1192645.0,5.4,3.4,8.8
1252575.0,4.9,2.4,7.300000000000001
1177480.0,6.5,1.2,7.7
1235419.0,5.3,4.4,9.7
1405077.0,3.6,1.7,5.3
1178958.0,6.3,0.3,6.6
1153179.0,5.5,2.4,7.9
1180045.0,6.1,1.2,7.3
1245696.0,6.5,3.5,10.0
1220666.0,5.4,2.3,7.7
1183060.0,5.5,0.9,6.4
1138658.0,6.5,3.5,10.0
773877.0,5.5,1.2,6.7
1183594.0,7.5,0.3,7.8
1263950.0,0.0,0.0,0.0
1068299.0,5.2,2.5,7.7
1186019.0,5.2,0.8,6.0
1396957.0,5.0,3.3,8.3
1182003.0,4.0,2.0,6.0
1186940.0,5.4,1.4,6.800000000000001
1212050.0,6.7,3.4,10.1
1050037.0,6.4,2.3,8.7
1187028.0,6.1,1.3,7.399999999999999
1194237.0,6.4,3.3,9.7
1078847.0,5.7,2.3,8.0
1188171.0,5.4,1.2,6.6000000000000005
1208694.0,5.7,3.8,9.5
1198269.0,5.7,2.4,8.1
1188290.0,6.4,1.1,7.5
1124750.0,8.3,3.8,12.1
1153988.0,5.2,2.4,7.6
1188441.0,5.1,1.5,6.6
1245283.0,5.7,3.2,8.9
1149204.0,5.0,2.6,7.6
1188692.0,6.2,1.1,7.300000000000001
1440473.0,5.6,2.6,8.2
948655.0,1.5,1.0,2.5
1191620.0,5.0,0.6,5.6
1300615.0,5.4,2.0,7.4
1191901.0,5.7,1.6,7.300000000000001
1287953.0,6.2,3.5,9.7
1180270.0,5.6,2.4,8.0
1192251.0,5.9,1.6,7.5
1154509.0,6.2,4.0,10.2
1213302.0,6.4,2.0,8.4
1194142.0,5.5,1.3,6.8
1081684.0,8.9,3.5,12.4
1138867.0,4.9,2.5,7.4
1194177.0,7.2,1.4,8.6
1187703.0,7.2,2.8,10.0
1178816.0,4.0,1.9,5.9
1195489.0,6.5,0.8,7.3
1080523.0,7.6,2.4,10.0
1195686.0,7.3,1.6,8.9
1217894.0,8.2,3.3,11.5
1092088.0,5.8,2.3,8.1
1196075.0,5.9,1.3,7.2
1221115.0,6.3,3.6,9.9
1095232.0,5.4,2.4,7.800000000000001
1196139.0,5.2,1.2,6.4
1306026.0,6.0,3.2,9.2
1222745.0,5.5,2.1,7.6
1196519.0,6.8,1.4,8.2
1199081.0,6.4,3.9,10.3
1173818.0,5.3,2.5,7.8
1197200.0,7.1,1.6,8.7
1212052.0,6.7,3.8,10.5
1249500.0,4.5,2.2,6.7
1198061.0,6.1,1.4,7.5
1438907.0,4.7,3.1,7.800000000000001
1115898.0,5.2,2.1,7.300000000000001
1198150.0,6.1,1.0,7.1
1304518.0,5.6,3.4,9.0
1174605.0,5.0,2.4,7.4
1198949.0,6.3,1.5,7.8
1123341.0,7.3,3.9,11.2
1544299.0,5.8,3.8,9.6
1200562.0,8.0,3.6,11.6
979709.0,3.8,6.0,9.8
1009418.0,6.2,2.8,9.0
1200591.0,5.7,0.7,6.4
1085445.0,5.5,4.2,9.7
1262685.0,5.6,2.2,7.8
1179817.0,5.4,2.2,7.6
1201235.0,5.4,0.7,6.1000000000000005
1279522.0,6.4,3.7,10.1
1115945.0,5.4,2.1,7.5
1201984.0,4.4,0.8,5.2
1189862.0,6.2,3.2,9.4
1502230.0,4.6,2.4,7.0
1202314.0,9.3,1.6,10.9
1200771.0,6.7,2.4,9.1
1202862.0,6.8,1.2,8.0
1205400.0,7.3,3.2,10.5
1079436.0,5.2,2.3,7.5
1203157.0,6.3,1.1,7.4
825274.0,7.3,4.5,11.8
1330583.0,4.4,2.6,7.0
1204422.0,7.4,1.1,8.5
1072880.0,6.7,4.0,10.7
1017726.0,8.0,2.7,10.7
1204661.0,6.5,1.2,7.7
516092.0,10.6,4.0,14.6
1583654.0,2.4,2.1,4.5
1205060.0,5.0,1.2,6.2
1193707.0,5.3,4.0,9.3
1079212.0,5.3,2.5,7.8
1205397.0,5.9,1.5,7.4
1228163.0,4.6,2.5,7.1
1205501.0,6.6,1.4,8.0
1152124.0,6.1,3.7,9.8
1145781.0,6.6,2.7,9.3
1207960.0,7.0,1.9,8.9
1140948.0,6.5,4.2,10.7
1366894.0,3.9,1.1,5.0
1208290.0,6.3,0.6,6.9
1169056.0,5.9,2.4,8.3
1208653.0,5.7,1.5,7.2
1220369.0,6.3,3.3,9.6
1274835.0,4.9,2.2,7.1000000000000005
1209538.0,6.0,1.8,7.8
1106371.0,7.8,4.1,11.9
1278938.0,5.3,2.3,7.6
1210077.0,7.3,1.5,8.8
1210106.0,7.9,3.7,11.6
1215836.0,4.2,2.0,6.2
1210749.0,6.5,1.1,7.6
1315933.0,5.7,3.2,8.9
1276770.0,4.2,2.2,6.4
1210904.0,6.3,1.8,8.1
1367580.0,5.1,3.6,8.7
1187098.0,4.8,2.1,6.9
1211322.0,6.2,1.3,7.5
1268013.0,6.3,3.7,10.0
1153357.0,5.0,2.3,7.3
1211631.0,5.9,1.0,6.9
1295895.0,5.1,3.5,8.6
1197200.0,5.2,2.2,7.4
1212836.0,6.1,1.3,7.399999999999999
1284079.0,6.7,3.7,10.4
1665757.0,2.9,1.6,4.5
1213127.0,5.6,0.9,6.5
1211913.0,5.1,3.6,8.7
1117464.0,5.8,2.4,8.2
1213268.0,5.6,1.2,6.8
1219199.0,7.0,3.5,10.5
1128933.0,4.9,2.3,7.2
1213744.0,5.5,1.0,6.5
1303750.0,5.9,3.0,8.9
1193364.0,4.8,2.4,7.199999999999999
1214087.0,4.9,1.1,6.0
1261294.0,6.1,3.3,9.4
1119897.0,5.7,2.4,8.1
1214697.0,5.5,1.3,6.8
1223076.0,7.3,3.7,11.0
1051450.0,6.6,3.0,9.6
1122706.0,6.2,2.5,8.7
1017359.0,6.4,2.0,8.4
1215638.0,4.3,1.0,5.3
663585.0,6.5,6.0,12.5
1700945.0,2.8,1.6,4.4
1215668.0,6.1,1.4,7.5
1193307.0,6.0,2.5,8.5
1250915.0,6.1,2.3,8.399999999999999
1216770.0,6.5,1.5,8.0
1102606.0,8.3,4.0,12.3
1205981.0,6.4,2.4,8.8
1217231.0,6.3,0.3,6.6
1290828.0,5.5,2.3,7.8
1217618.0,6.6,1.2,7.8
1250410.0,6.8,3.4,10.2
1133998.0,6.8,2.4,9.2
1218234.0,6.8,1.2,8.0
931789.0,8.1,4.0,12.1
1626817.0,2.4,1.4,3.8
1219546.0,5.3,0.8,6.1
1225599.0,3.9,2.2,6.1
1220524.0,5.5,1.4,6.9
1388500.0,3.8,1.4,5.199999999999999
1224262.0,5.7,0.8,6.5
1469748.0,3.6,2.8,6.4
1200612.0,5.1,2.6,7.699999999999999
1225231.0,6.3,1.5,7.8
1301215.0,6.2,3.6,9.8
1216025.0,4.6,2.0,6.6
1226335.0,5.1,0.9,6.0
1096010.0,6.3,3.5,9.8
1208482.0,5.4,2.2,7.6
1226615.0,5.2,0.9,6.1000000000000005
1301906.0,5.8,3.1,8.9
1005192.0,2.9,2.6,5.5
1228821.0,5.1,0.7,5.8
1512172.0,2.4,3.9,6.3
1354668.0,5.0,2.2,7.2
1228944.0,5.6,1.6,7.199999999999999
1187180.0,7.0,3.9,10.9
1646537.0,3.1,2.1,5.2
1230100.0,5.5,0.8,6.3
1306825.0,5.4,3.5,8.9
1203757.0,5.3,2.3,7.6
1230896.0,5.6,1.0,6.6
1424298.0,6.6,3.9,10.5
1168463.0,5.0,2.3,7.3
1231072.0,6.1,0.9,7.0
1355838.0,6.4,3.2,9.6
1227404.0,6.8,2.1,8.9
1231390.0,5.7,1.2,6.9
1624493.0,3.4,2.9,6.3
1162285.0,4.4,2.6,7.0
1232329.0,5.7,1.4,7.1
1008708.0,5.0,2.9,7.9
1232969.0,6.9,1.6,8.5
1585488.0,2.7,4.1,6.8
1162702.0,6.7,2.3,9.0
1233191.0,8.0,0.7,8.7
731831.0,9.1,3.6,12.7
1137714.0,5.0,2.2,7.2
1234734.0,5.4,1.8,7.2
1221427.0,4.8,2.6,7.4
1235665.0,6.1,1.0,7.1
1204203.0,6.4,3.6,10.0
1260157.0,1.0,2.5,3.5
1235814.0,3.5,0.8,4.3
1050753.0,6.5,3.5,10.0
1227649.0,5.1,2.0,7.1
1236548.0,4.5,0.9,5.4
1238482.0,5.2,2.2,7.4
1236620.0,4.7,1.1,5.800000000000001
1261073.0,6.7,3.0,9.7
1234709.0,4.9,2.3,7.2
1237543.0,5.3,1.4,6.699999999999999
1213178.0,6.4,4.7,11.1
1181572.0,4.6,2.3,6.9
1237766.0,6.0,0.8,6.8
1532179.0,4.2,2.7,6.9
1238390.0,4.4,2.1,6.5
1238416.0,4.9,1.2,6.1000000000000005
1229519.0,5.8,3.9,9.7
1701749.0,5.5,2.0,7.5
1238555.0,9.0,1.5,10.5
713867.0,10.4,3.6,14.0
1688306.0,5.0,1.8,6.8
1239381.0,6.6,0.6,7.199999999999999
1072079.0,6.7,3.1,9.8
1507236.0,6.3,2.5,8.8
1239800.0,8.2,0.9,9.1
952983.0,9.3,2.8,12.1
1204263.0,4.7,2.4,7.1
1241155.0,6.0,1.2,7.2
1263426.0,5.9,3.6,9.5
1154212.0,6.3,2.3,8.6
1159157.0,4.8,1.6,6.4
1244111.0,5.0,0.7,5.7
1547332.0,2.8,2.3,5.1
1254991.0,6.6,2.1,8.7
1245817.0,6.3,1.6,7.9
1237394.0,6.6,3.6,10.2
1228866.0,5.2,1.9,7.1
1246675.0,6.3,1.4,7.699999999999999
1322801.0,5.2,3.8,9.0
1322622.0,4.8,1.7,6.5
1247707.0,6.9,1.3,8.200000000000001
1167770.0,5.3,2.3,7.6
1248033.0,5.1,1.7,6.8
1034916.0,8.1,3.4,11.5
1224361.0,4.5,2.4,6.9
1249729.0,5.7,1.3,7.0
1560825.0,4.6,3.0,7.6
1209512.0,5.4,2.5,7.9
1251238.0,6.0,1.6,7.6
1253382.0,8.5,3.6,12.1
1582628.0,1.9,1.8,3.7
1251354.0,6.7,1.2,7.9
1278537.0,5.6,3.2,8.8
865170.0,6.2,2.2,8.4
1253237.0,6.1,1.1,7.199999999999999
924124.0,8.6,2.8,11.4
1253555.0,7.6,1.2,8.799999999999999
711107.0,9.7,3.9,13.6
1084117.0,5.6,2.2,7.8
1253937.0,6.0,1.0,7.0
1400168.0,6.2,3.6,9.8
1176000.0,6.8,2.0,8.8
1255097.0,5.4,1.5,6.9
1403684.0,6.0,2.8,8.8
1332245.0,4.1,2.1,6.199999999999999
1255842.0,4.9,1.0,5.9
1211565.0,5.0,2.8,7.8
1606876.0,1.2,2.1,3.3
1256130.0,5.1,2.9,8.0
1148145.0,5.6,2.2,7.8
1256647.0,5.7,0.9,6.6000000000000005
1290117.0,5.6,3.6,9.2
1443648.0,4.5,1.7,6.2
1257941.0,5.0,1.0,6.0
1085881.0,6.6,3.3,9.9
1224098.0,4.4,2.4,6.800000000000001
1258016.0,5.1,0.8,5.9
1181350.0,6.3,3.6,9.9
1267827.0,4.5,2.1,6.6
1260844.0,5.6,0.4,6.0
1362277.0,5.8,3.6,9.4
1394117.0,4.8,2.0,6.8
1262370.0,5.5,1.1,6.6
1338475.0,5.8,3.4,9.2
1113184.0,5.8,3.1,8.9
1262954.0,7.3,0.7,8.0
1241735.0,7.2,3.5,10.7
1642081.0,2.0,2.8,4.8
1264206.0,6.2,1.6,7.800000000000001
1728187.0,2.5,2.6,5.1
1315370.0,5.5,2.5,8.0
1264815.0,7.0,1.4,8.4
1388707.0,6.6,2.3,8.899999999999999
1468966.0,3.4,2.0,5.4
1265921.0,5.0,0.7,5.7
1381707.0,4.9,3.9,8.8
1169318.0,6.2,2.3,8.5
1266886.0,6.5,1.2,7.7
1367447.0,6.3,3.1,9.4
1166781.0,6.0,2.3,8.3
1267167.0,8.3,1.0,9.3
1150122.0,6.2,2.4,8.6
1267667.0,5.1,1.1,6.199999999999999
1301519.0,5.7,3.9,9.6
1270533.0,7.4,2.8,10.2
1268100.0,2.8,0.8,3.6
1243794.0,5.3,1.9,7.199999999999999
1268915.0,6.1,0.8,6.9
1377316.0,5.7,2.6,8.3
1087669.0,9.2,3.0,12.2
1269424.0,7.0,1.5,8.5
1223488.0,4.0,2.6,6.6
1270101.0,5.3,1.1,6.4
1178481.0,6.1,3.5,9.6
1266830.0,4.5,2.0,6.5
1272366.0,6.1,0.8,6.9
1691346.0,3.7,2.8,6.5
1258131.0,5.8,2.3,8.1
1272720.0,7.5,0.8,8.3
929889.0,7.9,3.8,11.7
1265142.0,5.8,2.5,8.3
1273118.0,5.6,1.7,7.3
1356454.0,5.6,4.4,10.0
1293874.0,4.2,2.3,6.5
1273525.0,4.7,0.9,5.6000000000000005
1334518.0,5.7,3.6,9.3
1273260.0,4.8,2.0,6.8
1273904.0,5.6,1.0,6.6
1311232.0,6.9,2.8,9.7
1242857.0,3.9,2.1,6.0
1277827.0,6.4,1.1,7.5
729086.0,7.5,3.8,11.3
1224791.0,6.0,2.6,8.6
1278758.0,6.9,1.4,8.3
1127810.0,5.1,2.5,7.6
1282024.0,5.4,1.0,6.4
925994.0,8.1,3.6,11.7
1604436.0,5.1,2.5,7.6
1283574.0,6.6,1.4,8.0
1428199.0,6.1,3.2,9.3
1274990.0,5.7,2.2,7.9
1284083.0,5.5,0.9,6.4
1391293.0,5.3,3.5,8.8
1353511.0,4.3,1.8,6.1
1285283.0,6.9,1.2,8.1
1224112.0,6.7,4.2,10.9
1245851.0,6.0,2.2,8.2
1285491.0,5.6,1.0,6.6
1337989.0,6.7,2.8,9.5
1202599.0,5.0,2.3,7.3
1285977.0,4.8,0.8,5.6
1308702.0,5.1,3.4,8.5
1342646.0,3.7,2.3,6.0
1287049.0,5.4,1.0,6.4
1316896.0,7.0,4.4,11.4
1180229.0,4.6,2.1,6.699999999999999
1287115.0,5.5,1.1,6.6
822333.0,9.6,4.1,13.7
1151547.0,5.5,2.7,8.2
1287410.0,5.7,1.2,6.9
1273892.0,7.1,3.0,10.1
842846.0,5.9,2.8,8.7
1289076.0,4.8,1.1,5.9
869181.0,7.1,3.7,10.8
1339222.0,5.5,2.2,7.7
1289893.0,7.6,0.9,8.5
960693.0,9.2,3.6,12.8
1267627.0,4.2,2.3,6.5
1290659.0,5.5,1.1,6.6
1424147.0,5.4,3.4,8.8
1258194.0,5.7,2.0,7.7
1293393.0,7.5,1.5,9.0
902281.0,9.5,4.0,13.5
1518351.0,3.9,2.0,5.9
1293532.0,6.6,0.7,7.3
868620.0,7.6,2.7,10.3
1294148.0,7.1,1.1,8.2
657273.0,10.0,3.9,13.9
1278225.0,5.0,2.2,7.2
1294861.0,6.9,1.7,8.6
1407153.0,6.0,3.8,9.8
1032227.0,6.9,1.9,8.8
1295620.0,6.8,1.2,8.0
567803.0,10.8,3.9,14.7
1269551.0,5.6,2.1,7.699999999999999
1295646.0,6.2,1.4,7.6
1327415.0,5.8,3.1,8.9
1252607.0,6.0,2.0,8.0
1297174.0,6.2,0.9,7.1000000000000005
1229641.0,7.4,3.8,11.2
1233104.0,5.8,2.6,8.4
1297389.0,8.6,1.3,9.9
1210435.0,5.4,2.4,7.800000000000001
1297642.0,5.9,1.2,7.1000000000000005
1323746.0,6.2,2.8,9.0
1144621.0,5.5,2.5,8.0
1298225.0,8.4,0.8,9.2
763291.0,9.0,3.9,12.9
1394315.0,4.2,2.3,6.5
1301506.0,6.0,1.5,7.5
1396382.0,6.9,3.8,10.7
1230481.0,5.5,2.3,7.8
1301508.0,6.1,1.0,7.1
1259946.0,6.4,3.6,10.0
1638131.0,4.4,1.8,6.2
1301950.0,7.2,1.5,8.7
1677724.0,4.0,1.9,5.9
1302929.0,4.0,0.9,4.9
1284541.0,4.7,2.3,7.0
1303123.0,6.0,1.3,7.3
1391654.0,5.8,3.4,9.2
1296356.0,5.1,2.1,7.199999999999999
1303499.0,5.6,1.0,6.6
1461297.0,5.1,2.9,8.0
1294543.0,3.9,1.7,5.6
1304624.0,5.0,1.0,6.0
1441459.0,4.7,3.2,7.9
1307770.0,5.0,2.1,7.1
1307767.0,4.9,1.3,6.2
1349471.0,5.7,3.4,9.1
1518953.0,4.8,1.9,6.699999999999999
1309083.0,7.3,1.7,9.0
944374.0,7.8,3.9,11.7
1203161.0,5.4,2.2,7.6
1309223.0,7.1,1.9,9.0
1015785.0,8.7,3.8,12.5
1344992.0,4.6,2.2,6.8
1310421.0,5.7,1.0,6.7
1532692.0,5.1,2.9,8.0
1161008.0,5.5,2.5,8.0
1310761.0,5.4,0.8,6.2
1232715.0,5.6,2.5,8.1
1311483.0,6.5,1.3,7.8
1387948.0,7.1,3.0,10.1
1590847.0,3.4,1.7,5.1
1311503.0,4.7,0.7,5.4
976750.0,7.3,3.1,10.4
1174898.0,5.1,2.0,7.1
1311574.0,4.6,0.8,5.4
933244.0,7.8,3.9,11.7
1324339.0,5.2,2.2,7.4
1315730.0,6.6,1.6,8.2
1384007.0,6.3,2.8,9.1
1305877.0,5.5,1.7,7.2
1315786.0,4.9,0.9,5.800000000000001
1391320.0,7.1,3.6,10.7
1509507.0,3.7,2.2,5.9
1316301.0,5.3,0.8,6.1
1233563.0,4.5,2.1,6.6
1319998.0,4.9,1.0,5.9
1723628.0,3.9,2.6,6.5
1305855.0,5.3,2.5,7.8
1321539.0,7.1,1.3,8.4
965516.0,7.6,4.2,11.8
1301748.0,4.4,1.8,6.2
1321704.0,5.7,1.1,6.800000000000001
1396939.0,5.7,3.6,9.3
1381504.0,3.8,1.8,5.6
1323400.0,5.9,1.2,7.1000000000000005
1259516.0,6.1,3.2,9.3
1076253.0,7.1,2.1,9.2
1324959.0,9.2,1.1,10.3
590068.0,10.9,4.0,14.9
1428784.0,2.5,1.8,4.3
1325148.0,5.9,1.0,6.9
1258156.0,8.3,3.3,11.6
1080504.0,5.6,2.4,8.0
1325331.0,5.5,1.2,6.7
837797.0,9.3,3.9,13.2
1178329.0,4.8,2.4,7.199999999999999
1327009.0,4.6,1.1,5.699999999999999
1333486.0,6.2,2.8,9.0
1255652.0,5.4,2.2,7.6
1329718.0,6.0,1.3,7.3
1175259.0,8.6,3.5,12.1
1313366.0,4.9,1.6,6.5
1330019.0,6.5,1.4,7.9
1410853.0,5.7,3.2,8.9
1367529.0,4.7,1.5,6.2
1330559.0,4.9,0.9,5.800000000000001
1302972.0,4.9,3.4,8.3
1337027.0,5.9,2.0,7.9
1331961.0,7.3,1.5,8.8
860673.0,9.6,3.2,12.8
1326981.0,4.6,2.0,6.6
1332499.0,6.9,1.8,8.700000000000001
1409930.0,4.5,3.4,7.9
1381697.0,4.3,2.3,6.6
1332899.0,4.9,1.0,5.9
1295230.0,4.2,2.4,6.6
1333147.0,5.7,1.4,7.1
1217785.0,6.4,3.4,9.8
1351610.0,4.8,1.8,6.6
1334577.0,6.5,1.5,8.0
1130324.0,6.7,2.9,9.6
1334720.0,8.2,0.8,9.0
979444.0,4.6,3.8,8.399999999999999
1473231.0,5.6,2.3,7.899999999999999
1336189.0,4.7,0.7,5.4
1336597.0,6.9,2.8,9.7
1688688.0,3.0,1.7,4.7
1336250.0,4.7,1.0,5.7
1397093.0,5.3,3.8,9.1
1676872.0,4.0,1.5,5.5
1336542.0,7.3,0.9,8.2
1108553.0,7.3,3.3,10.6
1279033.0,5.8,2.2,8.0
1337045.0,5.9,1.6,7.5
1328682.0,6.2,3.8,10.0
1380433.0,4.0,1.8,5.8
1337580.0,4.5,1.1,5.6
1305912.0,5.6,4.0,9.6
1334191.0,4.7,1.8,6.5
1337858.0,6.4,0.9,7.300000000000001
1402384.0,4.7,1.7,6.4
1338797.0,4.8,0.8,5.6
1458759.0,6.1,3.3,9.4
1392212.0,3.2,2.0,5.2
1339353.0,6.2,1.0,7.2
1375371.0,3.7,1.9,5.6
1340120.0,4.4,1.0,5.4
1467422.0,4.4,2.8,7.2
1293703.0,4.9,2.2,7.1000000000000005
1294110.0,4.8,2.2,7.0
1344785.0,4.9,1.0,5.9
767174.0,8.8,4.1,12.9
1363254.0,4.0,1.9,5.9
1345961.0,4.9,0.7,5.6000000000000005
1379308.0,5.8,3.9,9.7
1310356.0,4.5,2.0,6.5
1347010.0,5.3,1.2,6.5
1549413.0,4.9,3.0,7.9
1307087.0,5.6,2.0,7.6
1347517.0,5.9,1.3,7.2
1275376.0,6.3,3.2,9.5
1320567.0,6.3,2.2,8.5
1347801.0,5.5,1.5,7.0
1501028.0,6.5,2.7,9.2
1654575.0,4.4,1.6,6.0
1348160.0,7.1,1.1,8.2
1320183.0,5.7,1.8,7.5
1350444.0,5.4,0.9,6.300000000000001
1445216.0,5.8,3.3,9.1
1703498.0,2.8,2.1,4.9
1351420.0,5.9,0.6,6.5
1289565.0,5.3,2.3,7.6
1351490.0,5.5,1.2,6.7
1383288.0,5.6,3.3,8.899999999999999
1361971.0,4.6,2.1,6.699999999999999
1352023.0,4.3,0.9,5.2
1407563.0,4.6,3.3,7.899999999999999
1345160.0,4.4,2.2,6.6000000000000005
1352668.0,4.9,1.3,6.2
1587408.0,4.5,3.3,7.8
1169086.0,4.5,2.6,7.1
1353636.0,5.3,1.3,6.6
1401757.0,4.1,1.8,5.9
1356324.0,5.3,0.9,6.2
1250891.0,7.3,3.9,11.2
1348378.0,4.9,1.7,6.6000000000000005
1358739.0,6.1,1.0,7.1
1509891.0,5.2,3.0,8.2
1670657.0,3.4,1.2,4.6
1358915.0,8.1,1.1,9.2
967080.0,8.1,3.3,11.4
1333493.0,4.1,2.1,6.199999999999999
1360671.0,4.9,0.9,5.800000000000001
1721479.0,3.9,2.5,6.4
1270761.0,4.2,1.9,6.1
1361796.0,4.9,0.9,5.800000000000001
1438740.0,1.9,2.5,4.4
1363049.0,5.9,0.3,6.2
1342470.0,6.3,3.5,9.8
1091250.0,4.5,2.5,7.0
1364474.0,4.7,1.2,5.9
1670337.0,3.1,1.4,4.5
1364733.0,4.9,0.9,5.800000000000001
1422044.0,5.5,3.2,8.7
1284488.0,4.9,1.6,6.5
1368376.0,4.6,0.8,5.4
1581726.0,4.5,2.3,6.8
1659887.0,1.6,1.0,2.6
1368386.0,4.1,0.7,4.8
1339129.0,4.7,2.3,7.0
1368731.0,5.0,1.6,6.6
1345009.0,4.0,2.0,6.0
1368749.0,5.0,0.7,5.7
1602060.0,3.1,2.6,5.7
1304325.0,4.8,2.2,7.0
1368983.0,1.6,0.8,2.4000000000000004
1261902.0,4.7,1.7,6.4
1369159.0,4.2,2.6,6.800000000000001
1746662.0,2.9,2.6,5.5
1696960.0,2.8,1.8,4.6
1371456.0,5.4,0.9,6.300000000000001
1138949.0,6.3,3.5,9.8
1365941.0,4.0,1.9,5.9
1373280.0,4.5,0.9,5.4
1391309.0,4.8,3.2,8.0
1251982.0,3.9,1.1,5.0
1374915.0,7.2,0.9,8.1
1686383.0,2.3,3.2,5.5
1084513.0,5.7,2.5,8.2
1375722.0,5.2,0.9,6.1000000000000005
950482.0,6.5,3.8,10.3
618484.0,7.5,4.0,11.5
1379119.0,5.0,1.3,6.3
1078721.0,6.8,3.6,10.4
846285.0,5.2,0.0,5.2
1381199.0,2.9,1.3,4.2
1317389.0,4.0,-0.3,3.7
1576835.0,2.0,1.9,3.9
1383966.0,3.6,0.4,4.0
1306413.0,4.7,2.4,7.1
1388918.0,3.8,0.6,4.4
1038622.0,4.8,3.7,8.5
1021884.0,5.1,2.7,7.8
1389110.0,5.6,0.7,6.3
1319135.0,5.6,3.8,9.4
1280436.0,4.1,2.2,6.3
1389298.0,5.4,1.2,6.6000000000000005
1662541.0,2.0,0.8,2.8
1389354.0,4.0,0.3,4.3
1408860.0,4.5,3.4,7.9
1357283.0,4.8,2.1,6.9
1389890.0,5.0,1.0,6.0
1465718.0,6.2,4.1,10.3
1621178.0,2.6,1.6,4.2
1390441.0,4.9,0.8,5.7
1369933.0,3.5,2.0,5.5
1391408.0,5.3,0.8,6.1
1516883.0,4.6,3.6,8.2
1346665.0,5.2,2.1,7.300000000000001
1391836.0,5.3,1.1,6.4
1510241.0,6.2,3.8,10.0
1699762.0,3.9,1.8,5.7
1394115.0,6.0,0.7,6.7
1364389.0,4.7,1.9,6.6
1395042.0,5.5,1.4,6.9
1476586.0,5.3,3.6,8.9
1655550.0,3.2,2.1,5.300000000000001
1395453.0,5.9,1.2,7.1000000000000005
1023828.0,6.5,3.9,10.4
1693397.0,3.2,2.2,5.4
1395470.0,5.9,0.3,6.2
1381518.0,2.2,-0.2,2.0
1396202.0,4.5,2.3,6.8
1651702.0,1.2,1.7,2.9
1400685.0,3.3,0.6,3.9
1339671.0,5.0,1.9,6.9
1402664.0,4.4,1.1,5.5
1491280.0,5.8,3.4,9.2
1552681.0,3.7,1.7,5.4
1403340.0,5.2,0.8,6.0
1591278.0,3.2,2.5,5.7
1404966.0,5.3,0.8,6.1
703363.0,8.5,3.7,12.2
1279268.0,4.2,2.3,6.5
1405106.0,5.9,1.2,7.1000000000000005
703010.0,8.6,3.9,12.5
1338499.0,4.7,2.2,6.9
1406208.0,4.7,1.2,5.9
1601137.0,3.9,3.3,7.199999999999999
1105150.0,6.8,2.5,9.3
1420152.0,6.9,1.3,8.200000000000001
1120221.0,5.6,2.3,7.899999999999999
1422945.0,6.7,0.9,7.6
656823.0,10.4,3.5,13.9
1586868.0,4.3,1.2,5.5
1424048.0,4.9,1.2,6.1000000000000005
1517283.0,1.5,2.8,4.3
1424343.0,4.3,1.1,5.4
1659052.0,4.4,3.7,8.100000000000001
1194857.0,5.5,2.5,8.0
1424613.0,6.2,0.9,7.1000000000000005
772094.0,9.0,3.5,12.5
1536106.0,2.5,0.5,3.0
1427764.0,2.2,2.4,4.6
1369357.0,4.1,1.9,6.0
1428201.0,6.0,0.9,6.9
856979.0,7.7,3.2,10.9
1393052.0,3.0,1.7,4.7
1430339.0,5.2,1.7,6.9
1312692.0,3.3,2.6,5.9
1430441.0,4.5,1.3,5.8
1327484.0,3.7,2.1,5.800000000000001
1433490.0,4.4,1.3,5.7
1401035.0,4.4,1.8,6.2
1439714.0,8.2,1.0,9.2
497815.0,12.5,3.5,16.0
1499758.0,3.0,1.6,4.6
1443581.0,4.3,0.7,5.0
1302134.0,4.4,1.1,5.5
1316335.0,4.2,1.8,6.0
1448687.0,6.4,0.9,7.300000000000001
622302.0,10.4,4.1,14.5
1405871.0,3.9,2.4,6.3
1453059.0,3.3,1.0,4.3
1330821.0,6.6,3.9,10.5
1347809.0,4.8,2.2,7.0
1454948.0,5.9,1.2,7.1000000000000005
1122806.0,4.5,2.3,6.8
1459222.0,4.8,0.6,5.4
1008472.0,6.2,2.5,8.7
1459566.0,4.0,1.4,5.4
1193488.0,10.8,4.8,15.6
1369971.0,6.2,1.8,8.0
1459811.0,4.4,1.1,5.5
1595137.0,3.1,0.7,3.8
1465152.0,6.3,0.4,6.7
1651749.0,4.3,1.5,5.8
1465587.0,6.3,1.4,7.699999999999999
1278039.0,5.9,2.3,8.2
1468347.0,7.1,1.0,8.1
950740.0,9.5,3.3,12.8
1455201.0,2.8,1.7,4.5
1473521.0,4.0,1.0,5.0
1698178.0,2.4,1.7,4.1
1476784.0,3.5,0.1,3.6
1359636.0,3.6,2.5,6.1
1484122.0,4.9,0.3,5.2
1641318.0,4.2,1.4,5.6
1484703.0,5.8,1.2,7.0
1300930.0,5.4,2.2,7.6
1492360.0,5.0,1.1,6.1
641920.0,7.8,3.1,10.9
686500.0,8.9,2.5,11.4
1494380.0,4.3,1.7,6.0
1513741.0,5.9,3.3,9.2
1252012.0,2.8,1.5,4.3
1495970.0,3.3,1.3,4.6
1095927.0,5.2,2.2,7.4
1496813.0,-1.3,1.0,-0.3
1669002.0,2.4,1.1,3.5
1498870.0,4.5,1.1,5.6
1500413.0,0.3,0.8,1.1
1397151.0,3.2,1.6,4.800000000000001
1505365.0,3.7,0.6,4.3
835609.0,8.6,3.0,11.6
1508544.0,7.6,0.8,8.4
726599.0,11.7,3.7,15.4
1451497.0,5.3,2.0,7.3
1515062.0,6.9,1.8,8.700000000000001
589282.0,10.7,4.0,14.7
1666350.0,4.1,2.2,6.3
1517006.0,4.3,1.0,5.3
1005646.0,6.8,2.5,9.3
1521526.0,7.5,1.3,8.8
604089.0,11.8,4.1,15.9
1426428.0,4.5,2.1,6.6
1525456.0,5.2,0.9,6.1000000000000005
903820.0,7.4,3.3,10.7
1693394.0,2.7,1.4,4.1
1535821.0,4.9,0.7,5.6000000000000005
1419680.0,4.4,1.7,6.1000000000000005
1536605.0,5.8,0.7,6.5
1535921.0,3.4,2.6,6.0
1536923.0,4.5,0.9,5.4
1177315.0,5.8,2.6,8.4
1647335.0,6.3,1.7,8.0
1542539.0,7.1,1.0,8.1
1698486.0,3.8,1.9,5.699999999999999
1543332.0,6.2,1.2,7.4
888752.0,7.6,3.2,10.8
1683333.0,5.1,1.9,7.0
1549970.0,5.7,1.1,6.800000000000001
1667779.0,4.6,1.4,6.0
1562973.0,4.6,0.5,5.1
1314717.0,6.2,3.7,9.9
677529.0,10.0,2.3,12.3
1563226.0,5.8,1.4,7.199999999999999
283324.0,13.1,4.5,17.6
1529346.0,3.4,2.0,5.4
1567228.0,6.0,1.0,7.0
728946.0,9.5,3.5,13.0
1439440.0,3.6,2.4,6.0
1589371.0,4.5,1.3,5.8
1066858.0,5.4,2.2,7.6
1590251.0,6.5,0.5,7.0
800686.0,9.8,3.7,13.5
1514019.0,3.2,1.8,5.0
1593250.0,5.6,0.9,6.5
836865.0,7.7,4.1,11.8
1497237.0,2.8,0.0,2.8
1594580.0,1.2,-0.3,0.8999999999999999
1298669.0,3.8,2.2,6.0
1599065.0,3.1,0.7,3.8
732562.0,10.0,3.8,13.8
1644027.0,1.9,2.0,3.9
1602144.0,2.8,-0.1,2.7
1531395.0,1.7,1.2,2.9
1604519.0,3.0,0.6,3.6
1684016.0,2.9,0.7,3.6
1608284.0,4.4,1.1,5.5
1576641.0,3.4,1.9,5.3
1608487.0,3.7,0.6,4.3
1114278.0,7.2,3.5,10.7
1355906.0,2.2,1.2,3.4000000000000004
1611940.0,-0.5,-0.3,-0.8
960486.0,5.0,4.0,9.0
1233218.0,3.5,2.1,5.6
1614917.0,6.1,0.2,6.3
1661676.0,3.6,2.1,5.7
1615094.0,3.5,0.7,4.2
1516517.0,3.3,3.7,7.0
1597407.0,2.5,1.7,4.2
1617139.0,3.9,0.5,4.4
682662.0,10.9,3.0,13.9
1618109.0,8.4,2.1,10.5
333781.0,13.3,4.3,17.6
983179.0,6.5,2.4,8.9
1622248.0,5.8,1.5,7.3
773858.0,8.5,3.5,12.0
1685537.0,1.0,0.9,1.9
1623087.0,4.2,0.4,4.6000000000000005
1696182.0,4.0,2.9,6.9
1449357.0,4.4,1.8,6.2
1528341.0,4.3,1.9,6.199999999999999
1638871.0,5.1,0.7,5.8
1589996.0,3.4,1.6,5.0
1641104.0,5.9,1.4,7.300000000000001
845961.0,8.2,4.0,12.2
1491866.0,4.9,2.2,7.1000000000000005
1647762.0,5.8,1.5,7.3
711937.0,7.7,4.6,12.3
1677736.0,1.8,1.0,2.8
1648299.0,4.3,1.0,5.3
1377628.0,4.9,3.5,8.4
1622888.0,3.3,1.4,4.699999999999999
1652040.0,5.5,1.2,6.7
896849.0,8.2,4.0,12.2
1232748.0,4.5,2.3,6.8
1653608.0,4.0,0.9,4.9
1622311.0,3.6,1.6,5.2
1658658.0,6.3,1.4,7.699999999999999
869360.0,9.2,4.0,13.2
1701780.0,3.1,1.5,4.6
1662705.0,3.5,1.0,4.5
1630031.0,4.0,3.5,7.5
1483947.0,3.9,1.2,5.1
1667324.0,3.0,0.0,3.0
1666123.0,2.6,1.6,4.2
1670409.0,3.9,1.2,5.1
1688060.0,2.6,1.8,4.4
1671013.0,3.0,0.7,3.7
1542252.0,5.3,3.1,8.4
1658553.0,1.2,1.5,2.7
1700285.0,3.5,0.8,4.3
983402.0,8.6,2.3,10.9
1715212.0,8.1,1.1,9.2
492628.0,11.9,3.9,15.8
1703806.0,1.2,1.1,2.3
1720005.0,4.8,1.0,5.8
1661865.0,2.1,0.5,2.6
1727243.0,1.5,0.1,1.6
1226306.0,5.8,2.6,8.4
1731312.0,5.3,0.8,6.1
952599.0,8.6,4.1,12.7
1557938.0,4.5,1.9,6.4
1742815.0,3.9,0.9,4.8
1379810.0,4.8,2.0,6.8
1745410.0,1.8,0.8,2.6
1658122.0,2.4,1.4,3.8
1748292.0,5.9,1.0,6.9
800559.0,7.8,3.9,11.7
1540552.0,3.0,2.1,5.1
1756581.0,2.6,1.0,3.6
1694887.0,3.3,1.0,4.3
1759722.0,3.5,0.5,4.0
1656376.0,3.0,2.6,5.6
1700740.0,1.7,2.7,4.4
1761020.0,4.3,0.6,4.9
1476267.0,5.5,3.5,9.0
1631951.0,1.8,0.8,2.6
1761423.0,1.4,0.3,1.7
1682326.0,3.7,2.5,6.2
1790108.0,3.0,0.5,3.5
1702660.0,1.9,1.1,3.0
1793455.0,3.2,0.3,3.5
1325715.0,3.8,2.2,6.0
1802036.0,3.1,0.2,3.3000000000000003
1321004.0,4.0,2.4,6.4
1803524.0,2.6,1.0,3.6
1701307.0,2.8,-1.4,1.4
1807514.0,3.3,1.0,4.3
1519061.0,3.8,2.1,5.9
1812802.0,4.4,0.6,5.0
1703529.0,4.1,1.1,5.199999999999999
1816297.0,4.7,0.6,5.3
1249792.0,5.6,2.6,8.2
1820318.0,5.2,1.0,6.2
1577221.0,6.5,2.2,8.7
1823903.0,0.8,0.1,0.9
1186323.0,6.1,2.2,8.3
1830569.0,5.7,1.1,6.800000000000001
865291.0,9.3,3.4,12.7
1832201.0,-0.6,0.2,-0.3999999999999999
954442.0,8.0,2.4,10.4
1838351.0,7.1,1.4,8.5
562940.0,11.9,4.2,16.1
1528451.0,3.9,2.0,5.9
1842416.0,6.2,0.7,6.9
705444.0,7.9,3.6,11.5
1698479.0,3.2,1.2,4.4
1853011.0,3.7,0.2,3.9
1067806.0,7.0,3.8,10.8
1703791.0,2.2,1.5,3.7
1854174.0,2.9,0.6,3.5
124323.0,18.2,3.7,21.9
1512463.0,3.0,-0.2,2.8
1440832.0,3.2,2.4,5.6
1556892.0,1.4,0.5,1.9
1337495.0,6.2,1.7,7.9
151901.0,18.2,4.8,23.0
1297653.0,2.0,3.8,5.8
371225.0,10.5,4.8,15.3
1118763.0,6.4,1.9,8.3
197638.0,18.2,4.1,22.3
903079.0,8.8,2.6,11.4
651934.0,10.0,2.8,12.8
1529832.0,3.6,1.6,5.2
389202.0,13.3,2.9,16.2
1543285.0,3.0,1.7,4.7
124177.0,16.7,3.5,20.2
104078.0,16.3,4.3,20.6
1203492.0,5.4,2.4,7.800000000000001
553734.0,11.0,3.9,14.9
293299.0,14.1,4.8,18.9
1666647.0,3.9,2.2,6.1
961833.0,9.3,2.4,11.7
360970.0,14.2,4.1,18.3
1614278.0,3.7,2.8,6.5
367311.0,13.8,3.6,17.400000000000002
1690531.0,2.8,0.9,3.7
386287.0,7.9,4.0,11.9
1214685.0,5.3,2.8,8.1
285565.0,17.0,3.6,20.6
122108.0,14.0,3.5,17.5
700131.0,5.0,3.5,8.5
55014.0,18.1,3.9,22.0
323918.0,14.9,3.0,17.9
175784.0,17.7,3.4,21.1
195881.0,16.0,3.5,19.5
416426.0,13.5,3.6,17.1
654118.0,11.1,2.8,13.9
512588.0,11.4,2.9,14.3
267880.0,14.1,3.6,17.7
325338.0,15.2,2.8,18.0
888061.0,7.1,3.5,10.6
431031.0,10.2,3.2,13.4
120413.0,15.2,3.8,19.0
118095.0,17.4,3.6,21.0
1468565.0,3.8,2.0,5.8
421534.0,11.0,5.0,16.0
1350927.0,3.8,1.1,4.9
1673665.0,2.8,1.9,4.699999999999999
1633063.0,1.8,1.5,3.3
1331128.0,4.5,1.8,6.3
1630390.0,3.6,1.7,5.3
1579041.0,3.7,2.5,6.2
1611884.0,1.1,2.2,3.3000000000000003
553633.0,11.1,3.0,14.1
319496.0,11.2,3.3,14.5
1432271.0,4.5,1.7,6.2
1466586.0,3.1,1.3,4.4
1427472.0,3.8,1.9,5.699999999999999
1186972.0,5.2,2.4,7.6
1453056.0,3.7,2.0,5.7
1596097.0,1.5,-0.2,1.3
1703701.0,2.7,1.5,4.2
281510.0,19.2,3.5,22.7
1246734.0,5.4,2.3,7.7
282114.0,15.2,2.2,17.4
579114.0,9.2,3.1,12.3
1440958.0,5.1,1.9,7.0
1389073.0,2.6,2.4,5.0
1555464.0,4.3,1.3,5.6
124930.0,17.0,3.7,20.7
121492.0,15.7,4.6,20.3
294451.0,14.4,4.2,18.6
1103540.0,7.6,2.5,10.1
505021.0,12.4,4.2,16.6
804686.0,7.2,2.4,9.6
124366.0,16.2,3.2,19.4
105855.0,15.5,4.4,19.9
372007.0,15.2,3.2,18.4
1675910.0,4.3,1.9,6.199999999999999
972507.0,8.7,3.5,12.2
1387096.0,3.9,2.0,5.9
1376482.0,4.4,2.1,6.5
1699489.0,3.3,1.6,4.9
885795.0,6.2,3.4,9.6
1667960.0,2.4,0.8,3.2
1058836.0,6.2,3.4,9.6
822736.0,11.2,2.8,14.0
532480.0,9.9,4.4,14.3
1216633.0,7.0,2.3,9.3
667955.0,12.5,3.4,15.9
291565.0,16.1,3.7,19.8
1425540.0,4.0,1.8,5.8
1405340.0,4.4,1.7,6.1000000000000005
853307.0,6.6,2.7,9.3
1286918.0,3.5,2.2,5.7
805401.0,8.3,6.0,14.3
1643810.0,0.0,-0.2,-0.2
1047325.0,5.8,2.2,8.0
213051.0,16.0,3.4,19.4
121551.0,14.8,2.9,17.7
116800.0,15.0,4.2,19.2
784572.0,6.2,1.0,7.2
290595.0,14.1,1.6,15.7
408279.0,12.7,3.1,15.8
1132728.0,1.8,1.4,3.2
1300531.0,2.9,2.7,5.6
1213469.0,7.7,3.2,10.9
1261943.0,7.2,1.2,8.4
1703683.0,1.9,-0.2,1.7
273154.0,13.2,2.9,16.099999999999998
1525440.0,4.2,1.2,5.4
1686462.0,3.0,2.0,5.0
1567259.0,2.1,3.9,6.0
1516493.0,6.3,1.8,8.1
721104.0,3.9,2.9,6.8
1692187.0,2.9,1.6,4.5
119395.0,17.9,3.7,21.6
1553078.0,4.4,1.8,6.2
1199903.0,6.7,3.6,10.3
1264453.0,0.0,0.0,0.0
543488.0,10.2,2.2,12.4
980683.0,0.3,-0.3,0.0
910619.0,6.5,1.9,8.4
888773.0,5.0,2.3,7.3
150672.0,15.2,5.0,20.2
1511212.0,7.3,2.3,9.6
1395661.0,7.8,0.0,7.8
190474.0,17.3,3.8,21.1
1153172.0,6.2,2.2,8.4
1393999.0,5.5,2.5,8.0
739853.0,9.6,4.3,13.9
1583715.0,6.9,2.2,9.1
1141657.0,9.4,2.5,11.9
608860.0,10.3,3.2,13.5
74352.0,18.5,3.9,22.4
1081213.0,5.2,2.5,7.7
166331.0,15.5,2.9,18.4
1564323.0,6.1,2.3,8.399999999999999
852469.0,9.4,3.1,12.5
1007197.0,6.0,2.7,8.7
1371148.0,3.9,2.5,6.4
1320287.0,0.5,3.1,3.6
1687264.0,2.2,1.0,3.2
1690428.0,2.5,1.6,4.1
113505.0,17.4,3.0,20.4
116464.0,18.0,3.6,21.6
1650775.0,5.0,0.8,5.8
1666165.0,5.0,-0.6,4.4
1702074.0,2.2,0.7,2.9000000000000004
1556854.0,0.2,1.5,1.7
1565062.0,3.0,1.4,4.4
1662373.0,2.2,0.2,2.4000000000000004
1522748.0,5.2,1.0,6.2
1617108.0,1.8,2.3,4.1
1623702.0,0.0,1.9,1.9
1107365.0,3.5,1.2,4.7
1262513.0,4.4,2.9,7.300000000000001
1383380.0,5.8,2.2,8.0
1343140.0,4.5,1.6,6.1
1682578.0,-1.4,0.0,-1.4
1276885.0,3.9,2.6,6.5
102272.0,14.5,2.2,16.7
1411244.0,2.6,3.1,5.7
928994.0,5.5,2.2,7.7
1700131.0,2.2,1.2,3.4000000000000004
1347142.0,3.6,1.9,5.5
1215071.0,4.6,2.4,7.0
150847.0,16.8,3.8,20.6
1450436.0,3.0,1.4,4.4
830823.0,7.3,2.6,9.9
1115869.0,3.0,1.5,4.5
1032868.0,7.7,2.4,10.1
1178839.0,6.4,2.2,8.600000000000001
1384805.0,3.1,2.4,5.5
1363757.0,2.8,1.2,4.0
1670010.0,4.2,2.2,6.4
1625279.0,3.6,1.3,4.9
1012779.0,7.8,2.5,10.3
1218277.0,3.9,2.5,6.4
467602.0,13.8,3.3,17.1
635115.0,8.9,3.0,11.9
1036517.0,7.8,2.0,9.8
1308582.0,4.0,2.3,6.3
326453.0,17.2,4.2,21.4
227754.0,16.1,3.2,19.3
277434.0,16.5,3.7,20.2
1192258.0,4.5,1.7,6.2
1683585.0,2.5,1.0,3.5
631462.0,10.9,3.4,14.3
1281563.0,6.3,2.5,8.8
164027.0,12.0,2.2,14.2
1555082.0,6.1,3.0,9.1
298547.0,15.6,3.4,19.0
1484839.0,4.0,1.6,5.6
1498227.0,3.2,1.9,5.1
1362270.0,4.1,1.5,5.6
780242.0,8.5,4.2,12.7
1114003.0,6.8,2.7,9.5
578463.0,11.2,4.2,15.4
59285.0,18.0,3.6,21.6
281271.0,16.6,3.4,20.0
1601396.0,7.0,1.9,8.9
877848.0,11.4,3.4,14.8
1423242.0,5.2,1.9,7.1
872000.0,9.8,3.3,13.1
1614253.0,2.8,1.9,4.699999999999999
803761.0,8.8,4.0,12.8
1657381.0,3.8,0.5,4.3
786422.0,6.9,3.8,10.7
1528150.0,3.3,2.2,5.5
973373.0,7.1,3.0,10.1
1703738.0,3.1,1.6,4.7
1053008.0,8.8,3.0,11.8
1661053.0,2.9,1.1,4.0
884942.0,9.2,3.6,12.8
1689916.0,4.6,1.6,6.199999999999999
1265535.0,6.3,3.2,9.5
1510132.0,2.6,1.1,3.7
1180770.0,8.2,3.5,11.7
1507893.0,5.0,4.4,9.4
291537.0,15.4,2.4,17.8
1695943.0,1.4,1.1,2.5
1612381.0,1.7,0.9,2.6
961894.0,8.3,4.4,12.7
871164.0,6.4,2.5,8.9
185248.0,16.4,2.8,19.2
105618.0,16.7,3.7,20.4
85187.0,16.4,4.5,20.9
297987.0,15.8,3.2,19.0
260520.0,16.0,4.2,20.2
1161355.0,7.0,2.4,9.4
637428.0,11.1,4.1,15.2
1701580.0,4.1,1.0,5.1
1182820.0,8.7,3.9,12.6
356016.0,12.5,3.8,16.3
124395.0,17.0,3.7,20.7
1637200.0,4.5,1.6,6.1
1634761.0,5.5,2.2,7.7
1328838.0,5.1,1.9,7.0
124686.0,17.3,3.7,21.0
78781.0,16.5,4.5,21.0
1636696.0,4.2,2.5,6.7
654961.0,11.2,3.8,15.0
1378599.0,4.9,2.3,7.2
1681996.0,2.7,1.9,4.6
1233364.0,4.0,3.5,7.5
299881.0,15.8,4.1,19.9
1350956.0,4.6,2.3,6.9
459612.0,13.1,3.7,16.8
256406.0,14.9,3.4,18.3
976610.0,7.5,3.0,10.5
1691834.0,4.2,1.0,5.2
1129022.0,7.3,3.1,10.4
1590529.0,4.2,1.7,5.9
827452.0,11.3,3.3,14.6
1628351.0,3.0,1.7,4.7
949968.0,7.8,4.0,11.8
1683274.0,3.2,1.9,5.1
903287.0,7.5,3.7,11.2
955594.0,7.0,2.3,9.3
818472.0,7.1,4.6,11.7
1158997.0,5.5,2.8,8.3
944195.0,7.1,3.1,10.2
1194209.0,4.8,2.2,7.0
660489.0,10.1,3.9,14.0
1630302.0,3.0,1.5,4.5
791054.0,7.0,3.9,10.9
1662033.0,2.5,1.6,4.1
791005.0,8.3,3.6,11.9
1471066.0,3.4,2.2,5.6
839103.0,9.3,4.0,13.3
1525834.0,3.7,2.2,5.9
1070515.0,7.4,3.2,10.6
1702321.0,2.9,2.0,4.9
978388.0,8.3,3.4,11.7
1694564.0,2.2,1.0,3.2
1165056.0,5.6,4.2,9.8
1413955.0,4.8,1.6,6.4
1208608.0,7.6,3.8,11.4
1627079.0,4.0,1.0,5.0
1223621.0,7.1,3.8,10.9
1695158.0,4.5,2.2,6.7
734662.0,8.3,4.3,12.6
1483035.0,2.8,1.7,4.5
188344.0,15.7,3.3,19.0
1524392.0,2.4,1.6,4.0
252163.0,15.6,3.2,18.8
1479668.0,3.2,0.0,3.2
346306.0,7.0,6.0,13.0
374122.0,15.4,3.0,18.4
1679193.0,4.4,1.6,6.0
1703191.0,3.0,1.1,4.1
996280.0,9.6,4.1,13.7
257930.0,14.3,4.1,18.4
1680943.0,5.0,1.9,6.9
952778.0,7.5,2.3,9.8
578153.0,9.5,4.1,13.6
1679005.0,2.9,1.2,4.1
1217897.0,6.1,1.4,7.5
148719.0,18.6,4.2,22.8
256864.0,14.6,4.1,18.7
288169.0,15.0,4.5,19.5
250736.0,19.0,3.4,22.4
914866.0,9.6,3.0,12.6
1160912.0,8.3,2.8,11.1
1697910.0,4.4,1.5,5.9
480535.0,11.7,3.2,14.9
453865.0,13.1,3.2,16.3
83880.0,17.6,3.8,21.4
401575.0,13.8,3.2,17.0
365960.0,14.9,3.5,18.4
1043139.0,8.6,2.5,11.1
344712.0,12.9,3.2,16.1
724572.0,11.2,3.2,14.4
832320.0,9.6,3.1,12.7
184817.0,16.7,3.6,20.3
209736.0,16.6,3.6,20.200000000000003
294897.0,16.4,3.5,19.9
296657.0,14.8,3.8,18.6
1623352.0,7.3,2.6,9.9
1298726.0,7.4,2.8,10.2
1668610.0,7.9,2.4,10.3
1124230.0,9.8,3.4,13.2
968850.0,9.4,3.0,12.4
1548938.0,7.2,2.4,9.6
1694489.0,5.0,1.8,6.8
631497.0,10.7,3.0,13.7
431170.0,13.1,3.4,16.5
328669.0,14.9,3.5,18.4
215453.0,16.5,3.6,20.1
1027770.0,5.0,2.7,7.7
813524.0,6.5,1.5,8.0
276527.0,11.9,2.4,14.3
263806.0,14.0,4.1,18.1
866315.0,6.5,2.2,8.7
947125.0,6.9,2.4,9.3
319270.0,13.7,3.6,17.3
1402326.0,2.0,-0.8,1.2
1354134.0,4.1,1.8,5.9
282989.0,12.4,3.2,15.6
1285823.0,1.5,1.0,2.5
1342726.0,5.3,2.1,7.4
322982.0,12.2,3.0,15.2
1268396.0,2.2,3.5,5.7
1262344.0,5.3,2.5,7.8
294238.0,10.8,3.0,13.8
1122032.0,6.6,2.6,9.2
1000582.0,2.5,2.2,4.7
124614.0,17.6,3.9,21.5
254688.0,15.9,3.5,19.4
1670575.0,3.6,2.9,6.5
378204.0,13.4,3.6,17.0
1265013.0,4.9,2.4,7.300000000000001
404803.0,12.9,2.8,15.7
1681459.0,2.9,1.1,4.0
394814.0,13.5,2.2,15.7
1671132.0,4.1,1.9,6.0
854121.0,7.4,3.7,11.1
888159.0,9.0,2.9,11.9
468679.0,13.3,4.2,17.5
96196.0,17.7,3.8,21.5
123409.0,17.4,4.0,21.4
1563420.0,4.5,2.2,6.7
1030818.0,8.4,4.0,12.4
270136.0,17.0,3.5,20.5
1632222.0,4.3,1.5,5.8
1028828.0,10.5,3.1,13.6
289020.0,15.1,4.6,19.7
1667895.0,3.7,2.3,6.0
1053932.0,10.6,3.3,13.9
1702850.0,4.7,2.0,6.7
1086662.0,8.7,3.2,11.9
583751.0,12.1,3.0,15.1
397770.0,13.6,4.0,17.6
94807.0,19.9,4.1,24.0
1141788.0,4.2,2.5,6.7
692182.0,8.1,3.0,11.1
933900.0,4.8,2.0,6.8
1635944.0,2.4,1.0,3.4
818460.0,9.2,2.8,12.0
1143911.0,6.4,2.7,9.1
918103.0,7.1,2.5,9.6
1483526.0,8.0,1.5,9.5
1701020.0,-2.5,1.2,-1.3
1604269.0,0.8,1.5,2.3
803836.0,4.8,2.6,7.4
299551.0,13.6,3.5,17.1
408997.0,13.0,2.9,15.9
1584302.0,3.0,1.0,4.0
360491.0,8.9,2.3,11.2
110689.0,18.0,3.8,21.8
299154.0,12.0,3.1,15.1
206782.0,8.5,2.4,10.9
1130397.0,5.3,2.4,7.699999999999999
1088462.0,6.8,2.6,9.4
307364.0,6.3,2.6,8.9
84761.0,18.0,3.6,21.6
878391.0,7.6,2.7,10.3
462631.0,11.2,3.9,15.1
1335152.0,5.6,2.6,8.2
1277679.0,5.2,2.0,7.2
483566.0,16.5,2.4,18.9
1499510.0,5.7,2.4,8.1
589369.0,10.3,2.8,13.1
228617.0,16.8,3.9,20.7
911277.0,7.5,2.8,10.3
150605.0,17.3,3.7,21.0
953917.0,6.3,2.6,8.9
373937.0,13.2,3.7,16.9
89550.0,17.0,3.5,20.5
1335883.0,3.5,2.1,5.6
1173543.0,5.3,2.4,7.699999999999999
285419.0,15.8,3.6,19.4
643675.0,11.1,2.8,13.9
971583.0,6.3,2.5,8.8
1342597.0,5.1,2.2,7.3
244356.0,16.0,3.5,19.5
1700039.0,1.5,-0.5,1.0
1653302.0,3.8,1.3,5.1
1576442.0,2.5,1.0,3.5
1700073.0,1.0,1.4,2.4
1587546.0,0.2,1.0,1.2
1456913.0,2.0,0.0,2.0
1548546.0,3.5,1.4,4.9
1542845.0,3.6,2.1,5.7
1669133.0,2.2,1.8,4.0
119975.0,15.5,3.1,18.6
282173.0,15.4,4.0,19.4
1419369.0,5.3,1.0,6.3
254844.0,13.0,4.1,17.1
1554180.0,3.6,1.1,4.7
1387922.0,4.2,2.6,6.800000000000001
649021.0,9.6,3.1,12.7
140219.0,16.4,3.8,20.2
776004.0,10.7,2.9,13.6
297934.0,15.1,3.8,18.9
1698611.0,3.2,1.2,4.4
1639517.0,2.8,1.5,4.3
1460875.0,3.4,2.2,5.6
1528423.0,1.8,0.8,2.6
1234232.0,5.0,3.5,8.5
1036664.0,9.5,5.0,14.5
1637106.0,2.3,1.1,3.4
293336.0,13.9,3.9,17.8
1590275.0,3.0,2.2,5.2
1666720.0,3.3,1.3,4.6
1554496.0,0.9,1.0,1.9
524131.0,11.3,2.9,14.2
1454263.0,4.5,-0.6,3.9
90950.0,16.7,3.8,20.5
123712.0,17.2,3.2,20.4
1117919.0,5.0,2.4,7.4
187368.0,16.9,2.4,19.3
719681.0,8.1,2.8,10.9
1321423.0,6.2,0.5,6.7
1703603.0,4.5,1.6,6.1
1546543.0,4.1,2.0,6.1
806816.0,6.9,3.3,10.2
674866.0,6.8,3.0,9.8
1560821.0,0.2,2.2,2.4000000000000004
854945.0,8.5,5.0,13.5
1354610.0,2.5,2.2,4.7
124752.0,17.8,3.7,21.5
116611.0,15.4,4.5,19.9
583347.0,9.3,3.5,12.8
468581.0,12.6,4.4,17.0
390271.0,12.4,3.2,15.6
1221546.0,4.0,4.8,8.8
800599.0,6.0,2.6,8.6
289828.0,12.4,2.6,15.0
670964.0,8.4,3.3,11.7
240073.0,16.4,2.7,19.1
1354486.0,6.8,3.5,10.3
1511960.0,2.2,0.0,2.2
101299.0,17.0,3.5,20.5
861899.0,4.1,3.9,8.0
1293991.0,3.9,2.4,6.3
110242.0,13.9,3.5,17.4
389357.0,5.4,2.0,7.4
1611008.0,-0.1,1.1,1.0
1640538.0,2.6,1.2,3.8
1493821.0,2.6,2.1,4.7
1440420.0,1.4,1.4,2.8
1411252.0,2.7,1.6,4.300000000000001
968465.0,8.6,1.6,10.2
265153.0,14.4,4.0,18.4
110987.0,18.2,3.8,22.0
397202.0,12.8,3.1,15.9
200587.0,13.6,3.2,16.8
1311555.0,2.2,2.2,4.4
123582.0,17.1,3.5,20.6
1674065.0,2.8,0.8,3.6
1687021.0,0.0,-0.2,-0.2
1695017.0,3.3,1.6,4.9
1570989.0,3.0,1.0,4.0
626862.0,9.7,3.0,12.7
1211640.0,5.8,2.3,8.1
259973.0,16.1,3.6,19.700000000000003
1059311.0,7.4,2.7,10.1
424797.0,13.0,3.3,16.3
1312566.0,5.1,2.3,7.399999999999999
1484123.0,4.7,1.5,6.2
261984.0,16.4,3.5,19.9
168048.0,16.5,3.4,19.9
203886.0,17.2,3.9,21.1
231720.0,16.0,3.4,19.4
1392456.0,4.9,2.0,6.9
554803.0,10.9,3.6,14.5
114432.0,17.3,3.5,20.8
73821.0,17.0,3.9,20.9
122814.0,13.7,4.2,17.9
270601.0,18.0,4.0,22.0
1701046.0,-1.8,2.2,0.4000000000000001
1677876.0,4.8,2.3,7.1
1621057.0,2.0,2.2,4.2
1418524.0,2.1,2.1,4.2
1228681.0,6.5,2.5,9.0
1369943.0,3.4,0.9,4.3
253749.0,20.8,2.5,23.3
1560429.0,1.5,3.5,5.0
124197.0,12.4,2.8,15.2
278374.0,15.5,3.5,19.0
1387164.0,5.4,3.3,8.7
1420462.0,1.0,1.8,2.8
1510131.0,3.0,2.8,5.8
123295.0,17.5,2.9,20.4
124292.0,17.9,3.9,21.8
295179.0,16.3,2.7,19.0
1569453.0,3.0,1.8,4.8
1323865.0,3.9,1.9,5.8
1405483.0,2.2,0.6,2.8000000000000003
1488169.0,5.0,1.0,6.0
1525510.0,2.6,1.5,4.1
1487933.0,2.8,-0.2,2.6
124190.0,17.4,3.7,21.1
1370244.0,4.2,1.0,5.2
1609201.0,3.5,0.2,3.7
294019.0,15.1,3.5,18.6
1649714.0,3.4,1.6,5.0
1207686.0,2.8,1.2,4.0
1373511.0,4.8,3.5,8.3
1598476.0,4.0,2.3,6.3
737330.0,7.8,2.7,10.5
758246.0,7.2,2.6,9.8
486774.0,11.8,3.6,15.4
1700108.0,4.7,1.8,6.5
934683.0,6.3,4.0,10.3
123368.0,17.4,3.6,21.0
79133.0,17.1,4.6,21.700000000000003
1214393.0,4.9,2.4,7.300000000000001
660719.0,9.8,4.1,13.9
299268.0,16.1,3.1,19.200000000000003
1533605.0,2.5,1.7,4.2
651733.0,10.2,5.0,15.2
1186585.0,5.3,2.2,7.5
56657.0,16.3,3.7,20.0
