basari_sirasi,ayt_matematik,ayt_edebiyat,ayt_cografya1,toplam_net
94.0,35.8,22.5,5.1,63.4
82.0,39.2,22.5,5.3,67.0
200.0,39.4,22.7,5.9,68.0
670.0,30.1,21.6,4.9,56.6
163.0,37.5,22.8,5.4,65.7
455.0,37.9,21.4,5.7,65.0
277.0,35.5,21.7,5.0,62.2
172.0,37.4,22.3,5.0,64.7
286.0,39.1,21.7,5.6,66.39999999999999
473.0,34.0,22.4,4.5,60.9
239.0,38.0,22.6,4.8,65.4
132.0,39.4,22.6,5.8,67.8
305.0,34.2,22.2,4.8,61.2
271.0,37.6,22.1,5.0,64.7
329.0,38.6,21.9,5.5,66.0
651.0,31.9,21.4,4.8,58.1
302.0,38.1,22.3,4.9,65.30000000000001
436.0,38.2,21.5,5.5,65.2
256.0,34.9,22.4,4.7,62.0
330.0,37.1,22.1,5.0,64.2
524.0,39.3,21.1,5.4,65.8
425.0,33.7,21.8,4.8,60.3
340.0,38.0,22.2,5.2,65.4
164.0,39.5,22.5,5.7,67.7
630.0,33.9,21.7,4.8,60.39999999999999
433.0,36.4,21.6,4.4,62.4
715.0,38.0,21.0,5.7,64.7
311.0,34.7,22.3,5.0,62.0
477.0,36.8,21.5,4.9,63.2
970.0,37.8,20.4,5.6,63.8
403.0,33.6,21.5,4.4,59.5
478.0,37.4,21.5,4.6,63.5
672.0,38.6,20.8,5.3,64.7
414.0,36.1,21.6,4.5,62.2
491.0,35.5,22.2,4.8,62.5
742.0,37.6,22.6,5.5,65.7
609.0,33.4,22.1,4.5,60.0
541.0,36.2,22.1,4.8,63.1
509.0,38.5,21.5,5.5,65.5
529.0,33.8,21.6,4.6,60.0
557.0,36.7,21.8,4.6,63.1
662.0,38.6,21.4,5.5,65.5
2083.0,28.5,20.8,3.9,53.2
643.0,34.3,21.9,4.5,60.7
1205.0,37.1,20.8,5.7,63.60000000000001
515.0,34.2,21.6,4.4,60.2
654.0,35.7,21.4,4.8,61.9
977.0,36.9,20.8,5.3,63.0
691.0,32.0,21.4,4.2,57.6
658.0,36.0,20.8,5.0,61.8
689.0,38.2,21.2,5.3,64.7
768.0,32.0,20.8,4.8,57.6
765.0,34.9,20.1,4.3,59.3
973.0,38.3,19.9,5.1,63.3
845.0,31.5,21.4,4.5,57.4
795.0,35.2,21.4,4.6,61.2
683.0,34.2,20.9,4.3,59.4
814.0,34.8,20.7,4.5,60.0
1278.0,36.9,21.7,4.8,63.39999999999999
756.0,31.2,21.2,4.6,57.0
829.0,34.5,21.6,4.3,60.4
1589.0,36.5,20.1,5.6,62.2
879.0,31.2,20.3,4.3,55.8
970.0,33.9,21.3,4.2,59.400000000000006
1340.0,37.2,19.0,5.1,61.3
1169.0,29.6,21.4,4.3,55.3
1123.0,34.9,21.0,4.4,60.3
1458.0,29.5,21.0,4.5,55.0
1135.0,34.9,21.5,4.9,61.3
1388.0,36.4,21.2,5.2,62.8
1362.0,29.9,21.1,4.5,55.5
1180.0,34.7,21.5,4.6,60.8
1128.0,37.3,20.7,5.5,63.5
1191.0,31.8,21.1,4.8,57.7
1262.0,34.8,21.2,4.3,60.3
1689.0,36.7,20.3,5.4,62.4
1389.0,29.2,20.5,4.5,54.2
1270.0,33.5,21.0,4.8,59.3
1448.0,37.0,20.1,5.1,62.2
1240.0,29.7,21.5,4.5,55.7
1284.0,34.8,21.3,4.4,60.49999999999999
1741.0,37.6,20.7,5.3,63.6
1142.0,30.2,21.0,4.8,56.0
1292.0,34.6,20.0,4.4,59.0
1867.0,36.1,18.9,4.8,59.8
1447.0,29.3,20.6,4.5,54.400000000000006
1319.0,34.7,20.2,4.1,59.00000000000001
1663.0,35.8,20.6,5.2,61.6
972.0,31.4,21.1,3.9,56.4
1343.0,33.6,20.0,4.3,57.9
2012.0,37.2,19.9,5.1,62.2
1417.0,30.2,20.0,4.3,54.5
1387.0,33.5,21.1,4.3,58.9
1746.0,36.1,19.6,4.8,60.5
1779.0,30.0,21.1,4.6,55.7
1406.0,34.9,21.5,4.4,60.8
1316.0,37.2,20.8,5.3,63.3
1619.0,29.7,20.9,4.4,54.99999999999999
1414.0,35.5,21.5,4.4,61.4
933.0,38.4,20.7,5.2,64.3
975.0,31.5,20.6,4.5,56.6
1430.0,34.9,20.1,3.5,58.5
2708.0,35.2,18.5,5.0,58.7
1819.0,27.5,20.4,4.4,52.3
1522.0,32.8,21.0,4.5,58.3
1890.0,34.8,19.9,5.3,59.99999999999999
1520.0,29.8,21.1,4.5,55.400000000000006
1527.0,34.3,20.5,4.2,59.0
2017.0,36.2,19.5,5.2,60.900000000000006
1091.0,29.8,21.2,3.9,54.9
1584.0,33.4,20.9,4.3,58.6
1389.0,37.8,20.7,5.5,64.0
1559.0,29.6,21.0,4.4,55.0
1662.0,34.1,21.3,4.3,59.7
991.0,37.7,21.8,5.5,65.0
1027.0,31.0,20.2,4.2,55.400000000000006
1711.0,33.0,21.5,4.8,59.3
1908.0,34.9,20.1,5.0,60.0
1512.0,30.0,20.9,4.4,55.3
1715.0,34.1,20.1,4.4,58.6
2604.0,35.6,19.0,5.1,59.7
1722.0,27.4,20.6,4.3,52.3
1719.0,31.7,20.7,3.8,56.2
2425.0,31.8,19.0,6.0,56.8
1608.0,29.9,20.4,4.5,54.8
1803.0,33.8,21.0,4.0,58.8
2785.0,36.3,18.9,5.3,60.49999999999999
1657.0,27.1,22.0,4.3,53.4
1812.0,32.1,21.1,3.3,56.5
2102.0,34.6,20.9,5.1,60.6
1671.0,28.3,20.9,4.4,53.6
1939.0,33.5,20.4,4.3,58.2
3136.0,34.7,19.5,5.0,59.2
2155.0,27.0,21.4,4.5,52.9
1954.0,33.4,20.9,4.5,58.8
2770.0,35.0,19.5,5.0,59.5
1900.0,28.3,19.8,4.4,52.5
1990.0,32.8,19.5,4.4,56.7
2929.0,35.5,18.5,4.8,58.8
2271.0,27.2,20.4,4.5,52.1
2134.0,33.0,21.0,4.7,58.7
3269.0,35.3,20.1,4.7,60.1
2143.0,26.6,20.6,4.2,51.400000000000006
2255.0,33.5,20.0,4.4,57.9
2149.0,27.2,20.7,4.4,52.3
2267.0,31.9,20.1,4.2,56.2
3923.0,33.6,18.8,5.3,57.7
1993.0,27.0,21.2,3.9,52.1
2353.0,31.2,19.7,3.3,54.2
3894.0,34.6,17.5,5.3,57.4
2450.0,26.9,20.8,4.5,52.2
2374.0,33.1,20.2,4.1,57.4
3094.0,29.2,19.9,5.4,54.49999999999999
2429.0,28.9,20.5,4.3,53.7
2182.0,36.8,16.9,6.0,59.7
4465.0,23.4,20.6,4.6,48.6
2437.0,32.0,21.1,4.1,57.2
4087.0,35.0,19.4,4.9,59.3
2372.0,25.4,21.0,4.4,50.8
2465.0,31.4,20.2,4.0,55.6
2906.0,34.0,19.4,5.2,58.6
1568.0,29.0,20.5,2.5,52.0
2468.0,26.0,21.5,6.0,53.5
3497.0,37.8,17.0,6.0,60.8
2653.0,27.4,18.9,4.0,50.3
2793.0,31.5,18.7,4.0,54.2
3558.0,35.6,19.8,5.0,60.400000000000006
3447.0,26.4,20.6,4.6,51.6
2967.0,33.3,20.9,3.4,57.6
5397.0,35.2,17.2,4.9,57.3
2793.0,26.1,21.6,4.6,52.3
2995.0,30.0,20.2,4.4,54.6
4798.0,36.9,17.9,4.7,59.5
2706.0,26.3,20.2,4.3,50.8
3042.0,31.7,20.3,4.0,56.0
2456.0,35.1,19.7,5.1,59.9
3022.0,25.8,20.6,4.4,50.8
3221.0,30.3,19.8,4.3,54.4
6043.0,32.4,18.4,5.0,55.8
3225.0,26.5,20.5,4.4,51.4
3242.0,31.7,20.5,4.3,56.5
4387.0,34.4,19.5,5.0,58.9
1878.0,31.2,20.2,-0.2,51.2
3330.0,35.5,21.5,3.5,60.5
3969.0,38.8,15.5,4.8,59.1
3831.0,25.4,20.2,4.3,49.89999999999999
3353.0,31.4,20.0,4.0,55.4
7535.0,33.2,17.9,5.1,56.2
4159.0,27.4,17.3,3.5,48.2
3400.0,29.5,19.4,5.1,54.0
13150.0,31.1,16.8,3.9,51.8
3942.0,25.5,20.0,4.5,50.0
3470.0,30.9,19.9,4.2,55.0
6831.0,33.6,17.7,4.8,56.1
2028.0,30.4,20.2,5.1,55.7
3523.0,33.4,18.2,4.9,56.49999999999999
1563.0,36.5,20.9,5.5,62.9
2349.0,31.7,18.1,4.1,53.9
3578.0,29.2,18.0,4.6,51.8
9839.0,31.7,15.2,4.6,51.5
6247.0,23.8,19.6,4.7,48.10000000000001
3638.0,30.7,19.2,4.2,54.1
4105.0,35.1,18.6,4.7,58.400000000000006
6969.0,24.0,20.2,4.6,48.8
3664.0,31.5,20.3,4.5,56.3
5244.0,33.7,17.0,4.6,55.3
3356.0,25.4,20.4,4.3,50.1
3682.0,28.8,19.7,3.9,52.4
5196.0,35.0,20.8,5.6,61.4
4436.0,24.8,19.3,4.1,48.2
3821.0,31.0,19.3,4.2,54.5
4201.0,34.5,19.1,5.0,58.6
2223.0,27.4,21.2,4.1,52.7
4056.0,32.6,16.9,3.6,53.1
16098.0,30.2,19.8,4.7,54.7
4056.0,24.2,20.1,4.2,48.5
4090.0,29.8,19.8,4.1,53.7
6201.0,32.7,18.2,4.9,55.8
7963.0,24.4,18.7,3.8,46.89999999999999
4185.0,31.3,19.3,4.1,54.7
7173.0,31.5,19.5,4.9,55.9
4886.0,24.5,20.3,3.8,48.6
4364.0,30.4,20.2,3.5,54.1
5218.0,35.3,17.0,5.1,57.4
5695.0,24.0,20.4,4.1,48.5
4388.0,29.8,20.1,3.9,53.8
6906.0,32.3,18.9,4.9,56.1
10831.0,22.6,19.9,4.2,46.7
4520.0,29.8,19.3,3.3,52.4
4786.0,33.5,19.1,5.0,57.6
5560.0,24.6,20.2,4.2,49.0
4539.0,30.3,20.0,4.1,54.4
5405.0,33.7,19.3,5.1,58.1
5687.0,25.3,18.2,4.4,47.9
4910.0,26.6,20.4,3.5,50.5
7338.0,30.4,17.8,5.0,53.2
8743.0,24.3,19.1,4.2,47.60000000000001
4993.0,31.0,18.6,3.9,53.5
8229.0,31.6,18.2,4.9,54.7
6168.0,25.4,19.2,4.8,49.39999999999999
4639.0,23.8,19.1,4.3,47.2
5192.0,28.0,20.5,3.6,52.1
10481.0,31.2,16.3,5.0,52.5
6110.0,23.2,20.1,4.4,47.7
5250.0,29.3,18.9,4.1,52.3
12652.0,28.0,18.0,5.0,51.0
8245.0,22.8,19.8,4.1,46.7
5384.0,29.1,18.7,3.6,51.4
9311.0,31.2,16.3,4.4,51.9
5873.0,25.0,19.7,4.2,48.900000000000006
5430.0,29.5,19.8,4.0,53.3
7914.0,31.0,19.4,4.8,55.2
5256.0,24.7,20.2,4.3,49.2
5574.0,28.3,20.0,3.7,52.0
8093.0,29.9,19.3,5.1,54.3
10851.0,18.3,17.8,3.5,39.6
5638.0,30.5,19.2,2.8,52.5
8404.0,32.3,16.9,4.6,53.8
8183.0,21.4,19.7,4.2,45.3
5791.0,27.2,19.2,4.1,50.5
10270.0,30.0,17.1,4.7,51.8
6835.0,22.0,19.1,5.1,46.2
5941.0,27.3,20.2,4.0,51.5
13479.0,28.2,17.3,4.5,50.0
9947.0,22.0,19.1,4.0,45.1
5947.0,27.5,19.3,3.7,50.5
6158.0,33.0,18.2,5.2,56.400000000000006
24502.0,20.5,18.9,3.9,43.3
5999.0,28.6,20.6,4.1,53.3
12052.0,29.4,20.0,4.6,54.0
9090.0,24.2,18.2,4.3,46.7
6060.0,32.1,17.5,3.9,53.5
8662.0,31.9,16.9,4.8,53.6
9005.0,22.4,19.6,4.2,46.2
6174.0,28.2,19.6,3.9,51.7
9118.0,31.0,18.0,4.8,53.8
9139.0,22.5,19.8,4.1,46.4
6380.0,28.2,19.6,4.1,51.9
11196.0,30.4,17.6,4.9,52.9
7190.0,23.9,20.0,4.3,48.2
6451.0,28.7,19.1,3.8,51.6
15584.0,28.9,16.7,4.9,50.49999999999999
9679.0,23.6,19.1,4.4,47.1
6513.0,30.4,19.0,4.4,53.8
8808.0,31.0,16.2,4.4,51.6
13632.0,22.7,19.2,4.0,45.9
6549.0,29.6,20.1,3.7,53.400000000000006
9052.0,34.4,18.8,5.3,58.5
13311.0,20.9,19.8,4.2,44.900000000000006
6602.0,27.7,19.2,4.1,51.0
14799.0,29.5,17.5,4.7,51.7
10106.0,19.1,19.6,3.9,42.6
6655.0,25.4,18.7,3.9,47.99999999999999
13797.0,26.8,19.4,4.9,51.1
4334.0,23.6,20.2,4.4,48.2
6694.0,28.8,18.1,4.3,51.2
12534.0,30.7,18.0,4.7,53.400000000000006
16717.0,24.2,15.9,4.2,44.3
6858.0,26.9,18.3,2.6,47.8
7341.0,30.7,19.9,5.3,55.89999999999999
4762.0,24.7,19.6,3.8,48.1
6915.0,31.3,18.9,4.5,54.7
11597.0,28.8,19.0,4.3,52.1
16080.0,19.8,19.0,3.9,42.7
7092.0,30.5,18.4,3.2,52.1
10666.0,28.8,18.0,5.0,51.8
16819.0,20.9,19.4,4.1,44.4
7134.0,29.6,18.9,4.3,52.8
12982.0,31.8,18.2,4.4,54.4
15562.0,19.3,20.3,4.7,44.3
7306.0,29.5,17.5,4.0,51.0
8614.0,29.0,18.9,5.7,53.6
7858.0,23.8,19.6,4.2,47.60000000000001
7582.0,28.7,18.2,4.0,50.9
12544.0,30.5,17.9,4.9,53.3
14524.0,20.3,19.7,3.7,43.7
7590.0,27.7,18.2,4.1,50.0
14319.0,29.3,16.5,4.8,50.6
10981.0,24.1,19.4,4.2,47.7
7598.0,30.4,18.5,4.0,52.9
9372.0,34.3,15.0,4.9,54.2
10225.0,22.6,19.8,4.3,46.7
7630.0,28.3,18.4,3.8,50.5
10597.0,30.6,17.3,5.2,53.10000000000001
11978.0,22.0,18.6,4.0,44.6
7967.0,27.4,18.7,4.6,50.7
10365.0,32.9,17.2,4.9,54.99999999999999
11567.0,22.8,19.6,4.4,46.8
8031.0,27.9,18.9,3.7,50.5
19276.0,28.0,17.6,5.1,50.7
11385.0,20.4,19.9,4.1,44.4
8130.0,26.7,19.2,3.8,49.7
11620.0,30.1,17.4,4.8,52.3
14784.0,21.1,18.3,4.4,43.8
8267.0,28.4,18.3,3.3,50.0
8070.0,32.2,18.4,4.5,55.1
11873.0,20.8,20.4,3.8,45.0
8294.0,28.3,17.3,2.7,48.3
12835.0,27.7,15.8,5.1,48.6
6023.0,20.4,20.8,3.5,44.7
8409.0,28.3,15.4,4.0,47.7
11480.0,29.0,19.0,4.8,52.8
20794.0,19.7,18.1,4.2,42.0
8726.0,25.0,18.8,4.4,48.2
10155.0,30.7,17.3,5.7,53.7
9039.0,22.5,19.8,4.4,46.7
8782.0,26.7,19.4,4.6,50.7
17731.0,30.1,15.2,4.7,50.0
22367.0,20.6,19.6,3.7,43.900000000000006
8899.0,28.2,19.2,3.9,51.3
11616.0,30.2,18.4,4.9,53.49999999999999
9088.0,21.4,18.1,4.5,44.0
9090.0,26.5,18.4,3.3,48.2
12996.0,27.9,16.5,5.1,49.5
13391.0,20.8,19.2,4.1,44.1
9239.0,26.3,18.9,3.8,49.0
14264.0,28.7,17.0,4.6,50.3
10263.0,20.4,20.1,4.3,44.8
9243.0,26.9,19.1,3.8,49.8
24396.0,26.1,15.7,5.3,47.1
12514.0,20.2,19.2,4.5,43.9
9347.0,26.6,19.0,3.7,49.3
12391.0,30.5,17.6,4.8,52.9
11391.0,20.8,19.6,4.1,44.50000000000001
9521.0,25.4,19.3,3.8,48.5
12546.0,27.6,18.2,5.1,50.9
15530.0,20.6,19.4,4.2,44.2
9639.0,26.4,19.4,3.8,49.6
12110.0,30.1,18.1,4.6,52.8
16194.0,20.6,19.6,4.1,44.3
9736.0,26.0,19.3,3.9,49.2
13564.0,29.1,17.7,4.7,51.5
16615.0,20.7,18.5,3.9,43.1
9758.0,27.1,17.8,3.9,48.8
15566.0,26.3,18.3,4.9,49.5
15694.0,20.9,19.5,4.1,44.5
9831.0,26.5,19.1,3.8,49.4
14281.0,28.3,17.9,4.8,51.0
17694.0,21.7,18.1,4.1,43.9
9848.0,26.3,18.8,4.0,49.1
15666.0,27.7,17.1,4.6,49.4
13904.0,23.2,16.8,3.4,43.4
10139.0,25.3,18.1,3.4,46.8
14919.0,28.8,15.7,4.8,49.3
15901.0,20.0,19.0,4.0,43.0
10317.0,24.7,19.1,4.1,47.9
16942.0,28.5,16.0,4.4,48.9
6753.0,23.9,19.6,4.1,47.6
10367.0,27.5,18.2,3.6,49.3
24514.0,27.4,16.7,4.8,48.89999999999999
20595.0,23.0,18.6,3.9,45.5
10568.0,26.6,20.3,3.4,50.3
22380.0,29.6,16.4,4.5,50.5
39025.0,15.6,19.5,4.3,39.4
10620.0,22.8,23.0,3.3,49.1
13183.0,27.7,18.0,5.4,51.1
18560.0,20.2,19.0,4.2,43.400000000000006
10823.0,25.1,18.9,3.9,47.9
15117.0,27.7,17.3,5.1,50.1
16012.0,21.7,19.2,4.0,44.9
10883.0,23.6,18.8,3.7,46.10000000000001
14717.0,28.0,16.8,4.4,49.2
19038.0,19.2,19.4,4.1,42.7
11141.0,25.6,19.0,3.9,48.5
16617.0,27.7,17.8,4.8,50.3
17622.0,19.0,19.3,4.5,42.8
11658.0,25.6,19.2,3.9,48.7
18381.0,27.2,16.7,4.7,48.6
9866.0,19.1,22.6,3.9,45.6
11747.0,27.1,19.5,4.4,51.0
16988.0,28.0,17.4,5.0,50.4
16634.0,20.5,19.3,4.2,44.0
11925.0,25.6,19.0,3.9,48.5
21027.0,26.0,16.9,4.8,47.7
21413.0,18.8,19.9,4.0,42.7
12044.0,27.3,18.8,3.6,49.7
32093.0,27.9,12.4,4.7,45.0
7943.0,22.5,19.8,4.1,46.4
12061.0,24.8,18.9,3.8,47.5
25731.0,27.2,15.2,4.9,47.3
23749.0,18.0,18.9,4.2,41.1
12182.0,24.5,19.0,3.4,46.9
14192.0,27.0,19.0,4.5,50.5
6612.0,21.8,21.1,4.3,47.2
12396.0,24.1,20.0,4.3,48.4
25952.0,24.5,17.2,4.9,46.6
23511.0,18.0,19.8,3.7,41.5
12542.0,24.5,17.5,4.1,46.1
16211.0,26.7,17.5,5.3,49.5
22348.0,18.8,19.5,4.4,42.7
12597.0,25.2,18.0,3.9,47.1
20799.0,26.7,17.4,5.2,49.3
64395.0,18.4,16.1,3.9,38.4
12667.0,21.1,19.8,4.4,45.3
20123.0,26.3,19.5,4.4,50.2
23476.0,19.3,17.9,4.0,41.2
12709.0,23.9,19.7,3.1,46.7
16256.0,29.2,16.3,4.5,50.0
20025.0,19.7,19.5,4.1,43.3
13045.0,25.3,18.7,3.7,47.7
17312.0,27.9,17.1,4.7,49.7
21528.0,19.6,18.8,4.1,42.50000000000001
13084.0,25.0,18.5,3.9,47.4
18728.0,27.8,16.9,4.8,49.5
21451.0,18.5,19.0,4.0,41.5
13166.0,23.8,19.1,3.8,46.7
19178.0,27.4,16.9,4.4,48.7
23217.0,20.7,17.1,3.7,41.5
13198.0,25.1,18.4,3.4,46.9
17192.0,29.8,17.2,4.9,51.9
21546.0,18.2,17.7,3.7,39.6
13273.0,24.5,17.0,4.6,46.1
26353.0,29.1,16.4,4.7,50.2
21543.0,16.9,19.6,4.8,41.3
13405.0,27.4,14.7,2.9,44.99999999999999
19321.0,25.8,16.6,4.6,47.00000000000001
22221.0,19.3,18.1,3.9,41.3
13514.0,24.0,18.6,3.8,46.4
18873.0,26.2,17.8,4.5,48.5
20210.0,19.6,19.3,4.1,43.00000000000001
13611.0,24.5,19.6,3.3,47.4
24740.0,17.7,19.7,3.8,41.2
13659.0,24.2,18.0,3.5,45.7
17561.0,28.6,17.1,4.9,50.6
21552.0,19.2,19.5,4.0,42.7
13730.0,25.5,18.6,3.7,47.8
18751.0,26.9,17.9,4.7,49.5
24966.0,17.6,19.5,3.9,41.0
13745.0,23.7,18.4,3.6,45.7
20160.0,26.2,17.4,5.0,48.6
25538.0,19.9,18.4,3.2,41.5
13929.0,25.6,18.8,3.7,48.10000000000001
21032.0,26.7,16.4,4.3,47.39999999999999
35162.0,17.7,18.7,3.7,40.1
13953.0,22.5,19.2,4.2,45.900000000000006
22723.0,26.6,14.5,5.0,46.1
46587.0,19.9,16.0,3.6,39.5
14164.0,28.8,15.4,3.3,47.5
17699.0,30.8,13.1,4.6,48.5
13551.0,22.4,19.2,4.0,45.6
14414.0,26.7,18.3,3.7,48.7
25181.0,28.5,16.6,4.8,49.9
11921.0,21.1,19.1,4.1,44.3
14422.0,27.5,16.1,3.8,47.4
59282.0,22.9,16.1,4.9,43.9
23695.0,19.4,19.5,3.8,42.7
14786.0,22.7,19.0,4.0,45.7
20567.0,26.6,17.4,4.5,48.5
20734.0,19.7,18.8,4.0,42.5
15043.0,26.1,19.2,3.7,49.0
18317.0,29.4,17.0,4.8,51.2
24833.0,18.7,18.8,3.9,41.4
15308.0,26.4,17.5,2.8,46.7
24427.0,17.9,19.2,4.0,41.1
15492.0,24.4,18.5,4.0,46.9
22378.0,26.3,17.0,4.7,48.0
53440.0,19.4,18.9,3.7,42.0
15646.0,25.6,19.0,3.2,47.8
19664.0,31.2,17.7,4.3,53.2
30011.0,15.9,19.2,4.3,39.4
16017.0,25.6,17.6,3.7,46.900000000000006
23727.0,24.7,19.0,4.7,48.400000000000006
27807.0,20.4,17.1,3.3,40.8
16193.0,24.9,18.5,3.9,47.3
23212.0,27.6,15.1,4.7,47.400000000000006
33542.0,16.7,18.8,4.3,39.8
16238.0,24.0,18.3,3.2,45.5
20530.0,26.6,17.5,4.8,48.9
25940.0,18.5,18.8,4.1,41.4
16929.0,24.4,18.7,3.8,46.89999999999999
22769.0,27.2,17.0,4.5,48.7
29791.0,17.2,20.6,3.9,41.7
16986.0,25.3,18.4,3.3,47.0
28064.0,24.0,14.9,5.0,43.9
23890.0,18.5,18.1,3.8,40.4
17246.0,24.9,18.1,3.4,46.4
35445.0,26.5,15.1,4.5,46.1
28872.0,19.6,17.1,4.0,40.7
17552.0,24.2,17.9,3.9,45.99999999999999
20949.0,25.7,17.4,4.7,47.8
28886.0,19.4,17.7,3.8,40.89999999999999
17557.0,24.1,18.4,3.0,45.5
22700.0,27.7,17.0,4.6,49.3
48094.0,16.4,17.9,3.9,38.2
17867.0,21.4,19.8,3.7,44.900000000000006
22942.0,25.3,17.9,4.6,47.8
35044.0,17.0,19.2,3.7,39.900000000000006
17935.0,26.1,18.1,3.0,47.2
25016.0,27.3,16.6,5.0,48.900000000000006
60009.0,15.4,19.2,3.8,38.4
18038.0,22.0,18.4,4.2,44.6
17982.0,25.8,17.8,5.0,48.6
22388.0,19.2,18.0,3.4,40.6
18337.0,23.9,19.7,3.4,46.99999999999999
33932.0,22.5,19.0,5.4,46.9
5778.0,22.2,16.5,3.5,42.2
18764.0,21.0,17.5,4.8,43.3
12796.0,35.0,11.8,6.0,52.8
26010.0,17.2,20.8,4.8,42.8
18963.0,27.3,15.9,4.1,47.3
26195.0,25.1,17.8,3.8,46.7
27287.0,16.4,19.1,4.5,40.0
19494.0,20.8,18.4,4.0,43.2
25022.0,27.6,16.6,5.0,49.2
33437.0,17.4,18.0,3.8,39.2
19536.0,24.3,18.0,3.5,45.8
25407.0,24.1,18.8,4.5,47.400000000000006
33670.0,13.9,17.9,4.1,35.9
36314.0,16.5,19.6,4.2,40.3
20485.0,22.9,18.8,3.4,45.1
32520.0,24.7,18.0,4.8,47.5
29773.0,17.2,19.0,4.0,40.2
20567.0,22.9,18.6,3.6,45.1
27712.0,26.1,17.1,4.6,47.8
17678.0,18.7,20.8,4.5,44.0
20760.0,25.5,17.5,4.3,47.3
35621.0,17.2,18.5,3.9,39.6
21116.0,23.4,18.6,3.5,45.5
26586.0,25.9,16.5,4.8,47.2
20170.0,18.6,16.8,3.9,39.3
21272.0,23.3,17.3,2.5,43.1
33271.0,23.3,18.3,4.6,46.2
32985.0,18.5,18.5,3.8,40.8
21410.0,23.5,18.0,3.9,45.4
27255.0,27.5,16.1,4.5,48.1
23324.0,19.9,18.4,4.2,42.5
21484.0,23.1,18.4,2.9,44.4
38266.0,25.0,14.0,4.8,43.8
31633.0,18.1,19.6,4.1,41.8
21681.0,24.2,17.7,3.1,45.0
25161.0,24.4,18.7,4.6,47.7
27051.0,19.7,18.0,4.2,41.900000000000006
21857.0,22.5,18.1,3.4,44.0
33759.0,27.2,17.7,4.4,49.3
33736.0,16.5,18.7,4.2,39.400000000000006
22055.0,22.3,17.9,3.2,43.400000000000006
26950.0,28.5,14.1,4.9,47.5
37495.0,16.7,18.7,3.8,39.2
22112.0,23.0,18.2,3.0,44.2
32585.0,27.8,15.9,4.4,48.1
39769.0,20.2,15.0,3.8,39.0
22709.0,25.2,16.4,3.4,44.99999999999999
26892.0,28.9,17.5,4.8,51.2
34346.0,16.7,19.3,4.5,40.5
23096.0,23.5,17.9,3.8,45.2
29836.0,25.2,18.0,4.5,47.7
34194.0,17.7,18.1,4.2,40.0
23105.0,22.9,18.6,4.0,45.5
37604.0,25.3,17.2,4.6,47.1
26772.0,17.6,19.1,4.3,41.0
23365.0,21.5,19.3,3.9,44.7
26412.0,18.6,18.7,4.0,41.3
23420.0,23.5,18.0,3.5,45.0
37956.0,24.3,16.8,4.9,46.0
29824.0,17.3,18.7,3.7,39.7
23926.0,22.4,18.8,3.6,44.8
35838.0,17.5,17.8,3.8,39.1
23940.0,23.3,17.7,3.6,44.6
30319.0,23.9,17.0,5.0,45.9
40388.0,16.2,19.4,3.5,39.1
24082.0,21.7,17.1,4.2,43.0
27134.0,24.9,17.8,4.6,47.3
35752.0,17.2,18.4,3.9,39.49999999999999
24202.0,22.5,18.3,3.8,44.6
30052.0,27.1,16.0,4.4,47.5
21769.0,20.2,18.5,4.2,42.900000000000006
24280.0,22.5,18.6,4.2,45.3
67407.0,22.7,16.7,4.5,43.9
35238.0,19.9,17.4,3.8,41.1
24522.0,24.8,16.6,3.6,45.00000000000001
46794.0,26.4,14.8,5.0,46.2
34188.0,15.3,19.8,3.9,39.0
24543.0,21.9,18.7,3.9,44.49999999999999
31270.0,24.7,17.5,4.6,46.8
41249.0,20.4,16.1,4.0,40.5
25347.0,23.2,17.4,2.9,43.49999999999999
30574.0,25.4,17.1,5.1,47.6
15884.0,20.9,19.3,4.2,44.400000000000006
25471.0,23.5,17.5,3.9,44.9
52363.0,24.4,15.1,4.7,44.2
36096.0,17.6,17.8,4.1,39.50000000000001
26062.0,22.3,18.2,3.7,44.2
32135.0,25.5,15.9,4.5,45.9
37541.0,16.7,18.5,3.9,39.1
26208.0,22.3,18.1,3.9,44.3
31550.0,25.6,16.4,4.5,46.5
38298.0,17.3,18.0,3.8,39.1
26643.0,22.5,18.6,3.5,44.6
33164.0,25.9,16.6,4.5,47.0
46383.0,14.4,18.7,3.7,36.8
26848.0,25.4,17.8,2.8,46.0
30467.0,25.6,17.8,4.8,48.2
62608.0,15.5,18.0,4.2,37.7
27335.0,19.8,17.8,5.5,43.1
30134.0,26.0,19.8,4.8,50.6
42932.0,15.8,20.2,4.0,40.0
28117.0,23.2,16.9,3.3,43.39999999999999
49220.0,22.0,16.3,4.6,42.9
38514.0,18.0,17.2,3.9,39.1
28155.0,21.5,18.6,3.6,43.7
38395.0,23.8,16.6,4.7,45.10000000000001
40648.0,14.3,17.7,4.2,36.2
28294.0,23.5,18.1,3.6,45.2
66127.0,21.9,16.8,4.2,42.900000000000006
39338.0,16.0,18.4,4.0,38.4
28382.0,21.7,18.5,3.5,43.7
36972.0,25.1,16.4,4.7,46.2
41263.0,15.8,18.4,4.0,38.2
28668.0,22.2,17.7,3.6,43.5
34834.0,24.8,16.5,4.6,45.9
41290.0,16.1,18.5,3.9,38.5
28789.0,22.3,18.3,3.7,44.3
36180.0,26.0,15.3,4.5,45.8
79788.0,14.7,18.6,4.1,37.4
29219.0,22.3,18.0,3.5,43.8
61773.0,21.8,18.1,4.5,44.400000000000006
54710.0,15.2,19.2,3.9,38.3
29403.0,22.3,18.3,3.3,43.9
38348.0,21.6,18.1,5.3,45.0
49929.0,13.2,19.3,3.8,36.3
29475.0,23.5,18.9,2.5,44.9
33670.0,24.4,17.4,4.4,46.2
35666.0,15.4,19.4,4.9,39.7
29695.0,21.3,18.4,3.8,43.5
34300.0,27.3,15.4,4.6,47.3
44852.0,16.5,17.2,4.1,37.8
29746.0,23.9,16.2,3.9,43.99999999999999
31453.0,15.0,19.6,4.3,38.9
29968.0,22.8,17.2,4.2,44.2
45414.0,22.2,17.8,4.6,44.6
17270.0,21.3,21.2,3.5,46.0
30154.0,28.4,12.8,3.0,44.2
57559.0,23.2,15.8,4.8,43.8
197465.0,11.0,13.6,3.4,28.0
30403.0,25.6,16.5,3.4,45.5
48750.0,24.6,16.1,5.2,45.900000000000006
234590.0,10.6,10.6,3.6,24.8
30421.0,23.4,16.1,4.8,44.3
110274.0,22.3,14.1,4.4,40.8
29016.0,20.0,18.2,4.3,42.5
31337.0,24.6,15.6,3.8,44.0
110136.0,20.1,15.1,4.6,39.8
33420.0,17.1,19.2,4.2,40.5
31354.0,21.7,18.4,3.7,43.8
49721.0,23.6,16.8,4.6,45.00000000000001
44596.0,15.0,17.0,4.0,36.0
31849.0,22.5,17.7,2.9,43.1
41183.0,23.5,15.8,4.3,43.6
32952.0,17.7,18.8,4.0,40.5
32305.0,22.5,16.6,3.5,42.6
51715.0,22.9,16.0,4.7,43.6
41830.0,18.7,16.2,4.2,39.1
32608.0,24.0,16.0,3.1,43.1
57603.0,23.7,14.1,5.3,43.1
43254.0,16.5,17.9,3.8,38.2
33447.0,21.7,17.8,3.6,43.1
39504.0,26.1,15.6,4.4,46.1
46886.0,16.2,18.2,4.0,38.4
33660.0,23.0,16.9,3.5,43.4
40358.0,27.0,15.0,4.4,46.4
38752.0,18.1,18.2,3.2,39.5
33677.0,21.5,14.5,5.4,41.4
62315.0,24.7,12.0,5.1,41.8
42727.0,18.6,16.0,3.6,38.2
33818.0,21.6,16.1,4.3,42.0
38046.0,28.9,15.4,4.7,49.0
35297.0,17.2,17.6,3.9,38.7
34177.0,18.8,19.1,4.1,42.00000000000001
57879.0,23.2,15.1,4.2,42.5
35015.0,16.1,19.0,3.8,38.9
34333.0,21.6,17.0,3.6,42.2
57612.0,22.2,15.8,4.9,42.9
46256.0,15.0,18.5,3.9,37.4
34343.0,21.5,18.2,3.4,43.1
44120.0,23.9,16.2,4.8,44.89999999999999
46014.0,15.5,18.3,3.8,37.6
34545.0,21.2,17.6,3.6,42.4
44760.0,24.2,16.4,4.6,45.2
41748.0,15.7,18.4,4.1,38.2
45089.0,16.5,17.5,3.8,37.8
35363.0,21.5,17.1,3.6,42.2
44203.0,24.4,15.1,4.4,43.9
27406.0,17.3,19.1,4.1,40.50000000000001
36052.0,20.1,18.0,3.9,42.0
53669.0,21.1,17.4,4.7,43.2
49032.0,13.2,18.8,4.2,36.2
36631.0,20.2,19.3,5.0,44.5
62436.0,23.5,14.6,4.4,42.5
40038.0,16.9,18.0,3.9,38.8
37126.0,20.5,18.4,3.7,42.6
51481.0,23.6,16.8,4.6,45.00000000000001
49211.0,15.2,17.9,3.8,36.89999999999999
37157.0,21.7,17.2,3.4,42.3
46168.0,23.5,16.6,4.5,44.6
55785.0,14.2,17.6,3.4,35.2
37655.0,19.1,17.6,4.2,40.900000000000006
44710.0,22.8,17.5,4.6,44.9
60800.0,12.4,19.0,4.0,35.4
37795.0,21.9,15.9,3.2,41.0
73672.0,21.3,17.0,4.9,43.2
52575.0,16.5,17.7,3.3,37.5
38028.0,24.9,16.4,3.6,44.9
41686.0,28.8,15.2,4.6,48.6
20752.0,20.1,18.3,3.9,42.3
38246.0,21.9,16.3,4.0,42.2
66564.0,21.7,15.4,4.8,41.9
45155.0,13.0,19.4,4.2,36.6
38702.0,20.6,19.0,2.7,42.3
65553.0,23.0,14.2,5.2,42.400000000000006
50520.0,15.6,18.7,3.9,38.2
38705.0,22.1,17.5,3.4,43.0
44593.0,25.8,15.8,4.4,46.0
98909.0,11.3,19.0,4.0,34.3
39017.0,24.0,17.5,3.4,44.9
36785.0,15.0,18.7,4.1,37.8
39034.0,22.6,16.3,3.0,41.900000000000006
61397.0,18.9,16.3,4.3,39.5
51526.0,15.2,17.5,3.8,36.5
39244.0,21.1,17.4,3.5,42.0
49317.0,23.8,15.6,4.5,43.9
28368.0,18.3,17.8,3.9,40.0
39660.0,21.3,16.7,3.5,41.5
64704.0,20.6,16.3,4.6,41.50000000000001
51371.0,14.4,18.9,3.9,37.2
40167.0,20.8,18.4,3.6,42.8
44013.0,22.6,17.6,4.6,44.8
51696.0,15.6,17.7,4.0,37.3
40730.0,22.0,17.2,3.5,42.7
50666.0,25.1,14.6,4.5,44.2
23889.0,19.0,19.0,4.3,42.3
41341.0,20.1,19.0,3.0,42.1
51863.0,26.4,15.9,4.4,46.7
51880.0,15.8,17.2,3.8,36.8
41725.0,22.2,16.1,3.5,41.8
42332.0,24.9,15.5,4.6,45.0
53211.0,14.9,18.4,4.0,37.3
42043.0,20.8,17.6,3.6,42.00000000000001
52503.0,23.5,16.0,4.4,43.9
43313.0,16.5,18.6,4.0,39.1
42546.0,21.1,17.7,3.7,42.5
76170.0,21.3,16.0,4.8,42.1
55697.0,17.1,17.0,3.8,37.9
42556.0,22.9,16.6,3.6,43.1
49239.0,26.6,15.2,4.6,46.4
64012.0,14.4,16.8,3.9,35.1
42838.0,21.4,17.0,3.3,41.7
62190.0,27.2,13.1,3.6,43.9
76062.0,16.4,18.7,3.9,38.99999999999999
42977.0,23.1,17.8,3.6,44.50000000000001
40098.0,26.9,16.9,4.6,48.4
66267.0,14.8,18.1,3.4,36.3
42990.0,19.4,16.8,3.3,39.5
65275.0,23.3,15.3,5.3,43.9
56481.0,14.6,17.5,3.8,35.9
43977.0,21.6,16.8,3.1,41.50000000000001
49637.0,24.3,15.5,4.4,44.2
40342.0,15.7,18.2,3.9,37.8
44129.0,20.8,16.9,3.7,41.400000000000006
62995.0,21.8,15.9,4.8,42.5
56815.0,14.2,18.0,3.8,36.0
44251.0,20.5,17.4,3.4,41.3
55675.0,22.8,16.0,4.5,43.3
45192.0,15.8,18.6,4.1,38.50000000000001
44804.0,20.7,18.0,2.8,41.5
51788.0,21.0,17.9,5.1,44.0
58775.0,15.4,16.7,3.7,35.800000000000004
45703.0,21.9,16.1,3.4,41.4
43860.0,26.5,15.2,4.5,46.2
27248.0,22.1,16.8,4.3,43.2
46596.0,19.8,17.4,3.5,40.7
71584.0,24.2,16.5,5.4,46.1
54877.0,14.6,18.2,3.8,36.6
46673.0,19.9,17.8,3.6,41.3
53146.0,23.6,16.3,4.5,44.400000000000006
60275.0,13.9,17.7,3.7,35.300000000000004
47627.0,20.8,17.2,3.4,41.4
57484.0,23.3,15.9,4.5,43.7
54212.0,14.4,18.9,4.0,37.3
47685.0,21.8,16.2,3.7,41.7
48835.0,24.9,18.0,4.6,47.5
54459.0,14.3,18.8,3.8,36.9
48139.0,19.5,18.2,3.4,41.1
56473.0,22.3,16.1,4.6,43.00000000000001
49109.0,15.4,18.0,3.9,37.3
48180.0,19.7,17.4,3.2,40.3
59078.0,22.9,15.8,4.5,43.2
56156.0,14.1,17.9,4.2,36.2
48456.0,18.5,18.0,3.6,40.1
63701.0,20.4,17.3,4.5,42.2
49802.0,15.0,19.1,3.9,38.0
48483.0,19.0,18.7,3.7,41.400000000000006
61072.0,21.0,17.3,4.4,42.7
61852.0,14.4,17.1,3.7,35.2
48488.0,19.3,17.4,3.5,40.2
55671.0,22.8,15.7,4.3,42.8
55615.0,13.0,17.7,4.0,34.7
48715.0,19.6,16.7,3.8,40.1
57801.0,23.6,14.0,4.3,41.9
33608.0,17.2,18.6,3.8,39.6
48936.0,21.2,17.9,3.2,42.3
80187.0,19.9,15.7,5.1,40.7
47444.0,15.9,18.6,4.0,38.5
49069.0,20.2,18.8,3.7,42.7
67088.0,22.4,16.8,4.3,43.5
47080.0,16.3,15.5,3.7,35.5
49146.0,20.3,16.8,3.8,40.9
68837.0,22.7,14.8,4.4,41.9
65343.0,14.2,17.4,3.8,35.4
50736.0,19.9,17.3,3.5,40.7
58874.0,22.8,15.7,4.3,42.8
59572.0,14.8,18.0,3.8,36.6
50905.0,20.9,17.3,3.4,41.6
55868.0,23.7,15.8,4.6,44.1
49848.0,15.8,17.2,4.0,37.0
51284.0,18.9,15.6,3.9,38.4
82244.0,18.7,17.3,4.8,40.8
63725.0,15.3,18.3,4.2,37.8
51296.0,20.5,17.6,3.5,41.6
63395.0,22.5,16.7,4.7,43.900000000000006
68675.0,13.0,17.2,4.1,34.3
51335.0,22.0,17.0,3.4,42.4
47330.0,20.9,16.9,5.0,42.8
40427.0,16.0,17.1,3.2,36.3
24350.0,18.9,18.7,4.1,41.7
51678.0,20.3,17.5,3.1,40.9
82578.0,19.7,16.0,4.7,40.400000000000006
41243.0,17.9,18.5,4.1,40.5
51833.0,22.2,15.9,2.5,40.6
82851.0,21.9,13.6,4.5,40.0
82476.0,10.2,20.2,3.8,34.2
52069.0,15.2,19.7,3.4,38.3
49844.0,23.2,16.4,4.9,44.49999999999999
52818.0,13.6,18.3,4.1,36.0
52275.0,20.0,18.3,3.6,41.9
66184.0,22.1,17.0,4.4,43.5
59631.0,14.8,17.6,4.0,36.400000000000006
52283.0,19.0,17.7,3.6,40.3
59980.0,22.3,17.8,4.5,44.6
66284.0,14.7,16.0,3.7,34.4
52436.0,20.8,15.0,3.3,39.1
61248.0,23.2,15.4,4.6,43.2
53995.0,13.5,18.7,4.0,36.2
53849.0,18.3,17.3,3.4,39.0
78234.0,18.0,16.2,4.8,39.0
72317.0,13.6,18.6,3.0,35.2
54213.0,18.9,16.6,3.4,38.9
72321.0,21.5,14.9,4.1,40.5
52871.0,17.2,17.2,3.6,38.0
54507.0,20.7,14.6,3.1,38.4
85428.0,17.5,15.9,4.6,38.0
46723.0,18.2,18.5,3.8,40.5
54885.0,25.8,14.4,3.7,43.900000000000006
77499.0,21.6,13.0,5.7,40.3
57641.0,16.0,15.7,3.7,35.4
55395.0,21.5,16.8,2.6,40.9
73841.0,21.3,12.9,5.2,39.400000000000006
59967.0,13.4,18.8,4.1,36.3
55446.0,20.2,17.3,3.8,41.3
73997.0,22.7,15.4,4.1,42.2
66513.0,12.8,17.5,4.0,34.3
55707.0,18.3,17.5,2.9,38.7
67999.0,21.0,16.9,4.4,42.3
66637.0,12.7,19.1,3.8,35.6
55869.0,19.6,18.3,3.4,41.3
74895.0,21.8,16.8,4.3,42.9
60332.0,12.7,18.4,3.4,34.5
55912.0,17.6,18.2,3.8,39.6
58568.0,23.8,15.2,3.3,42.3
62931.0,12.9,17.6,3.6,34.1
55966.0,18.1,17.3,4.3,39.7
67153.0,20.3,16.0,4.5,40.8
65289.0,13.3,17.8,3.8,34.9
56003.0,19.3,17.1,3.2,39.60000000000001
65409.0,20.4,16.8,4.5,41.7
63450.0,12.6,18.4,4.0,35.0
56055.0,18.3,17.3,3.8,39.4
69896.0,20.1,16.7,4.8,41.6
56579.0,11.6,18.9,3.9,34.4
56230.0,19.4,16.6,2.9,38.9
79224.0,20.9,13.8,3.5,38.2
60228.0,14.8,18.7,4.0,37.5
56237.0,20.4,18.2,3.4,41.99999999999999
37670.0,25.0,17.2,4.7,46.900000000000006
62668.0,12.4,18.5,3.8,34.7
56415.0,17.5,18.3,3.6,39.4
75473.0,19.7,16.7,4.3,40.7
60650.0,13.3,18.4,4.0,35.7
56438.0,17.7,18.1,3.5,39.3
72256.0,20.0,16.4,4.6,41.0
81377.0,13.2,17.9,3.9,35.0
56759.0,20.0,17.8,3.5,41.3
49544.0,22.6,16.7,4.7,44.0
75596.0,12.9,17.9,3.8,34.599999999999994
57886.0,19.0,17.0,3.4,39.4
66113.0,22.4,15.0,4.5,41.9
56186.0,13.6,18.6,4.1,36.3
58384.0,18.8,17.0,3.6,39.4
77640.0,18.3,16.2,4.9,39.4
68438.0,10.6,18.6,4.3,33.5
58552.0,21.7,15.8,2.4,39.9
68946.0,21.3,15.2,4.7,41.2
40134.0,19.5,15.8,4.0,39.3
58698.0,19.1,16.5,3.1,38.7
90069.0,21.9,14.9,3.9,40.7
77238.0,14.9,18.2,3.8,36.9
59420.0,22.4,16.2,3.2,41.8
54871.0,19.7,18.1,4.2,42.0
58510.0,15.3,18.1,4.0,37.400000000000006
59616.0,20.3,17.3,3.4,41.0
76360.0,21.9,15.6,4.8,42.3
48656.0,15.1,17.9,4.2,37.2
59867.0,18.2,16.6,3.4,38.2
86858.0,19.2,14.8,4.6,38.6
77030.0,12.6,18.6,4.2,35.400000000000006
59951.0,17.6,18.0,3.3,38.9
68964.0,21.9,16.6,4.4,42.9
67604.0,13.3,18.0,3.9,35.2
60078.0,18.5,18.1,3.4,40.0
80589.0,20.4,16.9,4.3,41.6
67070.0,12.2,19.6,3.4,35.2
60433.0,17.8,16.6,3.9,38.3
77022.0,17.5,17.3,4.8,39.6
70581.0,12.8,16.3,4.5,33.6
60475.0,18.4,15.9,3.4,37.7
81900.0,17.3,17.1,5.0,39.400000000000006
76214.0,12.7,17.6,4.0,34.3
60697.0,20.4,17.1,3.0,40.5
79638.0,21.6,16.9,4.4,42.9
111410.0,12.4,16.5,3.8,32.7
61127.0,19.6,16.9,2.9,39.4
80887.0,21.9,15.3,5.1,42.3
70819.0,10.2,19.6,3.8,33.6
61244.0,18.9,16.1,3.2,38.2
69732.0,24.1,14.6,4.4,43.1
77979.0,11.2,18.8,4.1,34.1
61313.0,19.1,17.2,3.6,39.9
68914.0,21.0,14.8,4.2,40.0
59412.0,15.1,18.6,4.0,37.7
61633.0,19.5,17.0,3.3,39.8
94995.0,20.3,14.7,4.5,39.5
61582.0,14.3,18.9,4.0,37.2
61753.0,18.2,17.5,3.6,39.3
98214.0,18.8,16.1,4.5,39.400000000000006
53887.0,14.2,18.8,3.8,36.8
61828.0,19.3,16.9,4.1,40.3
94143.0,18.8,16.3,3.8,38.9
56924.0,13.9,18.1,3.9,35.9
74854.0,14.1,17.3,3.6,35.0
62047.0,17.7,19.6,4.0,41.3
61952.0,19.9,18.7,4.7,43.3
74649.0,14.7,16.8,3.6,35.1
62115.0,19.8,18.2,2.6,40.6
95570.0,18.6,16.4,5.7,40.7
69571.0,12.6,20.9,3.5,37.0
62150.0,20.9,16.9,3.0,40.8
73334.0,22.9,17.0,4.8,44.7
68666.0,12.7,18.1,4.0,34.8
62218.0,17.5,18.5,3.4,39.4
77981.0,19.4,17.1,4.4,40.9
63920.0,14.0,17.3,4.1,35.4
62271.0,20.5,16.6,3.3,40.4
82957.0,20.9,16.1,4.5,41.5
70324.0,13.0,18.1,3.6,34.7
62640.0,17.7,17.8,3.4,38.9
74363.0,21.5,16.5,4.2,42.2
69503.0,12.7,17.8,4.0,34.5
62649.0,18.6,17.1,3.9,39.6
86761.0,21.4,16.0,4.6,42.0
66150.0,13.5,17.8,3.9,35.2
63391.0,17.7,17.9,3.6,39.2
77752.0,20.9,16.0,4.4,41.3
70769.0,11.4,18.9,4.0,34.3
63529.0,17.5,16.5,3.6,37.6
84967.0,17.5,17.1,4.3,38.9
49370.0,15.3,17.9,3.8,37.0
63761.0,18.1,17.0,3.4,38.5
91813.0,18.7,15.6,4.7,39.0
60547.0,15.8,16.1,3.9,35.800000000000004
64119.0,17.3,18.0,3.8,39.1
87589.0,15.7,17.9,4.6,38.2
76572.0,13.1,17.8,3.6,34.5
64454.0,19.3,17.3,3.4,40.0
83385.0,21.1,16.9,4.4,42.4
74106.0,12.4,17.8,3.7,33.900000000000006
64571.0,24.5,14.5,3.5,42.5
75173.0,21.0,16.4,4.7,42.1
68248.0,13.0,18.7,3.9,35.6
65104.0,18.5,18.4,3.4,40.3
80923.0,21.5,16.7,4.3,42.5
69862.0,11.6,17.7,4.0,33.3
65105.0,17.2,16.4,3.1,36.7
92934.0,19.9,15.0,4.5,39.4
60913.0,12.8,17.6,3.8,34.2
65630.0,17.8,17.2,3.7,38.7
104272.0,18.0,15.0,3.9,36.9
83886.0,12.0,17.6,4.0,33.6
66363.0,19.6,16.6,3.7,39.900000000000006
80450.0,21.8,15.5,5.1,42.4
71133.0,15.1,13.3,3.4,31.8
66493.0,15.5,17.7,4.9,38.1
103804.0,19.6,15.0,3.9,38.5
75278.0,13.0,16.1,4.0,33.1
66778.0,17.0,16.3,3.5,36.8
76181.0,18.6,15.8,5.0,39.400000000000006
71123.0,12.1,17.9,3.8,33.8
67106.0,17.6,18.1,3.6,39.3
84509.0,18.1,17.4,4.6,40.1
75545.0,10.9,17.3,4.8,33.0
67382.0,16.3,17.3,4.1,37.7
76326.0,23.9,12.3,4.2,40.400000000000006
78237.0,13.8,16.8,4.0,34.6
67536.0,19.1,16.8,2.3,38.2
76131.0,16.8,18.8,4.5,40.1
62380.0,15.6,17.3,3.5,36.4
62711.0,11.2,17.2,3.5,31.9
67753.0,17.4,17.3,4.0,38.7
82005.0,19.2,15.2,4.3,38.7
79518.0,13.7,16.9,4.0,34.599999999999994
67900.0,16.9,17.4,4.1,38.4
95515.0,18.9,15.6,4.0,38.5
81548.0,9.6,20.0,4.0,33.6
67943.0,16.1,16.9,3.9,36.9
98060.0,20.1,15.2,4.7,40.0
71750.0,14.3,17.2,3.6,35.1
68218.0,18.4,17.1,3.4,38.9
77269.0,22.7,15.7,4.4,42.8
80714.0,12.9,18.1,3.8,34.8
68633.0,17.9,17.8,3.6,39.3
92520.0,20.1,16.1,4.5,40.7
73788.0,13.6,17.8,3.8,35.2
68669.0,18.0,18.1,3.3,39.4
89019.0,19.2,16.8,4.3,40.3
107160.0,11.1,17.3,3.8,32.2
68702.0,17.8,17.0,3.3,38.1
77940.0,21.4,15.4,4.4,41.2
103440.0,11.1,18.6,4.1,33.800000000000004
68740.0,19.0,16.6,3.6,39.2
68300.0,18.9,17.4,5.0,41.3
69557.0,12.0,18.2,3.9,34.1
68778.0,17.8,18.0,3.4,39.2
78319.0,20.8,17.0,4.4,42.2
68244.0,11.6,19.2,3.7,34.5
68949.0,18.0,17.6,3.2,38.8
77012.0,20.2,15.9,4.5,40.6
58889.0,15.7,12.7,3.7,32.1
69140.0,17.8,16.3,3.9,38.0
103635.0,15.9,13.9,5.2,35.0
84579.0,11.7,18.4,4.2,34.3
69764.0,16.9,18.8,3.4,39.1
78385.0,17.9,16.9,5.0,39.8
71349.0,13.5,18.2,3.7,35.4
70072.0,18.7,17.5,3.4,39.6
89778.0,19.4,16.0,4.7,40.1
64201.0,13.9,17.6,4.0,35.5
70207.0,18.8,18.0,3.5,40.3
85197.0,19.9,17.2,4.2,41.3
74825.0,12.7,17.5,4.1,34.3
70326.0,18.8,17.2,3.6,39.6
89499.0,20.0,16.6,4.4,41.0
75324.0,12.2,17.7,3.7,33.6
70562.0,17.5,17.9,3.4,38.8
82404.0,20.8,16.0,4.4,41.2
69689.0,15.2,16.6,3.8,35.6
70644.0,16.4,17.4,3.9,37.7
113935.0,20.0,14.1,2.9,37.0
72798.0,13.0,18.0,4.1,35.1
70933.0,16.5,17.9,3.5,37.9
102895.0,18.3,15.7,4.6,38.6
58207.0,15.9,17.3,3.7,36.900000000000006
70958.0,18.5,17.7,3.5,39.7
87337.0,18.8,17.4,4.6,40.8
66870.0,13.6,18.1,4.0,35.7
71004.0,17.1,17.3,3.2,37.60000000000001
110984.0,16.1,15.6,4.4,36.1
89176.0,10.9,17.4,4.0,32.3
71135.0,17.0,18.0,3.0,38.0
76410.0,11.0,19.1,3.8,33.9
71204.0,17.4,17.7,3.6,38.7
91106.0,18.8,16.7,4.2,39.7
61841.0,15.1,18.6,3.9,37.6
71362.0,17.3,18.9,3.6,39.8
118990.0,14.2,17.5,4.3,36.0
77616.0,12.1,18.0,4.0,34.1
71366.0,17.9,17.8,3.4,39.1
85165.0,20.1,15.8,4.4,40.3
73379.0,16.3,12.2,3.1,31.6
71403.0,19.7,14.9,2.4,37.0
95224.0,17.1,18.2,4.5,39.8
90671.0,11.5,15.4,3.9,30.8
71418.0,17.2,16.6,2.8,36.6
71127.0,19.7,14.6,4.5,38.8
69976.0,14.5,18.1,3.6,36.2
71832.0,20.4,15.8,3.6,39.8
89273.0,18.4,15.7,4.7,38.8
86351.0,13.1,18.3,3.8,35.2
72167.0,20.2,17.5,3.8,41.5
93461.0,19.7,17.4,4.0,41.1
79393.0,11.5,18.3,3.8,33.6
72176.0,17.8,16.9,3.3,38.0
84230.0,18.5,16.9,4.5,39.9
78303.0,9.1,18.1,4.2,31.4
72230.0,18.7,12.3,3.6,34.6
97738.0,19.5,14.5,3.5,37.5
72992.0,13.8,17.1,3.2,34.1
72314.0,17.4,16.6,3.5,37.5
92449.0,18.4,17.3,3.9,39.6
75382.0,12.4,17.0,4.2,33.6
72823.0,25.9,12.3,2.1,40.3
158571.0,13.7,11.8,4.8,30.3
85052.0,11.5,16.7,4.1,32.3
72836.0,16.6,18.0,2.9,37.5
51240.0,15.4,17.6,4.0,37.0
72984.0,18.2,16.5,3.2,37.900000000000006
119267.0,17.5,14.1,4.7,36.3
80949.0,11.8,17.4,3.9,33.1
73645.0,17.5,18.4,3.2,39.1
95445.0,19.5,15.8,4.3,39.6
85334.0,12.5,17.7,3.8,34.0
74118.0,17.7,17.8,3.3,38.8
93710.0,18.8,16.3,4.2,39.3
91875.0,6.2,21.5,4.8,32.5
75037.0,23.0,13.8,2.5,39.3
102561.0,20.8,16.5,4.8,42.1
83381.0,11.8,17.3,3.9,33.0
75581.0,17.0,17.2,3.9,38.1
100491.0,18.0,16.5,4.3,38.8
95007.0,11.8,14.2,4.0,30.0
75603.0,14.5,18.6,3.6,36.7
97656.0,16.6,16.0,4.4,37.0
85511.0,11.1,18.6,3.7,33.400000000000006
76156.0,21.6,13.7,3.4,38.7
82095.0,22.6,14.9,3.7,41.2
81880.0,11.5,17.9,3.7,33.1
76227.0,16.5,17.2,3.3,37.0
87474.0,19.2,15.8,4.5,39.5
121086.0,15.9,17.3,3.8,37.0
76301.0,22.6,18.6,3.7,44.900000000000006
67710.0,26.9,17.9,4.7,49.5
74348.0,9.2,17.9,4.3,31.4
76667.0,15.6,16.5,2.6,34.7
124535.0,12.8,18.1,4.8,35.7
75713.0,13.3,17.2,3.8,34.3
76914.0,18.7,16.5,3.6,38.8
87656.0,20.4,15.9,4.2,40.5
80100.0,12.0,17.9,3.8,33.7
77714.0,16.8,17.4,3.2,37.400000000000006
90344.0,18.2,16.8,4.3,39.3
85310.0,12.3,18.5,3.7,34.5
77955.0,18.2,17.5,3.2,38.900000000000006
94783.0,20.1,15.9,4.3,40.3
84134.0,11.8,18.4,3.9,34.1
77957.0,18.1,17.3,3.3,38.7
83567.0,20.8,16.8,4.4,42.0
74562.0,12.7,19.3,3.3,35.3
78477.0,17.1,17.4,3.3,37.8
96344.0,21.6,12.1,4.6,38.3
46828.0,16.1,18.0,4.0,38.1
79271.0,18.7,16.3,3.3,38.3
106272.0,14.0,16.4,3.7,34.1
79698.0,18.7,16.6,3.4,38.7
82609.0,21.8,15.6,4.4,41.8
83682.0,13.2,17.4,3.8,34.4
79906.0,16.2,17.4,3.2,36.8
81569.0,15.9,17.6,3.8,37.3
80006.0,22.8,15.4,3.9,42.1
114218.0,21.7,14.8,4.5,41.0
89439.0,12.4,17.1,3.9,33.4
80105.0,16.8,17.4,3.6,37.8
98064.0,20.9,15.4,4.0,40.3
79297.0,11.5,17.5,4.0,33.0
80129.0,17.2,17.5,3.5,38.2
91843.0,18.2,16.6,4.4,39.2
90410.0,11.2,16.6,4.2,32.0
80371.0,19.3,14.6,2.8,36.7
81460.0,11.4,18.1,3.8,33.3
80542.0,16.9,17.2,3.2,37.3
97065.0,18.3,16.0,4.3,38.6
79630.0,12.6,16.7,3.6,32.9
80642.0,16.3,15.9,3.5,35.7
123428.0,14.7,17.1,4.1,35.9
85601.0,12.2,17.3,3.5,33.0
81251.0,18.0,17.0,3.3,38.3
92774.0,18.4,15.7,4.9,38.99999999999999
84699.0,11.6,17.6,3.6,32.800000000000004
81452.0,16.7,17.2,3.2,37.1
93912.0,19.3,16.0,4.2,39.5
89624.0,8.6,16.3,4.2,29.1
81518.0,14.3,17.2,3.7,35.2
85964.0,17.4,15.1,5.3,37.8
72973.0,13.1,17.8,4.3,35.2
81542.0,22.0,16.7,2.9,41.6
109650.0,16.0,17.4,4.4,37.8
49437.0,16.1,15.7,4.2,36.0
81072.0,11.5,18.1,3.9,33.5
82884.0,17.3,16.6,3.2,37.10000000000001
96230.0,19.1,15.8,4.5,39.400000000000006
86468.0,10.7,18.9,4.0,33.599999999999994
83064.0,15.7,18.4,3.2,37.3
100793.0,16.7,17.2,4.6,38.5
84141.0,13.4,17.3,3.4,34.1
83337.0,20.8,14.9,3.8,39.5
133222.0,13.9,16.1,4.7,34.7
85235.0,10.0,18.2,3.8,32.0
83538.0,16.0,17.6,3.4,37.0
102231.0,17.2,16.2,4.4,37.8
78875.0,11.5,16.1,4.3,31.9
83860.0,14.1,17.6,3.4,35.1
105186.0,18.3,13.5,5.1,36.9
83108.0,11.8,18.5,3.9,34.2
84143.0,16.6,17.0,3.3,36.9
96000.0,19.7,16.4,4.4,40.49999999999999
71779.0,13.9,17.7,3.7,35.300000000000004
84582.0,19.0,17.2,3.3,39.5
95518.0,19.2,16.7,4.8,40.7
76835.0,19.5,13.6,3.8,36.9
85026.0,15.1,16.7,3.3,35.099999999999994
96968.0,17.5,15.9,4.6,38.0
85955.0,10.9,18.1,4.0,33.0
85501.0,15.6,17.3,3.5,36.4
87978.0,19.4,16.6,4.3,40.3
65242.0,13.5,17.4,4.0,34.9
89467.0,13.8,14.4,3.3,31.500000000000004
86626.0,16.6,15.9,3.2,35.7
113911.0,17.8,14.5,4.6,36.9
89431.0,11.7,17.1,3.9,32.7
86973.0,16.8,17.6,3.3,37.7
102951.0,19.6,15.5,4.1,39.2
71156.0,12.6,15.7,4.1,32.4
86991.0,17.3,12.8,3.7,33.800000000000004
136000.0,15.4,12.3,3.9,31.6
77363.0,12.0,17.4,3.8,33.2
87220.0,16.8,16.3,3.4,36.5
113663.0,15.7,15.3,4.7,35.7
86680.0,10.2,18.0,3.9,32.1
87310.0,16.3,16.3,3.4,36.0
101389.0,17.6,16.5,4.7,38.8
96947.0,10.5,16.7,3.8,31.0
87336.0,17.6,16.3,3.2,37.10000000000001
85532.0,17.0,17.9,4.0,38.9
94631.0,10.9,16.4,3.7,31.0
87406.0,16.5,16.6,3.4,36.5
94459.0,17.6,15.7,4.6,37.9
104985.0,10.4,17.4,3.7,31.5
87725.0,14.4,17.6,3.6,35.6
84043.0,19.7,13.2,4.4,37.3
83450.0,12.8,17.6,3.9,34.300000000000004
87981.0,19.7,13.8,2.9,36.4
94844.0,17.7,17.2,3.9,38.8
84013.0,12.2,18.2,3.9,34.3
88201.0,18.0,16.3,3.4,37.7
109819.0,16.9,16.3,4.3,37.5
109916.0,11.1,17.5,3.8,32.4
88491.0,17.8,16.8,3.2,37.8
91507.0,19.9,16.4,4.5,40.8
66958.0,13.1,17.5,4.0,34.6
72776.0,13.3,15.9,3.8,33.0
88572.0,14.9,15.7,3.9,34.5
87232.0,11.4,17.4,3.7,32.5
89017.0,15.6,19.5,3.3,38.4
101652.0,20.3,17.3,4.3,41.9
124904.0,10.7,17.1,3.8,31.6
89089.0,17.3,16.9,3.3,37.5
93954.0,20.3,15.6,4.2,40.1
93016.0,10.6,18.6,3.7,32.900000000000006
89134.0,17.2,16.7,3.3,37.2
105844.0,19.0,15.0,4.0,38.0
81366.0,11.0,18.5,3.9,33.4
89723.0,15.9,16.4,3.5,35.8
108452.0,16.3,16.0,4.6,36.9
161918.0,11.0,16.5,3.5,31.0
90029.0,18.6,17.5,3.3,39.4
92914.0,22.6,14.6,4.0,41.2
92051.0,10.8,18.2,3.9,32.9
90127.0,17.0,17.1,3.5,37.6
106000.0,18.1,17.0,4.1,39.2
86277.0,13.0,16.6,3.8,33.4
90263.0,17.7,18.1,3.8,39.6
109253.0,19.2,16.6,4.4,40.2
97157.0,11.6,17.2,4.5,33.3
90266.0,17.0,18.3,2.7,38.0
113801.0,14.4,16.4,4.4,35.2
93355.0,11.8,17.1,3.8,32.7
90374.0,18.6,16.4,3.2,38.2
90323.0,18.5,16.9,4.5,39.9
75920.0,13.6,15.8,3.9,33.3
90832.0,15.7,16.7,3.8,36.2
108246.0,11.3,17.3,5.7,34.300000000000004
94826.0,10.7,18.8,4.1,33.6
91848.0,16.5,17.2,3.9,37.6
111403.0,18.3,16.8,4.3,39.4
88837.0,12.4,16.4,4.0,32.8
91859.0,14.0,16.9,3.6,34.5
119005.0,17.9,15.5,4.9,38.3
96272.0,10.5,16.6,2.9,30.0
91971.0,19.3,15.9,3.3,38.5
154766.0,15.7,13.5,5.3,34.5
111063.0,13.1,16.1,3.1,32.300000000000004
92055.0,17.1,15.7,3.1,35.9
109590.0,20.1,16.7,5.1,41.9
92754.0,11.3,17.4,3.6,32.3
92070.0,16.6,16.5,3.3,36.4
98843.0,18.5,14.8,4.3,37.6
98413.0,11.3,16.9,3.5,31.7
92101.0,16.6,17.0,3.4,37.0
111682.0,18.9,15.2,4.3,38.39999999999999
82357.0,12.3,17.2,3.3,32.8
92103.0,16.3,16.0,3.0,35.3
109537.0,18.8,16.4,4.3,39.5
102663.0,11.0,18.0,3.7,32.7
92350.0,17.4,17.5,3.6,38.5
112794.0,18.6,16.7,4.1,39.4
86006.0,10.5,19.1,4.0,33.6
92386.0,14.2,18.8,3.1,36.1
109355.0,18.9,14.8,4.2,37.900000000000006
106205.0,9.9,17.5,3.4,30.8
92479.0,13.8,17.9,3.7,35.4
95435.0,19.0,16.1,4.0,39.1
76686.0,12.6,18.4,4.0,35.0
92863.0,17.6,16.9,3.1,37.6
97852.0,10.6,17.8,3.7,32.1
93015.0,16.5,17.3,3.3,37.1
110541.0,18.5,15.8,3.9,38.2
97102.0,9.3,17.8,4.0,31.1
93070.0,16.2,17.4,3.4,36.99999999999999
115876.0,16.5,16.4,4.4,37.3
94793.0,11.6,16.4,3.5,31.5
93403.0,19.0,15.6,3.0,37.6
111203.0,16.5,14.6,4.7,35.800000000000004
91044.0,10.1,19.2,4.0,33.3
93591.0,14.2,18.5,3.0,35.7
98885.0,18.5,17.8,4.1,40.4
94285.0,8.6,20.2,3.8,32.599999999999994
93751.0,15.7,16.0,2.8,34.5
113296.0,18.9,16.3,4.0,39.2
99885.0,11.9,15.0,3.6,30.5
93824.0,17.9,15.7,2.9,36.49999999999999
115589.0,18.9,14.3,4.5,37.7
91146.0,10.7,17.3,3.6,31.6
94120.0,16.5,17.6,3.3,37.4
111495.0,16.3,16.8,4.3,37.4
116272.0,10.7,18.2,3.8,32.7
94175.0,17.4,17.2,3.4,37.99999999999999
124272.0,11.3,17.2,3.7,32.2
94382.0,17.3,17.7,3.3,38.3
98928.0,10.7,17.7,4.0,32.4
94527.0,15.3,17.9,3.4,36.6
113463.0,17.5,14.7,4.1,36.3
102631.0,10.6,17.5,4.0,32.1
94961.0,17.2,17.3,3.5,38.0
101375.0,20.3,14.4,3.9,38.6
91109.0,16.3,9.8,2.9,29.0
94990.0,17.5,15.2,2.7,35.400000000000006
94686.0,20.1,13.4,4.2,37.7
88819.0,11.4,17.6,3.9,32.9
95038.0,16.2,16.8,2.9,35.9
128534.0,16.7,14.8,4.6,36.1
96491.0,13.2,16.8,3.4,33.4
95220.0,15.9,17.5,2.8,36.2
119323.0,21.7,15.7,3.1,40.5
89557.0,9.8,18.8,3.1,31.700000000000003
95438.0,18.3,16.7,3.8,38.8
121809.0,14.1,16.6,5.2,35.900000000000006
103305.0,9.6,18.0,4.0,31.6
95823.0,14.9,17.2,3.7,35.800000000000004
116149.0,16.6,16.9,4.4,37.9
90257.0,11.3,17.3,3.9,32.5
95864.0,16.4,16.8,3.4,36.6
109254.0,17.9,15.2,4.2,37.3
92823.0,11.0,18.6,3.5,33.1
96064.0,16.6,16.3,2.6,35.50000000000001
107374.0,15.3,14.9,5.3,35.5
95374.0,12.4,16.6,3.7,32.7
96089.0,17.7,16.6,3.2,37.5
107610.0,19.9,15.1,4.2,39.2
86580.0,10.3,17.8,4.0,32.1
96131.0,15.8,16.1,3.4,35.300000000000004
125947.0,14.6,15.9,4.4,34.9
82985.0,13.2,16.5,3.8,33.5
96166.0,15.7,16.8,2.8,35.3
110901.0,12.9,17.4,5.3,35.599999999999994
93977.0,10.0,17.4,3.8,31.2
96267.0,15.2,17.0,3.4,35.6
106987.0,17.4,16.0,4.2,37.6
241543.0,10.8,15.1,2.7,28.6
96484.0,14.2,17.1,3.7,35.0
101586.0,19.9,14.5,4.5,38.9
88757.0,10.4,14.4,4.8,29.6
97087.0,11.5,18.5,3.9,33.9
139740.0,17.4,14.3,4.7,36.4
93424.0,10.9,17.0,4.0,31.9
97140.0,14.2,16.7,3.5,34.4
117447.0,14.9,16.5,4.7,36.1
101570.0,11.1,16.8,4.0,31.9
97303.0,15.8,16.5,3.6,35.9
130250.0,14.7,15.4,4.6,34.7
96780.0,10.8,17.5,3.6,31.9
97443.0,15.1,17.3,3.4,35.8
105330.0,15.7,17.2,4.5,37.4
103133.0,9.9,18.6,3.9,32.4
98619.0,15.3,17.8,3.4,36.5
117016.0,15.8,16.4,4.1,36.3
101320.0,9.7,18.8,3.1,31.6
98683.0,18.6,14.9,3.4,36.9
90996.0,22.9,13.6,3.9,40.4
96215.0,12.7,15.8,3.2,31.7
98800.0,13.3,15.6,3.6,32.5
113262.0,18.4,13.1,4.3,35.8
103227.0,11.4,18.1,3.6,33.1
99342.0,17.9,15.6,3.1,36.6
115737.0,17.7,15.8,4.2,37.7
128566.0,9.3,15.4,3.0,27.700000000000003
99517.0,18.4,16.2,3.6,38.2
120721.0,13.7,14.4,4.5,32.6
96684.0,11.1,17.6,3.8,32.5
99529.0,14.7,17.4,3.5,35.599999999999994
116100.0,16.3,16.5,4.3,37.1
107189.0,10.3,17.4,3.8,31.5
99536.0,15.4,17.3,3.4,36.1
123614.0,16.9,15.7,3.9,36.49999999999999
92419.0,11.8,16.0,3.0,30.8
99614.0,14.7,18.4,3.8,36.89999999999999
140282.0,17.0,14.7,4.0,35.7
88880.0,9.3,18.9,4.2,32.4
99835.0,15.0,15.7,2.9,33.6
108014.0,15.8,17.2,5.1,38.1
98205.0,10.1,17.7,3.8,31.6
98308.0,10.2,17.7,3.6,31.5
113228.0,8.5,17.5,3.9,29.9
112559.0,9.8,17.5,3.6,30.9
99961.0,16.1,14.8,3.4,34.300000000000004
103602.0,17.9,17.5,4.8,40.2
72573.0,12.4,17.6,4.0,34.0
100011.0,14.6,16.9,3.7,35.2
133761.0,14.1,15.8,4.4,34.3
105316.0,7.7,17.9,4.2,29.8
100041.0,14.2,15.2,2.1,31.5
106982.0,17.1,16.1,4.2,37.400000000000006
99404.0,9.5,17.9,3.5,30.9
100089.0,16.3,16.5,3.3,36.1
109030.0,9.8,17.2,3.8,30.8
100239.0,15.0,17.4,3.4,35.8
118324.0,17.6,15.6,4.1,37.3
97147.0,12.0,16.4,3.3,31.7
100277.0,16.2,16.3,3.4,35.9
115860.0,17.6,15.3,4.5,37.400000000000006
120667.0,11.9,16.2,4.1,32.2
100284.0,15.0,17.3,3.4,35.7
105818.0,18.2,15.8,4.4,38.4
100009.0,12.2,16.9,3.5,32.599999999999994
100812.0,16.5,16.7,3.3,36.5
105061.0,19.5,15.4,4.6,39.5
96463.0,10.1,17.7,3.8,31.6
101731.0,21.9,13.3,2.2,37.400000000000006
100708.0,22.1,15.7,4.8,42.6
99702.0,10.5,17.8,3.8,32.1
101788.0,15.6,17.0,3.2,35.800000000000004
142739.0,15.1,14.5,4.7,34.300000000000004
93023.0,11.5,17.4,3.8,32.7
101794.0,15.8,15.2,3.0,34.0
141262.0,15.9,14.0,4.4,34.3
106818.0,10.1,17.5,3.9,31.5
102412.0,16.3,16.0,3.3,35.599999999999994
107322.0,19.6,15.2,3.8,38.6
107876.0,10.2,17.0,3.8,31.0
102808.0,15.6,16.6,3.4,35.6
115130.0,15.1,14.7,4.4,34.2
108505.0,10.2,17.3,3.8,31.3
102914.0,15.2,17.2,3.6,36.0
122158.0,16.7,15.6,4.3,36.6
119722.0,10.4,16.7,3.6,30.700000000000003
102925.0,16.8,16.5,3.2,36.5
106896.0,19.2,15.4,4.0,38.6
106034.0,9.7,18.1,3.8,31.6
102976.0,17.6,15.6,2.8,36.0
119351.0,17.3,16.2,4.4,37.9
110063.0,8.9,18.3,4.1,31.300000000000004
103113.0,16.4,17.1,3.4,36.9
119095.0,18.6,16.0,4.0,38.6
123496.0,9.6,17.2,3.8,30.6
103445.0,16.8,16.2,3.1,36.1
74462.0,9.7,17.2,4.0,30.9
103578.0,16.8,12.8,4.4,34.0
146502.0,13.7,16.5,5.0,35.2
106547.0,10.2,18.2,3.6,32.0
103642.0,12.7,18.4,3.4,34.5
116023.0,15.4,19.0,4.1,38.5
107098.0,9.9,18.1,4.1,32.1
103732.0,15.9,17.1,3.2,36.2
121304.0,16.1,16.6,4.3,37.0
82471.0,14.3,18.1,3.2,35.60000000000001
104554.0,18.4,17.1,2.2,37.7
140525.0,23.1,17.4,4.3,44.8
90143.0,11.8,17.4,3.7,32.9
99566.0,9.9,17.9,3.7,31.5
108050.0,9.0,18.4,4.1,31.5
104698.0,17.1,16.5,3.4,37.0
124607.0,13.5,17.3,5.0,35.8
110974.0,9.9,17.0,4.1,31.0
104791.0,15.9,16.5,3.2,35.6
122360.0,16.1,16.9,4.2,37.2
119767.0,9.8,17.0,3.7,30.5
105404.0,17.7,15.1,3.2,36.0
87310.0,21.9,14.8,4.5,41.2
97931.0,12.6,17.0,3.7,33.300000000000004
105648.0,15.5,17.6,2.8,35.9
114684.0,18.9,15.4,4.3,38.6
123828.0,13.2,14.7,3.2,31.1
105806.0,13.5,17.5,3.6,34.6
115640.0,9.0,16.7,3.9,29.6
105871.0,16.3,16.7,2.9,35.9
123659.0,18.4,15.1,4.1,37.6
102323.0,10.8,16.8,3.7,31.3
106349.0,15.1,15.4,2.9,33.4
147311.0,13.5,15.0,4.9,33.4
115204.0,9.6,17.3,3.7,30.6
106365.0,15.4,16.1,3.1,34.6
135905.0,14.1,15.8,4.7,34.6
96398.0,11.0,16.9,4.0,31.9
106543.0,12.9,16.9,3.8,33.599999999999994
147444.0,11.9,15.2,4.8,31.9
99107.0,9.5,18.2,3.8,31.5
106679.0,13.7,17.9,3.0,34.599999999999994
126381.0,14.2,16.9,4.2,35.3
102773.0,11.0,17.8,3.6,32.4
108777.0,7.3,18.2,3.3,28.8
107589.0,14.4,16.9,3.0,34.3
123565.0,13.8,15.9,4.6,34.300000000000004
103643.0,14.7,15.3,4.1,34.1
108000.0,16.3,15.3,2.8,34.4
127401.0,17.1,15.6,5.1,37.8
115181.0,9.3,17.2,3.7,30.2
108096.0,14.6,17.2,3.2,35.0
128744.0,16.5,14.9,4.1,35.5
115082.0,9.3,17.5,4.3,31.1
108220.0,13.8,18.4,3.6,35.800000000000004
152205.0,14.7,16.1,4.9,35.7
103235.0,7.0,18.0,3.9,28.9
108283.0,15.3,16.7,3.8,35.8
122635.0,15.6,16.6,4.9,37.1
101012.0,10.2,17.6,3.8,31.6
108488.0,16.1,16.0,3.3,35.4
118264.0,15.8,15.6,4.2,35.6
82454.0,12.4,17.4,3.8,33.599999999999994
108495.0,15.7,16.2,3.0,34.9
140201.0,15.8,14.6,4.6,35.0
109696.0,11.0,17.2,3.3,31.5
108647.0,15.8,15.8,3.1,34.7
126757.0,15.3,14.7,4.1,34.1
95778.0,11.2,15.5,3.6,30.3
108648.0,15.4,16.0,3.8,35.2
138949.0,16.9,13.5,4.3,34.7
119815.0,9.8,17.6,3.6,31.000000000000004
108652.0,14.5,16.6,3.7,34.800000000000004
126920.0,17.7,14.5,3.8,36.0
124549.0,9.7,15.4,3.6,28.700000000000003
108737.0,16.3,16.5,3.1,35.9
96704.0,20.1,14.8,4.1,39.00000000000001
118903.0,9.2,16.8,2.9,28.9
108808.0,15.1,18.3,1.8,35.2
123370.0,16.4,13.2,5.4,35.0
106517.0,9.5,17.7,3.9,31.1
109033.0,14.5,17.4,3.4,35.3
123104.0,15.5,16.4,4.4,36.3
105009.0,10.4,17.4,3.9,31.7
109126.0,14.4,17.6,3.0,35.0
127179.0,18.3,15.0,3.9,37.2
104830.0,10.6,16.9,4.0,31.5
109190.0,14.8,16.8,3.1,34.7
118828.0,15.5,16.4,4.5,36.4
124593.0,10.9,17.4,3.8,32.099999999999994
109238.0,17.1,16.4,3.1,36.6
94992.0,19.3,16.1,4.4,39.8
111877.0,10.5,17.6,3.7,31.8
109341.0,15.5,16.9,3.3,35.7
107420.0,7.5,19.3,3.8,30.6
109579.0,19.1,15.8,2.6,37.50000000000001
122888.0,15.1,14.5,3.9,33.5
117249.0,10.4,16.9,3.7,31.0
109988.0,13.9,17.3,3.8,35.0
129343.0,17.8,14.3,4.0,36.1
124888.0,9.1,17.1,4.2,30.4
110449.0,13.9,16.0,3.1,33.0
114386.0,17.9,15.1,4.3,37.3
104472.0,9.5,17.5,3.8,30.8
110569.0,15.3,16.6,3.1,35.0
130855.0,15.2,16.1,4.2,35.5
107025.0,9.5,19.1,2.9,31.5
110729.0,13.2,14.4,3.8,31.4
130272.0,13.1,16.1,4.5,33.7
85744.0,12.8,16.4,3.8,33.0
110955.0,20.2,10.5,3.2,33.9
114300.0,16.8,14.8,4.8,36.4
96214.0,9.8,18.1,3.5,31.4
111056.0,13.0,17.5,3.0,33.5
116502.0,18.1,15.6,4.0,37.7
121838.0,10.3,16.8,3.0,30.1
111193.0,16.3,16.2,2.4,34.9
109936.0,9.1,17.6,3.7,30.4
111637.0,16.5,15.2,3.0,34.7
114761.0,16.2,16.0,4.7,36.900000000000006
109143.0,9.9,16.9,3.6,30.4
111848.0,14.5,16.7,3.5,34.7
118432.0,15.7,15.8,4.6,36.1
101890.0,10.6,16.7,3.9,31.2
111995.0,14.7,15.6,3.1,33.4
127989.0,14.1,15.9,4.6,34.6
124339.0,10.3,16.0,3.7,30.0
112056.0,16.2,15.5,2.9,34.6
119198.0,17.9,15.1,4.2,37.2
116372.0,10.3,16.9,3.8,31.0
89417.0,10.2,18.0,3.9,32.1
124519.0,9.5,17.1,3.6,30.200000000000003
112387.0,13.9,16.6,3.1,33.6
118867.0,17.0,15.1,4.4,36.5
105166.0,10.9,16.9,3.5,31.3
112481.0,14.7,17.0,3.1,34.8
121544.0,9.8,17.2,3.7,30.7
113086.0,15.0,16.5,3.4,34.9
121449.0,18.9,15.1,3.9,37.9
94721.0,11.4,15.6,3.2,30.2
113126.0,15.7,15.8,3.2,34.7
143361.0,18.5,12.2,4.3,35.0
113090.0,7.8,18.0,4.6,30.4
113411.0,18.5,13.6,2.5,34.6
118284.0,15.2,16.5,4.7,36.4
121228.0,8.8,18.1,3.6,30.500000000000004
114086.0,14.7,16.8,3.2,34.7
132536.0,15.5,16.3,4.1,35.9
114326.0,10.4,16.6,3.6,30.6
114344.0,16.5,16.5,3.2,36.2
113375.0,18.4,16.1,3.8,38.3
110528.0,8.4,17.7,3.7,29.8
114398.0,15.1,17.0,2.5,34.6
115715.0,14.4,15.8,4.0,34.2
112271.0,10.4,16.3,3.4,30.1
114525.0,16.4,16.2,3.1,35.7
116671.0,17.5,16.4,4.5,38.4
120042.0,8.4,18.6,3.4,30.4
114752.0,14.3,17.2,3.2,34.7
136226.0,15.8,15.8,3.7,35.300000000000004
163041.0,9.0,13.3,3.4,25.7
115558.0,18.1,14.3,4.4,36.8
125665.0,7.4,16.5,4.4,28.3
115631.0,14.9,18.2,3.4,36.5
139695.0,14.4,15.4,4.7,34.5
110954.0,9.5,16.6,3.6,29.700000000000003
115870.0,15.3,15.6,3.3,34.2
125441.0,16.0,15.7,4.1,35.8
113806.0,10.4,17.8,3.6,31.800000000000004
116283.0,16.1,14.8,3.8,34.7
114297.0,19.4,14.8,4.7,38.900000000000006
118310.0,9.9,17.5,3.4,30.8
112107.0,7.6,18.2,4.1,29.9
117312.0,13.0,17.9,3.0,33.9
123996.0,12.5,15.9,5.1,33.5
103310.0,9.8,17.1,3.6,30.500000000000004
117407.0,14.2,16.1,3.0,33.3
127615.0,13.6,16.6,4.4,34.6
122372.0,8.4,17.7,3.6,29.700000000000003
117766.0,14.4,16.9,3.4,34.7
134903.0,16.5,15.2,3.9,35.6
108587.0,10.6,17.0,4.3,31.9
117768.0,18.5,13.6,2.5,34.6
179385.0,11.5,13.0,3.8,28.3
119115.0,7.6,18.8,3.7,30.1
117888.0,15.1,14.9,3.0,33.0
130640.0,13.5,16.4,4.6,34.5
141366.0,10.4,18.2,3.5,32.1
117911.0,18.6,16.4,3.1,38.1
141038.0,17.1,16.4,4.5,38.0
126159.0,9.9,17.3,2.8,30.000000000000004
117915.0,14.0,16.4,3.5,33.9
122247.0,20.0,16.2,3.6,39.8
116422.0,9.7,16.3,3.4,29.4
118049.0,19.8,15.6,3.1,38.5
158240.0,13.7,16.5,4.8,35.0
101118.0,8.0,18.8,4.2,31.0
118339.0,12.4,18.5,3.6,34.5
162126.0,7.6,16.3,5.4,29.3
112473.0,11.0,15.9,3.4,30.3
118408.0,14.7,16.1,3.3,34.1
135024.0,15.6,15.4,4.1,35.1
114513.0,10.8,16.5,3.8,31.1
118489.0,17.7,14.0,2.8,34.5
146238.0,16.5,14.4,4.1,35.0
121036.0,8.6,18.2,3.9,30.7
118717.0,14.0,17.2,3.3,34.5
132770.0,16.1,16.0,4.1,36.2
128620.0,7.6,17.0,4.3,28.9
118921.0,17.3,15.3,2.7,35.300000000000004
148816.0,13.5,15.7,4.8,34.0
124798.0,8.2,17.4,3.4,29.0
119408.0,14.5,17.0,3.4,34.9
138958.0,17.5,14.5,3.8,35.8
124748.0,11.1,16.0,3.6,30.700000000000003
119410.0,15.2,16.1,3.6,34.9
120119.0,14.9,16.2,4.8,35.9
121524.0,9.0,17.3,3.8,30.1
119449.0,14.9,17.0,3.0,34.9
136035.0,15.9,14.9,4.2,35.0
135369.0,8.3,17.5,3.6,29.4
119634.0,14.6,17.8,3.6,36.0
143407.0,17.5,15.3,4.0,36.8
119834.0,8.1,16.8,3.2,28.1
119727.0,16.6,14.8,2.5,33.900000000000006
133670.0,17.0,14.6,4.4,36.0
125051.0,8.9,16.6,3.6,29.1
119770.0,12.7,16.3,3.7,32.7
134240.0,17.9,13.7,3.9,35.5
165570.0,5.5,15.2,3.5,24.2
119900.0,8.5,18.0,5.0,31.5
127031.0,8.8,17.6,3.8,30.200000000000003
120051.0,14.2,17.0,3.3,34.5
138278.0,15.8,16.1,4.2,36.1
114991.0,10.3,16.6,3.6,30.500000000000004
120130.0,14.7,16.1,3.4,34.2
141363.0,14.6,16.0,4.2,34.800000000000004
127746.0,10.1,17.0,3.2,30.3
120392.0,14.5,16.8,3.8,35.1
153730.0,10.8,16.7,4.4,31.9
122007.0,9.5,16.2,3.3,29.0
120528.0,17.5,16.2,3.0,36.7
99816.0,14.0,17.0,4.2,35.2
120602.0,18.8,16.3,3.4,38.5
153184.0,18.9,13.6,4.6,37.1
148660.0,6.8,17.3,3.8,27.9
120614.0,16.6,16.3,3.3,36.2
99990.0,18.7,15.4,4.4,38.5
113506.0,9.2,17.7,3.8,30.7
120660.0,12.9,16.3,3.3,32.5
140894.0,14.2,16.1,4.0,34.3
121305.0,9.2,17.5,3.6,30.3
120865.0,16.5,15.4,3.1,35.0
116669.0,6.9,19.0,3.9,29.8
121644.0,12.4,16.9,3.0,32.3
132156.0,15.6,12.8,3.4,31.8
114163.0,9.4,17.5,3.5,30.4
121814.0,13.9,17.6,3.7,35.2
123231.0,15.9,14.2,5.0,35.1
122001.0,14.9,17.8,2.6,35.300000000000004
116375.0,8.5,17.9,3.8,30.2
122196.0,12.7,17.0,3.2,32.9
144425.0,12.9,16.1,4.5,33.5
124671.0,7.6,18.3,4.0,29.9
122211.0,13.2,17.0,2.5,32.7
113756.0,8.8,17.4,3.8,30.0
122541.0,13.1,16.1,3.4,32.6
149626.0,13.3,15.3,4.7,33.300000000000004
112143.0,6.2,18.8,4.1,29.1
122617.0,12.8,12.3,4.4,29.5
152861.0,9.7,16.8,5.2,31.7
156596.0,8.4,15.6,3.9,27.9
122897.0,13.7,17.9,2.9,34.5
135070.0,22.2,11.3,3.7,37.2
116547.0,9.4,17.2,3.9,30.5
122935.0,14.5,16.0,3.1,33.6
131047.0,14.9,15.9,4.1,34.9
123317.0,8.8,16.7,4.1,29.6
123009.0,15.0,16.5,3.1,34.6
105744.0,14.9,16.6,4.9,36.4
127792.0,9.9,15.8,3.6,29.300000000000004
123295.0,13.6,16.1,3.5,33.2
141135.0,16.6,14.4,4.3,35.3
114306.0,13.1,18.0,3.7,34.800000000000004
123320.0,15.1,16.1,3.5,34.7
124705.0,17.4,15.8,4.5,37.7
124862.0,10.6,16.5,3.6,30.700000000000003
123367.0,14.6,16.8,3.4,34.8
127667.0,7.6,19.0,3.9,30.5
123789.0,15.2,15.4,3.2,33.800000000000004
158583.0,13.8,16.7,5.0,35.5
130243.0,9.3,16.6,3.8,29.700000000000003
124195.0,14.9,17.2,3.1,35.2
143122.0,16.4,14.7,4.0,35.099999999999994
93207.0,10.2,15.8,3.6,29.6
124299.0,16.6,16.1,2.9,35.6
155236.0,11.3,16.0,4.5,31.8
114918.0,9.9,16.8,3.8,30.500000000000004
124481.0,14.7,15.4,3.2,33.300000000000004
157567.0,13.6,15.0,4.4,33.0
117536.0,9.2,16.1,4.0,29.3
125092.0,13.1,16.1,3.7,32.900000000000006
123896.0,16.8,16.3,4.3,37.4
120096.0,8.3,17.5,3.7,29.5
125285.0,13.1,17.3,3.2,33.6
145509.0,14.9,15.9,4.3,35.1
114839.0,9.2,17.7,3.7,30.6
125298.0,14.6,16.5,3.1,34.2
172307.0,13.3,15.0,4.4,32.7
125674.0,6.9,19.5,3.9,30.3
125362.0,13.5,16.4,3.0,32.9
130536.0,16.5,15.5,5.0,37.0
130994.0,7.3,16.9,3.7,27.9
125428.0,17.7,15.6,2.1,35.4
177586.0,11.7,15.9,4.9,32.5
121306.0,7.9,18.2,3.8,29.9
125664.0,13.0,16.3,3.4,32.7
141659.0,13.5,16.6,4.3,34.4
113360.0,9.9,16.7,3.6,30.200000000000003
125668.0,14.9,15.1,3.2,33.2
150399.0,14.0,14.6,4.4,33.0
96344.0,10.9,17.5,3.9,32.3
125960.0,14.4,15.3,3.1,32.800000000000004
155294.0,14.6,14.9,4.3,33.8
128688.0,9.4,16.9,3.8,30.1
126002.0,15.0,16.4,3.0,34.4
139754.0,16.7,15.1,4.0,35.8
132585.0,8.1,17.5,3.7,29.3
126096.0,14.1,16.4,3.1,33.6
142730.0,15.5,15.6,4.0,35.1
125840.0,9.3,15.6,4.0,28.9
126776.0,16.4,15.6,2.7,34.7
130213.0,16.6,14.6,3.8,35.0
114946.0,10.1,17.7,3.2,31.0
126986.0,15.4,14.8,3.1,33.300000000000004
130514.0,17.7,15.6,4.7,38.0
105708.0,11.3,16.1,3.8,31.200000000000003
127228.0,14.5,14.8,3.0,32.3
152664.0,14.2,14.9,4.5,33.6
126427.0,7.4,18.4,3.6,29.4
127257.0,12.4,16.1,2.9,31.4
124492.0,16.1,16.6,4.5,37.2
128979.0,8.0,17.3,3.9,29.2
127269.0,14.1,17.0,3.0,34.1
143625.0,14.7,16.2,4.2,35.1
121795.0,9.4,16.9,3.8,30.1
127339.0,16.7,15.0,2.7,34.4
147253.0,6.8,16.7,4.0,27.5
127591.0,12.3,16.5,4.3,33.1
116744.0,16.4,15.6,4.9,36.9
104719.0,8.7,17.2,4.1,30.0
127661.0,12.2,16.2,3.2,31.6
144011.0,12.2,16.9,4.6,33.7
120919.0,8.4,17.3,3.8,29.500000000000004
127716.0,14.3,16.5,3.2,34.0
153400.0,12.2,15.5,4.9,32.6
113629.0,10.8,18.0,4.0,32.8
127753.0,12.7,17.3,3.4,33.4
135886.0,20.8,13.7,4.6,39.1
126650.0,8.0,17.5,3.7,29.2
127827.0,13.0,16.5,3.4,32.9
148186.0,15.0,15.3,4.1,34.4
134852.0,8.3,17.7,3.7,29.7
127867.0,13.8,17.0,3.2,34.0
145439.0,17.8,14.4,3.9,36.1
128461.0,8.6,16.7,3.6,28.9
128397.0,13.8,17.5,2.9,34.2
133177.0,12.5,17.6,4.7,34.800000000000004
119882.0,8.3,17.4,3.7,29.4
128616.0,14.6,15.4,3.3,33.3
135282.0,15.8,15.5,4.4,35.7
119481.0,11.4,15.2,3.4,30.0
128680.0,13.7,15.0,3.6,32.3
165917.0,12.9,13.7,4.4,31.0
130329.0,9.1,16.9,3.3,29.3
128888.0,14.3,16.0,3.5,33.8
149508.0,15.3,15.9,4.1,35.300000000000004
135672.0,7.8,17.6,3.7,29.1
129127.0,14.3,16.2,2.9,33.4
148160.0,15.1,14.8,3.9,33.8
127556.0,7.5,15.9,3.8,27.2
129317.0,11.2,18.1,2.3,31.6
143021.0,11.7,13.9,3.9,29.5
132231.0,7.8,19.3,3.8,30.9
129499.0,14.3,15.5,3.0,32.8
129330.0,13.8,17.5,4.4,35.7
124860.0,7.5,18.9,3.7,30.1
129526.0,12.2,17.2,3.0,32.4
138661.0,15.4,16.4,5.0,36.8
132845.0,10.4,16.0,3.9,30.3
129687.0,16.4,13.8,3.1,33.3
111672.0,19.1,14.6,3.9,37.6
145286.0,5.7,16.2,4.4,26.3
129987.0,15.7,16.2,3.7,35.6
106329.0,15.9,13.8,4.1,33.800000000000004
134199.0,8.6,17.7,3.8,30.1
130263.0,15.4,15.3,2.9,33.6
146874.0,14.6,16.5,4.2,35.300000000000004
119212.0,11.9,15.6,3.9,31.4
130290.0,14.9,18.4,5.2,38.5
200933.0,14.7,11.7,4.9,31.3
122779.0,9.6,16.9,3.4,29.9
130601.0,13.7,16.2,3.1,33.0
150369.0,13.7,15.6,4.4,33.7
124954.0,9.0,16.3,3.2,28.5
130610.0,13.7,14.9,2.2,30.8
155922.0,13.5,16.2,5.0,34.7
122876.0,9.7,17.0,3.5,30.2
113875.0,9.9,17.7,3.9,31.5
130927.0,15.4,16.1,3.2,34.7
101239.0,17.0,15.0,3.7,35.7
112967.0,8.8,18.4,3.7,30.9
131087.0,16.1,16.5,2.9,35.5
110101.0,18.0,17.4,4.5,39.9
136461.0,9.1,16.6,4.0,29.700000000000003
131299.0,14.2,15.7,3.1,33.0
151195.0,15.1,15.3,4.3,34.7
119409.0,9.3,17.2,3.7,30.2
131357.0,13.7,16.2,3.1,33.0
155628.0,13.5,15.6,4.1,33.2
110916.0,10.6,17.8,3.8,32.2
131571.0,13.9,16.3,3.5,33.7
170262.0,13.0,15.3,4.5,32.8
146338.0,11.6,16.1,3.5,31.200000000000003
131644.0,19.0,15.1,3.1,37.2
151765.0,19.7,14.8,4.1,38.6
112862.0,10.3,16.3,3.7,30.3
131899.0,15.0,15.4,3.3,33.7
153642.0,15.3,14.2,4.5,34.0
137936.0,8.6,16.6,3.6,28.800000000000004
131965.0,14.5,16.3,2.9,33.7
151640.0,15.0,15.3,3.9,34.2
126818.0,10.5,16.2,3.6,30.3
132056.0,12.3,17.6,2.1,32.0
132429.0,13.7,15.8,4.2,33.7
130176.0,8.0,16.7,3.2,27.9
132245.0,13.1,18.1,3.6,34.800000000000004
136085.0,15.2,15.3,4.7,35.2
121565.0,10.8,14.9,3.6,29.300000000000004
132246.0,16.1,15.2,2.3,33.6
130445.0,8.1,16.8,3.6,28.5
132365.0,14.4,16.0,3.3,33.7
136856.0,12.6,15.9,3.9,32.4
183110.0,8.3,15.8,3.3,27.4
132695.0,11.9,15.6,4.0,31.5
115505.0,17.4,16.1,3.5,37.0
123833.0,8.2,17.2,3.7,29.1
132786.0,12.8,16.0,3.0,31.8
143275.0,14.0,16.2,4.7,34.9
137913.0,8.0,17.1,3.6,28.700000000000003
132852.0,15.2,14.0,2.9,32.1
144495.0,10.5,17.5,4.9,32.9
132632.0,9.2,17.3,3.6,30.1
133051.0,14.0,15.3,2.9,32.2
155295.0,17.0,15.5,5.0,37.5
113824.0,10.3,14.4,3.3,28.000000000000004
133670.0,11.7,16.8,2.7,31.2
156000.0,11.9,14.8,4.8,31.500000000000004
126240.0,8.8,17.2,3.7,29.7
134002.0,12.9,16.8,3.4,33.1
154464.0,14.4,15.2,4.1,33.7
124298.0,7.8,17.1,4.0,28.9
134020.0,12.1,16.6,3.1,31.800000000000004
153982.0,12.8,14.5,4.7,32.0
138393.0,8.6,17.8,3.9,30.3
134199.0,15.9,15.9,3.6,35.4
154659.0,15.1,16.0,4.1,35.2
124208.0,8.7,16.2,3.5,28.4
134225.0,11.3,17.6,2.5,31.4
119443.0,8.5,17.3,3.9,29.7
134361.0,13.5,15.9,3.2,32.6
140123.0,14.0,16.3,4.1,34.4
127403.0,8.4,17.3,3.6,29.300000000000004
135027.0,13.2,15.6,3.1,31.9
159585.0,11.8,15.3,4.6,31.700000000000003
133315.0,8.4,17.1,3.9,29.4
135038.0,12.7,17.2,3.2,33.1
152159.0,14.2,17.0,4.6,35.8
117443.0,10.1,17.6,3.9,31.6
135063.0,12.3,16.7,3.2,32.2
177770.0,12.5,14.4,4.4,31.3
138300.0,7.0,17.1,3.7,27.8
135088.0,11.0,16.7,3.4,31.1
157230.0,14.8,14.3,4.5,33.6
134940.0,7.8,18.1,3.0,28.9
135669.0,12.4,16.5,3.1,32.0
146402.0,14.8,15.5,4.7,35.0
128282.0,8.6,16.2,3.8,28.6
135863.0,11.4,16.3,3.2,30.9
150140.0,18.5,12.7,4.8,36.0
140334.0,8.4,17.3,3.6,29.300000000000004
136024.0,14.2,16.6,3.4,34.2
156208.0,15.2,14.8,4.0,34.0
113974.0,9.6,13.6,4.2,27.4
136070.0,16.3,10.5,3.4,30.2
181700.0,12.8,9.3,4.2,26.3
132594.0,7.9,17.0,3.4,28.3
136387.0,15.5,14.6,2.9,33.0
142155.0,17.5,13.0,4.3,34.8
130152.0,7.8,17.1,4.0,28.9
136644.0,12.2,17.5,3.1,32.8
131282.0,15.2,15.0,4.2,34.4
100375.0,13.6,14.4,2.9,30.9
136746.0,15.2,16.5,2.3,34.0
187281.0,10.2,15.1,5.1,30.4
131556.0,9.6,15.4,3.8,28.8
136975.0,12.3,14.9,2.6,29.800000000000004
140914.0,14.3,14.3,4.6,33.2
132378.0,7.7,17.2,3.7,28.6
137146.0,12.7,17.5,3.2,33.4
166921.0,12.8,16.5,4.4,33.7
139367.0,7.6,16.9,3.8,28.3
137397.0,14.1,16.0,3.0,33.1
150905.0,15.5,15.1,4.2,34.800000000000004
66901.0,16.3,17.4,3.8,37.5
137846.0,14.9,16.4,3.0,34.3
191637.0,17.9,12.5,4.5,34.9
145889.0,6.2,16.6,3.8,26.6
138215.0,12.7,16.3,2.3,31.3
160420.0,7.3,17.9,4.4,29.6
117032.0,9.8,16.5,3.7,30.0
138392.0,13.8,15.0,3.3,32.1
171216.0,11.4,15.7,4.4,31.5
144160.0,8.1,17.0,3.9,29.0
138827.0,14.9,16.5,3.3,34.7
157568.0,17.6,15.7,3.6,36.9
109033.0,11.0,16.8,3.5,31.3
138867.0,14.4,15.2,3.4,33.0
165715.0,13.3,14.0,4.6,31.9
138570.0,8.9,12.2,3.9,25.0
138966.0,13.0,15.4,2.4,30.8
146423.0,15.2,15.2,4.3,34.7
338690.0,9.3,13.3,3.5,26.1
139018.0,19.7,13.6,2.6,35.9
144799.0,22.8,8.6,3.7,35.1
137690.0,8.5,17.6,3.8,29.9
139247.0,12.3,16.8,3.2,32.300000000000004
160700.0,11.8,16.7,4.2,32.7
145684.0,7.6,17.2,3.5,28.3
139827.0,14.3,16.6,3.5,34.400000000000006
160890.0,14.3,16.0,4.1,34.4
144101.0,7.6,17.0,4.0,28.6
140519.0,15.2,15.3,2.3,32.8
148637.0,14.7,15.5,4.5,34.7
132515.0,7.6,18.1,3.8,29.500000000000004
140665.0,15.1,15.7,3.1,33.9
160657.0,15.1,15.9,4.4,35.4
155373.0,8.0,15.0,3.3,26.3
141090.0,9.6,16.3,3.7,29.6
182578.0,7.5,17.1,2.9,27.5
141309.0,10.0,18.4,3.4,31.8
157798.0,14.3,15.1,5.1,34.5
103692.0,12.7,13.5,2.4,28.6
141414.0,9.3,18.2,3.5,31.0
206054.0,9.9,14.4,5.3,29.6
144277.0,7.5,17.3,3.7,28.5
141612.0,14.1,15.6,3.3,33.0
159654.0,14.6,15.8,4.0,34.4
139827.0,8.0,17.4,3.7,29.1
141630.0,13.6,16.1,2.8,32.5
162272.0,13.4,15.5,4.2,33.1
153672.0,6.1,17.6,3.6,27.300000000000004
141667.0,11.6,16.5,2.9,31.0
154121.0,6.2,16.4,3.6,26.2
142047.0,13.1,15.8,2.9,31.8
153056.0,13.2,17.7,4.3,35.2
123753.0,7.1,17.1,4.2,28.4
142301.0,17.1,14.5,2.7,34.300000000000004
117894.0,14.9,12.8,4.9,32.6
150401.0,7.9,17.8,4.1,29.800000000000004
131986.0,8.4,16.6,3.8,28.8
142575.0,14.9,15.4,3.2,33.5
161317.0,11.8,15.9,4.4,32.1
153006.0,7.6,16.1,3.7,27.4
142665.0,9.4,18.9,3.5,31.8
171409.0,14.7,13.4,4.3,32.4
141779.0,9.2,13.4,3.0,25.6
142929.0,15.6,10.7,4.2,30.5
182677.0,14.3,17.0,3.3,34.6
134586.0,5.4,18.6,4.0,28.0
143328.0,13.6,15.3,2.5,31.4
139743.0,15.9,14.4,4.7,35.0
166725.0,10.9,15.3,3.2,29.4
143465.0,12.0,17.3,2.3,31.6
293616.0,4.8,14.9,4.0,23.7
154939.0,7.6,16.4,3.5,27.5
143488.0,11.8,16.9,2.9,31.6
162618.0,15.4,17.0,4.2,36.6
119092.0,8.8,15.7,3.7,28.2
143514.0,12.0,14.0,2.6,28.6
177590.0,14.0,12.0,4.8,30.8
124362.0,12.5,12.8,3.6,28.9
144227.0,19.1,11.0,3.1,33.2
258344.0,14.3,14.5,4.7,33.5
139419.0,7.4,17.1,3.5,28.0
144380.0,13.1,15.9,3.0,32.0
165165.0,12.6,15.8,4.2,32.6
200407.0,4.4,16.2,4.4,25.0
144387.0,13.1,14.8,3.0,30.9
206493.0,13.1,15.8,5.1,34.0
137214.0,8.9,16.8,3.7,29.4
144491.0,13.2,16.1,2.9,32.2
164267.0,11.8,15.9,4.5,32.2
139779.0,8.5,17.8,3.6,29.9
145169.0,12.5,17.1,2.5,32.1
161329.0,9.9,13.2,3.0,26.1
162211.0,7.8,16.5,4.2,28.5
145534.0,17.4,15.0,1.7,34.1
164853.0,11.5,17.0,5.3,33.8
138763.0,8.2,16.5,3.6,28.3
146037.0,12.8,14.7,2.8,30.3
171215.0,12.1,14.7,4.6,31.4
122366.0,9.2,16.8,3.6,29.6
146487.0,12.8,12.7,2.6,28.1
162848.0,10.2,15.4,4.9,30.5
115803.0,10.9,16.7,3.8,31.4
146534.0,13.7,15.3,3.1,32.1
175693.0,13.1,14.2,4.4,31.7
143173.0,9.3,16.4,3.4,29.1
146725.0,12.9,16.2,3.0,32.1
163257.0,13.6,15.4,4.4,33.4
145229.0,8.2,16.4,3.2,27.8
147123.0,10.7,17.5,3.8,32.0
152946.0,13.3,16.8,5.0,35.1
129470.0,8.1,16.0,3.9,28.0
147684.0,12.9,16.0,3.1,32.0
181356.0,11.5,14.5,4.5,30.5
140036.0,8.1,17.2,3.7,29.0
148128.0,13.3,15.4,3.1,31.800000000000004
177640.0,12.5,14.9,4.2,31.6
122357.0,9.6,16.0,3.7,29.3
148173.0,13.0,15.3,3.3,31.6
173749.0,13.0,14.3,4.3,31.6
150769.0,7.3,16.8,4.0,28.1
148501.0,14.6,15.3,3.6,33.5
164579.0,15.7,15.7,4.1,35.5
136023.0,7.8,17.1,3.7,28.6
149190.0,12.0,16.4,3.2,31.6
170289.0,11.0,16.0,4.4,31.4
139417.0,9.2,15.3,3.6,28.1
149477.0,12.7,14.0,2.9,29.6
143675.0,13.9,15.7,4.7,34.300000000000004
135697.0,8.5,17.3,3.6,29.4
149538.0,12.7,15.5,3.1,31.3
150050.0,14.0,15.9,4.4,34.3
141336.0,10.0,16.9,3.9,30.8
149553.0,11.3,16.1,2.9,30.3
153577.0,14.6,15.9,4.2,34.7
145421.0,7.1,18.2,4.5,29.8
149732.0,11.9,15.5,2.0,29.4
190522.0,13.2,14.3,4.2,31.7
138674.0,12.2,14.3,3.3,29.8
149747.0,18.8,13.3,2.7,34.800000000000004
135151.0,21.2,12.7,3.9,37.8
175223.0,7.8,15.7,4.1,27.6
149778.0,13.2,14.1,3.3,30.6
218132.0,9.5,14.5,4.6,28.6
153179.0,4.8,17.6,3.0,25.4
149931.0,11.4,15.8,3.1,30.300000000000004
149833.0,13.5,15.9,4.5,33.9
138110.0,7.5,18.2,3.8,29.5
150367.0,11.4,17.2,3.3,31.9
169420.0,12.4,15.9,4.1,32.4
140217.0,8.1,17.1,4.0,29.200000000000003
150587.0,12.6,15.5,3.1,31.200000000000003
185667.0,12.4,14.8,4.6,31.800000000000004
144401.0,7.4,17.3,3.8,28.500000000000004
150592.0,13.4,15.5,3.3,32.2
172759.0,12.7,15.3,4.0,32.0
55760.0,12.5,18.5,3.8,34.8
150840.0,16.0,17.5,-0.5,33.0
154688.0,6.0,15.9,3.2,25.1
151074.0,15.6,13.5,2.4,31.5
288577.0,6.6,12.1,4.6,23.3
127456.0,9.0,16.8,4.0,29.8
151149.0,12.0,16.0,3.0,31.0
152269.0,14.4,15.7,4.2,34.300000000000004
147524.0,11.5,14.8,3.5,29.8
151371.0,13.1,16.4,2.1,31.6
153966.0,12.2,16.5,5.1,33.8
141499.0,7.7,16.1,4.0,27.8
151393.0,13.8,14.8,3.2,31.8
172736.0,13.9,14.1,4.2,32.2
159003.0,6.6,16.7,3.4,26.7
151435.0,11.7,15.5,3.1,30.3
173430.0,11.8,14.5,4.6,30.9
190088.0,5.8,16.9,3.2,25.9
151681.0,13.2,14.2,3.2,30.6
193765.0,14.8,8.3,3.2,26.3
154673.0,8.9,17.0,3.0,28.9
152383.0,11.4,17.5,2.5,31.4
160627.0,12.9,14.6,4.7,32.2
142053.0,8.4,17.2,3.9,29.5
152629.0,13.1,15.2,3.0,31.3
173161.0,11.7,16.1,4.1,31.9
221745.0,6.8,16.5,3.6,26.9
152768.0,16.5,14.7,2.8,34.0
302413.0,8.8,14.6,4.2,27.6
158248.0,8.5,16.8,3.2,28.5
152805.0,17.8,13.1,2.1,33.0
163720.0,11.2,14.9,4.6,30.700000000000003
133182.0,9.1,16.6,3.8,29.500000000000004
152878.0,12.8,15.4,3.0,31.200000000000003
153262.0,13.5,15.7,4.3,33.5
147504.0,6.7,17.4,3.5,27.6
153287.0,14.3,14.9,3.1,32.300000000000004
148662.0,16.8,15.3,4.2,36.3
143837.0,8.8,16.3,3.5,28.6
153306.0,12.0,16.3,3.1,31.4
190279.0,10.7,15.6,4.7,31.0
163053.0,7.5,15.9,3.6,27.0
153767.0,13.9,14.5,3.2,31.6
164996.0,16.3,15.1,3.9,35.3
145796.0,8.0,17.0,3.3,28.3
153933.0,11.4,16.5,2.9,30.8
173923.0,12.6,15.3,4.2,32.1
153452.0,7.6,16.4,3.6,27.6
154219.0,14.1,15.2,2.9,32.2
164151.0,15.1,14.8,4.2,34.1
132780.0,8.2,16.8,3.6,28.6
154424.0,13.2,16.0,3.1,32.3
157396.0,13.6,15.6,4.0,33.2
142080.0,9.1,15.9,3.6,28.6
154463.0,13.6,16.1,3.1,32.800000000000004
169154.0,12.1,15.7,4.3,32.099999999999994
177594.0,7.2,16.8,3.7,27.7
154734.0,15.8,16.6,3.0,35.400000000000006
117668.0,19.1,16.8,4.5,40.400000000000006
155109.0,6.1,17.5,4.0,27.6
154814.0,12.1,15.9,3.8,31.8
160956.0,13.5,17.5,3.7,34.7
141970.0,9.4,16.6,3.7,29.7
155218.0,14.6,16.8,3.1,34.5
146514.0,7.6,16.7,3.6,27.9
155841.0,12.2,16.1,3.0,31.3
176157.0,11.8,15.0,4.5,31.3
125562.0,15.9,11.7,2.7,30.3
156435.0,20.4,12.2,2.9,35.49999999999999
147731.0,22.0,9.6,3.6,35.2
120172.0,9.1,18.3,3.5,30.9
156479.0,12.2,14.6,3.4,30.2
195140.0,15.2,12.5,4.1,31.8
138630.0,7.2,19.3,3.7,30.2
156652.0,11.4,14.6,3.4,29.4
193815.0,7.1,15.8,5.5,28.4
154139.0,6.9,17.6,3.8,28.3
156851.0,13.3,15.1,2.8,31.2
176972.0,12.5,15.6,4.1,32.2
130773.0,9.6,15.9,3.4,28.9
156945.0,13.3,14.6,2.7,30.6
183677.0,12.8,14.2,4.5,31.5
145428.0,8.2,16.5,3.5,28.2
157007.0,11.4,15.2,3.4,30.0
146188.0,14.2,15.4,4.1,33.7
133110.0,7.8,17.7,3.5,29.0
157335.0,11.2,16.3,3.1,30.6
178915.0,13.0,15.3,4.0,32.3
147385.0,6.3,17.5,3.8,27.6
157609.0,11.7,15.0,3.1,29.8
181591.0,10.7,15.0,4.3,30.0
151974.0,7.9,16.7,3.6,28.200000000000003
157669.0,13.0,16.2,2.6,31.8
175497.0,12.0,15.5,3.7,31.2
154158.0,7.7,14.8,3.6,26.1
158249.0,13.6,14.1,2.8,30.5
157061.0,13.5,15.1,4.8,33.4
152109.0,8.9,15.8,3.6,28.300000000000004
158340.0,13.7,14.9,3.3,31.9
188417.0,12.9,15.1,4.6,32.6
131841.0,8.6,16.7,3.3,28.6
158369.0,13.9,15.9,3.0,32.8
167430.0,13.8,15.9,4.1,33.800000000000004
145186.0,8.2,17.4,3.5,29.1
158668.0,12.0,15.8,3.2,31.0
195386.0,11.8,14.9,4.3,31.000000000000004
160910.0,6.4,14.2,3.9,24.5
158805.0,14.4,16.6,3.2,34.2
165072.0,11.6,14.3,4.2,30.1
155459.0,6.1,16.9,3.6,26.6
159307.0,13.2,16.0,2.3,31.5
141684.0,14.4,18.3,4.5,37.2
173324.0,6.1,16.5,3.6,26.200000000000003
159468.0,8.3,19.2,3.1,30.6
151263.0,7.1,16.5,3.8,27.4
159958.0,12.1,16.2,3.2,31.5
173653.0,13.1,15.5,4.4,33.0
155542.0,7.8,17.0,3.5,28.3
159995.0,13.1,15.4,3.0,31.5
176055.0,13.5,15.4,4.0,32.9
165420.0,15.1,11.3,2.8,29.2
160001.0,13.2,15.2,3.2,31.6
163967.0,13.9,16.9,5.0,35.8
150692.0,7.3,17.2,3.7,28.2
160276.0,11.1,16.5,3.1,30.700000000000003
180460.0,11.2,15.8,4.0,31.0
146024.0,9.2,15.6,3.4,28.2
160626.0,15.6,13.3,2.4,31.3
169528.0,14.1,14.4,4.5,33.0
139847.0,12.5,14.7,3.6,30.8
160664.0,11.5,12.1,2.3,25.9
159902.0,16.8,13.1,4.4,34.3
149221.0,8.3,17.1,3.8,29.200000000000003
160994.0,12.5,15.6,2.9,31.0
203649.0,11.3,15.0,4.3,30.6
167777.0,7.4,18.6,4.0,30.0
161002.0,12.3,12.4,3.0,27.700000000000003
240075.0,4.1,15.6,4.8,24.5
151249.0,7.3,17.3,3.2,27.8
161018.0,11.4,17.2,2.9,31.5
180952.0,11.8,15.5,4.1,31.4
143997.0,10.3,16.1,3.0,29.4
161103.0,11.4,15.6,3.6,30.6
159724.0,11.1,14.7,4.5,30.3
140592.0,7.2,17.1,3.6,27.9
158365.0,7.4,16.7,3.6,27.700000000000003
161843.0,11.4,15.5,3.1,30.0
183550.0,10.9,15.8,4.5,31.200000000000003
146775.0,7.6,16.2,4.1,27.9
162045.0,12.8,15.8,2.9,31.5
167057.0,10.6,15.6,5.1,31.3
188876.0,8.2,13.1,3.2,24.5
162062.0,10.9,14.0,3.8,28.7
162117.0,5.6,18.6,3.8,28.000000000000004
162104.0,8.0,18.0,3.6,29.6
161912.0,13.3,16.6,3.4,33.300000000000004
147798.0,10.0,16.5,3.6,30.1
162624.0,14.9,15.7,2.8,33.4
173582.0,15.9,14.0,4.1,34.0
156795.0,4.0,19.3,3.9,27.2
162761.0,9.6,14.3,3.4,27.3
179858.0,8.1,16.2,4.8,29.1
130337.0,10.2,14.9,3.6,28.700000000000003
162805.0,13.2,14.4,3.0,30.6
175125.0,12.6,14.9,4.4,31.9
173954.0,4.4,18.0,3.3,25.7
163164.0,12.9,14.5,2.9,30.3
238741.0,7.5,15.8,4.5,27.8
148411.0,12.3,16.0,4.0,32.3
163321.0,14.9,14.9,3.1,32.9
171187.0,16.9,13.9,4.2,35.0
149927.0,9.9,13.4,2.7,26.0
163769.0,10.6,14.5,3.2,28.3
212516.0,10.4,13.0,4.4,27.8
159068.0,7.7,16.6,3.6,27.9
164792.0,11.5,15.6,3.6,30.700000000000003
196584.0,16.4,10.8,4.1,31.3
157158.0,6.3,18.7,3.8,28.8
164966.0,10.7,15.9,3.0,29.6
186174.0,11.9,15.3,4.7,31.9
143269.0,7.4,16.1,3.3,26.8
165229.0,13.4,15.2,2.6,31.200000000000003
135269.0,12.7,14.2,3.9,30.8
165246.0,15.2,13.0,2.4,30.6
190650.0,11.2,13.6,4.2,29.0
150699.0,9.0,15.9,3.1,28.0
165517.0,13.4,15.1,3.4,31.9
181789.0,12.1,13.6,6.0,31.7
167347.0,5.8,15.5,4.2,25.5
165554.0,12.9,16.8,3.2,32.900000000000006
171019.0,12.8,15.8,4.5,33.1
141616.0,8.0,16.7,4.1,28.8
165876.0,12.2,15.5,2.9,30.6
195666.0,10.7,14.3,4.0,29.0
152348.0,7.5,17.2,3.7,28.4
166062.0,11.3,16.6,3.0,30.9
184886.0,11.5,15.8,4.2,31.5
151854.0,8.6,15.2,2.7,26.5
166235.0,14.9,14.7,3.1,32.7
183195.0,11.4,14.8,4.0,30.200000000000003
174280.0,7.5,16.9,3.4,27.8
166745.0,13.6,15.6,2.4,31.6
197532.0,15.7,14.1,4.6,34.4
187734.0,6.5,17.1,3.6,27.200000000000003
166874.0,12.2,17.1,2.4,31.7
189933.0,15.3,15.6,3.6,34.5
130119.0,5.7,18.8,4.0,28.5
166882.0,12.5,16.6,4.1,33.2
184106.0,7.5,16.2,4.4,28.1
80328.0,16.8,16.7,3.8,37.3
166889.0,14.5,11.6,2.8,28.9
257609.0,17.8,8.2,3.7,29.7
158060.0,7.3,16.7,3.5,27.5
166984.0,11.5,15.7,2.9,30.1
184198.0,12.4,15.3,3.9,31.6
161205.0,8.9,16.0,3.6,28.5
167193.0,13.3,14.7,3.2,31.2
154983.0,12.8,15.4,5.1,33.300000000000004
157264.0,6.6,17.2,3.6,27.4
167377.0,11.7,15.5,3.1,30.3
185718.0,11.4,15.4,4.3,31.1
179561.0,6.7,14.4,3.7,24.8
167520.0,11.1,15.5,3.7,30.3
152965.0,8.6,15.5,3.6,27.700000000000003
167600.0,13.4,14.5,2.4,30.3
179598.0,12.9,16.7,4.7,34.300000000000004
166080.0,8.1,15.7,3.9,27.7
167653.0,13.6,14.7,3.0,31.3
178758.0,14.1,14.6,3.8,32.5
152766.0,8.0,16.0,3.5,27.5
168086.0,13.6,14.9,2.8,31.3
200207.0,10.5,14.9,4.4,29.8
156548.0,7.8,16.6,3.5,27.9
168189.0,13.4,14.3,2.9,30.6
186584.0,12.3,15.0,4.0,31.3
179174.0,8.3,17.4,2.7,28.4
168287.0,6.3,17.7,3.6,27.6
207370.0,6.6,14.6,4.9,26.1
148735.0,8.9,16.3,3.6,28.800000000000004
168622.0,12.1,15.0,2.9,30.0
209416.0,11.2,14.1,4.3,29.6
166930.0,8.2,17.2,3.6,29.0
169609.0,14.2,12.3,1.9,28.4
167925.0,10.9,15.3,4.5,30.700000000000003
160090.0,6.9,16.9,3.7,27.5
169762.0,13.3,15.2,2.8,31.3
188860.0,11.7,15.7,4.0,31.4
127356.0,8.8,17.0,4.3,30.1
169774.0,18.1,9.3,1.9,29.3
233923.0,7.0,14.6,4.9,26.5
157506.0,11.8,15.5,3.8,31.1
170090.0,17.1,13.3,3.2,33.6
182338.0,18.9,11.4,3.9,34.2
165395.0,6.2,16.4,4.4,27.0
170140.0,13.8,14.2,3.0,31.0
155631.0,11.8,17.0,4.8,33.6
152072.0,9.2,16.0,3.6,28.8
170182.0,14.0,13.7,2.9,30.6
167434.0,13.5,14.5,4.3,32.3
172664.0,9.2,16.7,4.0,29.9
170241.0,11.5,11.8,2.3,25.6
174598.0,8.8,13.9,4.4,27.1
188165.0,11.2,15.2,3.0,29.4
170740.0,15.0,13.9,2.9,31.8
193187.0,12.5,12.3,4.9,29.700000000000003
142819.0,7.6,15.8,3.1,26.5
170743.0,13.6,15.8,2.8,32.2
218381.0,9.0,14.3,4.8,28.1
159932.0,8.8,15.4,3.1,27.300000000000004
170788.0,13.6,13.8,2.8,30.2
158868.0,16.2,14.5,4.0,34.7
158375.0,6.6,16.6,3.3,26.500000000000004
170809.0,11.4,16.4,2.9,30.7
188295.0,11.3,15.5,3.7,30.5
174084.0,8.5,16.7,3.5,28.7
170851.0,11.1,14.9,3.9,29.9
188400.0,11.1,17.0,4.4,32.5
161676.0,9.2,16.1,4.1,29.4
170883.0,12.0,16.7,2.7,31.4
151207.0,18.0,15.3,4.0,37.3
178636.0,6.0,18.0,3.2,27.2
170938.0,10.4,15.1,3.1,28.6
191175.0,11.2,15.2,4.4,30.8
166414.0,6.0,14.6,4.1,24.700000000000003
170987.0,10.3,15.8,2.4,28.5
197242.0,10.8,13.2,5.1,29.1
168810.0,6.5,17.4,3.9,27.8
171014.0,11.6,16.6,2.8,31.000000000000004
173912.0,14.1,16.6,4.2,34.900000000000006
148842.0,10.1,12.6,3.5,26.2
171275.0,16.5,13.3,1.4,31.2
220498.0,14.0,12.8,3.8,30.6
152870.0,9.4,13.7,2.9,26.0
171285.0,8.9,17.3,2.9,29.1
190355.0,12.8,15.7,5.1,33.6
163030.0,7.5,15.0,3.8,26.3
171487.0,14.4,12.8,2.9,30.1
199927.0,10.8,16.9,4.8,32.5
182526.0,6.0,17.7,3.2,26.9
171572.0,10.2,15.3,4.0,29.5
165249.0,7.3,17.3,4.9,29.5
225638.0,9.0,15.3,3.6,27.9
172475.0,15.1,16.0,3.5,34.6
237518.0,6.8,14.0,3.4,24.2
172788.0,12.5,14.9,3.5,30.9
192230.0,11.4,15.2,4.2,30.8
157208.0,5.2,19.0,4.2,28.4
172975.0,18.4,9.3,1.9,29.6
179652.0,14.0,12.0,4.6,30.6
160657.0,6.9,16.7,3.5,27.1
173538.0,9.3,16.5,3.3,29.1
210164.0,8.6,15.5,4.4,28.5
159841.0,6.7,17.0,3.6,27.3
173572.0,12.5,15.0,3.0,30.5
188629.0,11.5,14.9,4.2,30.6
161129.0,6.6,17.2,3.5,27.3
173661.0,12.1,15.7,2.9,30.7
190680.0,11.4,16.1,4.2,31.7
162418.0,7.5,17.1,4.0,28.6
173792.0,12.4,18.4,3.9,34.7
184554.0,7.3,11.8,5.3,24.4
203860.0,6.7,15.7,3.4,25.8
173966.0,11.7,15.3,2.8,29.8
170734.0,11.4,16.0,4.2,31.6
157743.0,9.3,14.5,4.0,27.8
174253.0,16.9,13.9,2.2,33.0
151593.0,11.7,16.8,3.0,31.5
174286.0,15.9,12.2,2.8,30.9
200383.0,13.5,11.9,4.3,29.7
147120.0,6.7,17.9,3.5,28.1
174337.0,10.9,15.5,2.8,29.2
177917.0,10.6,15.9,4.2,30.7
157369.0,6.8,16.0,3.6,26.4
174491.0,9.9,17.1,3.5,30.5
159732.0,7.9,16.7,3.6,28.200000000000003
174510.0,13.0,14.6,2.9,30.5
203162.0,11.7,14.2,4.6,30.5
170008.0,6.9,18.4,3.9,29.2
174528.0,13.6,14.3,3.1,31.0
199467.0,15.0,15.0,4.1,34.1
143421.0,8.4,16.1,3.6,28.1
174916.0,12.7,14.1,2.7,29.5
207798.0,10.9,13.7,4.4,29.0
145431.0,8.1,15.8,3.7,27.6
167586.0,7.6,15.2,3.9,26.7
153907.0,5.3,17.4,3.0,25.7
175334.0,9.9,17.1,3.3,30.3
231786.0,8.8,13.9,4.3,27.000000000000004
168099.0,6.4,16.3,3.7,26.4
175398.0,11.8,15.8,3.1,30.700000000000003
187063.0,12.0,15.8,4.3,32.1
188374.0,5.5,16.9,3.2,25.6
175402.0,13.0,15.1,3.7,31.8
197326.0,12.0,14.7,4.5,31.2
152250.0,7.9,18.3,3.2,29.4
175917.0,9.5,15.9,3.1,28.5
199603.0,7.7,16.3,5.3,29.3
158004.0,9.1,17.6,3.8,30.500000000000004
176423.0,13.3,16.8,3.2,33.300000000000004
123670.0,18.8,16.1,4.5,39.400000000000006
165077.0,6.5,16.7,3.5,26.7
177303.0,11.2,15.2,2.9,29.3
193962.0,11.4,15.4,3.9,30.7
161422.0,10.4,12.2,3.6,26.200000000000003
177690.0,13.2,16.1,3.0,32.3
207326.0,14.0,7.6,4.0,25.6
183188.0,8.2,15.4,4.1,27.700000000000003
177798.0,12.2,17.6,2.9,32.7
150626.0,16.6,12.9,3.8,33.3
230841.0,5.9,15.6,4.5,26.0
178144.0,15.5,16.5,3.5,35.5
173834.0,12.0,13.3,3.8,29.1
246932.0,6.5,13.4,4.0,23.9
178363.0,9.5,17.4,3.9,30.8
154074.0,15.6,16.6,3.6,35.800000000000004
161547.0,7.8,15.1,3.7,26.6
178730.0,10.7,16.6,3.1,30.4
199750.0,10.1,15.7,3.9,29.7
158572.0,8.0,16.3,3.7,28.0
179756.0,12.8,14.7,2.9,30.4
223074.0,10.8,14.5,4.5,29.8
178368.0,6.4,16.2,3.7,26.3
180202.0,10.4,15.0,3.0,28.4
194601.0,9.9,15.0,4.6,29.5
169035.0,7.1,16.1,3.8,27.000000000000004
180753.0,11.5,14.9,3.0,29.4
210739.0,9.7,15.9,4.6,30.200000000000003
170244.0,6.5,17.6,3.6,27.700000000000003
181261.0,10.6,17.1,2.8,30.500000000000004
198161.0,11.2,14.9,4.0,30.1
160693.0,6.7,16.0,3.8,26.5
181478.0,11.3,14.1,2.7,28.1
194244.0,11.6,14.1,4.1,29.8
177820.0,7.5,17.1,3.7,28.3
181522.0,12.8,16.1,3.2,32.1
199157.0,11.5,15.4,4.1,31.0
128910.0,9.6,16.6,3.0,29.200000000000003
181609.0,15.4,12.3,3.4,31.1
199117.0,15.2,14.4,4.8,34.4
153302.0,7.6,19.0,4.4,31.0
181661.0,12.7,13.1,3.3,29.1
185494.0,10.4,15.7,4.3,30.4
176093.0,5.3,17.5,3.6,26.4
181909.0,10.1,16.6,2.4,29.1
176102.0,5.8,18.7,3.4,27.9
182748.0,10.9,15.2,3.2,29.3
189103.0,10.2,15.2,4.3,29.7
147934.0,8.1,16.3,3.7,28.1
182897.0,11.9,14.4,2.9,29.2
203588.0,10.7,14.6,4.5,29.8
177253.0,7.7,13.1,3.6,24.4
182999.0,16.3,11.8,2.4,30.5
282987.0,11.6,14.5,3.7,29.8
192669.0,5.9,15.0,3.6,24.5
183905.0,20.5,8.4,3.3,32.2
205928.0,13.2,12.1,5.0,30.3
156857.0,7.8,16.2,3.5,27.5
183980.0,8.2,16.9,2.8,27.9
183325.0,16.3,12.2,3.0,31.5
161838.0,7.6,15.8,3.5,26.9
184105.0,11.8,14.3,2.7,28.8
221932.0,8.4,14.2,4.9,27.5
179447.0,6.7,16.4,3.7,26.8
184141.0,11.8,14.9,3.3,30.000000000000004
194845.0,11.1,15.6,4.3,31.0
187702.0,9.8,14.7,4.0,28.5
184742.0,12.3,16.0,3.5,31.8
204981.0,11.8,14.2,3.6,29.6
179972.0,6.6,15.0,3.5,25.1
185468.0,12.6,15.7,1.8,30.1
206594.0,10.1,15.4,4.9,30.4
161031.0,9.5,13.9,3.3,26.7
185602.0,11.3,14.6,2.9,28.8
184026.0,10.4,15.1,4.7,30.2
152699.0,5.6,18.9,3.5,28.0
186110.0,10.0,13.8,3.2,27.0
293994.0,6.9,13.1,4.6,24.6
170037.0,7.0,12.8,3.8,23.6
186731.0,11.5,13.3,3.0,27.8
184805.0,12.6,16.0,4.2,32.800000000000004
186897.0,17.6,14.6,2.4,34.6
220878.0,17.5,9.8,4.8,32.1
166037.0,7.1,17.2,3.3,27.6
187454.0,11.2,14.2,3.3,28.7
215274.0,9.7,13.6,4.1,27.4
187750.0,4.8,17.8,3.9,26.5
187803.0,11.6,12.3,2.2,26.1
237021.0,13.6,12.4,4.1,30.1
205458.0,4.9,16.1,3.9,24.9
188140.0,8.4,16.2,3.0,27.6
206729.0,8.9,13.8,4.5,27.200000000000003
175825.0,6.6,16.9,3.3,26.8
188600.0,10.1,12.9,2.6,25.6
207471.0,9.1,14.6,5.0,28.7
184557.0,7.4,14.9,3.5,25.8
188651.0,10.2,17.3,2.8,30.3
191791.0,9.8,15.8,4.2,29.8
173950.0,5.4,17.8,3.7,26.9
188812.0,15.0,11.9,2.7,29.6
188126.0,13.9,15.7,4.0,33.6
176232.0,6.0,16.8,3.6,26.4
189030.0,11.0,16.1,2.8,29.9
206330.0,10.6,15.1,4.0,29.7
163586.0,6.3,17.0,3.7,27.0
189170.0,10.8,15.2,2.9,28.9
224581.0,8.6,14.6,4.8,28.0
197686.0,5.0,14.6,3.5,23.1
189181.0,13.2,14.9,3.1,31.200000000000003
190643.0,13.9,14.0,4.0,31.9
154873.0,8.2,16.6,3.8,28.6
189436.0,10.7,14.5,3.2,28.4
223986.0,9.2,14.5,4.7,28.4
222192.0,5.4,16.8,3.7,25.9
189468.0,11.8,16.1,2.8,30.700000000000003
210803.0,11.4,15.8,4.2,31.4
164777.0,7.0,16.0,3.6,26.6
189602.0,11.5,15.4,2.9,29.8
229850.0,10.7,15.2,4.1,30.0
165213.0,7.6,15.7,3.7,27.0
189672.0,11.7,13.4,3.0,28.1
209435.0,11.0,13.4,4.4,28.8
205602.0,4.3,17.2,3.8,25.3
189880.0,9.6,15.9,3.6,29.1
211434.0,5.3,15.4,3.2,23.9
190900.0,10.4,16.3,3.4,30.1
207725.0,8.1,16.2,4.3,28.6
199849.0,5.0,15.2,3.2,23.4
191313.0,8.0,11.3,2.8,22.1
214464.0,9.4,15.4,4.5,29.3
180469.0,6.6,16.0,3.9,26.5
191342.0,11.7,15.4,2.9,30.0
209885.0,12.3,14.8,4.1,31.200000000000003
163507.0,6.4,17.2,3.7,27.3
191618.0,11.5,14.7,3.1,29.3
197726.0,11.6,15.4,3.8,30.8
161108.0,7.5,15.7,3.7,26.9
191640.0,11.8,13.9,2.7,28.4
221036.0,10.5,14.1,4.3,28.9
172627.0,7.3,16.4,3.8,27.5
192027.0,11.1,15.3,2.9,29.3
227091.0,9.8,14.7,4.2,28.7
223980.0,5.2,16.4,3.3,24.9
192755.0,9.8,15.3,3.2,28.3
192550.0,13.9,13.4,2.9,30.2
189168.0,5.7,16.1,4.2,26.0
192982.0,10.2,15.7,3.0,28.9
217990.0,13.3,12.9,3.9,30.1
196528.0,5.0,15.5,3.5,24.0
193326.0,13.7,14.1,2.6,30.4
180809.0,8.7,17.0,3.6,29.3
193357.0,11.4,15.7,3.4,30.5
200273.0,8.0,14.7,4.3,27.0
214812.0,3.4,17.6,4.2,25.2
193600.0,11.9,13.5,3.2,28.6
219823.0,9.7,13.5,4.2,27.4
207479.0,11.0,16.5,3.6,31.1
194493.0,18.6,14.7,2.8,36.1
170963.0,20.4,14.8,4.3,39.5
176543.0,8.2,14.4,4.5,27.1
194612.0,14.4,11.4,1.7,27.5
251888.0,14.7,9.5,3.6,27.8
181915.0,4.3,18.3,4.7,27.3
195033.0,12.7,15.1,2.4,30.2
204882.0,10.0,15.9,4.2,30.1
190041.0,6.7,18.3,3.8,28.8
195360.0,11.0,16.5,3.2,30.7
218554.0,12.3,15.8,4.5,32.6
591390.0,6.4,10.3,2.7,19.4
195607.0,19.3,8.8,1.7,29.8
165439.0,23.3,6.1,2.5,31.9
162817.0,5.1,14.2,4.0,23.3
195621.0,13.4,15.7,1.3,30.4
236281.0,9.1,14.9,4.4,28.4
172180.0,7.3,16.1,3.2,26.6
195767.0,11.2,15.0,3.5,29.7
255314.0,8.6,14.4,4.1,27.1
199073.0,6.7,15.8,3.8,26.3
196207.0,11.4,14.3,2.4,28.1
237522.0,7.4,15.7,4.1,27.200000000000003
167073.0,4.6,18.2,2.8,25.6
197011.0,8.5,15.1,2.1,25.700000000000003
231484.0,12.0,13.8,3.9,29.7
188774.0,6.0,16.5,3.5,26.0
197070.0,11.7,15.0,2.7,29.4
213573.0,10.0,16.3,4.0,30.3
167855.0,7.0,17.1,3.5,27.6
197369.0,12.0,15.0,2.9,29.9
167930.0,7.2,15.6,3.5,26.3
198716.0,11.8,13.4,2.5,27.700000000000003
229701.0,10.3,13.4,4.6,28.300000000000004
162314.0,6.9,15.7,3.3,25.9
198777.0,10.6,14.8,3.1,28.5
199477.0,10.8,15.6,4.3,30.7
184185.0,5.9,16.7,3.5,26.1
199036.0,10.2,15.5,2.9,28.6
216272.0,10.3,15.3,4.1,29.700000000000003
182958.0,4.6,15.1,4.6,24.3
199110.0,10.1,11.7,2.4,24.2
203782.0,10.7,15.0,4.3,30.0
197789.0,5.7,16.0,3.6,25.3
199145.0,9.6,14.8,3.0,27.4
215828.0,9.3,15.8,4.3,29.4
184241.0,7.5,15.5,3.5,26.5
199159.0,10.9,15.2,2.9,29.0
217439.0,10.6,15.2,3.9,29.7
169130.0,7.1,16.0,3.4,26.5
199354.0,10.5,14.7,2.7,27.9
237667.0,10.1,13.0,4.2,27.3
174102.0,7.2,16.1,3.8,27.1
199708.0,11.0,14.9,3.2,29.1
221560.0,8.8,14.7,4.9,28.4
180161.0,6.5,16.8,3.6,26.9
199993.0,12.0,14.7,2.8,29.5
242298.0,9.6,14.7,4.4,28.7
183736.0,3.5,17.8,3.5,24.8
200046.0,10.2,13.6,3.5,27.3
251459.0,8.0,14.9,3.6,26.5
176902.0,6.8,16.1,3.5,26.4
200575.0,9.6,15.3,3.1,28.0
212254.0,11.2,15.7,3.9,30.8
189064.0,9.3,14.8,3.7,27.8
200750.0,11.7,13.6,3.0,28.3
170632.0,13.0,12.7,4.3,30.0
199097.0,5.5,16.0,3.8,25.3
202150.0,9.9,15.5,3.1,28.5
234300.0,8.0,15.3,4.2,27.5
158783.0,6.3,15.5,4.3,26.1
202343.0,12.5,12.8,2.3,27.6
267264.0,7.4,11.9,5.1,24.4
188834.0,5.0,15.4,4.0,24.4
202512.0,9.2,15.8,2.9,27.9
214194.0,11.5,14.5,3.9,29.9
195992.0,5.0,17.8,3.7,26.5
202522.0,10.7,15.5,2.9,29.1
209291.0,9.0,14.4,4.5,27.9
291778.0,10.7,12.4,2.8,25.9
202702.0,10.4,13.2,3.0,26.6
331954.0,5.8,14.0,4.1,23.9
178044.0,8.0,14.2,3.9,26.1
202906.0,9.6,15.6,2.5,27.7
216090.0,10.8,13.4,4.3,28.500000000000004
217421.0,5.3,14.9,3.7,23.9
203373.0,8.5,16.5,2.7,27.7
219950.0,13.0,11.1,4.1,28.200000000000003
176620.0,6.7,15.9,3.5,26.1
203638.0,10.9,14.9,2.8,28.6
201425.0,10.8,15.0,4.2,30.0
170937.0,7.2,15.7,3.6,26.5
203813.0,10.7,15.1,2.9,28.7
237256.0,9.4,14.3,4.2,27.9
130856.0,7.7,16.9,4.0,28.6
204102.0,10.1,13.1,2.2,25.4
249763.0,8.1,12.8,3.8,24.7
204729.0,4.1,17.1,3.6,24.800000000000004
204548.0,12.3,15.3,3.5,31.1
259006.0,8.1,15.7,4.0,27.8
185045.0,7.5,14.8,2.9,25.2
204691.0,10.9,11.6,3.6,26.1
234991.0,10.0,15.0,5.3,30.3
190335.0,5.1,18.0,3.6,26.700000000000003
205117.0,10.4,13.5,3.1,27.0
218004.0,8.7,17.7,4.2,30.6
197391.0,6.3,14.6,3.8,24.7
205919.0,9.3,15.2,3.6,28.1
173760.0,6.6,17.1,3.5,27.200000000000003
206518.0,10.9,14.5,2.9,28.3
204414.0,10.9,15.5,4.7,31.1
184129.0,6.5,16.0,3.6,26.1
207074.0,9.8,14.5,2.7,27.0
240425.0,8.1,15.0,4.7,27.8
208887.0,5.5,15.6,4.0,25.1
207076.0,11.2,15.4,2.3,28.9
223197.0,9.0,13.8,4.9,27.700000000000003
188721.0,6.0,16.1,3.6,25.700000000000003
207234.0,8.5,15.4,3.3,27.2
241743.0,8.9,14.2,4.5,27.6
185377.0,7.0,15.5,3.6,26.1
207399.0,10.8,15.1,2.8,28.7
220805.0,10.5,14.0,4.4,28.9
178842.0,6.2,16.3,3.7,26.2
207688.0,11.1,15.5,2.9,29.5
219002.0,10.5,14.5,4.0,29.0
145091.0,11.5,14.8,3.0,29.3
207702.0,12.9,15.5,2.9,31.3
297432.0,7.7,13.2,4.6,25.5
215604.0,7.0,16.4,3.8,27.2
207923.0,12.3,15.6,2.2,30.1
212651.0,3.6,17.2,4.3,25.1
208181.0,10.4,16.9,3.7,31.0
223785.0,10.1,14.8,4.3,29.2
149426.0,7.4,15.3,3.6,26.300000000000004
208262.0,6.0,15.7,3.5,25.2
242856.0,6.9,14.6,4.1,25.6
198807.0,6.2,16.8,3.4,26.4
208443.0,11.9,15.5,3.0,30.4
231688.0,12.6,15.4,4.0,32.0
186768.0,7.3,14.9,3.6,25.8
208456.0,11.8,14.0,3.0,28.8
222294.0,12.0,13.4,4.1,29.5
178257.0,8.2,15.8,3.6,27.6
208787.0,13.3,12.3,2.6,28.200000000000003
214368.0,13.1,14.2,4.6,31.9
194072.0,6.1,15.9,3.4,25.4
208807.0,10.0,14.8,3.0,27.8
221950.0,8.8,14.9,4.8,28.500000000000004
189049.0,5.9,16.2,4.1,26.200000000000003
208933.0,8.2,17.3,2.6,28.1
223901.0,9.0,15.4,4.9,29.3
183887.0,6.1,17.0,3.4,26.5
209131.0,12.2,15.1,3.2,30.5
189967.0,10.6,16.0,4.1,30.700000000000003
227229.0,5.7,16.6,3.9,26.2
209223.0,11.3,15.7,3.1,30.1
238083.0,12.8,15.2,3.6,31.6
201788.0,6.3,16.9,3.4,26.6
219675.0,5.4,15.6,3.6,24.6
209695.0,9.5,14.2,3.1,26.8
213181.0,10.0,14.6,4.6,29.200000000000003
206176.0,7.0,15.0,3.1,25.1
209991.0,13.8,12.3,2.4,28.5
400120.0,4.9,14.3,2.5,21.700000000000003
210112.0,9.3,14.5,3.3,27.1
185420.0,19.1,8.3,4.6,32.0
185938.0,6.5,16.8,3.6,26.9
210172.0,9.9,16.5,3.3,29.7
249194.0,9.2,15.1,4.0,28.3
190072.0,6.1,15.7,3.5,25.3
210216.0,10.7,14.0,2.5,27.2
237680.0,9.4,14.1,4.3,27.8
180891.0,7.2,15.4,3.6,26.200000000000003
210224.0,11.7,13.5,2.5,27.7
178148.0,15.2,12.5,4.0,31.7
219655.0,5.4,15.4,3.1,23.9
210230.0,9.2,17.7,1.9,28.8
240780.0,8.4,14.7,4.1,27.200000000000003
199365.0,5.5,16.7,3.5,25.7
210515.0,10.7,15.0,3.1,28.8
228638.0,8.9,15.5,4.4,28.8
177780.0,5.9,17.4,3.6,26.9
210716.0,11.0,14.7,3.0,28.7
223194.0,10.0,14.9,4.0,28.9
202611.0,4.0,17.8,4.8,26.6
210764.0,13.8,12.7,1.3,27.8
241544.0,5.9,15.9,4.3,26.1
196914.0,5.5,16.2,3.6,25.3
211884.0,12.2,12.8,3.4,28.4
234780.0,6.8,15.6,4.2,26.6
187088.0,6.1,16.9,3.5,26.5
212004.0,9.7,15.9,2.7,28.3
226700.0,10.1,14.6,4.1,28.8
230665.0,7.8,13.0,3.3,24.1
212606.0,13.4,11.7,2.1,27.200000000000003
257151.0,9.0,13.4,4.8,27.2
199298.0,6.1,16.3,3.4,25.8
213438.0,10.4,15.0,2.9,28.3
238710.0,8.5,14.7,4.8,28.0
173658.0,6.7,16.0,3.7,26.4
213737.0,10.2,15.0,2.9,28.1
238806.0,9.2,13.6,4.4,27.2
201305.0,6.0,16.5,3.6,26.1
213750.0,11.2,15.1,2.8,29.1
207367.0,10.1,15.1,4.3,29.5
182672.0,6.4,15.9,3.8,26.1
214187.0,10.4,14.4,2.6,27.4
230132.0,8.4,13.7,4.9,27.0
198208.0,5.3,18.1,3.9,27.3
214407.0,12.0,13.0,2.1,27.1
300751.0,8.4,13.0,3.8,25.2
193972.0,6.5,14.0,3.6,24.1
214684.0,7.4,16.3,2.4,26.1
233563.0,8.8,15.2,4.0,28.0
132282.0,8.3,18.5,3.3,30.1
214934.0,11.0,14.3,2.4,27.7
244483.0,9.9,11.8,4.8,26.500000000000004
222759.0,4.1,15.9,3.7,23.7
215112.0,9.7,14.8,2.8,27.3
231410.0,8.6,15.3,4.3,28.2
203751.0,4.1,15.3,3.7,23.1
215182.0,7.8,16.6,2.6,27.000000000000004
216792.0,8.0,16.4,4.4,28.8
215201.0,4.8,14.7,3.8,23.3
215275.0,10.9,12.3,2.7,25.9
225915.0,8.0,15.1,5.3,28.4
180166.0,6.9,14.8,3.5,25.200000000000003
215396.0,11.7,13.3,3.5,28.5
251495.0,9.0,12.8,4.3,26.1
189016.0,6.6,15.9,4.1,26.6
215942.0,6.4,16.5,2.9,25.8
223150.0,15.2,12.7,5.1,33.0
198914.0,7.4,13.0,3.6,24.0
216544.0,11.4,13.2,2.8,27.4
218958.0,10.9,13.5,4.7,29.1
246645.0,4.0,15.8,3.8,23.6
216749.0,10.3,16.3,2.0,28.6
404918.0,4.6,10.9,4.8,20.3
204600.0,5.8,15.0,3.5,24.3
216765.0,10.2,14.1,2.6,26.9
250804.0,10.1,13.3,4.2,27.6
198262.0,5.6,16.6,3.7,25.9
217931.0,10.5,15.2,2.7,28.4
228947.0,9.5,15.2,3.9,28.6
186498.0,6.7,15.9,3.4,26.0
218028.0,9.9,15.6,3.1,28.6
260316.0,9.4,14.7,4.2,28.3
186492.0,7.6,14.8,4.2,26.6
218309.0,8.9,14.6,2.5,26.0
230588.0,7.5,14.8,4.4,26.700000000000003
163493.0,6.5,16.7,3.8,27.0
218419.0,11.5,14.7,2.8,29.0
244039.0,10.3,14.2,4.5,29.0
239378.0,6.9,14.4,3.4,24.7
218534.0,11.4,14.8,2.9,29.1
209098.0,12.8,13.3,4.6,30.700000000000003
233949.0,5.2,16.0,3.5,24.7
218644.0,11.9,15.1,2.7,29.7
186787.0,13.1,15.5,4.1,32.7
194156.0,6.6,12.3,3.3,22.2
219134.0,11.1,16.1,2.9,30.1
227180.0,8.4,13.5,5.0,26.9
193865.0,5.8,15.3,3.5,24.6
219821.0,11.3,13.5,2.9,27.7
252655.0,8.7,13.9,4.3,26.9
210383.0,5.0,15.8,4.1,24.9
220465.0,6.7,17.1,3.1,26.9
235246.0,7.0,17.5,4.3,28.8
198099.0,5.2,17.3,3.5,26.0
220486.0,10.6,14.3,2.4,27.3
236544.0,5.6,12.8,3.9,22.3
180038.0,8.6,15.1,3.5,27.2
220810.0,8.2,15.5,3.6,27.3
235809.0,11.5,14.7,4.3,30.5
182960.0,7.9,15.8,3.5,27.200000000000003
220932.0,12.1,14.2,3.1,29.4
217561.0,5.8,13.2,3.2,22.2
221172.0,8.5,15.2,2.8,26.5
250930.0,10.1,10.8,4.1,25.0
205947.0,5.5,17.0,4.1,26.6
221379.0,9.1,16.2,2.0,27.3
209983.0,18.2,7.4,3.7,29.3
216993.0,3.7,17.5,2.9,24.1
221455.0,6.8,12.7,3.6,23.1
234596.0,17.7,8.7,2.8,29.2
197420.0,5.9,16.0,3.8,25.7
221534.0,9.1,15.6,2.8,27.5
256471.0,7.9,14.3,4.4,26.6
180165.0,6.6,15.4,3.5,25.5
222077.0,11.0,13.5,2.6,27.1
254203.0,10.1,13.0,4.5,27.6
217112.0,7.4,15.0,3.3,25.7
222725.0,8.2,15.3,3.6,27.1
248117.0,11.5,10.8,4.9,27.200000000000003
229775.0,5.4,14.8,3.3,23.500000000000004
223153.0,10.1,12.9,3.3,26.3
243572.0,8.6,14.8,4.5,27.9
199512.0,5.5,16.1,3.9,25.5
223422.0,10.8,12.3,2.0,25.1
269021.0,6.7,11.8,4.2,22.7
208377.0,5.6,16.3,3.4,25.3
223431.0,8.6,16.7,3.0,28.3
237686.0,8.8,14.4,4.1,27.300000000000004
272395.0,2.0,17.8,4.3,24.1
224029.0,13.0,16.6,1.9,31.5
253173.0,8.0,13.8,4.0,25.8
214191.0,5.8,14.6,3.4,23.8
225298.0,10.7,13.6,2.7,27.0
251340.0,7.1,14.0,4.4,25.5
203537.0,7.1,12.8,3.8,23.7
225417.0,11.1,14.1,2.2,27.4
260024.0,6.9,13.7,4.9,25.5
193799.0,6.2,16.8,3.8,26.8
225428.0,10.9,15.5,3.0,29.4
280710.0,8.5,13.7,4.4,26.6
200534.0,6.9,16.0,3.3,26.2
226779.0,8.6,15.5,2.8,26.9
223559.0,11.5,15.4,4.0,30.9
254833.0,4.5,15.7,3.5,23.7
227093.0,10.7,14.3,2.2,27.2
234050.0,8.5,15.7,4.2,28.4
182187.0,11.5,9.5,1.4,22.4
227175.0,13.4,11.9,3.5,28.8
215114.0,11.8,13.8,4.3,29.9
221590.0,5.1,15.5,3.3,23.9
227286.0,9.5,15.1,2.5,27.1
243043.0,9.8,14.8,3.8,28.4
195145.0,5.7,16.4,3.7,25.8
227333.0,9.8,14.9,2.8,27.500000000000004
275500.0,9.1,14.0,4.0,27.1
314778.0,6.0,13.8,3.6,23.4
228017.0,11.7,14.3,2.6,28.6
199987.0,12.1,14.0,4.3,30.4
199943.0,5.0,15.9,3.4,24.3
228152.0,12.4,14.5,3.0,29.9
223751.0,5.2,15.8,4.1,25.1
228199.0,7.7,15.5,2.4,25.6
210669.0,3.4,18.5,3.9,25.8
228622.0,7.1,13.7,3.2,24.0
300334.0,8.8,12.2,4.5,25.5
174752.0,8.4,11.2,3.3,22.9
228869.0,7.7,17.9,2.0,27.6
231173.0,6.7,16.9,3.4,27.0
229280.0,11.4,10.8,4.2,26.4
272753.0,10.1,12.0,3.9,26.0
174011.0,7.5,16.9,3.8,28.2
230458.0,10.3,16.2,2.8,29.3
156980.0,16.4,15.5,3.9,35.8
212465.0,3.2,18.0,3.9,25.1
230778.0,7.5,15.5,4.2,27.2
223995.0,10.9,15.1,4.1,30.1
269833.0,5.2,15.7,3.4,24.3
230903.0,10.9,16.2,2.7,29.8
183014.0,13.2,16.3,3.8,33.3
286369.0,4.8,16.8,3.1,24.700000000000003
231105.0,10.2,16.0,3.1,29.3
211928.0,13.2,14.5,4.1,31.8
519771.0,2.4,13.5,2.9,18.8
231226.0,14.7,10.9,1.3,26.9
350362.0,6.4,12.3,4.3,23.000000000000004
203562.0,6.2,15.7,3.3,25.2
231429.0,11.5,14.3,2.7,28.5
294589.0,6.5,14.0,4.4,24.9
197591.0,6.4,15.9,3.6,25.9
232205.0,10.6,14.5,2.8,27.9
258798.0,8.4,14.4,4.5,27.3
227510.0,3.8,15.9,3.8,23.5
232661.0,10.7,14.1,3.3,28.1
192947.0,5.2,16.2,4.1,25.5
232922.0,7.9,13.4,5.1,26.4
328352.0,7.3,14.5,3.4,25.2
233350.0,12.0,18.3,3.1,33.4
303991.0,12.4,16.8,5.1,34.300000000000004
214913.0,4.9,16.5,3.6,25.0
233378.0,8.6,15.7,3.0,27.3
245658.0,9.1,14.9,4.1,28.1
196574.0,5.8,16.5,3.7,26.0
233799.0,10.6,14.7,3.3,28.6
302188.0,8.0,14.3,4.2,26.5
288748.0,6.6,13.0,3.2,22.8
234207.0,7.6,15.2,3.8,26.6
117887.0,9.8,16.8,3.6,30.200000000000003
234253.0,11.9,13.3,2.6,27.800000000000004
183237.0,5.0,13.2,4.2,22.4
234865.0,9.8,14.9,3.1,27.800000000000004
246903.0,9.1,15.6,3.8,28.5
281410.0,4.8,17.3,3.5,25.6
235268.0,11.6,16.5,2.6,30.700000000000003
233130.0,11.6,16.0,3.7,31.3
221234.0,5.2,16.1,3.6,24.9
236082.0,10.2,12.8,2.9,25.9
307237.0,7.2,13.7,4.4,25.3
199801.0,7.5,15.1,3.3,25.9
236156.0,11.8,13.5,3.0,28.3
263879.0,9.6,13.4,4.7,27.7
221388.0,12.0,16.9,3.2,32.1
236398.0,15.2,13.7,3.8,32.7
222094.0,5.7,15.8,4.0,25.5
236406.0,9.2,14.4,3.7,27.3
307480.0,9.4,13.5,3.6,26.5
212316.0,5.2,15.4,3.5,24.1
239070.0,8.9,14.8,2.3,26.000000000000004
270211.0,8.4,13.8,4.2,26.4
211200.0,5.4,16.3,3.8,25.500000000000004
239421.0,9.9,14.5,3.1,27.5
239663.0,9.5,15.1,4.0,28.6
201711.0,6.1,14.9,3.4,24.4
239444.0,9.4,14.0,3.0,26.4
215690.0,6.5,15.3,4.4,26.200000000000003
239701.0,6.9,16.7,2.4,26.0
240856.0,10.8,13.7,3.3,27.8
233521.0,4.2,15.2,4.2,23.6
239825.0,8.7,14.7,2.7,26.1
215588.0,5.2,16.2,3.6,25.0
240058.0,10.3,14.3,2.6,27.200000000000003
224779.0,9.8,15.6,4.3,29.7
212010.0,5.7,15.7,3.5,24.9
240254.0,9.7,13.9,3.1,26.700000000000003
309201.0,7.8,13.6,4.3,25.7
220508.0,6.3,17.2,2.4,25.9
240435.0,5.1,15.8,3.2,24.1
235328.0,9.4,17.3,4.0,30.700000000000003
231283.0,5.1,15.1,4.8,25.0
240539.0,9.3,16.9,3.4,29.6
249539.0,10.5,13.3,3.8,27.6
193594.0,10.8,15.6,3.6,30.0
240574.0,9.3,14.4,3.1,26.800000000000004
220814.0,4.7,15.9,3.4,24.0
240656.0,8.1,16.3,3.2,27.6
249797.0,5.8,16.6,3.6,26.000000000000004
203682.0,5.1,17.0,3.8,25.9
241307.0,8.7,14.8,3.2,26.7
266956.0,9.3,13.1,3.7,26.1
215297.0,4.9,17.0,3.8,25.7
241826.0,10.2,12.4,2.3,24.9
277163.0,8.8,16.2,3.4,28.4
209726.0,8.6,15.8,2.7,27.1
242327.0,8.4,16.8,2.8,28.000000000000004
345778.0,10.0,14.4,4.9,29.3
242331.0,6.3,18.0,3.0,27.3
274415.0,5.9,15.6,4.9,26.4
249377.0,6.2,9.9,3.7,19.8
242724.0,8.4,15.3,2.9,26.6
270375.0,5.9,15.8,3.6,25.300000000000004
375461.0,4.4,14.8,3.4,22.6
242769.0,10.8,15.2,2.8,28.8
220542.0,11.5,15.5,4.1,31.1
243069.0,4.4,15.6,4.0,24.0
243146.0,9.3,14.8,2.0,26.1
240998.0,10.0,14.9,3.8,28.7
364068.0,2.2,16.0,2.2,20.4
243664.0,6.9,15.8,4.9,27.6
166363.0,5.0,15.5,5.0,25.5
219435.0,6.7,14.8,3.6,25.1
244027.0,10.0,13.8,3.2,27.0
249689.0,7.7,14.3,4.8,26.8
213516.0,4.6,17.0,3.6,25.200000000000003
244224.0,10.0,15.2,3.2,28.4
255080.0,9.6,15.5,4.0,29.1
216013.0,5.5,15.4,3.2,24.1
244318.0,10.5,13.2,3.0,26.7
249091.0,9.5,14.6,4.5,28.6
217855.0,7.1,14.6,3.4,25.1
244381.0,10.7,13.7,2.8,27.2
277790.0,8.1,14.1,4.2,26.4
246212.0,4.4,16.3,3.5,24.200000000000003
208479.0,5.9,15.8,3.5,25.200000000000003
244505.0,10.2,14.0,2.8,27.0
288977.0,9.1,13.3,4.2,26.6
243294.0,6.4,13.4,3.2,23.0
244575.0,12.1,12.8,2.2,27.1
301124.0,11.4,13.7,3.5,28.6
211877.0,5.2,16.8,3.4,25.4
244590.0,6.6,16.4,2.0,25.0
227088.0,5.0,17.3,3.6,25.9
244830.0,9.7,16.2,2.4,28.3
237708.0,5.6,14.0,2.7,22.3
245156.0,7.2,17.7,3.3,28.2
293160.0,7.4,13.8,4.0,25.200000000000003
208618.0,6.7,15.0,3.5,25.2
246546.0,10.2,14.2,2.8,27.2
289370.0,8.5,13.8,4.3,26.6
240700.0,4.4,15.9,3.8,24.1
246936.0,6.5,16.0,3.3,25.8
271027.0,6.0,15.8,4.5,26.3
236924.0,5.8,13.0,3.6,22.4
247770.0,8.7,14.8,3.4,26.9
240166.0,4.4,16.0,3.4,23.8
247815.0,7.5,15.1,3.1,25.700000000000003
266643.0,8.3,14.6,4.0,26.9
240579.0,11.8,13.1,3.3,28.2
248006.0,18.2,12.4,2.8,33.4
201163.0,20.7,12.2,3.8,36.7
233391.0,6.2,14.4,3.2,23.8
248015.0,11.1,10.3,3.1,24.5
253161.0,5.3,13.9,4.2,23.4
216792.0,5.6,15.2,3.6,24.4
248391.0,9.0,14.4,2.7,26.1
272501.0,8.0,13.5,4.1,25.6
217905.0,5.5,14.2,3.9,23.6
249538.0,9.5,17.2,3.9,30.6
202417.0,11.1,13.8,4.8,29.7
241479.0,5.3,9.4,3.0,17.7
249548.0,6.6,17.1,3.1,26.800000000000004
254445.0,9.5,12.5,4.9,26.9
219255.0,5.2,14.6,4.4,24.200000000000003
249886.0,8.2,14.6,3.8,26.6
257006.0,9.8,11.7,4.0,25.5
230158.0,4.6,16.4,3.6,24.6
249891.0,8.9,15.2,2.9,27.0
262468.0,7.6,15.6,4.2,27.4
242306.0,6.0,14.4,3.3,23.7
249900.0,9.4,13.7,2.5,25.6
253313.0,8.0,14.7,4.5,27.2
229686.0,4.4,15.4,3.2,23.0
250583.0,9.7,14.9,2.8,27.4
237599.0,7.5,13.8,4.6,25.9
259266.0,5.5,15.6,3.8,24.9
250626.0,10.0,14.9,2.9,27.8
278914.0,9.5,14.5,3.3,27.3
255874.0,5.1,16.9,3.6,25.6
250895.0,11.6,11.6,3.2,26.4
231744.0,8.3,15.3,4.5,28.1
218591.0,4.8,16.2,3.9,24.9
251912.0,9.3,14.2,2.7,26.2
278427.0,6.8,14.7,4.4,25.9
227998.0,6.5,15.3,3.3,25.1
251993.0,9.7,15.4,1.1,26.200000000000003
258652.0,9.6,12.7,4.6,26.9
222115.0,5.6,14.6,3.5,23.7
252102.0,9.5,14.2,2.0,25.7
231013.0,5.2,16.6,3.8,25.6
252356.0,9.6,15.4,2.8,27.8
239555.0,12.9,14.2,3.4,30.5
210207.0,5.3,15.7,3.6,24.6
252480.0,8.1,14.8,3.0,25.9
286187.0,7.1,13.8,4.4,25.3
275786.0,4.6,15.6,3.3,23.5
252582.0,10.7,13.6,2.3,26.6
268523.0,10.3,12.6,4.1,27.0
196524.0,7.2,15.8,3.5,26.5
252761.0,10.7,13.0,3.2,26.9
298926.0,7.3,13.9,3.9,25.1
245841.0,4.3,15.4,3.5,23.2
252777.0,9.2,14.4,2.8,26.4
265440.0,7.8,14.9,4.4,27.1
241156.0,4.2,16.6,3.4,24.2
252957.0,10.1,13.8,3.5,27.4
261990.0,8.8,14.3,4.8,27.9
271601.0,4.6,15.1,3.0,22.7
253074.0,16.7,14.2,1.4,32.3
356020.0,5.6,13.1,3.9,22.6
252455.0,3.4,16.4,3.2,23.0
253634.0,9.9,14.9,2.3,27.1
270599.0,9.9,15.8,3.8,29.500000000000004
232148.0,3.7,15.1,3.6,22.4
253673.0,11.2,13.5,1.6,26.3
1599723.0,1.6,7.8,1.8,11.2
254415.0,9.3,15.0,2.5,26.8
346230.0,8.2,12.8,4.1,25.1
227425.0,6.7,12.6,3.4,22.7
254418.0,10.3,11.5,2.8,24.6
281848.0,8.6,12.9,4.4,25.9
254056.0,5.0,15.4,3.6,24.0
254532.0,9.2,14.7,2.7,26.6
290283.0,7.7,14.0,4.5,26.2
222179.0,5.7,15.1,3.6,24.4
254629.0,9.1,14.3,2.8,26.2
274012.0,9.6,13.2,4.2,27.0
235609.0,6.8,14.7,3.3,24.8
254687.0,10.8,14.2,2.8,27.8
237975.0,12.3,13.7,4.4,30.4
188687.0,4.0,16.8,4.0,24.8
254812.0,10.8,13.3,3.4,27.5
303909.0,6.8,12.8,4.5,24.1
213159.0,6.3,15.4,3.5,25.2
255330.0,9.7,13.6,2.6,25.9
291238.0,8.2,14.1,4.4,26.7
189327.0,6.5,15.1,3.4,25.0
255675.0,10.3,14.8,2.6,27.700000000000003
286900.0,6.8,14.3,4.7,25.8
244448.0,4.4,14.8,3.9,23.1
256174.0,8.6,12.9,1.8,23.3
236894.0,9.8,14.1,4.6,28.5
232478.0,6.2,14.2,3.6,24.0
256348.0,7.9,13.1,3.2,24.2
277350.0,13.7,7.7,2.6,24.0
196632.0,5.6,14.3,3.1,23.0
256778.0,10.9,14.9,2.7,28.5
292332.0,8.1,13.5,4.4,26.0
209922.0,7.1,14.0,3.6,24.700000000000003
257206.0,9.2,14.2,2.7,26.1
310132.0,7.6,13.1,4.3,25.0
254682.0,4.6,14.7,3.7,23.0
257657.0,9.2,13.2,2.3,24.7
262110.0,8.7,11.2,4.2,24.1
276732.0,6.4,14.2,4.0,24.6
257796.0,9.7,15.0,3.4,28.1
296432.0,11.5,13.6,3.7,28.8
289896.0,5.9,14.6,3.7,24.2
257853.0,9.7,15.2,2.5,27.4
280594.0,11.5,14.0,4.0,29.5
236515.0,7.2,13.3,3.6,24.1
258170.0,11.7,11.1,2.4,25.2
285499.0,9.1,12.7,4.7,26.5
224029.0,5.5,15.5,3.8,24.8
258804.0,8.8,14.2,1.7,24.7
290240.0,7.4,13.3,4.1,24.800000000000004
306891.0,7.6,12.2,3.9,23.7
258914.0,9.1,14.8,2.3,26.2
239778.0,4.3,16.6,3.7,24.6
258920.0,9.3,14.4,2.9,26.6
254536.0,9.0,15.5,3.8,28.3
245177.0,7.1,12.6,3.2,22.9
258972.0,10.1,12.0,2.4,24.5
299372.0,6.8,14.3,5.0,26.1
118295.0,17.2,9.2,4.8,31.2
258983.0,6.9,14.4,5.4,26.700000000000003
437686.0,6.0,11.0,4.8,21.8
205432.0,5.9,16.0,3.6,25.5
259024.0,9.9,13.5,3.0,26.4
273666.0,8.9,14.5,4.4,27.8
226640.0,4.3,16.1,3.6,24.000000000000004
259367.0,6.8,17.0,2.8,26.6
253720.0,7.4,15.1,3.6,26.1
257716.0,4.4,15.3,3.6,23.300000000000004
260293.0,7.8,13.9,3.0,24.7
287451.0,6.4,14.7,4.3,25.4
227799.0,4.4,15.5,3.6,23.5
260503.0,9.0,14.2,2.4,25.6
288071.0,9.0,12.6,4.5,26.1
251517.0,5.8,14.6,3.1,23.5
260994.0,10.1,13.8,3.2,27.1
320810.0,9.2,12.8,3.7,25.7
249111.0,4.2,16.4,3.4,24.0
261446.0,12.9,16.6,3.1,32.6
213906.0,10.0,13.0,2.7,25.7
261448.0,9.8,11.9,3.1,24.800000000000004
277477.0,6.5,14.0,4.8,25.3
233578.0,3.7,15.8,3.8,23.3
261742.0,7.9,14.9,2.5,25.3
286600.0,6.6,13.4,4.5,24.5
224589.0,5.5,15.2,3.5,24.2
261922.0,9.4,13.7,3.0,26.1
295745.0,8.1,13.7,4.4,26.2
228950.0,4.8,15.2,3.4,23.4
262129.0,10.7,12.5,0.4,23.6
262470.0,8.2,13.4,4.9,26.5
249639.0,5.9,12.5,3.9,22.3
263213.0,9.6,12.3,2.6,24.5
308456.0,7.6,10.7,4.3,22.6
238853.0,5.9,16.1,3.6,25.6
263273.0,9.1,15.5,2.7,27.3
352156.0,6.8,14.4,4.4,25.6
319146.0,4.5,14.5,3.5,22.5
263397.0,11.1,13.7,2.2,27.0
248790.0,11.0,14.3,4.2,29.5
220719.0,5.3,15.8,3.8,24.9
263672.0,10.3,14.1,2.6,27.0
330326.0,6.4,14.1,4.0,24.5
242510.0,5.2,13.3,3.2,21.7
264411.0,6.8,13.7,3.3,23.8
274648.0,8.1,14.1,3.9,26.1
300423.0,5.0,14.0,3.2,22.2
264690.0,9.9,14.1,2.6,26.6
329613.0,7.4,13.8,4.0,25.200000000000003
261552.0,4.6,13.2,3.4,21.2
265014.0,5.1,16.3,3.6,25.0
299484.0,3.2,16.0,3.9,23.1
225618.0,7.2,13.7,3.3,24.2
265044.0,11.3,11.9,2.5,25.700000000000003
290816.0,10.6,11.4,4.2,26.2
209505.0,5.0,16.0,3.9,24.9
265137.0,9.0,15.5,2.8,27.3
239709.0,5.3,17.5,4.2,27.0
213966.0,4.4,16.1,3.6,24.1
265310.0,7.3,16.4,3.2,26.9
314216.0,6.1,13.9,4.7,24.7
233811.0,4.7,16.9,3.8,25.4
265331.0,9.1,15.2,3.0,27.3
239694.0,8.6,15.5,4.2,28.3
238750.0,3.6,17.1,4.4,25.1
265334.0,7.8,13.8,3.4,25.0
291014.0,8.4,13.0,4.3,25.7
226732.0,4.6,16.2,3.6,24.4
265633.0,9.6,13.7,2.9,26.2
289274.0,7.3,14.0,4.3,25.6
294551.0,3.9,14.7,3.4,22.0
266932.0,10.0,13.4,2.8,26.2
216483.0,8.1,13.1,2.6,23.8
267069.0,5.0,16.1,2.7,23.8
298291.0,5.3,12.6,4.7,22.6
257178.0,5.0,16.0,3.8,24.8
267358.0,5.9,16.3,2.9,25.1
297585.0,7.7,12.0,4.9,24.6
216958.0,7.3,13.6,3.6,24.5
267375.0,9.9,12.0,2.6,24.5
296642.0,9.4,12.3,4.4,26.1
240186.0,5.5,15.3,3.5,24.3
267465.0,8.6,14.9,2.9,26.4
273740.0,8.1,14.8,3.9,26.8
259143.0,6.8,14.3,3.4,24.5
267523.0,8.6,14.2,2.9,25.7
254374.0,10.1,13.3,4.1,27.5
205954.0,6.2,15.8,2.8,24.8
267762.0,11.4,11.9,1.9,25.2
276126.0,12.3,10.9,3.7,26.9
260343.0,4.8,14.7,3.4,22.9
267933.0,8.6,14.3,3.0,25.9
287419.0,7.5,14.2,4.6,26.3
226428.0,4.0,17.1,4.2,25.3
268427.0,10.6,13.8,1.7,26.1
223286.0,11.0,14.7,5.5,31.2
252972.0,3.5,11.0,3.5,18.0
269129.0,18.8,4.0,0.0,22.8
584299.0,11.1,4.0,3.3,18.4
231859.0,4.6,15.6,4.0,24.2
269545.0,10.2,13.7,2.3,26.2
225685.0,5.8,14.3,3.6,23.700000000000003
269727.0,9.7,12.5,2.8,25.0
234963.0,10.7,11.9,3.9,26.5
267613.0,4.3,14.2,3.5,22.0
269764.0,10.2,13.8,3.1,27.1
289128.0,5.4,14.3,4.7,24.4
251076.0,4.7,14.8,3.7,23.2
270181.0,9.6,12.9,2.5,25.0
267523.0,8.1,13.7,4.5,26.3
244039.0,4.8,15.6,3.6,24.0
270388.0,11.5,13.5,3.6,28.6
298140.0,15.0,9.7,3.0,27.7
228722.0,5.1,15.6,3.6,24.3
270478.0,8.1,12.9,2.6,23.6
269320.0,8.6,15.4,3.8,27.8
237701.0,5.3,14.4,3.8,23.5
270723.0,8.0,14.2,2.6,24.8
264768.0,9.4,16.4,4.2,30.0
270271.0,5.4,15.7,3.2,24.3
270915.0,7.8,15.6,3.0,26.4
260148.0,6.9,15.7,4.2,26.8
256051.0,5.7,15.3,3.1,24.1
271110.0,11.5,12.5,3.0,27.0
296356.0,7.7,12.4,4.3,24.4
209733.0,6.7,15.1,3.4,25.2
271959.0,10.4,13.3,2.7,26.4
313058.0,7.8,12.5,4.2,24.5
235229.0,8.8,12.1,3.4,24.3
272019.0,7.3,14.3,2.9,24.5
283498.0,8.7,14.4,3.3,26.4
230488.0,6.0,16.1,3.7,25.8
272189.0,6.7,15.1,3.1,24.9
229567.0,4.7,14.6,3.4,22.7
272378.0,10.9,14.4,2.1,27.4
245658.0,4.3,13.6,3.4,21.3
272529.0,6.8,15.9,2.4,25.1
295254.0,5.6,13.1,4.3,23.0
227839.0,5.2,15.5,3.6,24.3
272681.0,8.2,13.8,2.6,24.6
312133.0,7.2,13.4,4.3,24.9
270843.0,4.1,15.5,3.3,22.9
273473.0,8.8,14.3,2.6,25.700000000000003
268032.0,7.6,15.2,4.1,26.9
323324.0,4.6,15.6,3.4,23.6
274350.0,8.5,15.1,2.9,26.5
251194.0,6.2,12.8,3.2,22.2
274537.0,4.3,17.3,2.7,24.3
217862.0,9.4,14.9,2.9,27.2
261358.0,3.4,15.7,3.4,22.5
274613.0,11.3,12.3,1.7,25.3
320929.0,9.3,11.4,4.7,25.4
234119.0,4.1,15.4,3.9,23.4
274731.0,7.8,14.0,3.1,24.9
318467.0,6.4,13.6,4.4,24.4
271052.0,5.7,13.6,3.3,22.6
274841.0,7.4,11.6,2.7,21.7
295937.0,6.2,13.7,4.8,24.7
262170.0,4.6,15.2,3.3,23.1
274935.0,8.4,13.6,3.9,25.9
274143.0,11.6,11.7,3.6,26.9
271599.0,5.8,11.9,3.5,21.2
274994.0,11.2,10.7,2.4,24.3
283031.0,7.0,13.7,4.9,25.6
248439.0,4.2,17.5,3.4,25.1
275086.0,9.1,16.1,2.5,27.700000000000003
283249.0,6.9,15.5,3.9,26.3
247236.0,4.4,16.7,4.0,25.1
275574.0,7.0,16.4,3.0,26.4
221843.0,3.8,17.1,2.8,23.700000000000003
276151.0,10.2,15.3,2.9,28.4
234201.0,5.9,17.4,4.9,28.2
261293.0,3.7,17.1,3.8,24.6
277133.0,3.7,17.2,3.6,24.5
283722.0,2.6,15.8,4.3,22.700000000000003
241200.0,7.2,15.1,3.9,26.2
277994.0,9.8,15.8,3.2,28.8
288083.0,10.5,14.1,4.3,28.9
264022.0,5.1,16.4,3.6,25.1
278050.0,9.3,15.3,2.8,27.4
247325.0,5.1,15.4,3.3,23.8
278259.0,9.7,13.5,2.8,26.0
321045.0,6.5,13.7,4.3,24.5
236815.0,5.2,14.9,3.4,23.5
278873.0,8.8,13.3,2.6,24.700000000000003
307732.0,6.6,14.0,4.4,25.0
243554.0,4.7,15.4,3.6,23.700000000000003
266145.0,4.5,15.4,3.8,23.7
279460.0,7.9,14.4,2.6,24.9
347049.0,5.7,13.0,4.4,23.1
258785.0,5.7,15.9,3.6,25.200000000000003
279653.0,11.5,12.4,2.5,26.4
236168.0,14.3,11.0,4.1,29.4
219823.0,5.2,16.0,3.7,24.9
279847.0,8.8,13.5,2.5,24.8
293584.0,7.1,13.8,4.4,25.3
257440.0,3.6,17.0,3.7,24.3
280385.0,7.5,15.4,3.1,26.0
280832.0,7.2,14.8,3.6,25.6
299273.0,5.3,14.7,3.5,23.5
280609.0,9.2,14.1,3.0,26.3
261399.0,9.3,14.2,4.2,27.7
241292.0,4.4,15.3,3.6,23.300000000000004
280876.0,8.4,14.7,2.3,25.4
296399.0,9.7,11.2,4.3,25.2
285406.0,4.0,14.8,3.9,22.7
280909.0,12.2,13.8,2.7,28.7
356384.0,4.9,13.6,4.0,22.5
201728.0,5.8,18.3,2.9,27.0
281470.0,7.0,16.3,2.7,26.0
328771.0,5.6,12.9,3.8,22.3
264009.0,4.6,14.4,4.3,23.3
282825.0,9.9,12.7,2.6,25.200000000000003
337647.0,7.5,12.3,3.4,23.2
281093.0,4.1,15.3,3.6,23.0
284385.0,8.3,13.5,2.6,24.4
298953.0,6.3,14.5,3.9,24.7
240683.0,8.0,9.6,2.6,20.200000000000003
284545.0,5.7,15.6,3.4,24.7
260013.0,3.8,15.6,3.1,22.5
284575.0,7.8,13.2,3.0,24.0
249499.0,7.7,14.1,4.0,25.8
232545.0,5.2,16.8,3.6,25.6
284962.0,8.1,14.4,3.0,25.5
354456.0,5.2,12.1,3.8,21.1
212535.0,3.9,15.9,4.4,24.200000000000003
284992.0,4.4,14.4,3.8,22.6
311432.0,7.6,11.5,4.2,23.3
261053.0,5.1,14.3,3.3,22.7
284994.0,9.0,13.5,2.7,25.2
316547.0,8.6,13.0,4.1,25.700000000000003
279076.0,6.4,15.4,3.4,25.2
285389.0,10.0,14.3,2.6,26.9
351697.0,9.3,12.3,4.5,26.1
252725.0,8.4,12.2,3.3,23.9
285723.0,11.3,11.0,2.3,24.6
311440.0,7.6,12.0,4.8,24.4
265078.0,4.3,15.4,3.6,23.3
286003.0,7.7,14.1,2.9,24.7
313200.0,5.9,14.5,4.3,24.7
1299318.0,3.6,9.6,3.4,16.599999999999998
286624.0,15.7,7.8,2.1,25.6
398940.0,11.3,7.6,4.1,23.0
240464.0,3.8,16.8,3.7,24.3
287423.0,9.8,12.4,2.7,24.9
259551.0,3.7,16.4,3.7,23.8
287810.0,8.2,15.6,2.9,26.7
297968.0,7.5,14.5,4.1,26.1
322065.0,4.0,15.1,3.3,22.4
287994.0,9.0,13.8,2.7,25.5
277140.0,8.1,14.7,4.3,27.1
270591.0,4.6,13.9,3.9,22.4
288027.0,9.3,12.6,3.5,25.4
320271.0,6.7,15.4,3.3,25.4
263795.0,4.5,14.0,3.7,22.2
288073.0,9.6,12.6,2.2,24.4
314745.0,7.6,12.5,3.9,24.0
236979.0,5.2,15.3,3.5,24.0
288529.0,9.3,13.5,2.7,25.5
332934.0,7.6,12.6,4.4,24.6
267457.0,3.4,14.5,3.6,21.5
288650.0,7.8,14.0,3.4,25.2
322028.0,4.8,14.1,4.4,23.3
255979.0,7.0,13.2,2.2,22.4
289362.0,9.3,14.8,2.1,26.200000000000003
250928.0,5.4,14.4,3.6,23.4
289852.0,8.3,13.9,2.7,24.9
263814.0,8.5,14.9,4.3,27.7
282224.0,4.8,13.5,3.2,21.5
290068.0,9.3,12.3,2.8,24.4
293832.0,7.7,13.7,4.5,25.9
257972.0,5.0,14.9,3.5,23.4
290168.0,7.8,14.1,2.8,24.7
285291.0,8.1,14.3,4.2,26.6
358361.0,4.5,12.4,3.3,20.2
290379.0,7.6,11.4,2.9,21.9
287288.0,3.6,16.2,3.6,23.4
290465.0,8.6,13.5,2.7,24.8
317565.0,6.5,13.9,4.3,24.7
247859.0,4.8,15.0,3.7,23.5
290644.0,9.1,12.3,2.5,23.9
333205.0,6.1,13.3,4.3,23.7
246108.0,5.9,14.8,3.2,23.9
290753.0,12.5,10.8,2.1,25.4
305268.0,8.9,13.5,4.1,26.5
214482.0,7.1,13.3,3.1,23.5
291021.0,9.0,15.5,2.3,26.8
376867.0,8.3,12.9,4.2,25.4
255002.0,5.8,14.8,3.6,24.200000000000003
291698.0,6.8,13.9,1.7,22.4
280512.0,6.0,15.6,3.8,25.4
260055.0,5.0,13.5,2.9,21.4
292043.0,7.9,13.7,2.6,24.200000000000003
286048.0,6.9,13.9,4.1,24.9
235215.0,5.0,16.2,3.6,24.8
292478.0,8.4,14.6,2.8,25.8
359653.0,5.7,13.3,4.5,23.5
267291.0,4.4,16.6,3.4,24.4
292570.0,7.6,13.8,3.1,24.5
261662.0,8.0,14.8,4.2,27.0
254629.0,4.2,16.3,3.6,24.1
293273.0,6.9,15.8,3.4,26.1
265236.0,7.8,16.8,4.3,28.9
232096.0,5.0,15.2,3.5,23.7
293818.0,7.5,14.2,3.1,24.8
379934.0,6.2,13.4,4.5,24.1
268102.0,3.4,16.2,4.0,23.6
294001.0,10.0,12.8,1.9,24.7
252528.0,5.6,12.5,3.5,21.6
294348.0,5.5,16.2,3.8,25.5
278442.0,5.7,15.3,4.6,25.6
264387.0,4.4,15.2,3.7,23.3
294715.0,8.4,13.4,2.5,24.3
321843.0,7.9,12.2,4.6,24.700000000000003
246969.0,6.4,12.8,3.3,22.500000000000004
294803.0,9.8,12.5,2.6,24.9
352541.0,6.5,11.8,4.6,22.9
256371.0,4.3,17.6,3.4,25.3
295428.0,4.3,17.0,3.0,24.3
285075.0,6.9,14.7,3.4,25.0
268665.0,2.9,15.5,4.0,22.4
296021.0,9.4,15.5,3.4,28.3
286445.0,8.2,13.8,4.3,26.3
293169.0,4.1,16.0,3.3,23.4
297659.0,8.3,15.3,3.1,26.700000000000003
260421.0,8.8,15.5,4.0,28.3
291134.0,4.0,17.8,2.9,24.7
297992.0,7.1,12.8,1.9,21.8
298984.0,3.2,14.7,3.7,21.6
298115.0,7.9,15.3,2.6,25.800000000000004
251545.0,4.8,15.1,3.1,23.0
298483.0,11.4,12.7,2.4,26.5
845867.0,4.0,8.7,3.5,16.2
299121.0,8.2,13.6,2.9,24.7
482439.0,6.8,10.4,4.1,21.3
246573.0,4.2,12.9,3.0,20.1
299468.0,6.5,15.1,3.1,24.700000000000003
285632.0,6.8,14.9,3.7,25.4
262563.0,2.2,17.0,4.6,23.8
299641.0,5.6,16.7,2.8,25.1
288939.0,11.7,13.3,3.4,28.4
286554.0,5.2,13.6,3.5,22.3
300837.0,9.6,12.7,3.0,25.3
322410.0,7.2,13.1,4.4,24.700000000000003
255786.0,4.6,14.4,3.6,22.6
300885.0,10.0,11.8,2.3,24.1
322958.0,8.0,14.6,3.9,26.5
279960.0,3.6,16.4,3.5,23.5
301462.0,7.5,14.1,2.8,24.4
294884.0,3.4,16.6,3.3,23.3
302023.0,7.6,14.6,2.6,24.8
308431.0,6.0,15.6,3.7,25.3
281996.0,5.1,14.5,3.2,22.8
302057.0,8.6,14.0,2.8,25.4
311520.0,7.1,14.6,4.0,25.7
330579.0,8.2,14.7,3.5,26.4
302435.0,14.7,13.9,2.3,30.9
277492.0,13.5,14.3,3.8,31.6
260279.0,4.2,16.2,3.9,24.3
303050.0,8.8,14.1,3.3,26.2
105477.0,18.8,15.8,5.2,39.8
251778.0,5.4,14.6,3.1,23.1
303158.0,8.1,13.1,2.7,23.9
334556.0,7.2,12.9,4.2,24.3
343123.0,3.2,13.7,3.4,20.3
303448.0,8.0,12.7,2.7,23.4
309718.0,6.6,13.6,4.3,24.5
274303.0,4.6,16.0,3.2,23.8
304439.0,8.3,14.4,2.6,25.300000000000004
376382.0,5.0,14.4,4.1,23.5
267226.0,5.2,14.9,4.1,24.200000000000003
304460.0,9.5,13.0,2.8,25.3
372890.0,5.9,11.3,4.5,21.700000000000003
325943.0,4.3,15.6,3.4,23.3
304788.0,8.1,15.1,2.4,25.6
265763.0,5.2,14.8,2.7,22.7
305149.0,7.8,15.0,3.2,26.0
319818.0,8.0,15.4,3.2,26.6
307993.0,4.4,12.0,3.2,19.6
305213.0,7.6,14.3,2.8,24.7
284597.0,4.4,14.1,3.4,21.9
305887.0,8.6,12.5,2.7,23.8
316450.0,6.0,14.5,4.2,24.7
271163.0,4.4,14.6,3.4,22.4
305934.0,8.2,13.4,2.7,24.3
307362.0,6.9,15.0,4.2,26.1
214930.0,6.5,14.3,2.9,23.7
306691.0,8.4,12.3,3.4,24.1
258082.0,5.1,15.2,3.6,23.9
307442.0,7.3,13.4,3.4,24.1
360498.0,7.4,12.5,4.1,24.0
284697.0,7.2,15.4,3.3,25.9
307586.0,7.4,14.4,2.0,23.8
302150.0,8.8,14.6,4.2,27.6
272818.0,7.7,11.6,3.5,22.8
307589.0,10.3,10.7,2.8,23.8
310192.0,7.0,12.3,5.1,24.4
241295.0,3.6,17.1,2.6,23.300000000000004
308597.0,5.1,13.4,2.9,21.4
327841.0,5.3,14.8,4.3,24.4
297760.0,3.4,15.9,3.6,22.9
308821.0,7.9,14.3,2.9,25.1
310621.0,6.3,15.2,3.9,25.4
273711.0,5.3,14.7,3.5,23.5
309381.0,9.4,13.1,2.5,25.0
346939.0,7.7,12.1,4.1,23.9
299463.0,3.4,15.8,3.6,22.8
309655.0,7.1,14.8,3.1,25.0
312588.0,6.5,14.8,3.6,24.9
297974.0,2.9,16.8,3.7,23.4
310434.0,11.3,12.1,2.3,25.7
312484.0,5.4,14.0,4.7,24.1
319151.0,3.4,15.4,3.5,22.3
310478.0,6.8,15.4,2.9,25.1
313060.0,6.2,14.9,4.0,25.1
262879.0,4.6,15.1,3.6,23.3
310600.0,8.4,13.5,2.7,24.6
348102.0,6.9,12.3,4.4,23.6
306572.0,2.9,14.0,3.5,20.4
310894.0,9.4,14.4,2.5,26.3
334376.0,7.2,11.4,5.3,23.9
275015.0,5.2,15.5,3.4,24.1
310946.0,9.5,14.4,2.7,26.6
311626.0,10.1,14.4,3.9,28.4
270747.0,7.3,11.1,3.4,21.8
311181.0,11.8,9.8,2.2,23.8
305322.0,10.4,9.8,3.7,23.9
286415.0,4.6,14.2,3.4,22.2
311624.0,9.0,12.7,2.2,23.9
341669.0,4.8,13.4,4.6,22.8
291792.0,2.3,14.9,3.2,20.4
311840.0,5.1,12.8,4.6,22.5
336694.0,6.0,13.7,3.8,23.5
293608.0,5.1,16.1,3.2,24.4
312233.0,8.2,14.2,2.8,25.2
221055.0,10.3,14.3,4.2,28.8
237906.0,5.1,15.4,3.4,23.9
312234.0,8.0,12.3,2.6,22.9
331519.0,6.8,15.1,3.3,25.2
271814.0,4.4,16.8,3.0,24.200000000000003
313046.0,6.8,13.0,2.7,22.5
315766.0,3.8,14.2,5.2,23.2
296988.0,3.7,15.8,3.5,23.0
313150.0,4.8,16.6,1.8,23.200000000000003
318212.0,3.8,15.4,4.0,23.2
249520.0,4.6,15.1,3.6,23.3
313315.0,7.8,13.3,2.8,23.9
347179.0,6.0,12.9,4.3,23.2
256879.0,5.5,14.8,3.5,23.8
313436.0,8.5,13.1,2.5,24.1
353872.0,6.2,12.9,4.4,23.5
293478.0,5.3,13.8,3.3,22.4
313876.0,10.2,13.1,2.6,25.9
286462.0,10.6,12.6,4.1,27.3
264650.0,6.5,12.2,4.8,23.5
315397.0,10.1,10.9,1.5,22.5
334736.0,5.4,14.7,4.6,24.700000000000003
874312.0,3.7,8.4,3.2,15.3
315587.0,7.4,12.8,4.1,24.300000000000004
374114.0,2.5,15.6,4.8,22.9
243427.0,3.8,15.0,3.4,22.2
315774.0,11.4,9.1,2.0,22.5
277670.0,3.8,15.2,3.5,22.5
316973.0,7.2,13.9,3.0,24.1
348529.0,5.7,13.1,4.4,23.200000000000003
283569.0,5.9,12.2,3.4,21.5
317474.0,8.1,12.2,2.7,23.0
380834.0,5.1,12.7,4.2,22.0
283604.0,3.4,15.7,3.1,22.2
317991.0,7.8,12.8,2.9,23.5
332685.0,8.8,11.0,4.7,24.5
283823.0,5.3,15.0,3.0,23.3
318069.0,4.7,13.5,1.9,20.1
279537.0,5.5,15.4,3.6,24.5
318490.0,8.1,14.2,1.9,24.2
339537.0,4.9,13.1,4.1,22.1
305380.0,3.2,15.7,3.8,22.7
318638.0,7.5,14.9,2.2,24.6
324642.0,6.1,14.6,3.7,24.4
337628.0,3.5,16.5,3.5,23.5
318653.0,7.3,17.0,2.3,26.6
273127.0,4.4,14.6,3.7,22.7
319743.0,8.9,12.9,2.7,24.5
373444.0,7.0,12.5,4.6,24.1
251346.0,3.8,15.6,3.1,22.5
320622.0,8.0,10.4,3.1,21.5
353494.0,5.9,12.5,3.9,22.3
303977.0,5.1,12.6,3.8,21.5
320975.0,4.9,16.0,3.9,24.8
338500.0,5.1,14.4,4.6,24.1
312332.0,6.0,11.9,2.4,20.3
321328.0,7.1,13.1,3.8,24.0
330736.0,4.9,14.4,3.6,22.9
295931.0,3.9,14.3,3.6,21.8
322121.0,6.9,13.4,2.7,23.0
342978.0,5.9,13.8,4.2,23.9
295053.0,4.0,12.7,3.9,20.6
322126.0,8.3,9.9,2.7,20.9
360028.0,5.8,14.6,4.5,24.9
276601.0,4.4,14.4,3.4,22.2
322270.0,8.8,13.0,2.8,24.6
363299.0,5.8,12.5,4.3,22.6
292893.0,3.0,16.3,3.6,22.9
322483.0,6.5,15.2,3.3,25.0
322978.0,5.6,15.4,3.7,24.7
334000.0,5.1,13.5,3.4,22.0
322651.0,9.0,13.8,2.9,25.7
241488.0,9.7,13.8,4.7,28.2
365087.0,4.3,14.6,3.4,22.3
323865.0,9.2,14.2,2.6,26.0
365708.0,7.8,14.4,4.2,26.4
267252.0,4.8,13.9,3.4,22.1
324661.0,7.5,12.8,2.9,23.2
370088.0,6.0,12.9,4.3,23.2
274768.0,7.8,11.3,3.1,22.200000000000003
326140.0,6.6,13.2,2.8,22.6
338336.0,6.8,12.2,5.2,24.2
266673.0,6.2,11.2,3.2,20.6
326329.0,9.8,9.7,2.8,22.3
353297.0,5.9,11.4,4.8,22.1
271125.0,4.5,15.3,3.7,23.5
326713.0,7.9,13.5,2.4,23.8
404752.0,5.4,12.2,4.2,21.8
661102.0,1.2,11.0,2.5,14.7
327212.0,22.3,0.0,0.0,22.3
289555.0,4.0,14.9,3.6,22.5
327415.0,8.0,12.9,2.8,23.7
375563.0,4.5,13.3,4.3,22.1
294819.0,3.0,15.9,3.8,22.7
328634.0,7.4,14.5,2.6,24.5
336853.0,6.4,14.2,4.1,24.700000000000003
344774.0,4.0,8.8,2.2,15.0
328821.0,11.3,17.0,1.5,29.8
197948.0,4.8,14.0,4.2,23.0
328937.0,8.0,10.1,3.7,21.8
303246.0,5.0,9.5,5.1,19.6
320489.0,3.3,15.8,3.5,22.6
329548.0,8.2,13.4,2.5,24.1
305699.0,7.9,14.7,3.5,26.1
310173.0,3.7,14.0,3.7,21.4
330604.0,7.8,11.6,3.0,22.4
329627.0,6.1,14.3,4.6,25.0
302972.0,5.2,9.5,2.9,17.599999999999998
330754.0,3.8,16.8,1.4,22.0
342714.0,4.0,12.1,4.5,20.6
316583.0,3.6,15.4,3.4,22.4
330825.0,6.6,13.3,3.2,23.1
331673.0,5.3,14.1,4.4,23.8
394639.0,5.5,13.7,3.8,23.0
330939.0,7.2,13.4,3.2,23.8
375486.0,6.5,14.1,4.9,25.5
277364.0,4.6,15.4,3.2,23.2
331329.0,8.6,13.3,3.0,24.9
435674.0,5.7,11.8,3.8,21.3
315925.0,3.2,15.3,3.5,22.0
332106.0,7.4,14.0,2.4,23.8
305099.0,7.1,14.6,3.9,25.6
252605.0,4.5,15.5,3.5,23.5
332117.0,7.0,14.0,2.9,23.9
366499.0,6.4,12.5,4.1,23.0
270623.0,4.3,15.1,3.6,23.0
333169.0,7.3,13.6,2.8,23.7
343902.0,6.6,13.1,4.0,23.7
272106.0,5.2,14.0,3.3,22.5
333626.0,8.0,12.4,2.5,22.9
380767.0,6.5,11.9,4.2,22.6
265615.0,3.5,12.0,3.8,19.3
334795.0,7.5,10.9,2.1,20.5
286613.0,4.4,14.4,3.4,22.2
334903.0,7.9,13.4,2.7,24.0
347023.0,6.5,13.9,4.2,24.6
307617.0,3.4,16.1,3.4,22.9
334968.0,6.1,14.7,3.0,23.8
330131.0,5.7,15.0,3.7,24.4
259291.0,5.5,14.1,3.4,23.0
335401.0,7.4,14.0,2.6,24.0
376380.0,6.6,12.6,4.2,23.4
325796.0,4.0,13.2,3.3,20.5
335587.0,9.6,12.0,2.0,23.6
342225.0,6.0,13.3,4.1,23.4
314786.0,3.6,12.9,3.6,20.1
335689.0,7.1,11.5,3.0,21.6
290904.0,9.2,15.2,3.3,27.7
376919.0,4.3,12.5,3.3,20.1
337497.0,10.3,11.4,2.4,24.1
413768.0,6.3,12.1,4.3,22.7
261922.0,4.8,14.4,4.1,23.3
338030.0,8.2,13.2,2.3,23.7
287437.0,4.4,14.1,3.5,22.0
338263.0,8.0,12.4,2.3,22.7
379771.0,6.5,12.2,4.0,22.7
321549.0,7.8,14.7,3.6,26.1
338508.0,13.8,12.5,2.5,28.8
306008.0,13.7,11.8,4.2,29.7
289034.0,4.3,15.5,3.2,23.0
339100.0,7.8,12.5,2.8,23.1
326976.0,4.5,14.5,4.4,23.4
345823.0,1.4,17.1,4.2,22.7
339744.0,7.8,13.7,1.9,23.4
384952.0,4.6,10.7,4.9,20.2
291631.0,4.8,15.1,3.8,23.7
340013.0,8.2,13.0,2.4,23.6
334882.0,9.4,12.6,4.1,26.1
319088.0,3.5,15.2,3.5,22.2
340175.0,8.0,13.1,2.6,23.700000000000003
356643.0,6.1,13.4,4.2,23.7
293462.0,4.1,15.5,3.5,23.1
340997.0,8.1,12.3,3.0,23.4
348640.0,6.1,13.0,4.6,23.700000000000003
355945.0,5.3,10.5,3.0,18.8
340999.0,8.3,11.5,2.4,22.2
289445.0,7.8,12.9,4.9,25.6
343628.0,2.7,14.4,3.9,21.0
341051.0,6.6,12.5,2.1,21.200000000000003
347358.0,5.9,14.4,3.4,23.7
480432.0,3.5,12.7,3.3,19.5
341088.0,9.5,11.8,2.3,23.6
406542.0,5.9,12.0,4.1,22.0
299495.0,3.4,13.8,2.8,20.0
341222.0,6.8,15.4,2.6,24.8
285775.0,7.4,12.8,5.1,25.300000000000004
652816.0,2.4,10.1,3.3,15.8
341312.0,6.4,14.6,3.1,24.1
463055.0,4.8,12.9,3.9,21.6
329961.0,3.2,14.1,3.5,20.8
341617.0,5.9,14.1,2.9,22.9
360316.0,4.6,14.1,4.4,23.1
338114.0,3.7,14.1,3.4,21.2
341707.0,6.9,13.6,2.7,23.2
327396.0,6.4,14.8,4.1,25.300000000000004
335655.0,3.7,13.6,3.3,20.6
341938.0,6.3,14.2,2.8,23.3
327256.0,6.3,13.8,3.6,23.700000000000003
284370.0,4.1,14.5,3.5,22.1
343457.0,7.9,13.3,2.6,23.800000000000004
398568.0,5.6,12.3,4.0,21.9
315696.0,2.3,17.0,3.9,23.2
343658.0,5.5,15.4,3.1,24.0
335188.0,6.5,15.0,4.0,25.5
485837.0,4.1,12.0,3.3,19.4
344942.0,9.7,12.4,2.6,24.700000000000003
330303.0,5.2,13.1,3.5,21.8
345335.0,8.1,13.1,2.7,23.9
315655.0,8.9,13.8,4.2,26.9
330552.0,3.4,13.8,3.4,20.6
346474.0,6.8,12.9,3.0,22.7
351775.0,6.1,13.7,4.0,23.8
293530.0,6.0,9.7,2.6,18.3
346816.0,7.4,11.2,2.7,21.3
298811.0,4.8,15.0,3.5,23.3
347414.0,9.4,14.3,2.3,26.000000000000004
240414.0,11.1,15.3,4.3,30.7
685652.0,3.0,13.4,3.1,19.5
347938.0,8.0,13.7,2.2,23.9
276380.0,8.4,16.6,4.3,29.3
329672.0,1.9,15.4,3.3,20.6
348170.0,4.8,12.7,2.4,19.9
334613.0,9.2,12.9,3.5,25.6
303034.0,4.2,14.2,3.5,21.9
349133.0,6.3,12.9,2.0,21.2
392660.0,5.2,12.3,4.2,21.7
313560.0,4.0,14.7,3.4,22.1
351499.0,6.1,14.0,2.8,22.9
366287.0,5.7,13.4,4.3,23.4
284013.0,4.0,15.5,3.5,23.0
302673.0,2.4,11.3,2.7,16.400000000000002
353442.0,8.4,13.9,3.6,25.9
394458.0,4.3,10.2,4.8,19.3
302628.0,5.2,12.8,2.4,20.4
354294.0,8.8,10.9,3.0,22.700000000000003
301444.0,4.7,12.5,3.1,20.3
354521.0,7.3,13.1,2.8,23.2
342413.0,6.1,13.5,4.6,24.200000000000003
315818.0,3.7,15.4,3.3,22.4
354636.0,6.2,15.3,2.4,23.9
393510.0,6.1,9.2,4.3,19.6
252283.0,4.6,15.5,3.6,23.700000000000003
355475.0,7.4,13.4,2.7,23.5
401591.0,5.2,13.5,4.3,23.0
524581.0,4.2,11.5,3.2,18.9
355664.0,10.2,12.9,2.5,25.6
344583.0,8.0,10.8,4.3,23.1
309498.0,4.3,14.7,3.5,22.5
355823.0,7.2,12.9,2.7,22.8
415659.0,5.6,11.6,3.9,21.1
523214.0,3.1,12.3,3.1,18.5
356184.0,11.5,9.9,1.3,22.7
332525.0,4.2,12.3,3.3,19.8
357584.0,7.2,13.2,2.3,22.7
349500.0,5.0,13.4,4.1,22.5
292368.0,3.5,16.0,4.1,23.6
357611.0,9.4,15.3,2.2,26.9
219231.0,5.8,17.4,4.7,27.9
358980.0,3.1,13.5,3.3,19.9
357808.0,6.5,13.1,2.6,22.200000000000003
372328.0,5.7,13.7,4.1,23.5
320904.0,5.0,13.5,2.9,21.4
359867.0,9.7,12.1,2.8,24.6
338693.0,7.6,11.1,4.2,22.9
326702.0,3.9,14.8,3.3,22.0
360791.0,7.9,12.5,3.0,23.4
333062.0,7.0,13.4,3.9,24.3
320432.0,3.3,14.3,3.4,21.0
361444.0,8.6,12.1,2.2,22.9
412688.0,5.1,12.3,4.3,21.7
1596514.0,2.1,11.2,3.0,16.299999999999997
361725.0,8.8,12.9,2.0,23.700000000000003
374397.0,6.9,13.3,4.0,24.200000000000003
356809.0,4.8,11.7,3.5,20.0
363925.0,9.0,12.6,2.9,24.5
256842.0,12.5,9.7,3.6,25.8
270542.0,4.2,15.0,3.5,22.7
364618.0,6.8,13.2,2.7,22.7
371851.0,6.2,12.7,4.4,23.3
301342.0,4.1,14.8,3.7,22.6
315460.0,4.0,13.9,3.4,21.3
365354.0,7.1,13.4,2.3,22.8
377943.0,4.9,13.0,4.8,22.7
318375.0,3.3,14.5,3.5,21.3
365823.0,6.7,12.9,2.3,21.9
362070.0,5.9,12.7,3.8,22.4
308527.0,4.1,15.6,3.2,22.9
366015.0,7.3,15.8,2.3,25.4
337803.0,7.2,15.3,4.0,26.5
347416.0,3.0,14.4,3.3,20.7
369289.0,7.3,13.8,2.6,23.700000000000003
400713.0,6.7,12.5,3.9,23.1
361401.0,5.2,12.4,3.5,21.1
369309.0,9.2,12.9,3.0,25.1
280524.0,8.1,13.7,4.5,26.3
333508.0,4.2,12.7,3.4,20.3
369456.0,7.5,11.9,2.3,21.7
405966.0,6.5,12.1,4.2,22.8
933592.0,4.0,7.3,3.0,14.3
369784.0,6.0,13.9,2.9,22.8
313369.0,3.6,15.2,3.3,22.1
369846.0,9.3,12.9,1.9,24.1
276920.0,9.1,14.8,3.9,27.8
349735.0,3.4,14.3,3.4,21.1
369890.0,7.4,12.6,3.2,23.2
362721.0,5.3,13.8,4.8,23.9
219122.0,5.2,16.6,3.5,25.3
370322.0,8.3,12.0,3.2,23.5
527421.0,4.0,10.7,4.1,18.8
413572.0,4.1,12.4,3.4,19.9
370496.0,8.0,12.5,2.5,23.0
347636.0,8.8,12.3,4.4,25.5
332251.0,3.3,15.0,3.2,21.5
370511.0,6.3,13.3,2.5,22.1
372075.0,6.7,12.6,4.3,23.6
291021.0,3.9,15.6,3.4,22.9
297628.0,2.4,16.0,4.3,22.7
371916.0,8.4,10.7,2.9,22.0
350499.0,3.7,13.8,3.6,21.1
372143.0,6.8,13.4,1.9,22.1
461676.0,4.3,11.9,3.8,20.0
312974.0,4.0,13.6,3.5,21.1
372417.0,6.6,12.7,3.1,22.4
401608.0,4.9,13.0,4.3,22.2
290646.0,2.0,12.8,4.8,19.6
372458.0,22.8,5.0,3.5,31.3
1167098.0,1.4,4.3,3.8,9.5
328504.0,4.4,13.4,3.4,21.2
372882.0,8.7,11.9,2.5,23.1
390770.0,6.4,12.2,4.1,22.700000000000003
278593.0,4.3,15.3,3.4,23.0
372942.0,6.8,13.2,2.7,22.7
401134.0,6.0,12.4,4.1,22.5
297024.0,4.0,13.8,3.4,21.2
373214.0,6.8,11.6,2.6,21.0
404891.0,5.3,11.7,4.1,21.1
327084.0,3.8,14.3,3.3,21.4
373335.0,7.4,12.6,2.3,22.3
382701.0,5.0,13.6,3.7,22.3
333734.0,3.0,14.7,3.0,20.7
374375.0,4.1,14.1,1.6,19.8
385179.0,5.3,12.4,4.3,22.0
356121.0,2.8,13.9,3.3,20.0
375061.0,7.6,11.9,1.9,21.4
339851.0,6.6,14.2,3.8,24.6
327467.0,3.3,14.2,3.5,21.0
375640.0,6.2,13.0,2.4,21.6
386126.0,4.7,13.1,4.2,22.0
354467.0,4.8,13.4,3.4,21.6
375787.0,9.0,14.7,3.0,26.7
351059.0,4.6,12.0,3.0,19.6
376783.0,8.9,13.7,2.4,25.0
332754.0,8.5,13.1,5.1,26.700000000000003
326621.0,3.9,13.9,3.5,21.3
376867.0,6.1,13.2,2.7,22.0
397442.0,5.0,12.9,4.5,22.4
348667.0,2.9,14.4,3.4,20.7
377433.0,8.5,12.2,2.5,23.2
399692.0,4.8,13.0,4.2,22.0
313100.0,4.6,11.3,3.4,19.3
378661.0,8.6,10.3,2.7,21.6
388747.0,5.3,11.7,5.0,22.0
563251.0,3.2,9.6,4.0,16.8
379610.0,6.0,11.9,2.7,20.6
376539.0,3.0,13.9,3.5,20.4
379913.0,6.6,13.7,2.7,23.0
335204.0,5.3,14.7,3.8,23.8
327799.0,4.3,14.1,3.4,21.8
380775.0,8.1,12.0,2.5,22.6
403130.0,5.5,12.6,4.3,22.4
377895.0,1.6,14.8,3.8,20.200000000000003
383227.0,6.9,12.6,0.9,20.4
414614.0,6.3,12.8,4.6,23.700000000000003
331810.0,3.2,14.4,3.7,21.3
384652.0,7.1,13.5,2.3,22.9
418170.0,4.6,12.3,4.2,21.1
377608.0,2.6,15.0,3.6,21.200000000000003
384946.0,6.9,14.3,2.6,23.800000000000004
343378.0,5.6,14.6,4.0,24.2
419447.0,3.3,14.0,3.4,20.7
385074.0,7.1,13.7,2.5,23.3
672528.0,4.8,10.8,3.4,19.0
385280.0,7.8,12.4,2.6,22.8
525127.0,6.5,12.3,4.3,23.1
354057.0,3.0,14.2,3.5,20.7
385507.0,6.8,12.4,2.5,21.7
392858.0,4.1,12.8,4.4,21.3
221791.0,0.0,20.5,4.8,25.3
386324.0,2.5,10.0,3.5,16.0
257118.0,5.6,14.3,4.0,23.9
386491.0,10.3,7.9,2.8,21.000000000000004
442818.0,7.2,9.6,3.6,20.4
446841.0,3.8,12.3,3.5,19.6
388166.0,9.1,10.8,2.6,22.5
451256.0,5.7,11.5,4.0,21.2
332040.0,5.8,12.1,3.1,21.0
388601.0,9.3,10.6,2.1,22.0
384934.0,6.0,11.7,4.7,22.4
296507.0,4.5,14.4,3.3,22.2
389298.0,7.0,11.6,2.5,21.1
482615.0,4.4,11.5,4.3,20.2
368378.0,5.5,11.4,3.2,20.1
389396.0,8.1,11.3,2.3,21.7
401731.0,6.5,12.1,4.4,23.0
325747.0,3.6,14.3,3.7,21.6
389999.0,5.1,15.9,3.3,24.3
407711.0,4.4,12.7,3.4,20.5
616463.0,3.9,9.1,3.3,16.3
390172.0,7.9,11.0,2.2,21.1
423952.0,9.5,10.4,4.1,24.0
327562.0,4.7,10.9,3.2,18.8
390314.0,8.8,9.8,2.5,21.1
466204.0,4.3,10.8,4.5,19.6
364146.0,3.0,12.9,3.2,19.1
390657.0,8.6,13.9,1.8,24.3
428023.0,4.2,12.6,4.4,21.200000000000003
361446.0,3.7,13.0,3.3,20.0
390804.0,7.1,11.7,2.5,21.3
399039.0,4.7,12.1,4.3,21.1
316268.0,4.9,12.8,3.4,21.1
390979.0,7.2,12.5,2.4,22.1
410098.0,6.4,12.2,4.0,22.6
336851.0,3.9,13.3,3.5,20.7
391047.0,7.4,12.0,2.8,22.2
409288.0,5.6,11.8,4.3,21.7
283414.0,4.1,14.3,3.5,21.9
391756.0,7.1,12.4,2.4,21.9
423088.0,5.0,12.2,4.2,21.4
538929.0,2.8,13.5,2.9,19.2
393212.0,6.3,14.3,2.0,22.6
383705.0,5.4,12.9,4.3,22.6
346539.0,3.5,13.6,3.4,20.5
393380.0,6.3,13.0,2.2,21.5
371668.0,5.3,12.9,3.8,22.0
281914.0,3.8,14.6,3.3,21.7
394456.0,5.8,13.1,2.4,21.3
470996.0,3.1,11.4,3.9,18.4
372913.0,2.7,14.6,3.5,20.8
394500.0,5.7,14.9,2.7,23.3
359103.0,5.5,13.7,3.6,22.8
314671.0,4.3,14.8,3.3,22.4
394580.0,8.4,14.2,2.0,24.6
161469.0,10.8,17.3,4.1,32.2
328949.0,4.4,13.3,3.5,21.200000000000003
395891.0,6.2,12.8,2.7,21.7
417316.0,4.9,12.1,4.2,21.2
352398.0,3.8,14.1,3.2,21.1
396862.0,6.8,11.4,3.3,21.5
363097.0,10.8,10.2,4.5,25.5
387656.0,2.0,8.7,2.4,13.1
397976.0,5.2,11.7,1.5,18.4
366412.0,5.3,14.5,4.0,23.8
347401.0,3.5,11.1,3.2,17.8
398112.0,9.1,9.0,1.9,20.0
411183.0,4.8,12.0,4.7,21.5
596848.0,3.4,11.2,3.0,17.6
425821.0,3.4,12.4,3.4,19.2
399954.0,7.9,12.6,2.7,23.2
409664.0,5.7,12.8,4.4,22.9
397848.0,3.8,10.8,3.1,17.700000000000003
401356.0,8.1,10.4,2.0,20.5
411658.0,4.1,12.3,4.8,21.2
339776.0,3.2,13.9,3.5,20.6
401454.0,6.9,12.5,2.3,21.7
410821.0,4.7,12.5,4.1,21.3
440670.0,2.8,12.0,3.0,17.8
401500.0,8.5,11.1,2.5,22.1
502769.0,5.0,11.3,4.4,20.700000000000003
335168.0,5.1,12.7,3.0,20.8
401915.0,6.7,12.5,2.3,21.5
417827.0,5.2,12.4,4.2,21.8
337858.0,4.2,12.6,3.4,20.2
402959.0,8.0,10.8,2.4,21.2
438716.0,4.6,11.8,3.9,20.3
352980.0,3.2,15.2,3.0,21.4
404727.0,5.1,15.3,3.3,23.7
294737.0,3.2,16.2,5.2,24.6
325723.0,4.3,14.1,3.4,21.8
405387.0,6.8,13.0,2.2,22.0
436500.0,5.3,12.0,4.2,21.5
369776.0,4.4,13.8,3.2,21.4
405404.0,8.7,10.7,2.7,22.1
362647.0,4.9,13.4,2.8,21.1
405605.0,7.5,11.5,2.2,21.2
428624.0,5.5,12.2,4.5,22.2
365138.0,3.4,13.2,3.4,20.0
406891.0,6.0,12.1,2.3,20.4
415439.0,4.6,12.2,4.3,21.1
401030.0,5.6,7.8,3.1,16.5
407419.0,8.0,9.6,2.2,19.8
267956.0,10.7,11.5,3.8,26.0
384573.0,4.0,12.3,3.3,19.6
407647.0,7.7,12.0,2.3,22.0
333430.0,7.5,12.4,4.2,24.1
338550.0,3.5,14.2,3.4,21.1
407691.0,6.3,13.0,2.6,21.9
407578.0,5.9,12.5,4.0,22.4
345736.0,4.3,12.1,3.3,19.7
407952.0,7.1,11.7,2.4,21.2
416974.0,4.6,13.1,4.5,22.2
315164.0,4.2,14.7,3.0,21.9
407970.0,5.9,13.0,2.2,21.1
468883.0,4.7,12.1,4.0,20.8
382870.0,0.9,17.2,4.0,22.1
408105.0,3.1,16.5,3.1,22.700000000000003
428687.0,2.6,14.0,4.2,20.8
462008.0,4.0,10.9,2.9,17.8
408753.0,7.9,13.9,2.3,24.1
514250.0,6.2,11.4,3.8,21.4
387078.0,2.8,12.7,3.4,18.9
409067.0,7.7,11.3,2.0,21.0
414650.0,4.5,11.3,4.1,19.9
532297.0,3.4,12.4,3.4,19.2
409279.0,6.8,12.4,2.4,21.6
434356.0,4.2,11.7,3.5,19.4
409669.0,8.5,10.2,2.7,21.4
480135.0,4.6,10.8,4.7,20.1
354002.0,3.4,14.3,3.6,21.3
409674.0,5.7,13.0,2.4,21.1
420096.0,5.0,12.8,4.2,22.0
354266.0,2.8,14.1,3.6,20.5
409863.0,5.8,12.9,2.5,21.2
423320.0,5.5,12.2,4.2,21.9
391429.0,2.9,14.0,3.4,20.3
410468.0,6.4,13.2,2.7,22.3
365585.0,5.1,14.5,4.0,23.6
369315.0,6.1,11.4,3.4,20.9
410572.0,8.6,12.7,2.5,23.8
412925.0,8.0,10.4,4.5,22.9
1261575.0,3.8,8.2,2.8,14.8
410914.0,7.0,9.9,3.8,20.7
423234.0,6.1,10.6,4.5,21.2
415424.0,4.4,10.1,3.4,17.9
412091.0,7.8,9.8,2.1,19.700000000000003
337514.0,8.8,11.5,4.3,24.6
312109.0,4.2,13.9,3.4,21.5
412302.0,7.1,11.6,2.5,21.2
435502.0,5.3,12.0,4.0,21.3
615898.0,3.3,11.3,3.2,17.8
412353.0,8.7,12.5,2.6,23.8
501177.0,4.9,12.1,4.1,21.1
475552.0,3.4,11.8,3.0,18.200000000000003
413389.0,8.6,11.8,1.6,22.0
384294.0,6.6,12.7,4.3,23.6
365344.0,3.9,13.2,3.0,20.1
413945.0,7.4,10.8,2.3,20.500000000000004
422575.0,3.8,12.4,4.5,20.7
387536.0,3.9,13.6,3.7,21.2
414066.0,6.7,13.0,3.2,22.9
630314.0,4.7,9.9,4.1,18.700000000000003
368886.0,5.5,11.5,3.6,20.6
415257.0,6.7,11.3,1.5,19.5
607749.0,3.8,10.1,4.2,18.1
539118.0,1.0,13.8,2.5,17.3
415832.0,6.3,12.5,1.0,19.8
407593.0,2.9,11.1,3.2,17.2
415849.0,7.5,6.6,3.3,17.4
353582.0,3.3,14.0,3.6,20.9
415850.0,6.4,11.7,2.7,20.8
392716.0,5.0,13.2,4.2,22.4
502999.0,4.6,11.8,3.2,19.6
416680.0,8.8,12.0,2.5,23.3
280007.0,11.6,13.5,4.7,29.8
397747.0,2.5,13.3,3.3,19.1
416866.0,5.7,11.9,2.7,20.3
411873.0,4.2,12.4,4.2,20.8
272010.0,3.1,16.2,3.6,22.9
417660.0,5.9,12.1,3.4,21.4
416172.0,2.0,14.5,4.3,20.8
383384.0,3.6,11.2,3.7,18.5
417678.0,5.1,10.6,2.3,18.0
427556.0,3.3,12.0,4.7,20.0
347082.0,3.6,13.1,3.3,20.0
417932.0,7.1,12.1,2.5,21.7
435908.0,4.8,12.1,4.3,21.2
368415.0,4.1,12.5,3.0,19.6
418565.0,9.0,10.4,2.0,21.4
480587.0,5.3,10.7,4.1,20.1
406632.0,2.9,13.0,3.4,19.3
419276.0,7.2,12.2,2.2,21.6
407546.0,5.4,11.7,4.3,21.4
391636.0,4.0,12.5,3.3,19.8
419527.0,8.6,11.4,2.7,22.7
472350.0,6.1,10.6,4.7,21.4
372751.0,2.8,14.2,3.4,20.4
419910.0,5.6,12.9,2.5,21.0
368246.0,4.9,13.7,3.9,22.5
383430.0,2.9,12.6,3.5,19.0
420399.0,6.2,13.3,2.5,22.0
444158.0,4.5,12.2,4.2,20.9
331309.0,5.1,14.5,3.2,22.8
421566.0,7.7,10.6,2.5,20.8
507798.0,5.0,12.2,4.3,21.5
379849.0,2.6,13.4,3.7,19.7
421992.0,6.1,11.8,2.9,20.8
452459.0,3.6,12.3,4.8,20.7
369877.0,3.9,13.7,3.4,21.0
422523.0,6.9,11.8,2.3,21.000000000000004
442262.0,4.9,12.8,4.5,22.200000000000003
389781.0,3.0,12.3,3.2,18.5
423258.0,6.8,9.7,2.5,19.0
492408.0,3.9,11.1,4.7,19.7
360333.0,1.9,16.9,3.5,22.3
423335.0,4.5,12.2,2.2,18.9
394278.0,4.4,12.9,4.3,21.6
530055.0,4.2,11.2,3.1,18.5
423978.0,9.1,11.4,2.5,23.0
441799.0,6.2,11.3,4.0,21.5
497047.0,3.5,12.0,3.4,18.9
424455.0,6.5,12.3,2.7,21.5
472428.0,4.8,11.5,4.4,20.700000000000003
352969.0,4.4,13.0,3.2,20.6
425108.0,5.3,13.2,2.9,21.4
382792.0,4.5,13.6,4.9,23.0
1672220.0,2.0,7.9,2.1,12.0
425512.0,3.0,14.1,2.9,20.0
370332.0,4.4,12.8,2.4,19.6
354189.0,3.9,12.7,3.4,20.0
426110.0,6.0,12.6,2.2,20.8
416404.0,4.8,12.5,4.3,21.6
362079.0,3.9,12.7,3.4,20.0
426233.0,3.8,12.4,3.0,19.2
518098.0,3.4,11.9,4.4,19.700000000000003
391209.0,2.6,14.1,3.3,20.0
427095.0,6.2,11.9,3.0,21.1
432924.0,4.1,13.0,4.3,21.4
417967.0,3.5,12.5,3.5,19.5
427354.0,6.2,12.6,2.3,21.1
413814.0,5.8,12.5,4.2,22.5
371913.0,5.1,11.0,3.0,19.1
427954.0,7.3,11.3,2.4,21.0
471530.0,5.7,11.7,4.0,21.4
395851.0,1.8,14.4,4.0,20.2
428575.0,5.6,10.5,3.9,20.0
567665.0,3.1,12.2,3.5,18.8
379141.0,3.1,13.5,3.3,19.9
428855.0,6.3,12.1,2.4,20.8
427682.0,5.2,12.4,4.1,21.700000000000003
436475.0,2.0,11.8,3.8,17.6
428897.0,4.6,11.8,2.1,18.5
414839.0,2.4,12.5,4.3,19.2
335454.0,3.2,14.1,3.5,20.8
429072.0,5.9,12.3,2.3,20.500000000000004
468456.0,4.6,11.1,4.1,19.8
376373.0,3.7,13.9,3.3,20.9
429597.0,7.5,12.6,2.5,22.6
326096.0,1.1,15.9,3.8,20.8
431190.0,5.2,13.6,2.5,21.3
334690.0,5.1,15.3,4.4,24.8
404439.0,3.5,12.4,3.1,19.0
431649.0,6.4,12.3,2.4,21.1
446204.0,3.8,12.0,4.4,20.200000000000003
738481.0,2.4,13.2,3.5,19.1
344626.0,4.0,13.8,3.3,21.1
435038.0,6.5,11.5,2.3,20.3
446576.0,5.4,11.2,4.6,21.200000000000003
383891.0,3.3,13.3,3.5,20.1
435228.0,5.0,13.4,2.4,20.8
401634.0,4.9,13.0,4.0,21.9
358868.0,1.6,17.1,4.0,22.700000000000003
435277.0,3.9,12.4,1.8,18.1
312979.0,5.0,17.0,6.0,28.0
424654.0,4.4,9.2,3.4,17.0
435410.0,8.0,8.9,1.7,18.6
406257.0,6.7,11.4,4.2,22.3
373636.0,2.9,14.1,3.4,20.4
435949.0,5.9,11.8,2.3,20.000000000000004
436186.0,4.2,12.8,4.2,21.2
470596.0,3.5,11.7,3.3,18.5
436215.0,6.9,11.7,2.3,20.9
454722.0,5.6,12.4,4.2,22.2
399967.0,3.9,13.7,3.2,20.8
437140.0,6.9,12.5,2.3,21.7
375943.0,7.2,12.8,3.8,23.8
435409.0,3.9,12.1,3.1,19.1
437297.0,6.9,12.0,2.7,21.6
428617.0,5.5,12.5,4.1,22.1
1447005.0,2.8,10.6,3.0,16.4
438439.0,5.9,13.8,2.3,22.000000000000004
498137.0,5.0,11.4,4.2,20.6
394876.0,4.9,12.4,3.2,20.5
438475.0,8.7,10.0,2.3,21.0
392754.0,8.4,13.1,4.2,25.7
1428305.0,2.4,6.9,2.7,12.0
438911.0,7.6,12.2,2.1,21.9
486244.0,4.5,10.8,4.3,19.6
620016.0,2.4,12.7,3.2,18.3
438943.0,5.3,14.4,2.2,21.9
543909.0,3.4,13.0,3.4,19.8
390683.0,5.7,12.8,3.2,21.7
439308.0,9.1,12.1,2.4,23.6
411991.0,7.6,11.9,4.0,23.5
461227.0,3.9,12.1,3.2,19.2
439332.0,7.4,10.9,2.4,20.7
451861.0,6.5,11.1,3.6,21.200000000000003
381227.0,5.5,12.0,3.2,20.7
440977.0,5.9,11.5,2.2,19.6
569664.0,6.7,9.1,3.5,19.3
356337.0,3.6,13.6,3.5,20.7
440995.0,7.0,11.0,2.3,20.3
484194.0,3.7,12.2,4.1,20.0
328017.0,3.3,13.5,3.4,20.2
441880.0,7.0,9.7,2.3,19.0
517706.0,4.3,10.4,4.8,19.5
419582.0,2.7,14.3,3.3,20.3
442426.0,5.5,13.4,2.4,21.3
426758.0,5.9,12.8,3.7,22.4
370571.0,3.1,13.3,3.6,20.000000000000004
442595.0,6.2,11.7,2.3,20.2
451317.0,4.7,11.7,4.4,20.8
421765.0,2.5,14.0,3.4,19.9
442639.0,7.8,10.8,3.2,21.8
471623.0,3.4,12.9,4.4,20.700000000000003
1332563.0,3.1,7.3,2.4,12.8
443063.0,7.0,12.4,2.4,21.8
483669.0,4.5,10.7,4.0,19.2
429978.0,2.5,13.2,3.4,19.1
443288.0,2.5,12.9,3.1,18.5
430611.0,1.9,14.8,4.1,20.8
421190.0,2.9,13.7,3.1,19.7
443659.0,6.6,12.9,2.2,21.7
378544.0,4.9,13.8,4.0,22.700000000000003
401012.0,3.1,12.4,3.5,19.0
445348.0,6.8,11.5,2.4,20.7
469736.0,3.5,12.1,3.8,19.4
440637.0,4.4,10.4,3.2,18.0
445846.0,6.0,12.8,2.9,21.7
500974.0,4.0,12.1,3.9,20.0
673300.0,1.3,12.7,3.4,17.4
446883.0,7.3,12.4,2.3,22.0
634926.0,2.4,9.5,3.2,15.1
447192.0,4.6,13.4,1.6,19.6
583919.0,2.2,9.8,4.6,16.6
429518.0,3.8,10.2,3.3,17.3
447916.0,6.5,9.8,2.2,18.5
454217.0,4.3,11.6,4.5,20.4
403029.0,3.4,13.7,3.1,20.2
448071.0,8.2,13.8,2.2,24.2
247008.0,9.8,15.6,4.1,29.5
399827.0,6.6,9.8,3.0,19.4
450052.0,10.6,8.5,1.9,21.0
601202.0,5.5,9.7,4.5,19.7
327069.0,4.4,14.7,3.5,22.6
450262.0,6.0,9.9,2.4,18.3
460049.0,4.6,9.7,4.7,19.0
397662.0,1.6,15.1,3.6,20.3
451604.0,5.5,12.1,2.5,20.1
425606.0,2.4,13.1,3.3,18.8
452226.0,6.0,12.3,2.3,20.6
392734.0,4.6,13.6,3.8,22.0
464000.0,3.1,13.6,3.0,19.7
452592.0,8.8,12.6,2.2,23.6
276083.0,8.7,14.2,4.0,26.9
514202.0,5.3,9.5,2.1,16.900000000000002
454086.0,5.1,12.8,2.8,20.7
415806.0,2.5,12.8,3.2,18.5
454857.0,5.2,12.6,2.6,20.4
485445.0,3.6,11.8,4.1,19.5
454258.0,3.4,13.8,3.0,20.2
455440.0,5.6,13.7,2.5,21.8
355462.0,7.0,13.3,3.7,24.0
355219.0,4.0,13.3,3.7,21.0
455546.0,7.4,11.8,2.3,21.500000000000004
422475.0,7.1,12.4,3.9,23.4
389179.0,3.4,15.2,3.2,21.8
456122.0,6.1,9.9,2.5,18.5
536921.0,3.0,12.5,4.6,20.1
424048.0,3.5,12.2,3.3,19.0
348225.0,5.5,12.6,3.4,21.5
456373.0,10.0,7.0,1.0,18.0
397962.0,3.6,16.5,4.4,24.5
396591.0,3.0,13.1,3.3,19.4
457052.0,5.3,11.9,2.3,19.5
437989.0,4.8,12.1,4.1,21.0
560073.0,3.7,10.4,3.4,17.5
458658.0,8.7,9.9,1.8,20.4
492996.0,5.2,10.7,4.0,19.9
322530.0,3.3,14.2,3.7,21.2
458687.0,4.2,13.7,2.7,20.6
488919.0,4.6,10.8,3.8,19.2
332390.0,3.2,14.7,3.4,21.3
459059.0,6.0,12.1,2.6,20.700000000000003
490000.0,3.9,12.4,4.2,20.5
434339.0,3.0,12.5,3.5,19.0
459375.0,5.2,12.2,2.6,20.0
448959.0,4.7,12.2,4.3,21.2
443994.0,3.5,12.2,3.4,19.1
460675.0,7.4,10.0,2.3,19.7
678971.0,3.3,8.5,4.0,15.8
1703132.0,2.3,5.5,2.3,10.1
460766.0,6.6,10.2,2.3,19.1
534630.0,4.9,11.0,4.3,20.2
395908.0,2.7,13.4,3.2,19.3
461710.0,5.3,12.1,2.6,20.0
491619.0,3.7,11.9,3.9,19.5
386776.0,3.7,12.0,3.3,19.0
463696.0,6.8,10.9,1.9,19.6
477689.0,4.4,11.6,4.0,20.0
367431.0,2.0,14.9,3.5,20.4
395948.0,3.1,13.6,3.3,20.0
465209.0,5.8,12.7,2.1,20.6
447966.0,4.0,12.8,4.1,20.9
451606.0,3.7,12.5,3.3,19.5
465270.0,8.1,10.5,2.1,20.700000000000003
490967.0,5.9,11.3,3.9,21.1
507395.0,2.8,11.0,3.1,16.900000000000002
466651.0,6.3,11.9,2.1,20.3
387476.0,6.9,11.8,4.4,23.1
375631.0,3.5,13.1,3.1,19.700000000000003
467464.0,5.2,12.6,2.2,20.0
428828.0,4.3,13.0,3.9,21.2
432370.0,2.4,13.9,3.2,19.5
468162.0,5.2,12.3,2.7,20.2
414572.0,3.7,13.6,3.8,21.1
406194.0,3.7,13.2,3.2,20.1
468477.0,6.4,11.7,2.6,20.700000000000003
482652.0,4.3,11.9,4.1,20.3
435447.0,1.8,13.4,3.4,18.6
470574.0,5.8,12.6,2.5,20.9
394738.0,4.2,14.1,3.9,22.2
392395.0,3.7,13.4,3.6,20.700000000000003
471133.0,7.1,10.7,2.5,20.3
550685.0,5.2,10.7,4.3,20.2
407217.0,3.3,12.5,3.5,19.3
471429.0,5.5,12.7,2.0,20.2
496551.0,4.4,10.6,4.4,19.4
469469.0,3.9,9.8,3.1,16.8
445781.0,3.8,13.2,3.4,20.4
472926.0,6.2,13.4,2.1,21.700000000000003
451258.0,5.5,12.2,4.2,21.9
402101.0,3.0,13.1,3.4,19.5
473997.0,5.4,12.2,2.4,20.0
481453.0,4.5,12.3,3.9,20.7
414535.0,2.8,11.8,3.2,17.8
475161.0,5.2,10.0,2.1,17.3
455603.0,3.7,11.3,4.7,19.7
482143.0,3.0,12.8,3.2,19.0
475185.0,6.1,13.3,2.2,21.6
385605.0,4.8,11.8,3.0,19.6
475932.0,6.9,11.4,2.5,20.8
281231.0,11.4,9.1,4.2,24.7
415574.0,2.5,13.1,3.3,18.9
476146.0,5.8,11.2,2.3,19.3
442423.0,4.8,11.4,4.3,20.5
422414.0,2.9,12.9,3.2,19.0
476196.0,7.1,10.7,1.9,19.7
439851.0,5.4,11.5,4.2,21.1
398535.0,2.7,10.1,2.3,15.1
476995.0,6.8,12.2,3.8,22.8
433569.0,3.3,10.6,3.0,16.9
477828.0,5.5,10.2,1.8,17.5
424834.0,3.1,13.3,3.8,20.200000000000003
478337.0,6.3,11.8,2.8,20.9
415979.0,3.1,13.8,4.4,21.300000000000004
378597.0,3.6,12.7,3.3,19.6
478463.0,7.5,10.5,2.4,20.4
546837.0,5.7,11.1,3.9,20.7
284737.0,6.6,12.4,2.6,21.6
478473.0,3.0,14.4,4.1,21.5
260950.0,5.5,16.8,3.4,25.7
409025.0,3.8,12.0,3.4,19.2
478495.0,6.4,11.5,2.0,19.9
483813.0,4.8,11.1,4.3,20.2
359196.0,5.3,12.7,3.9,21.9
479487.0,8.9,11.3,2.3,22.500000000000004
254793.0,13.5,10.5,3.5,27.5
475660.0,2.9,13.2,3.3,19.4
479732.0,7.5,11.7,2.2,21.4
494371.0,5.4,11.3,4.3,21.000000000000004
388622.0,5.0,12.7,3.1,20.8
479849.0,8.6,10.3,2.3,21.2
410500.0,9.1,10.8,3.4,23.3
440002.0,2.7,12.7,3.0,18.4
480773.0,6.2,12.8,2.3,21.3
464629.0,3.8,12.9,4.3,21.0
1626330.0,0.8,6.6,2.5,9.9
482325.0,6.3,14.2,1.6,22.1
393498.0,2.3,12.9,4.9,20.1
378638.0,4.3,14.1,3.2,21.6
482412.0,4.5,11.7,2.6,18.8
302640.0,7.2,15.7,3.6,26.5
438722.0,3.3,10.8,2.4,16.5
483694.0,6.1,10.4,2.6,19.1
529233.0,2.6,10.7,4.7,18.0
739840.0,3.6,8.5,2.7,14.8
484173.0,7.2,9.4,2.1,18.700000000000003
567613.0,5.5,9.0,3.8,18.3
819636.0,3.2,5.6,2.9,11.7
484840.0,6.9,9.2,2.5,18.6
398706.0,3.1,13.2,3.3,19.6
485122.0,5.7,12.1,2.1,19.9
505379.0,4.5,10.9,3.9,19.3
621729.0,2.6,11.5,3.0,17.1
485982.0,5.5,10.4,2.6,18.5
621819.0,4.1,12.4,4.1,20.6
494052.0,3.4,12.4,3.0,18.8
486428.0,7.5,13.4,2.1,23.0
257197.0,9.6,14.9,4.0,28.5
330996.0,3.4,14.3,3.6,21.3
486839.0,5.4,12.3,2.3,20.000000000000004
527400.0,3.1,11.7,4.2,19.0
1010178.0,1.5,8.1,2.9,12.5
487714.0,5.7,12.6,2.4,20.7
476388.0,4.4,13.2,4.2,21.8
455643.0,3.1,8.4,3.2,14.7
488143.0,11.8,6.1,0.9,18.8
463096.0,4.5,12.1,3.0,19.6
488188.0,8.6,10.8,2.2,21.6
520367.0,6.3,8.9,4.3,19.5
397729.0,3.7,11.5,3.3,18.5
488319.0,5.4,11.1,2.1,18.6
511800.0,4.3,10.3,3.7,18.3
413975.0,2.7,13.3,3.2,19.2
488838.0,5.3,12.5,2.5,20.3
450483.0,4.5,12.5,3.9,20.9
422166.0,4.8,10.5,2.7,18.0
489305.0,8.0,7.5,2.0,17.5
356794.0,7.2,11.5,3.4,22.1
411588.0,0.8,16.2,2.4,19.4
489529.0,6.0,11.1,1.2,18.3
426402.0,3.1,10.8,3.0,16.9
489556.0,5.0,11.6,2.3,18.9
505025.0,3.3,11.9,4.3,19.5
568085.0,3.2,11.1,3.0,17.3
489580.0,6.4,11.4,2.3,20.1
556118.0,3.7,11.2,4.1,19.0
432702.0,2.2,13.1,3.5,18.8
489993.0,5.0,12.4,1.9,19.3
483676.0,3.8,12.3,4.2,20.3
469119.0,4.9,12.6,3.2,20.7
490608.0,6.8,8.8,3.4,19.0
402027.0,4.3,12.4,4.8,21.5
446250.0,3.0,10.9,3.1,17.0
490613.0,6.1,10.4,2.2,18.7
498703.0,2.5,11.2,4.9,18.6
476622.0,3.2,10.6,2.6,16.400000000000002
492965.0,4.6,12.3,2.3,19.2
488455.0,2.8,12.4,4.3,19.5
497510.0,3.5,10.1,3.3,16.9
493398.0,7.5,12.2,2.3,22.0
459489.0,7.1,11.1,3.4,21.6
428709.0,3.1,12.9,3.4,19.4
493825.0,5.6,11.0,2.4,19.0
489541.0,3.7,12.7,4.0,20.4
393408.0,3.2,12.5,3.4,19.1
494546.0,5.4,11.5,2.4,19.3
515052.0,4.2,11.2,4.1,19.5
496478.0,3.6,12.4,3.2,19.2
495162.0,5.8,12.4,2.4,20.6
498253.0,4.3,12.1,3.8,20.2
471318.0,2.4,11.7,3.4,17.5
519317.0,3.6,12.8,2.7,19.1
496684.0,5.4,10.0,2.1,17.5
400001.0,5.6,12.9,3.6,22.1
415541.0,3.7,13.1,3.3,20.1
496763.0,5.9,12.3,2.3,20.500000000000004
395142.0,6.5,13.7,4.1,24.3
405702.0,3.7,11.3,3.3,18.3
497187.0,7.1,10.0,2.1,19.200000000000003
505855.0,4.7,10.0,4.4,19.1
451313.0,3.1,11.8,3.5,18.4
498797.0,5.8,11.0,2.5,19.3
466412.0,4.2,11.9,4.5,20.6
1498746.0,2.8,11.4,2.6,16.8
498811.0,6.3,12.9,2.2,21.4
726600.0,3.8,10.6,3.6,18.0
446376.0,3.2,11.7,3.0,17.9
499145.0,5.4,10.9,2.1,18.4
506562.0,3.5,11.2,4.3,19.0
398087.0,2.7,12.9,3.6,19.200000000000003
499396.0,5.3,10.6,2.4,18.3
511916.0,3.1,11.7,4.0,18.8
421354.0,3.0,12.7,3.2,18.9
501801.0,5.0,11.8,2.0,18.8
501771.0,3.5,11.1,4.5,19.1
461746.0,2.7,11.7,3.3,17.7
504134.0,5.0,11.7,2.3,19.0
501110.0,4.0,11.5,4.5,20.0
375666.0,4.0,12.2,3.1,19.3
504336.0,6.5,11.0,2.5,20.0
566101.0,5.8,8.7,3.8,18.3
416357.0,3.6,14.3,3.4,21.3
504695.0,8.2,14.6,2.6,25.4
239939.0,9.1,15.1,4.2,28.4
591742.0,3.7,11.4,2.8,17.900000000000002
508334.0,7.6,11.9,2.4,21.9
616081.0,7.2,9.1,3.1,19.4
446622.0,3.3,12.0,3.2,18.5
510421.0,6.9,11.0,2.1,20.0
509911.0,4.5,10.6,4.3,19.4
490202.0,2.3,12.4,3.3,18.0
511011.0,4.6,13.0,2.7,20.3
413296.0,5.0,13.9,3.9,22.8
500385.0,2.8,11.2,3.0,17.0
511525.0,6.4,9.9,2.3,18.6
519964.0,4.0,11.5,4.0,19.5
412631.0,4.4,13.4,3.0,20.8
439708.0,2.8,12.2,3.2,18.2
502624.0,2.2,11.1,3.5,16.8
511996.0,4.5,11.3,2.5,18.3
440505.0,2.2,12.9,3.0,18.1
513695.0,4.9,10.3,2.2,17.400000000000002
509232.0,2.8,12.4,4.2,19.4
499968.0,2.5,11.4,3.1,17.0
514220.0,5.3,11.2,2.3,18.8
493733.0,4.1,11.7,4.1,19.9
442679.0,3.4,12.1,3.5,19.0
514537.0,5.5,12.5,2.2,20.2
460200.0,4.4,12.6,4.0,21.0
298925.0,5.5,14.5,3.3,23.3
515271.0,8.2,13.5,2.4,24.1
214216.0,12.6,13.8,3.8,30.2
444277.0,2.7,12.5,3.3,18.5
516679.0,5.0,11.6,2.3,18.9
526358.0,3.6,11.0,4.0,18.6
441368.0,3.4,11.5,3.1,18.0
517685.0,4.9,11.3,2.1,18.300000000000004
525469.0,3.6,11.3,4.3,19.2
478498.0,2.6,12.5,3.3,18.4
519855.0,5.6,10.7,2.7,19.0
476369.0,3.9,11.8,4.5,20.200000000000003
473516.0,2.4,13.6,3.2,19.2
519908.0,5.2,11.8,2.2,19.2
517476.0,3.8,12.9,3.9,20.6
533632.0,2.8,11.9,3.3,18.0
520189.0,6.1,11.9,2.1,20.1
534360.0,4.7,12.3,4.3,21.3
461148.0,2.4,13.7,3.0,19.1
521152.0,4.8,12.3,2.2,19.3
492474.0,2.8,12.2,3.7,18.7
441235.0,2.6,13.8,3.3,19.700000000000003
521217.0,5.3,12.8,2.3,20.4
653790.0,3.1,10.2,4.2,17.5
435264.0,2.5,13.6,3.4,19.5
522685.0,4.4,11.9,2.1,18.4
517195.0,3.1,12.7,4.2,20.0
524179.0,2.3,12.3,3.4,18.0
523189.0,4.2,11.3,2.8,18.3
495046.0,5.1,11.9,4.0,21.0
471802.0,3.3,12.8,2.6,18.700000000000003
523570.0,6.2,12.0,2.4,20.6
458200.0,5.5,12.7,3.6,21.8
894629.0,3.3,10.8,2.8,16.900000000000002
523586.0,5.4,11.8,2.1,19.300000000000004
775685.0,3.3,9.8,4.0,17.1
480504.0,2.8,11.5,3.3,17.6
524164.0,6.0,10.7,2.1,18.8
526479.0,4.5,10.6,4.0,19.1
450906.0,2.6,12.4,3.3,18.3
524661.0,7.4,11.3,2.4,21.1
524186.0,4.1,12.2,4.0,20.3
627055.0,2.9,10.7,3.2,16.8
526319.0,6.5,10.4,2.0,18.9
516508.0,4.2,11.4,4.4,20.0
410376.0,3.2,14.1,3.5,20.8
527490.0,6.7,11.4,2.4,20.5
382898.0,6.4,14.2,3.7,24.3
490378.0,1.7,13.2,3.7,18.6
527575.0,4.8,11.9,3.0,19.7
487503.0,4.0,11.8,4.5,20.3
1335236.0,1.2,5.7,2.6,9.5
528160.0,4.9,10.6,2.1,17.6
749163.0,5.1,6.8,3.2,15.099999999999998
426206.0,4.0,12.2,3.1,19.3
529341.0,7.1,11.6,1.9,20.6
443553.0,7.0,11.1,4.3,22.4
513874.0,4.4,11.8,3.4,19.6
529384.0,4.8,11.4,2.3,18.5
569976.0,1.9,11.2,4.7,17.8
437856.0,3.0,11.1,3.4,17.5
530183.0,5.2,11.2,2.1,18.5
505936.0,4.3,11.4,4.0,19.7
407253.0,4.1,13.0,3.2,20.3
530196.0,6.4,11.0,2.4,19.8
416499.0,6.7,12.5,4.4,23.6
481278.0,2.0,13.6,3.2,18.8
531159.0,4.2,12.0,2.4,18.6
434238.0,4.2,13.0,3.9,21.1
460856.0,3.1,12.1,3.0,18.2
531456.0,4.2,10.5,2.2,16.9
583105.0,2.6,12.0,4.1,18.7
559632.0,2.0,12.1,3.4,17.5
531772.0,5.9,11.1,2.5,19.5
518267.0,3.8,13.2,4.0,21.0
495083.0,2.3,11.1,3.3,16.7
532133.0,4.3,11.4,2.6,18.3
516920.0,3.2,12.1,4.0,19.3
651773.0,2.3,10.0,3.2,15.5
532526.0,5.5,10.1,2.7,18.3
748853.0,3.8,9.4,4.9,18.1
468791.0,3.0,12.6,3.3,18.9
532683.0,4.5,12.0,2.5,19.0
530241.0,3.4,12.3,4.1,19.8
542029.0,3.1,12.4,3.0,18.5
533116.0,5.0,12.6,2.0,19.6
576137.0,3.6,12.1,4.2,19.9
565812.0,3.6,10.5,2.8,16.9
533121.0,7.3,10.0,1.6,18.9
406614.0,9.8,9.6,4.0,23.4
467514.0,2.4,12.7,3.3,18.4
534227.0,4.9,11.7,2.2,18.8
504304.0,4.2,11.6,4.1,19.9
499222.0,3.1,10.9,3.2,17.2
534756.0,5.3,11.3,2.3,18.9
575315.0,3.7,10.2,4.4,18.3
697094.0,3.0,12.6,3.1,18.7
536079.0,7.1,13.2,2.2,22.5
624900.0,3.9,13.2,3.9,21.0
845808.0,2.2,10.1,2.9,15.2
536533.0,6.3,13.1,2.5,21.9
624431.0,5.1,11.2,3.8,20.1
540763.0,2.9,12.7,2.8,18.4
537829.0,5.8,12.2,2.4,20.4
396933.0,5.8,12.6,4.1,22.5
486594.0,2.5,12.1,3.2,17.8
538078.0,5.5,11.5,2.2,19.2
503006.0,4.3,11.9,3.9,20.1
480760.0,2.2,11.7,2.8,16.7
538896.0,4.2,11.6,2.2,18.0
513478.0,3.7,11.7,4.2,19.6
413032.0,3.9,11.5,3.1,18.5
538964.0,6.5,9.8,2.4,18.7
532534.0,3.7,10.9,4.6,19.200000000000003
558579.0,2.4,11.3,3.5,17.200000000000003
539840.0,5.1,11.4,3.0,19.5
515958.0,3.8,11.6,4.4,19.8
1648293.0,1.5,3.9,1.4,6.800000000000001
540231.0,6.3,10.4,1.9,18.6
1200371.0,3.4,4.5,3.9,11.8
405861.0,4.1,12.7,3.5,20.3
540821.0,4.2,12.0,2.4,18.6
573447.0,3.6,11.4,4.0,19.0
518405.0,2.2,12.2,3.4,17.799999999999997
541507.0,4.8,11.1,2.5,18.4
569960.0,3.3,11.5,4.0,18.8
500361.0,2.9,11.2,3.3,17.4
541702.0,4.5,11.5,2.7,18.7
454378.0,4.3,13.0,3.8,21.1
562453.0,2.5,11.4,3.2,17.1
541846.0,5.0,11.2,2.7,18.9
515396.0,3.1,11.3,4.1,18.5
640714.0,2.4,9.4,3.1,14.9
542125.0,6.3,10.1,2.0,18.4
449680.0,6.3,12.7,3.5,22.5
419449.0,2.9,12.2,3.5,18.6
542642.0,4.6,11.3,2.3,18.2
537813.0,3.7,10.9,4.1,18.700000000000003
534451.0,2.7,9.5,3.1,15.3
542721.0,6.8,9.5,2.3,18.6
843532.0,1.3,8.8,4.9,15.000000000000002
440083.0,3.1,14.1,3.0,20.2
543318.0,6.4,14.2,2.5,23.1
377273.0,6.6,14.6,3.9,25.1
492899.0,2.4,10.9,3.2,16.5
543889.0,4.7,9.4,1.9,16.0
524722.0,3.2,10.8,4.2,18.2
649164.0,2.6,12.3,2.9,17.8
544473.0,5.9,12.8,2.4,21.1
582602.0,4.9,11.5,3.8,20.2
464717.0,2.4,14.1,3.0,19.5
545801.0,4.1,13.2,1.9,19.2
591287.0,3.5,10.7,3.9,18.1
496168.0,2.2,12.7,3.0,17.9
545847.0,5.0,11.2,2.6,18.8
398096.0,6.9,11.8,4.0,22.700000000000003
547668.0,3.0,9.7,2.9,15.6
547580.0,6.6,10.0,2.2,18.8
577050.0,3.7,10.6,4.5,18.8
727363.0,2.7,9.5,2.8,15.0
547946.0,7.3,9.3,2.7,19.3
887884.0,2.4,8.7,4.4,15.5
516549.0,2.7,10.6,2.7,16.0
548833.0,6.8,10.2,2.2,19.2
403120.0,6.7,11.3,4.0,22.0
453341.0,3.5,10.9,3.1,17.5
549830.0,6.6,8.3,2.5,17.4
393287.0,5.7,12.1,4.4,22.200000000000003
466719.0,2.9,9.2,3.1,15.2
550571.0,5.3,9.0,2.5,16.8
668043.0,2.7,10.0,4.8,17.5
621609.0,1.2,11.2,2.9,15.3
551241.0,6.1,12.0,2.2,20.3
609612.0,4.1,8.2,2.9,15.2
551795.0,8.9,8.6,2.0,19.5
684703.0,4.3,8.9,4.4,17.6
490496.0,2.5,12.3,3.1,17.900000000000002
552359.0,4.0,11.6,2.2,17.8
596516.0,2.3,12.1,4.2,18.6
680587.0,1.8,11.1,3.4,16.3
552495.0,5.8,10.9,2.7,19.4
577646.0,3.1,12.0,4.2,19.3
528605.0,2.7,12.3,2.8,17.8
552577.0,4.3,13.3,2.8,20.4
536170.0,5.3,12.3,4.4,22.0
517025.0,2.7,11.3,3.2,17.2
554302.0,5.6,10.9,2.0,18.5
527819.0,4.6,11.6,4.1,20.3
485209.0,2.4,12.4,3.1,17.900000000000002
1589221.0,2.5,7.2,2.8,12.5
554708.0,6.6,10.8,1.2,18.6
572313.0,5.6,9.2,4.0,18.8
500600.0,2.4,14.4,3.3,20.1
554757.0,5.3,12.7,2.2,20.2
457375.0,3.8,13.7,3.8,21.3
544408.0,2.9,11.4,2.9,17.2
554955.0,5.2,11.9,2.5,19.6
569520.0,3.6,11.3,3.8,18.7
518325.0,5.0,8.7,2.4,16.099999999999998
555301.0,11.1,6.0,1.3,18.4
442400.0,3.4,12.4,5.2,21.0
508990.0,3.2,10.3,3.0,16.5
555999.0,5.1,7.4,1.8,14.3
402724.0,6.5,11.8,4.0,22.3
456783.0,3.0,11.8,3.3,18.1
557034.0,4.6,11.5,1.8,17.900000000000002
509518.0,3.4,11.8,4.2,19.4
483095.0,2.0,12.2,3.4,17.599999999999998
557107.0,4.4,11.8,2.5,18.700000000000003
535505.0,3.9,11.0,3.7,18.6
442152.0,2.5,12.8,3.3,18.6
557192.0,4.6,11.4,2.5,18.5
485876.0,4.4,11.8,3.9,20.1
615996.0,3.0,10.3,3.0,16.3
558171.0,7.2,10.8,2.1,20.1
699525.0,3.7,11.0,3.6,18.3
521713.0,3.1,11.2,3.1,17.4
558478.0,6.6,9.5,1.9,18.0
578451.0,5.2,9.0,3.9,18.1
1065937.0,1.0,6.7,2.8,10.5
558822.0,6.4,9.2,2.9,18.5
945466.0,3.2,8.5,4.2,15.9
448255.0,2.7,13.5,3.1,19.3
560421.0,5.3,11.6,2.2,19.1
553577.0,3.1,12.1,3.7,18.9
545080.0,2.2,10.6,3.5,16.3
560720.0,5.8,10.5,2.1,18.4
538424.0,5.0,10.3,4.2,19.5
502972.0,3.2,10.3,3.1,16.6
562065.0,4.8,11.1,2.5,18.4
551889.0,3.3,10.6,4.5,18.4
491841.0,2.4,11.7,3.0,17.1
530465.0,2.9,10.6,3.2,16.7
563695.0,5.5,9.0,2.0,16.5
632644.0,3.4,9.8,4.3,17.5
508713.0,2.4,10.9,3.1,16.400000000000002
563819.0,4.8,10.1,2.2,17.099999999999998
635543.0,3.2,9.5,4.1,16.799999999999997
466902.0,4.1,10.2,3.2,17.5
564872.0,6.0,9.8,2.1,17.900000000000002
468240.0,2.8,11.5,3.2,17.5
564967.0,6.9,10.0,1.9,18.8
626494.0,4.3,10.3,4.0,18.6
447822.0,3.4,10.6,3.4,17.4
565126.0,6.0,9.5,2.1,17.6
535434.0,3.3,10.2,5.0,18.5
492225.0,2.8,11.1,3.0,16.9
565185.0,4.6,11.2,2.4,18.2
514059.0,3.7,11.9,4.0,19.6
405145.0,4.0,13.8,3.5,21.3
565357.0,6.7,12.8,2.7,22.2
315524.0,7.5,13.5,4.6,25.6
669559.0,2.4,6.3,1.5,10.2
565690.0,8.8,4.3,0.8,13.900000000000002
434167.0,7.8,10.4,3.3,21.5
503066.0,2.9,10.9,3.0,16.8
566013.0,6.3,9.0,2.0,17.3
539932.0,3.0,10.1,4.3,17.4
504455.0,1.9,12.5,2.8,17.2
566943.0,4.4,10.4,2.2,17.0
471291.0,4.3,12.5,4.3,21.1
1674267.0,1.5,6.0,2.0,9.5
567375.0,4.9,12.1,2.8,19.8
512759.0,4.1,11.9,4.4,20.4
510398.0,2.0,12.5,3.0,17.5
567643.0,4.3,10.9,2.6,17.8
435544.0,6.2,12.6,4.3,23.1
518012.0,2.7,11.4,3.2,17.3
567697.0,5.7,10.0,2.0,17.7
591692.0,4.0,9.8,3.7,17.5
405675.0,3.3,12.4,3.1,18.8
567713.0,6.0,12.1,2.8,20.9
527030.0,1.9,13.1,3.4,18.4
568036.0,4.1,13.0,2.4,19.5
476109.0,3.7,13.3,3.8,20.8
467150.0,3.5,10.6,3.0,17.1
568430.0,5.8,9.6,1.8,17.2
564480.0,4.7,9.1,4.4,18.200000000000003
650764.0,2.8,9.1,2.5,14.4
568811.0,9.7,7.3,0.5,17.5
497113.0,2.9,10.5,3.1,16.5
570149.0,5.0,11.2,2.2,18.4
441606.0,6.5,9.9,3.7,20.1
645014.0,2.4,8.6,3.1,14.1
572099.0,6.9,9.1,2.3,18.3
560287.0,5.9,10.0,4.0,19.9
508078.0,3.1,13.1,3.1,19.3
573170.0,5.0,13.3,2.3,20.6
405225.0,7.2,12.6,4.0,23.8
1346864.0,1.4,8.0,2.3,11.7
573391.0,5.3,11.9,2.3,19.5
419970.0,5.4,12.6,4.0,22.0
1174501.0,2.2,10.9,3.0,16.1
573442.0,5.0,12.4,2.0,19.4
558958.0,4.1,11.6,4.1,19.8
503520.0,2.0,11.9,3.1,17.0
574306.0,4.0,10.5,2.1,16.6
528728.0,3.5,11.2,4.0,18.7
525617.0,5.1,12.5,3.1,20.700000000000003
575106.0,8.0,11.4,2.1,21.5
488500.0,8.2,11.6,4.2,24.0
882114.0,2.0,7.7,2.9,12.6
575144.0,8.3,9.6,2.2,20.1
713030.0,3.4,10.2,4.8,18.4
496937.0,2.7,10.8,3.5,17.0
575355.0,4.6,10.7,2.5,17.799999999999997
533959.0,3.9,12.3,4.3,20.5
640567.0,2.7,8.8,3.2,14.7
575414.0,4.6,11.0,1.9,17.5
666735.0,2.7,9.0,2.1,13.8
576044.0,8.0,7.3,1.7,17.0
729256.0,1.4,6.6,2.3,10.3
576320.0,8.6,8.1,1.1,17.8
520230.0,3.0,11.8,4.2,19.0
421662.0,5.2,10.1,3.3,18.6
576476.0,5.2,9.9,2.8,17.900000000000002
535276.0,4.4,10.3,4.9,19.6
905716.0,1.7,11.3,2.6,15.6
577397.0,4.4,10.7,2.2,17.3
573691.0,4.7,13.0,3.9,21.6
515064.0,2.2,11.0,3.1,16.3
577734.0,5.1,10.5,2.2,17.8
590544.0,2.8,11.5,4.2,18.5
439788.0,4.0,11.3,3.1,18.4
578671.0,5.2,11.0,2.3,18.5
469835.0,2.4,12.5,3.3,18.2
579059.0,4.0,11.8,2.0,17.8
564279.0,3.1,11.6,4.1,18.8
444219.0,2.9,12.8,3.8,19.5
579262.0,5.1,11.3,2.3,18.7
624572.0,3.2,11.0,4.3,18.5
493625.0,1.9,13.5,3.1,18.5
580029.0,3.9,11.0,2.3,17.2
563283.0,2.8,11.4,4.3,18.5
480754.0,2.8,10.7,3.2,16.7
580442.0,5.3,10.4,1.8,17.5
646815.0,3.0,10.0,3.9,16.9
535714.0,2.0,12.0,3.4,17.4
580832.0,4.9,13.2,2.2,20.3
556799.0,3.4,12.5,3.9,19.8
557251.0,3.5,9.8,3.2,16.5
1025952.0,-1.2,8.8,1.0,8.600000000000001
581807.0,5.0,10.3,0.0,15.3
630838.0,0.0,5.5,4.8,10.3
497159.0,4.3,9.1,2.9,16.299999999999997
581985.0,5.6,8.8,2.1,16.5
586020.0,3.1,10.2,4.6,17.9
500504.0,3.1,10.3,3.1,16.5
582334.0,5.5,11.5,1.8,18.8
518121.0,4.3,12.1,4.0,20.4
527433.0,2.3,11.9,3.1,17.3
582484.0,5.1,10.3,2.4,17.8
551975.0,3.5,11.1,3.7,18.3
445332.0,3.3,11.7,3.1,18.1
582742.0,3.5,11.4,2.3,17.2
517145.0,2.3,11.8,4.6,18.700000000000003
503762.0,2.6,12.1,3.4,18.1
583797.0,4.5,10.7,2.0,17.2
571785.0,2.7,12.0,4.0,18.7
477057.0,2.8,11.5,3.0,17.3
584072.0,3.9,11.6,2.5,18.0
574120.0,2.7,11.3,3.4,17.4
584661.0,5.7,11.8,2.1,19.6
457290.0,5.7,11.8,4.2,21.7
493612.0,3.3,10.8,3.2,17.3
584902.0,5.3,9.7,2.1,17.1
511218.0,4.2,12.0,3.9,20.1
1275019.0,1.6,8.4,2.8,12.8
585053.0,4.6,10.8,2.2,17.6
592144.0,6.1,10.1,3.9,20.1
654194.0,-0.2,8.5,5.0,13.3
585079.0,2.5,13.3,3.5,19.3
418889.0,2.9,13.6,3.4,19.9
586739.0,4.6,11.3,2.3,18.2
456933.0,4.7,12.8,3.9,21.4
472117.0,2.4,12.4,3.4,18.2
587454.0,4.9,10.6,2.0,17.5
592601.0,3.9,10.0,3.9,17.8
518211.0,2.0,9.6,3.0,14.6
588033.0,5.8,9.3,2.1,17.200000000000003
672692.0,2.1,9.5,4.4,16.0
633637.0,2.5,9.3,2.5,14.3
588182.0,5.6,10.7,1.6,17.9
497962.0,3.6,11.5,3.3,18.4
589501.0,6.4,10.4,2.0,18.8
605346.0,4.1,10.2,4.2,18.5
568271.0,1.4,11.3,3.1,15.8
589671.0,4.4,11.0,2.1,17.5
571107.0,3.1,11.4,4.1,18.6
588814.0,2.3,11.5,3.2,17.0
589946.0,7.0,12.8,2.5,22.3
364107.0,7.6,13.6,4.3,25.5
534499.0,2.7,10.0,2.7,15.4
591164.0,5.4,8.5,1.6,15.5
574732.0,4.3,10.2,4.0,18.5
494469.0,2.1,12.4,3.3,17.8
591292.0,3.9,11.2,2.0,17.1
595838.0,3.1,10.6,4.4,18.1
803053.0,1.1,10.2,3.6,14.9
591648.0,4.5,13.3,2.5,20.3
792452.0,2.5,11.6,3.5,17.6
443716.0,3.2,10.6,3.1,16.900000000000002
592260.0,5.4,9.2,2.4,17.0
618158.0,3.7,9.8,4.3,17.8
758853.0,2.3,6.2,2.0,10.5
592913.0,6.8,8.0,1.4,16.2
423990.0,9.0,9.9,3.9,22.8
550768.0,2.8,11.7,3.4,17.9
592935.0,5.3,10.2,2.1,17.6
553895.0,4.0,11.5,3.9,19.4
488255.0,2.6,11.8,3.4,17.8
593457.0,4.6,10.4,2.3,17.3
564244.0,3.6,10.4,4.3,18.3
505783.0,2.8,12.0,3.1,17.900000000000002
593687.0,4.5,11.2,2.4,18.1
559380.0,3.2,11.2,3.7,18.1
1388839.0,3.5,4.9,2.0,10.4
595853.0,4.5,10.0,1.9,16.4
596102.0,7.4,9.8,5.1,22.300000000000004
774273.0,2.3,9.3,3.1,14.7
596108.0,5.4,12.0,1.8,19.2
777847.0,3.1,10.7,3.8,17.599999999999998
557753.0,1.7,12.6,3.3,17.599999999999998
596809.0,4.4,12.6,2.5,19.5
443617.0,4.8,13.5,3.6,21.9
589330.0,1.8,11.0,2.9,15.7
597014.0,5.0,10.7,2.8,18.5
488033.0,3.9,13.6,3.9,21.4
577944.0,2.2,9.9,3.4,15.500000000000002
598766.0,5.1,11.1,2.1,18.3
622390.0,2.7,11.8,3.3,17.8
516777.0,2.4,10.9,3.3,16.6
375214.0,3.8,14.9,3.2,21.9
599802.0,8.2,13.9,2.2,24.3
258461.0,9.7,15.0,4.2,28.9
594154.0,1.8,10.4,3.2,15.400000000000002
600206.0,3.8,13.8,1.9,19.5
973163.0,1.4,10.0,3.8,15.2
515058.0,1.4,11.5,3.4,16.3
600273.0,4.3,12.3,1.5,18.1
1184043.0,1.1,9.1,3.5,13.7
563291.0,2.7,10.6,3.2,16.5
600283.0,4.9,10.8,2.4,18.1
550014.0,3.7,12.1,3.8,19.6
544925.0,2.1,10.6,3.1,15.8
600492.0,3.3,11.5,2.2,17.0
601089.0,3.1,10.7,4.0,17.799999999999997
721720.0,1.4,9.5,3.2,14.1
600842.0,4.5,11.1,1.7,17.3
597010.0,2.7,10.2,4.3,17.2
555051.0,2.7,10.7,3.1,16.5
601720.0,4.2,11.0,2.6,17.8
541862.0,3.5,10.5,4.2,18.2
1514564.0,1.4,6.6,2.7,10.7
601928.0,4.6,9.4,3.2,17.2
771232.0,4.2,8.1,3.7,16.0
427942.0,6.2,8.8,2.7,17.7
602935.0,5.3,9.0,2.0,16.3
730265.0,4.0,7.4,3.5,14.9
596437.0,2.9,9.0,2.9,14.8
603024.0,5.0,9.2,2.0,16.2
536926.0,4.1,10.4,4.5,19.0
607030.0,3.3,9.1,2.6,14.999999999999998
603317.0,5.6,8.9,2.1,16.6
665376.0,4.7,8.7,3.6,17.0
528335.0,2.6,10.9,3.0,16.5
603418.0,4.4,9.5,2.4,16.3
535037.0,3.5,11.6,4.2,19.3
612098.0,2.4,10.6,3.1,16.1
603788.0,6.3,9.1,1.9,17.299999999999997
597250.0,5.5,9.5,4.0,19.0
476806.0,2.8,10.2,3.2,16.2
603899.0,5.1,9.1,2.4,16.599999999999998
642807.0,2.8,9.5,4.5,16.8
605824.0,3.2,8.3,3.0,14.5
604209.0,8.0,7.0,2.1,17.1
708203.0,3.4,8.0,3.8,15.2
552640.0,2.7,11.3,3.1,17.1
605321.0,4.8,11.4,2.2,18.4
581901.0,3.1,11.5,4.1,18.7
695071.0,2.1,9.7,3.1,14.9
605844.0,5.7,9.7,1.7,17.099999999999998
563801.0,2.9,12.9,3.3,19.1
606045.0,4.7,13.4,2.4,20.5
405655.0,5.9,14.1,4.4,24.4
635880.0,2.0,11.2,3.2,16.4
606855.0,5.4,11.2,2.3,18.9
440645.0,4.3,14.1,3.7,22.1
554406.0,2.4,11.5,3.2,17.1
608093.0,4.5,11.2,2.2,17.9
563971.0,3.3,11.6,3.7,18.6
532762.0,2.3,10.8,3.2,16.3
602326.0,2.6,10.3,3.2,16.1
650621.0,1.7,9.8,3.2,14.7
608750.0,4.3,10.0,2.1,16.400000000000002
671058.0,3.5,9.9,3.9,17.3
560474.0,3.0,9.4,2.8,15.2
609251.0,4.4,10.3,1.7,16.400000000000002
605872.0,3.4,10.8,4.0,18.200000000000003
682432.0,1.2,7.2,3.6,12.0
609282.0,6.8,11.8,3.3,21.9
647645.0,4.7,8.5,5.2,18.4
585143.0,3.1,11.1,3.1,17.3
611913.0,5.2,10.2,2.2,17.599999999999998
594447.0,5.9,9.8,4.4,20.1
484468.0,5.4,10.1,2.0,17.5
612099.0,5.0,8.5,0.1,13.6
631677.0,1.9,10.0,3.3,15.2
484017.0,3.0,11.4,2.8,17.2
612884.0,5.0,10.1,2.3,17.4
619425.0,3.6,10.4,3.8,17.8
545799.0,1.9,11.5,3.4,16.8
613555.0,4.9,9.8,1.7,16.400000000000002
644275.0,2.2,9.5,4.5,16.2
479124.0,3.7,11.4,3.1,18.200000000000003
613855.0,5.4,9.5,1.8,16.7
607936.0,3.6,9.9,4.0,17.5
743945.0,0.4,6.8,2.6,9.8
614322.0,4.0,10.3,1.6,15.9
504188.0,4.8,11.2,3.5,19.5
514180.0,2.3,12.3,3.0,17.6
614658.0,5.2,11.2,1.4,17.799999999999997
499252.0,2.6,11.5,3.1,17.2
614809.0,5.0,10.1,1.9,17.0
645655.0,4.0,10.0,3.8,17.8
489736.0,2.7,12.2,3.0,17.9
615113.0,6.6,9.9,1.7,18.2
423812.0,6.8,11.2,3.7,21.7
356617.0,4.9,12.6,3.2,20.7
615636.0,5.0,10.8,2.1,17.900000000000002
649609.0,2.6,11.4,4.2,18.2
559482.0,3.0,7.6,2.8,13.4
615795.0,7.6,6.3,1.7,15.599999999999998
570922.0,3.9,7.6,4.2,15.7
528514.0,2.4,10.3,3.1,15.8
616733.0,4.9,9.9,2.0,16.8
613881.0,2.6,10.9,4.1,17.6
542669.0,2.8,10.4,3.1,16.3
617066.0,6.0,8.5,2.1,16.6
630404.0,3.7,9.7,3.8,17.2
447795.0,2.3,12.7,3.4,18.4
575014.0,2.2,10.1,2.8,15.1
619322.0,4.8,10.3,1.8,16.900000000000002
645894.0,2.2,10.3,4.1,16.6
476937.0,4.3,10.6,3.5,18.4
619805.0,4.2,9.7,2.2,16.099999999999998
567711.0,2.8,9.1,4.5,16.4
498987.0,3.7,10.2,3.2,17.099999999999998
620028.0,7.0,10.2,1.6,18.8
673014.0,5.8,8.6,4.2,18.6
549140.0,2.1,10.8,3.2,16.1
620153.0,3.8,10.5,2.2,16.5
640485.0,4.1,9.6,4.0,17.7
529600.0,2.3,11.7,3.0,17.0
620419.0,4.0,11.8,2.2,18.0
609467.0,3.1,11.8,3.9,18.8
1114386.0,1.6,9.0,2.8,13.4
620824.0,5.4,12.6,1.8,19.8
437125.0,5.1,12.3,3.9,21.3
534429.0,2.5,11.6,3.1,17.2
622619.0,4.1,10.9,2.3,17.3
542125.0,2.4,11.3,4.8,18.5
551289.0,2.6,11.7,3.3,17.599999999999998
622670.0,4.0,11.2,1.9,17.099999999999998
550829.0,3.1,12.1,4.0,19.2
488722.0,2.6,11.8,3.0,17.4
624556.0,4.0,9.7,2.1,15.8
699077.0,3.8,8.9,3.6,16.3
598776.0,2.5,11.5,3.1,17.1
624675.0,4.1,11.6,2.2,17.9
604117.0,3.4,10.7,3.9,18.0
550069.0,1.8,12.1,3.4,17.3
625669.0,3.7,10.1,2.1,15.9
615479.0,2.5,10.9,4.0,17.4
556013.0,2.1,11.2,2.8,16.099999999999998
625698.0,4.0,10.7,2.2,16.9
639668.0,2.3,11.0,4.1,17.4
614460.0,2.0,9.7,3.1,14.8
625855.0,5.2,9.0,2.0,16.2
638851.0,2.4,10.1,4.1,16.6
595872.0,2.4,9.7,3.0,15.1
626453.0,5.6,8.6,1.6,15.8
653120.0,5.5,8.4,4.2,18.1
551639.0,2.7,11.7,3.1,17.5
626587.0,5.1,10.1,1.7,16.9
600069.0,5.3,8.5,3.4,17.2
607256.0,3.6,8.6,2.4,14.6
627615.0,4.3,9.7,1.7,15.7
672464.0,2.5,5.7,3.3,11.5
627645.0,6.9,8.9,1.8,17.6
365803.0,6.5,10.0,4.8,21.3
760143.0,2.2,7.2,2.5,11.9
627661.0,5.2,8.8,2.2,16.2
674575.0,4.4,7.2,3.8,15.400000000000002
513315.0,2.6,10.6,3.0,16.2
629250.0,7.6,8.3,1.4,17.3
558500.0,4.6,8.9,4.0,17.5
587436.0,1.8,11.5,3.4,16.7
629457.0,2.8,10.9,2.5,16.2
543514.0,1.8,11.8,4.9,18.5
566478.0,2.9,9.1,3.2,15.2
629838.0,4.1,9.2,1.9,15.2
603973.0,2.7,10.7,4.0,17.4
791487.0,1.7,10.3,2.7,14.7
630550.0,4.2,10.4,2.6,17.200000000000003
610519.0,3.6,10.3,4.4,18.3
568776.0,2.9,12.3,3.1,18.3
630919.0,4.4,11.3,2.1,17.8
534358.0,4.4,12.1,3.7,20.2
535146.0,3.2,10.4,2.8,16.400000000000002
631143.0,5.5,10.0,1.8,17.3
654836.0,4.1,10.2,4.0,18.3
582044.0,2.7,9.5,3.0,15.2
631542.0,4.9,9.9,2.2,17.0
689169.0,4.6,10.1,4.0,18.7
555874.0,1.8,11.9,3.1,16.8
632311.0,5.3,9.9,2.0,17.2
607779.0,3.3,11.1,3.7,18.1
554206.0,2.5,11.0,3.2,16.7
633122.0,3.9,8.9,2.5,15.3
581876.0,2.2,10.1,4.1,16.4
596950.0,3.7,9.9,3.4,17.0
633380.0,6.2,10.1,2.2,18.5
569631.0,2.0,12.8,3.5,18.3
633446.0,2.2,15.2,3.1,20.5
784569.0,4.0,9.3,3.2,16.5
838922.0,1.2,8.0,2.9,12.1
633858.0,5.5,10.3,1.6,17.400000000000002
664164.0,2.7,8.7,4.1,15.499999999999998
546465.0,3.3,9.8,2.9,16.0
634000.0,5.6,9.8,1.6,17.0
630911.0,3.9,10.1,3.6,17.6
587781.0,2.2,12.1,3.0,17.3
634331.0,5.0,11.6,2.5,19.1
551816.0,3.3,12.5,3.8,19.6
555544.0,1.7,11.3,3.0,16.0
635230.0,3.5,10.8,2.3,16.6
640308.0,3.5,10.0,4.2,17.7
560188.0,1.6,12.2,3.1,16.9
635269.0,3.6,10.8,2.3,16.7
495001.0,3.5,12.3,4.0,19.8
564409.0,2.0,11.7,3.2,16.9
635523.0,4.0,11.0,2.3,17.3
636999.0,2.9,10.8,3.9,17.6
628969.0,2.7,9.0,3.2,14.9
635785.0,5.1,10.3,1.9,17.3
641795.0,3.2,9.8,3.6,16.6
948318.0,2.6,6.3,2.2,11.1
636189.0,5.1,9.1,1.8,16.0
600425.0,3.2,9.9,4.5,17.6
597240.0,2.8,10.2,2.9,15.9
636757.0,4.5,9.4,2.0,15.9
606542.0,3.4,11.0,3.9,18.3
528334.0,3.1,10.7,3.0,16.799999999999997
638760.0,5.3,11.0,2.0,18.3
493383.0,6.0,9.8,4.2,20.0
486558.0,3.4,9.8,3.0,16.200000000000003
639026.0,4.9,9.1,1.9,15.9
664955.0,3.9,9.2,4.0,17.1
481646.0,5.0,8.8,3.1,16.900000000000002
639478.0,6.7,8.2,1.9,16.799999999999997
742081.0,4.0,8.3,4.4,16.700000000000003
491382.0,2.2,11.8,3.1,17.1
639712.0,3.8,11.3,1.9,17.0
661209.0,2.6,10.1,3.9,16.599999999999998
573234.0,1.8,12.2,3.0,17.0
640337.0,4.1,10.7,1.9,16.7
557077.0,3.2,11.9,4.1,19.200000000000003
560542.0,2.4,10.0,3.1,15.5
641685.0,5.2,9.9,2.1,17.200000000000003
657011.0,3.6,10.0,4.0,17.6
517735.0,2.8,10.9,3.2,16.9
641832.0,4.0,11.0,2.1,17.1
715978.0,3.5,8.8,4.2,16.5
639582.0,2.6,9.1,2.8,14.5
642222.0,5.4,9.5,1.3,16.2
625868.0,5.5,8.3,4.3,18.1
527846.0,2.8,11.0,3.2,17.0
642346.0,4.7,10.3,2.0,17.0
671408.0,3.6,9.5,4.2,17.3
1277139.0,1.0,9.1,2.7,12.8
643547.0,4.0,11.8,2.2,18.0
576011.0,3.6,11.1,4.3,19.0
566322.0,2.1,11.8,3.2,17.1
643969.0,3.7,11.2,2.2,17.099999999999998
616038.0,3.3,10.8,4.1,18.200000000000003
569054.0,2.1,11.0,3.1,16.2
644491.0,3.9,10.6,1.8,16.3
671876.0,3.5,10.5,4.0,18.0
544083.0,1.9,12.0,3.3,17.2
645321.0,4.2,11.2,2.0,17.4
750493.0,2.0,8.3,3.2,13.5
646485.0,5.0,8.9,2.2,16.1
588616.0,4.5,11.7,4.3,20.5
801406.0,2.8,8.4,2.7,13.9
646771.0,5.0,9.7,1.6,16.3
857045.0,2.2,10.1,3.7,16.0
569951.0,2.7,10.5,3.0,16.2
647256.0,4.7,9.2,2.3,16.2
665176.0,2.8,10.1,4.2,17.099999999999998
558056.0,2.4,10.0,3.1,15.5
647874.0,5.4,9.5,1.6,16.5
650730.0,3.2,9.6,4.5,17.3
602706.0,3.3,9.0,2.9,15.2
647926.0,6.2,9.5,2.0,17.7
372850.0,7.8,10.5,4.2,22.5
512374.0,2.8,10.7,3.2,16.7
648421.0,5.1,9.6,1.9,16.599999999999998
689278.0,3.6,9.3,4.0,16.9
734098.0,1.2,8.3,2.6,12.1
648843.0,6.0,9.2,2.6,17.8
548001.0,2.7,14.9,3.5,21.1
623438.0,1.8,10.0,3.0,14.8
650962.0,3.7,10.4,1.7,15.8
579044.0,2.6,11.9,3.9,18.4
535003.0,2.1,11.5,3.2,16.8
652014.0,4.9,9.5,2.1,16.5
603100.0,3.3,10.5,3.6,17.400000000000002
691904.0,3.1,9.9,2.9,15.9
652078.0,5.3,9.6,2.1,17.0
536930.0,2.6,11.3,4.8,18.7
772403.0,3.2,7.0,3.1,13.3
652607.0,5.8,8.9,2.3,17.0
618960.0,4.4,9.6,3.8,17.8
1544105.0,1.4,4.1,2.5,8.0
652764.0,5.8,9.7,1.4,16.9
807868.0,3.6,7.3,3.8,14.7
790317.0,1.3,8.2,3.1,12.6
654620.0,4.1,9.7,2.1,15.9
525535.0,4.3,11.4,4.4,20.1
449187.0,2.9,12.3,3.3,18.5
655130.0,4.0,9.8,2.2,16.0
728921.0,3.1,9.9,3.7,16.7
590706.0,2.1,11.7,2.8,16.599999999999998
655335.0,4.0,11.0,2.2,17.2
538638.0,3.1,11.7,3.8,18.6
606634.0,1.7,10.8,3.0,15.5
656283.0,3.7,10.5,1.7,15.9
656497.0,2.3,11.2,4.3,17.8
583167.0,1.8,13.2,3.3,18.3
656332.0,4.0,11.6,2.3,17.9
513446.0,3.2,12.8,4.1,20.1
519974.0,2.6,10.9,3.1,16.6
656658.0,4.8,9.8,1.7,16.3
665392.0,3.2,9.9,3.9,17.0
576539.0,2.6,10.3,3.0,15.9
657579.0,4.7,9.6,1.8,16.1
679010.0,3.2,9.7,4.1,17.0
1382446.0,-4.8,5.2,3.5,3.9
659310.0,6.3,6.5,2.8,15.6
654291.0,1.9,9.3,3.1,14.3
659336.0,5.0,8.3,2.6,15.9
655211.0,2.5,9.5,4.8,16.8
661167.0,1.9,9.6,3.1,14.6
659882.0,4.3,10.4,2.3,17.0
658899.0,3.2,11.4,3.9,18.5
631021.0,1.7,9.7,2.8,14.2
660341.0,4.7,10.3,2.1,17.1
521948.0,5.1,11.1,4.0,20.2
888577.0,1.9,7.0,2.6,11.5
661979.0,6.9,10.1,1.9,18.9
675010.0,3.9,8.8,3.6,16.3
555302.0,2.1,11.0,2.9,16.0
662092.0,3.8,10.6,1.9,16.299999999999997
557814.0,3.4,11.2,3.8,18.4
533844.0,2.8,10.9,3.0,16.7
665300.0,6.1,8.6,1.5,16.2
672900.0,3.2,9.5,3.8,16.5
793444.0,1.9,9.4,3.0,14.3
665864.0,4.8,10.0,2.2,17.0
773184.0,3.4,11.5,3.7,18.6
961150.0,1.7,7.1,2.9,11.7
666004.0,7.1,9.0,2.0,18.1
765338.0,3.0,9.3,4.7,17.0
547695.0,1.9,12.2,3.4,17.5
666122.0,4.3,9.7,2.2,16.2
571784.0,3.7,11.6,3.7,19.0
587837.0,2.4,11.0,3.2,16.6
594143.0,2.2,9.8,3.0,15.0
639001.0,2.8,9.5,3.1,15.4
666731.0,4.6,9.3,2.4,16.3
584050.0,2.5,11.0,4.7,18.2
618926.0,1.4,10.0,3.3,14.7
668063.0,3.2,9.9,2.1,15.2
653014.0,3.1,9.8,3.9,16.8
1318118.0,1.6,5.3,2.4,9.3
669157.0,4.5,9.6,2.0,16.1
652599.0,5.0,8.1,4.0,17.1
1185402.0,2.0,7.3,3.1,12.4
669257.0,6.9,9.7,1.9,18.5
570753.0,5.6,10.2,4.1,19.9
734169.0,2.7,8.9,2.8,14.400000000000002
670855.0,6.5,8.6,1.9,17.0
760691.0,3.7,8.6,4.2,16.5
581213.0,2.8,9.1,2.7,14.599999999999998
671240.0,3.2,9.7,2.3,15.2
671295.0,3.1,9.9,4.3,17.3
817846.0,2.3,7.2,2.5,12.0
671697.0,6.2,8.4,1.7,16.3
696486.0,4.7,8.0,3.8,16.5
601393.0,2.1,10.1,3.2,15.4
672955.0,4.0,10.1,1.8,15.9
688920.0,2.2,9.5,3.9,15.6
587801.0,2.0,12.2,3.0,17.2
674697.0,3.2,11.5,1.8,16.5
640510.0,3.4,12.0,4.0,19.4
678654.0,1.7,9.2,3.1,13.999999999999998
675440.0,6.3,9.5,2.4,18.2
789301.0,3.7,8.3,3.7,15.7
496667.0,4.5,9.9,2.9,17.3
982629.0,0.3,5.0,2.3,7.6
677398.0,3.6,5.6,1.0,10.2
689187.0,1.0,4.4,2.9,8.3
818882.0,2.2,7.8,2.6,12.6
677682.0,5.1,9.1,2.7,16.9
684411.0,4.3,10.2,3.8,18.3
733195.0,1.6,9.7,3.1,14.4
677825.0,3.7,10.5,1.9,16.099999999999998
677254.0,3.9,9.9,4.0,17.8
623203.0,1.9,9.8,2.9,14.6
678835.0,5.2,9.1,2.0,16.3
677620.0,3.3,10.5,4.0,17.8
613809.0,2.7,9.4,2.8,14.900000000000002
679235.0,5.2,10.6,1.6,17.400000000000002
421691.0,7.2,10.1,4.1,21.4
884879.0,1.4,7.0,2.6,11.0
679356.0,4.6,7.5,1.2,13.3
606307.0,4.3,5.5,4.5,14.3
781213.0,2.6,7.3,2.9,12.8
679556.0,5.7,8.3,1.8,15.8
716253.0,3.1,8.8,4.6,16.5
626085.0,2.7,9.1,3.2,15.0
680141.0,6.0,8.5,1.7,16.2
699357.0,2.3,9.8,5.0,17.1
659712.0,1.6,9.7,2.8,14.099999999999998
680495.0,3.8,9.7,1.8,15.3
731240.0,2.7,10.1,3.8,16.6
562572.0,3.0,9.6,3.1,15.7
681355.0,4.8,10.0,1.9,16.7
718098.0,3.2,9.2,4.1,16.5
950672.0,1.5,8.2,2.8,12.5
681914.0,3.8,11.3,1.8,16.900000000000002
571135.0,2.8,11.8,4.2,18.8
523483.0,3.7,10.1,2.8,16.6
682513.0,6.9,10.4,1.5,18.8
406347.0,5.9,10.6,4.2,20.7
576209.0,2.4,10.7,3.0,16.1
682609.0,4.3,9.7,1.8,15.8
690389.0,3.3,10.2,3.7,17.2
445193.0,5.6,11.1,2.6,19.3
682778.0,8.7,9.5,2.0,20.2
426496.0,5.8,9.3,4.6,19.700000000000003
1452242.0,1.9,5.8,2.5,10.2
683096.0,5.0,9.2,2.0,16.2
686251.0,3.6,9.4,4.2,17.2
488341.0,2.7,14.0,3.2,19.9
683274.0,4.7,10.5,1.7,16.9
566845.0,6.5,11.2,3.7,21.4
613174.0,2.1,10.0,3.1,15.2
684244.0,3.8,9.5,1.8,15.1
677772.0,2.8,10.0,4.2,17.0
625994.0,4.2,6.7,2.7,13.6
684560.0,6.7,9.3,1.4,17.4
490371.0,6.4,10.1,3.8,20.3
766133.0,2.4,8.6,2.8,13.8
684615.0,4.6,8.3,2.5,15.4
567982.0,2.7,10.5,3.1,16.3
685055.0,4.6,9.7,1.9,16.2
719062.0,2.2,9.6,4.0,15.8
601011.0,2.7,10.7,2.5,15.9
685115.0,6.5,8.9,1.7,17.1
643454.0,6.2,4.8,3.3,14.3
454329.0,3.3,14.0,2.5,19.8
685418.0,6.4,12.5,1.9,20.8
257284.0,9.3,15.4,4.5,29.200000000000003
653967.0,2.1,9.7,3.3,15.099999999999998
685597.0,3.5,10.0,2.3,15.8
638178.0,3.1,10.3,4.4,17.8
642029.0,2.6,10.2,2.9,15.7
685614.0,3.8,10.9,2.2,16.9
607758.0,2.0,9.5,3.0,14.5
1100689.0,-0.5,8.2,1.0,8.7
687080.0,2.8,10.0,0.8,13.6
545992.0,3.0,8.3,3.0,14.3
714582.0,2.1,7.1,3.0,12.2
687120.0,6.0,8.5,1.5,16.0
505401.0,5.8,9.1,4.1,19.0
785936.0,1.5,9.4,2.4,13.3
687150.0,2.7,11.4,1.8,15.900000000000002
608729.0,3.1,12.9,4.0,20.0
698676.0,1.7,11.0,3.0,15.7
687581.0,6.1,9.2,2.0,17.299999999999997
695407.0,2.6,11.2,4.5,18.3
589730.0,1.8,10.5,2.9,15.2
688748.0,3.4,10.2,2.1,15.7
684895.0,2.4,9.9,4.2,16.5
655607.0,2.4,8.7,3.2,14.3
689177.0,6.4,8.3,2.1,16.8
733687.0,1.5,10.7,4.4,16.6
780310.0,2.5,8.5,3.2,14.2
689853.0,3.9,8.5,2.4,14.8
637616.0,2.9,10.3,4.4,17.6
655250.0,2.0,10.3,3.2,15.5
690386.0,3.9,10.3,1.9,16.1
685443.0,2.3,10.8,4.3,17.400000000000002
634074.0,1.2,9.7,3.1,13.999999999999998
690508.0,3.4,9.8,2.0,15.2
698154.0,2.2,10.0,4.2,16.4
553034.0,2.3,11.1,3.1,16.5
690649.0,4.2,9.6,1.6,15.4
724368.0,2.3,9.9,3.9,16.099999999999998
617677.0,2.1,10.2,3.0,15.3
690816.0,3.3,10.0,2.6,15.9
723414.0,2.8,9.4,4.2,16.4
614745.0,3.0,10.1,3.2,16.3
691043.0,4.6,10.5,2.6,17.7
586819.0,5.0,8.6,4.2,17.8
1507606.0,0.3,4.4,2.6,7.300000000000001
691083.0,6.2,9.2,1.9,17.299999999999997
520547.0,3.8,12.1,4.2,20.1
726016.0,2.7,7.4,1.9,12.000000000000002
692540.0,0.8,9.4,1.2,11.4
629983.0,2.6,8.8,4.0,15.4
590216.0,2.3,9.6,3.0,14.9
693189.0,3.8,9.7,2.0,15.5
694369.0,2.4,9.6,4.0,16.0
604794.0,2.2,10.4,2.9,15.500000000000002
693538.0,4.3,8.7,2.1,15.1
637030.0,2.9,9.8,4.0,16.700000000000003
534856.0,2.7,11.4,3.1,17.200000000000003
693613.0,3.5,9.9,1.9,15.3
703470.0,2.8,10.3,3.8,16.900000000000002
587329.0,2.3,10.5,3.2,16.0
693757.0,4.5,9.3,1.9,15.7
700953.0,3.2,9.5,3.7,16.4
696601.0,2.8,10.7,3.5,17.0
693849.0,3.7,10.2,2.3,16.2
644386.0,3.3,11.3,3.5,18.1
890133.0,2.7,6.8,2.8,12.3
693878.0,7.5,7.6,1.6,16.7
765091.0,3.7,8.6,4.3,16.6
612203.0,2.1,10.4,3.0,15.5
694388.0,4.3,9.5,1.7,15.5
646123.0,3.0,10.5,4.1,17.6
639423.0,3.1,10.1,3.0,16.2
694894.0,5.4,10.4,2.2,18.0
575913.0,5.7,11.7,4.0,21.4
1013167.0,1.4,7.8,2.7,11.9
695073.0,6.5,8.8,2.1,17.400000000000002
513861.0,7.1,9.6,4.4,21.1
918606.0,1.5,5.4,2.0,8.9
695267.0,5.3,6.0,1.3,12.6
571453.0,4.2,7.9,4.0,16.1
616626.0,2.3,8.9,2.9,14.1
695985.0,3.5,9.2,1.6,14.3
666366.0,2.3,9.1,4.2,15.599999999999998
565954.0,2.4,6.9,2.5,11.8
697662.0,4.3,8.4,0.9,13.6
348082.0,6.1,12.6,4.9,23.6
592303.0,2.1,11.3,3.0,16.4
698094.0,3.6,10.5,1.8,15.9
768949.0,3.1,9.4,3.8,16.3
723674.0,3.8,6.3,2.4,12.5
698215.0,5.7,7.2,0.8,13.7
564954.0,2.4,11.1,3.0,16.5
698232.0,3.1,9.6,1.8,14.5
759716.0,2.4,10.5,3.9,16.8
641412.0,2.3,10.0,3.4,15.7
698903.0,4.7,8.9,2.4,16.0
714459.0,2.7,11.0,3.9,17.599999999999998
345339.0,3.0,13.3,3.1,19.4
699304.0,5.1,8.1,1.4,14.6
972681.0,3.0,7.2,3.9,14.1
580310.0,2.7,11.6,2.7,17.0
700122.0,4.3,9.7,1.8,15.8
652016.0,4.0,10.4,3.8,18.2
596464.0,1.9,11.5,3.4,16.8
700754.0,4.1,11.0,2.0,17.1
539051.0,2.9,12.6,3.6,19.1
983655.0,1.6,6.3,2.2,10.1
700862.0,6.6,6.1,1.3,14.0
1209759.0,1.8,4.2,2.7,8.7
1385797.0,0.8,3.6,1.7,6.1000000000000005
701073.0,4.8,6.6,1.1,12.499999999999998
699111.0,2.0,9.3,2.9,14.2
701782.0,4.4,9.9,2.1,16.400000000000002
705632.0,2.8,10.5,3.5,16.8
563050.0,3.9,8.2,3.0,15.1
702034.0,6.1,7.8,1.8,15.7
829209.0,2.8,7.8,4.3,14.9
635314.0,1.8,8.8,3.2,13.8
702181.0,3.7,8.7,2.0,14.4
703514.0,2.5,9.2,4.1,15.8
656870.0,2.0,10.1,3.2,15.3
702259.0,5.2,11.3,2.3,18.8
476317.0,3.9,12.9,4.2,21.0
470332.0,4.5,12.4,3.4,20.3
702683.0,7.4,11.2,2.3,20.9
315789.0,8.8,12.8,4.1,25.700000000000003
650696.0,1.7,10.1,2.6,14.4
703946.0,3.0,11.5,1.6,16.1
667395.0,2.4,10.9,3.9,17.2
531158.0,2.8,10.7,3.2,16.7
704126.0,5.1,8.0,1.9,15.0
685588.0,2.8,10.2,4.7,17.7
655849.0,2.5,8.6,2.6,13.7
704422.0,4.8,9.1,1.9,15.8
688578.0,3.0,9.6,4.3,16.9
620647.0,2.0,9.1,2.9,14.0
704729.0,3.8,9.7,1.9,15.4
728788.0,3.1,9.4,4.0,16.5
719615.0,3.3,5.9,2.5,11.7
704955.0,5.8,7.6,1.8,15.2
535543.0,6.0,9.3,3.9,19.2
648956.0,1.2,9.8,3.2,14.2
705021.0,3.6,8.3,1.8,13.7
735485.0,2.7,8.9,3.7,15.3
644245.0,1.5,10.2,3.0,14.7
705188.0,3.4,9.6,1.6,14.6
680693.0,3.2,10.2,4.0,17.4
641939.0,2.6,10.1,3.0,15.7
705202.0,4.6,9.1,2.4,16.099999999999998
639047.0,2.5,11.6,4.5,18.6
735723.0,2.5,7.2,2.6,12.3
705616.0,4.6,9.7,2.2,16.5
506312.0,5.1,10.6,4.3,20.0
583953.0,2.3,10.3,3.2,15.8
705845.0,3.8,9.5,1.6,14.9
719159.0,3.0,8.9,3.9,15.8
589863.0,2.6,10.3,2.9,15.8
705853.0,4.6,9.0,1.9,15.5
725171.0,2.7,9.7,4.0,16.4
1279660.0,0.9,7.0,2.5,10.4
706397.0,4.2,12.1,2.3,18.6
446341.0,5.2,13.4,4.0,22.6
1019254.0,2.3,5.3,2.6,10.2
706568.0,7.0,4.1,1.5,12.6
659615.0,2.6,4.9,3.3,10.8
829568.0,1.8,8.9,2.8,13.5
706729.0,3.7,11.0,1.6,16.3
550507.0,3.9,11.3,3.6,18.8
1228814.0,1.7,8.7,3.1,13.499999999999998
413221.0,3.1,12.6,3.2,18.9
707798.0,3.8,10.0,2.0,15.8
742299.0,2.0,10.4,4.0,16.4
758457.0,2.3,8.9,2.9,14.1
708818.0,5.6,7.4,1.8,14.8
542167.0,2.7,10.4,3.1,16.200000000000003
709273.0,3.4,8.7,2.3,14.4
764543.0,2.4,9.0,4.2,15.6
587620.0,2.8,11.0,3.2,17.0
709365.0,3.9,9.6,1.7,15.2
626858.0,2.8,12.3,4.0,19.1
621595.0,2.1,9.2,3.4,14.7
709375.0,3.9,9.2,1.9,15.0
720792.0,3.2,9.7,3.8,16.7
681423.0,2.1,7.2,2.5,11.8
710045.0,2.3,10.3,1.6,14.2
875185.0,0.3,7.7,5.1,13.1
469226.0,2.8,12.6,3.3,18.7
710095.0,4.0,10.3,2.2,16.5
756235.0,3.3,9.6,3.2,16.099999999999998
556177.0,3.4,9.4,3.1,15.9
710227.0,4.8,8.4,1.5,14.7
618504.0,1.6,11.1,2.8,15.5
710381.0,3.4,9.5,1.9,14.8
668771.0,2.2,11.1,4.1,17.4
697776.0,1.8,9.4,2.9,14.1
710420.0,3.3,10.0,2.1,15.4
779352.0,3.4,9.0,4.1,16.5
1071419.0,1.9,6.4,2.7,11.0
710515.0,5.5,9.1,1.6,16.2
613569.0,2.5,8.7,2.8,14.0
710919.0,5.5,9.4,1.5,16.4
725736.0,2.6,10.2,4.1,16.9
876561.0,1.6,7.2,2.8,11.6
711472.0,4.5,9.1,1.9,15.5
711802.0,2.8,9.9,4.5,17.2
781893.0,-1.0,5.2,3.5,7.7
711925.0,2.3,6.5,1.0,9.8
896563.0,2.5,7.0,2.5,12.0
712892.0,4.5,8.7,2.0,15.2
605973.0,5.4,9.9,3.7,19.0
653318.0,2.7,9.6,3.0,15.3
713420.0,4.4,9.5,1.9,15.8
704709.0,2.1,10.7,4.6,17.4
576875.0,2.2,11.7,2.8,16.7
713813.0,5.9,11.6,2.2,19.7
296510.0,10.0,13.3,3.8,27.1
811441.0,1.1,9.0,3.1,13.2
713840.0,3.5,9.9,2.5,15.9
689243.0,2.2,10.9,4.5,17.6
660065.0,2.4,7.7,2.7,12.8
713989.0,4.7,8.2,1.8,14.7
781066.0,2.2,8.6,4.3,15.1
1243677.0,2.0,6.6,2.4,11.0
714641.0,4.7,8.2,1.8,14.7
1205647.0,2.4,5.6,4.1,12.1
1446973.0,2.6,8.7,2.4,13.7
714696.0,4.9,9.7,1.6,16.2
705397.0,6.1,11.0,4.0,21.1
555884.0,3.7,10.3,2.6,16.6
714784.0,7.1,9.2,1.6,17.9
574675.0,4.7,10.0,4.1,18.8
728296.0,1.7,8.7,2.9,13.3
715507.0,2.9,10.6,2.7,16.2
648395.0,2.8,11.3,3.8,17.900000000000002
617098.0,2.4,9.8,3.1,15.3
716723.0,4.9,9.4,1.8,16.1
755126.0,3.3,9.4,3.9,16.599999999999998
846650.0,2.0,7.4,3.0,12.4
953665.0,2.0,6.9,2.4,11.3
651543.0,0.7,10.6,2.8,14.099999999999998
719560.0,3.7,9.2,1.8,14.7
702748.0,1.1,9.4,5.8,16.3
625800.0,1.8,11.8,3.3,16.900000000000002
719857.0,4.0,11.2,1.9,17.099999999999998
470631.0,4.0,12.8,3.9,20.7
1497104.0,1.2,8.2,2.4,11.8
720486.0,3.3,10.9,2.1,16.3
770775.0,3.0,9.5,3.7,16.2
603595.0,2.3,9.7,3.0,15.0
720820.0,3.9,8.4,1.5,13.8
762624.0,2.8,9.4,4.1,16.299999999999997
656890.0,2.0,9.8,3.0,14.8
720898.0,4.4,10.0,1.6,16.0
765833.0,2.9,9.2,3.9,16.0
602638.0,2.7,10.4,2.9,16.0
722040.0,4.3,8.8,1.7,14.8
753041.0,3.1,8.8,4.1,16.0
678910.0,2.5,9.1,3.0,14.6
722434.0,4.0,9.1,2.3,15.4
726851.0,2.4,9.5,4.6,16.5
787127.0,2.1,7.4,2.8,12.3
722915.0,5.9,8.0,1.0,14.9
651225.0,4.6,7.8,3.8,16.2
453150.0,3.8,12.7,2.9,19.4
724296.0,5.9,12.0,2.4,20.3
269271.0,11.3,13.0,3.9,28.2
633685.0,2.4,9.9,3.1,15.4
725253.0,3.9,9.4,1.7,15.0
758251.0,2.7,9.1,4.0,15.8
622697.0,2.3,9.7,3.1,15.1
725276.0,5.5,8.4,2.1,16.0
726717.0,2.8,10.3,3.9,17.0
766257.0,1.6,10.0,2.9,14.5
726728.0,3.3,11.0,1.4,15.7
610691.0,3.3,11.9,3.5,18.7
521955.0,2.6,12.2,2.9,17.7
727453.0,5.1,8.4,1.3,14.8
503161.0,6.9,9.7,3.8,20.4
647552.0,2.4,10.8,2.9,16.1
727825.0,5.1,7.5,1.2,13.8
568682.0,1.4,12.5,3.2,17.1
728404.0,3.7,12.1,2.1,17.900000000000002
961809.0,2.1,5.1,2.6,9.8
728502.0,3.9,8.8,0.6,13.3
660683.0,2.8,8.9,3.9,15.6
1583741.0,1.5,7.3,2.7,11.5
728504.0,4.7,9.2,1.8,15.7
623632.0,3.4,10.2,4.1,17.7
778251.0,2.4,8.6,2.8,13.8
728874.0,3.6,9.5,2.3,15.4
701443.0,2.8,9.9,3.9,16.599999999999998
681351.0,2.3,9.5,3.1,14.9
729531.0,5.0,10.6,1.9,17.5
828276.0,2.4,10.7,4.0,17.1
793172.0,2.5,7.8,2.8,13.1
729907.0,4.7,9.3,1.7,15.7
582058.0,4.2,9.4,4.2,17.8
630865.0,2.0,10.7,3.1,15.8
730153.0,3.2,9.8,1.9,14.9
658837.0,3.1,10.7,3.4,17.2
659160.0,2.6,7.1,2.5,12.2
733536.0,6.2,7.2,1.3,14.7
614662.0,4.4,8.0,3.8,16.2
1499041.0,1.8,6.0,2.8,10.6
733965.0,3.1,11.0,0.6,14.7
522317.0,3.3,9.2,3.2,15.7
734534.0,4.3,9.3,2.5,16.1
672030.0,2.2,7.9,3.1,13.2
734846.0,3.6,9.0,1.6,14.2
735748.0,2.3,9.1,4.1,15.499999999999998
648109.0,1.8,10.9,2.9,15.6
735091.0,2.8,8.8,2.3,13.900000000000002
853045.0,2.3,7.2,3.2,12.7
735255.0,3.8,10.9,2.5,17.2
552113.0,3.5,9.3,4.1,16.9
537195.0,2.8,10.6,3.3,16.7
735259.0,4.2,9.1,1.5,14.8
565086.0,6.5,10.2,4.4,21.1
1508982.0,1.4,5.1,2.1,8.6
735326.0,4.8,7.0,1.4,13.2
811497.0,1.4,9.1,3.5,14.0
819571.0,2.6,7.7,2.7,13.0
735414.0,4.6,9.0,1.8,15.4
589682.0,4.4,10.2,3.7,18.3
655323.0,3.3,6.9,2.7,12.9
736571.0,5.0,8.6,1.5,15.1
483973.0,4.5,9.8,4.1,18.4
646802.0,1.7,10.2,3.1,14.999999999999998
736862.0,4.3,9.8,1.8,15.900000000000002
672457.0,2.5,10.4,3.8,16.7
1091831.0,1.1,6.2,2.4,9.7
738179.0,4.9,6.0,1.7,12.6
715121.0,3.5,6.6,2.1,12.2
697963.0,1.9,9.7,2.9,14.5
738410.0,4.3,8.9,1.8,15.0
566379.0,3.9,11.3,3.9,19.1
601455.0,1.6,11.7,3.0,16.299999999999997
738474.0,3.4,10.9,2.2,16.5
497965.0,3.3,12.8,3.8,19.9
663712.0,2.4,7.3,2.7,12.4
739065.0,5.9,3.8,0.8,10.5
655902.0,2.1,9.4,3.4,14.9
739408.0,4.7,9.2,1.8,15.7
720977.0,3.0,9.7,3.9,16.599999999999998
605917.0,2.2,10.4,2.7,15.3
739839.0,4.3,9.9,1.9,16.099999999999998
568565.0,4.8,10.7,3.2,18.7
653713.0,1.9,9.0,2.9,13.8
740573.0,2.5,9.1,1.8,13.4
759954.0,2.6,8.9,4.3,15.8
845834.0,0.6,7.0,2.6,10.2
740940.0,5.1,8.3,1.4,14.8
657788.0,2.2,9.4,2.8,14.400000000000002
742720.0,3.7,9.1,2.0,14.8
769397.0,3.8,8.8,3.6,16.200000000000003
816270.0,2.4,5.9,2.1,10.4
744179.0,5.6,6.7,0.8,13.1
489469.0,6.9,8.8,4.4,20.1
769644.0,1.6,9.3,3.4,14.3
744408.0,3.1,10.3,1.7,15.1
838082.0,2.4,10.6,3.5,16.5
673436.0,2.6,9.9,3.0,15.5
745591.0,4.6,10.2,1.8,16.599999999999998
631674.0,3.3,11.6,3.8,18.7
545510.0,2.8,8.6,3.0,14.4
746237.0,3.6,8.4,2.4,14.4
723105.0,2.1,8.6,4.7,15.4
626477.0,1.7,10.8,3.1,15.6
746704.0,4.0,9.0,1.5,14.5
782326.0,2.6,9.2,3.8,15.599999999999998
900885.0,2.1,6.5,2.8,11.4
747148.0,3.2,8.7,2.4,14.3
700615.0,2.4,8.5,3.0,13.9
747527.0,5.2,6.9,1.9,14.000000000000002
800120.0,3.1,7.8,3.7,14.6
579866.0,3.2,8.5,1.0,12.7
747664.0,6.8,10.3,2.5,19.6
1076937.0,1.0,4.3,4.0,9.3
678048.0,2.4,8.9,3.0,14.3
747837.0,3.2,8.4,1.9,13.500000000000002
784670.0,2.2,9.2,3.6,14.999999999999998
641712.0,2.5,10.0,2.9,15.4
748985.0,3.5,8.8,1.9,14.2
788646.0,3.1,8.8,3.9,15.8
576907.0,1.9,11.1,3.2,16.2
749067.0,3.5,10.0,2.1,15.6
493201.0,4.3,11.6,3.7,19.6
654653.0,4.2,5.0,3.5,12.7
750693.0,1.0,7.3,1.0,9.3
974109.0,1.5,7.0,2.6,11.1
751791.0,4.6,7.8,1.5,13.9
664924.0,4.2,8.4,4.0,16.6
1664705.0,1.6,6.3,2.4,10.3
752163.0,4.1,7.2,2.2,13.5
1234693.0,1.3,6.5,4.0,11.8
892098.0,2.7,6.7,2.3,11.7
752929.0,8.9,6.4,1.6,16.900000000000002
844725.0,3.5,7.2,3.8,14.5
392821.0,3.3,9.6,4.0,16.9
753538.0,1.5,7.5,1.4,10.4
1106732.0,1.7,5.4,3.3,10.4
634669.0,2.6,8.9,2.8,14.3
753773.0,4.1,8.9,1.7,14.7
788953.0,2.9,8.5,3.5,14.9
836180.0,3.7,5.6,2.6,11.9
755089.0,6.6,7.6,1.7,15.9
950151.0,4.8,6.6,4.2,15.599999999999998
593487.0,2.8,9.6,3.1,15.499999999999998
755304.0,5.6,7.3,1.4,14.3
770992.0,3.4,8.0,3.9,15.3
1685799.0,1.2,6.1,2.8,10.1
755964.0,4.2,9.3,2.4,15.9
724218.0,3.2,8.6,4.5,16.3
646092.0,2.5,9.0,2.7,14.2
756477.0,5.2,8.0,0.9,14.1
517068.0,4.6,9.5,3.6,17.7
634008.0,2.4,9.5,2.6,14.5
756729.0,2.9,9.0,0.4,12.3
749111.0,2.4,9.3,2.9,14.6
757034.0,4.9,7.3,2.1,14.3
948122.0,2.3,8.7,4.3,15.3
702075.0,2.1,8.4,3.0,13.5
757449.0,3.4,8.8,2.0,14.2
805498.0,1.6,9.1,4.1,14.8
624916.0,2.8,8.0,2.7,13.5
757751.0,4.2,7.1,1.6,12.9
729562.0,2.7,9.2,4.3,16.2
717602.0,2.1,8.7,3.0,13.8
758838.0,3.4,8.3,2.1,13.8
735081.0,2.7,9.9,3.9,16.5
649690.0,2.5,9.1,2.7,14.3
759164.0,4.4,8.7,1.6,14.7
793271.0,2.4,8.1,3.8,14.3
641585.0,2.0,9.9,3.1,15.0
759288.0,4.2,8.8,1.7,14.7
796505.0,2.9,8.6,3.6,15.1
714482.0,1.7,9.2,2.9,13.8
760265.0,4.7,7.7,1.6,14.0
773554.0,2.6,9.5,4.0,16.1
719924.0,1.9,8.2,2.9,13.0
762638.0,3.0,8.3,1.8,13.1
755718.0,1.8,8.9,4.3,15.0
668543.0,1.8,9.9,3.0,14.7
763062.0,2.5,9.7,1.7,13.9
793437.0,1.5,9.7,4.3,15.5
650946.0,2.8,8.6,3.0,14.4
763142.0,4.3,8.9,1.7,14.9
770855.0,3.4,8.6,3.6,15.6
1279886.0,1.4,7.0,2.2,10.6
763359.0,3.9,10.6,2.0,16.5
672379.0,3.1,11.0,3.4,17.5
630150.0,2.2,8.9,3.0,14.1
763773.0,3.9,8.2,1.4,13.5
807504.0,2.6,9.0,3.8,15.4
748741.0,2.5,6.2,2.3,11.0
764156.0,5.9,8.6,1.6,16.1
486591.0,5.7,7.3,3.9,16.9
792863.0,3.3,3.8,2.0,9.1
765227.0,1.0,10.9,3.3,15.2
593250.0,1.3,14.0,4.8,20.1
802534.0,1.4,9.2,2.8,13.4
765650.0,3.3,11.5,2.1,16.900000000000002
531896.0,3.1,12.5,3.7,19.3
680137.0,2.3,8.0,2.8,13.1
765759.0,4.3,8.1,1.7,14.099999999999998
820938.0,2.4,7.8,4.3,14.5
669228.0,2.3,10.0,3.0,15.3
766150.0,3.6,8.6,2.0,14.2
710007.0,2.6,9.7,3.7,16.0
831081.0,2.3,7.8,2.8,12.9
766190.0,3.5,10.2,2.0,15.7
765860.0,1.4,9.6,3.1,14.1
766468.0,3.6,10.1,2.0,15.7
758554.0,2.9,10.9,3.9,17.7
696266.0,1.6,11.2,2.9,15.7
766593.0,3.8,9.4,2.0,15.2
721655.0,3.3,11.1,3.7,18.1
688723.0,2.0,7.0,3.1,12.1
767255.0,4.0,7.6,2.0,13.6
729645.0,2.1,8.4,4.6,15.1
787152.0,1.5,7.2,4.0,12.7
767829.0,4.6,6.5,1.6,12.7
482718.0,5.8,8.9,4.2,18.9
650193.0,2.2,8.5,2.9,13.6
768210.0,3.1,8.6,1.6,13.3
780587.0,2.0,8.8,4.0,14.8
634538.0,2.4,9.2,3.1,14.7
768895.0,3.3,8.7,1.5,13.5
812116.0,2.7,8.2,3.9,14.8
1068286.0,3.1,5.4,2.4,10.9
768904.0,0.6,10.4,3.5,14.5
943554.0,2.3,10.2,1.9,14.4
769381.0,3.8,7.4,1.0,12.2
519361.0,4.3,10.2,3.5,18.0
721013.0,1.6,8.4,3.0,13.0
769723.0,4.0,8.2,2.0,14.2
704765.0,2.5,10.5,3.8,16.8
702030.0,1.7,10.2,3.1,14.999999999999998
770675.0,3.3,10.4,2.0,15.7
829571.0,3.1,9.1,3.9,16.099999999999998
751042.0,3.1,7.1,2.8,13.0
960888.0,2.6,6.3,2.6,11.5
771444.0,4.9,8.2,1.5,14.6
910007.0,2.0,7.9,2.8,12.7
771560.0,4.8,8.3,1.8,14.900000000000002
822241.0,2.6,8.4,4.6,15.6
669107.0,1.5,10.8,3.0,15.3
771578.0,3.5,11.7,2.0,17.2
523120.0,3.1,13.0,3.3,19.4
652274.0,1.8,10.8,2.8,15.400000000000002
771681.0,3.1,8.8,1.6,13.5
817954.0,2.6,9.0,3.9,15.5
688929.0,1.7,9.5,3.1,14.3
771883.0,3.1,9.6,2.2,14.9
802652.0,2.2,9.4,3.9,15.500000000000002
1144605.0,2.9,7.9,2.6,13.4
771954.0,5.5,7.2,0.7,13.4
1130276.0,2.7,5.4,3.6,11.7
817223.0,2.4,7.4,3.1,12.9
772996.0,3.1,10.6,1.7,15.4
1210286.0,2.2,4.7,1.8,8.700000000000001
773204.0,4.2,6.4,1.9,12.500000000000002
692284.0,1.7,8.7,3.0,13.4
776895.0,3.9,8.0,1.3,13.2
784516.0,2.5,9.7,3.7,15.9
769137.0,2.0,9.2,3.1,14.3
777845.0,5.1,8.6,2.0,15.7
633369.0,3.6,11.3,4.4,19.3
987235.0,2.6,5.8,2.0,10.4
777924.0,6.0,6.1,1.6,13.7
685292.0,3.0,9.9,3.9,16.8
663160.0,1.9,9.2,3.0,14.1
778408.0,3.9,10.1,1.4,15.4
818476.0,2.4,9.1,4.0,15.5
834353.0,1.8,6.1,2.2,10.1
778433.0,4.9,6.9,1.2,13.0
540898.0,4.0,9.2,2.7,15.9
778508.0,4.4,8.3,1.2,13.9
703574.0,3.0,8.8,3.6,15.4
1227677.0,1.0,5.1,2.4,8.5
778638.0,4.6,8.3,1.6,14.5
702450.0,3.9,9.2,4.4,17.5
871799.0,1.8,7.2,3.0,12.0
778655.0,5.3,8.1,2.4,15.8
610579.0,2.6,11.3,4.4,18.3
738223.0,1.3,9.2,2.7,13.2
778965.0,5.3,8.0,1.1,14.4
743849.0,2.5,10.0,3.9,16.4
1386298.0,2.2,5.1,2.6,9.9
779155.0,4.7,6.1,1.3,12.1
747302.0,4.2,6.8,4.1,15.1
718527.0,1.4,9.7,2.8,13.9
779569.0,2.7,10.0,2.0,14.7
765339.0,2.3,9.4,3.8,15.5
718306.0,1.7,8.5,2.8,13.0
779619.0,3.8,8.8,1.6,14.2
797515.0,1.9,9.1,3.7,14.7
764142.0,1.5,8.6,2.8,12.9
779666.0,3.8,9.4,1.7,14.9
746700.0,2.0,9.8,4.1,15.9
667325.0,2.8,8.9,2.7,14.4
779892.0,5.1,7.3,1.4,13.8
576545.0,5.0,9.3,4.1,18.4
812120.0,1.7,8.4,2.8,12.9
780402.0,4.0,8.7,2.0,14.7
851328.0,2.6,9.9,3.9,16.4
642271.0,3.7,8.0,3.4,15.1
780582.0,4.3,8.2,1.7,14.2
908863.0,6.1,7.2,3.5,16.8
629233.0,1.9,9.3,3.0,14.2
780689.0,4.5,8.4,1.7,14.6
638800.0,4.2,9.6,4.0,17.8
769449.0,1.8,7.9,3.0,12.7
780761.0,3.1,9.7,1.7,14.499999999999998
780011.0,2.1,9.4,4.0,15.5
1301802.0,-0.1,5.3,2.2,7.4
780786.0,0.1,6.6,1.4,8.1
453385.0,1.8,14.0,4.3,20.1
632974.0,2.0,11.4,2.9,16.3
781087.0,3.7,9.6,1.8,15.1
724212.0,2.5,11.2,3.4,17.099999999999998
1047840.0,0.2,4.7,2.7,7.6
781607.0,5.3,4.0,1.3,10.6
534313.0,0.6,8.0,6.0,14.6
647312.0,1.6,11.3,3.2,16.1
1123492.0,1.6,6.0,2.6,10.2
782620.0,3.7,9.1,1.8,14.6
831709.0,2.2,4.0,1.2,7.4
783735.0,3.5,10.5,-0.8,13.2
900795.0,2.3,6.0,2.4,10.7
783832.0,3.8,9.6,2.0,15.4
558175.0,6.1,9.8,4.4,20.3
728507.0,1.4,9.7,3.2,14.3
783929.0,3.4,9.1,1.9,14.4
789607.0,3.3,9.3,3.9,16.5
676566.0,2.7,9.6,2.8,15.1
783960.0,5.2,9.6,2.0,16.8
469494.0,5.3,11.9,4.0,21.2
688025.0,2.4,8.6,3.0,14.0
784004.0,3.8,8.9,1.8,14.5
738477.0,2.7,9.8,3.6,16.1
706242.0,2.3,8.8,2.6,13.7
784442.0,4.0,8.0,1.6,13.6
804962.0,2.5,8.8,3.9,15.2
1409551.0,2.8,10.2,2.5,15.5
785137.0,4.7,10.0,1.9,16.599999999999998
823362.0,3.0,10.0,3.5,16.5
646175.0,1.9,9.4,2.8,14.1
785648.0,3.6,8.4,1.5,13.5
841545.0,2.0,8.5,3.5,14.0
844171.0,1.6,7.7,2.9,12.2
786035.0,2.9,8.8,2.8,14.5
725091.0,1.7,9.2,4.8,15.7
1487274.0,1.8,8.5,2.8,13.1
787005.0,4.1,9.7,1.3,15.1
903667.0,2.8,8.1,3.7,14.599999999999998
694694.0,2.8,8.2,2.9,13.9
788283.0,3.1,9.9,1.9,14.9
657355.0,3.7,10.6,3.9,18.2
712069.0,1.9,8.9,4.2,15.0
788520.0,3.3,9.1,0.4,12.8
764564.0,2.2,9.0,5.2,16.4
625405.0,2.4,9.5,3.2,15.1
788542.0,4.2,8.2,1.7,14.099999999999998
742574.0,3.2,9.2,4.1,16.5
1659941.0,1.3,7.3,2.4,11.0
788739.0,5.3,10.4,1.4,17.099999999999998
469079.0,5.5,12.1,3.6,21.200000000000003
1031326.0,1.8,6.6,2.4,10.8
788844.0,4.4,8.6,2.0,15.0
597419.0,5.8,10.8,3.9,20.5
608504.0,3.2,8.0,3.4,14.6
788931.0,4.5,7.3,1.8,13.6
960633.0,1.8,7.5,3.8,13.1
1684079.0,0.7,7.4,2.6,10.7
788992.0,2.7,9.5,1.3,13.5
788328.0,1.7,9.7,3.9,15.3
698369.0,1.9,9.7,2.9,14.5
790133.0,2.9,9.6,1.8,14.3
774331.0,2.2,9.3,3.9,15.4
1226034.0,1.3,6.5,2.6,10.4
790761.0,3.7,9.7,1.6,14.999999999999998
878459.0,1.8,7.2,2.9,11.9
790961.0,3.5,8.7,2.2,14.4
774667.0,2.1,9.2,4.2,15.5
1087495.0,3.5,2.8,0.0,6.3
791010.0,0.8,11.5,3.0,15.3
709094.0,1.8,8.1,2.8,12.7
792768.0,4.1,8.3,2.2,14.6
883126.0,2.7,6.9,3.6,13.2
808440.0,1.9,6.7,2.7,11.3
792852.0,5.2,8.0,1.4,14.6
576126.0,3.6,8.9,4.1,16.6
656936.0,2.3,9.2,3.0,14.5
793822.0,3.0,9.6,1.7,14.3
834481.0,2.2,8.8,3.6,14.6
714440.0,2.4,8.6,2.6,13.6
794443.0,3.1,8.5,1.8,13.4
849836.0,2.2,8.6,3.8,14.6
692701.0,1.7,9.2,2.8,13.7
796256.0,3.0,9.2,1.4,13.6
865383.0,2.0,8.8,3.8,14.6
765136.0,2.5,8.2,2.9,13.6
797193.0,3.3,8.9,1.4,13.6
885734.0,2.4,7.5,3.8,13.7
771784.0,1.4,11.6,3.1,16.1
797525.0,3.3,11.4,2.1,16.8
681715.0,3.3,10.6,4.3,18.2
677567.0,2.0,8.8,3.0,13.8
798468.0,3.2,8.8,1.4,13.4
838365.0,2.4,8.7,3.5,14.6
732357.0,2.1,8.0,3.1,13.2
799387.0,2.9,9.7,1.5,14.1
742475.0,3.0,9.6,3.4,16.0
732990.0,2.1,8.1,3.0,13.2
799527.0,3.5,8.4,1.8,13.7
773712.0,2.9,8.4,4.2,15.5
812501.0,2.8,8.2,2.9,13.9
799629.0,5.2,7.6,1.5,14.3
875716.0,3.7,8.8,3.8,16.3
884191.0,4.5,4.0,1.0,9.5
799652.0,1.8,9.0,1.0,11.8
691456.0,2.2,9.8,2.9,14.9
799891.0,3.8,8.8,1.2,13.8
855953.0,2.1,8.3,3.5,13.9
686194.0,2.1,9.3,2.9,14.3
800367.0,4.7,8.3,1.4,14.4
829523.0,2.9,9.4,3.6,15.9
754376.0,1.2,9.0,2.7,12.9
800611.0,4.4,7.5,1.4,13.3
817763.0,3.3,10.6,4.0,17.9
652417.0,3.1,9.1,3.4,15.6
801096.0,5.1,6.6,1.2,12.9
669998.0,3.5,9.5,3.9,16.9
903578.0,1.3,7.2,2.8,11.3
801195.0,4.0,9.9,1.6,15.5
654920.0,3.7,9.4,3.8,16.900000000000002
1335840.0,1.2,5.1,2.6,8.9
802634.0,4.9,7.9,1.3,14.1
585601.0,1.4,8.6,4.8,14.8
727376.0,2.9,5.9,2.7,11.5
802736.0,6.7,6.0,1.3,14.0
735020.0,4.2,6.4,3.5,14.1
604059.0,1.9,9.0,3.3,14.2
803686.0,5.4,7.8,1.1,14.3
895602.0,1.2,8.7,4.3,14.2
680606.0,2.0,8.7,3.0,13.7
804032.0,4.1,7.7,1.4,13.2
832798.0,2.5,7.7,3.9,14.1
712358.0,1.7,8.7,2.9,13.3
804591.0,3.9,8.5,1.4,13.8
838154.0,2.2,9.0,3.6,14.8
722088.0,1.9,8.8,3.4,14.1
953775.0,2.1,6.6,2.6,11.3
804962.0,3.4,8.3,1.2,12.9
743385.0,3.2,7.7,4.0,14.9
841715.0,-1.5,10.0,3.5,12.0
805005.0,1.3,11.8,1.5,14.6
862444.0,2.4,7.4,2.8,12.6
805090.0,5.4,7.4,1.7,14.5
880686.0,3.8,8.7,3.6,16.1
1149064.0,0.8,5.1,2.7,8.6
805202.0,5.7,5.9,1.1,12.7
871546.0,3.0,6.6,3.9,13.5
741858.0,1.5,9.5,2.9,13.9
805218.0,2.8,9.3,1.8,13.900000000000002
813243.0,2.1,9.5,3.9,15.5
629884.0,2.5,10.2,2.6,15.3
805872.0,2.8,9.9,1.9,14.6
754380.0,2.8,8.5,3.8,15.1
1537674.0,0.8,8.0,2.6,11.4
806512.0,2.8,11.5,1.8,16.1
773660.0,2.1,11.7,3.4,17.2
731478.0,1.8,8.9,2.6,13.3
807173.0,3.9,8.6,1.8,14.3
821287.0,2.1,8.9,3.3,14.3
1236539.0,2.5,4.8,1.8,9.1
807470.0,6.1,7.5,1.5,15.1
586714.0,4.4,9.2,4.0,17.6
687271.0,2.0,10.0,2.9,14.9
807894.0,4.0,9.4,2.0,15.4
826255.0,2.4,9.5,3.6,15.5
993020.0,1.4,6.1,2.4,9.9
807913.0,7.0,4.4,0.4,11.8
609371.0,3.0,8.9,3.8,15.7
664283.0,1.6,10.9,3.1,15.6
807928.0,3.4,10.3,2.7,16.400000000000002
1688796.0,0.8,4.5,2.1,7.4
808400.0,4.4,6.7,1.0,12.1
738347.0,1.8,8.6,4.1,14.5
804381.0,1.2,8.5,3.1,12.8
808711.0,3.6,9.8,1.9,15.3
763506.0,3.8,10.1,4.2,18.1
662030.0,2.4,9.6,2.5,14.5
808732.0,4.7,8.2,1.1,13.999999999999998
614765.0,4.2,8.6,3.6,16.400000000000002
1694276.0,0.8,2.0,1.1,3.9
808830.0,2.1,7.5,2.5,12.1
851357.0,3.1,3.1,3.7,9.9
769076.0,1.7,7.0,2.7,11.4
810023.0,4.8,7.4,1.5,13.7
742079.0,2.4,9.0,4.5,15.9
804457.0,2.0,9.8,2.7,14.5
810400.0,3.6,10.1,1.5,15.2
690318.0,3.2,7.1,3.0,13.3
811539.0,4.9,6.8,1.0,12.7
837068.0,4.8,6.6,3.7,15.099999999999998
685269.0,2.1,8.1,3.0,13.2
811665.0,3.8,8.0,1.8,13.6
764056.0,2.4,9.1,3.9,15.4
809552.0,1.6,7.9,2.9,12.4
812401.0,2.9,9.3,1.9,14.1
758509.0,2.4,9.9,3.8,16.1
715713.0,2.9,10.9,2.8,16.6
812852.0,4.2,11.6,1.9,17.7
347664.0,8.7,14.2,3.8,26.7
711678.0,2.2,8.6,2.8,13.6
814308.0,3.9,8.8,1.6,14.3
725371.0,3.1,8.9,4.4,16.4
771544.0,1.0,8.2,2.7,11.9
814945.0,3.6,9.9,1.6,15.1
806287.0,1.8,10.7,3.7,16.2
881036.0,1.9,7.6,2.8,12.3
816284.0,3.8,8.1,1.4,13.3
645545.0,2.6,10.0,4.1,16.7
878299.0,2.5,6.4,2.7,11.6
816504.0,5.3,7.3,1.6,14.2
833225.0,3.5,7.6,4.3,15.4
1301437.0,1.2,6.9,2.7,10.8
817418.0,3.0,10.2,2.0,15.2
720031.0,2.3,10.1,4.2,16.599999999999998
770354.0,2.3,9.6,2.8,14.7
818947.0,3.2,9.5,1.9,14.6
770617.0,2.3,10.1,3.9,16.299999999999997
803547.0,1.7,7.5,3.0,12.2
819393.0,3.2,8.7,1.9,13.8
771721.0,2.8,9.1,4.0,15.9
827162.0,2.0,6.4,2.6,11.0
819561.0,5.3,7.5,1.2,14.0
535564.0,5.3,9.1,4.1,18.5
790255.0,4.4,6.2,1.2,11.8
821382.0,4.3,9.1,1.9,15.3
497585.0,4.5,9.5,1.0,15.0
690935.0,2.2,8.9,2.9,14.000000000000002
821808.0,3.4,9.2,1.5,14.1
748530.0,2.2,9.5,3.6,15.3
701326.0,3.8,5.2,1.6,10.6
821979.0,2.7,8.8,0.7,12.2
612044.0,2.1,8.8,3.8,14.7
1159951.0,1.6,7.8,2.9,12.3
822100.0,3.3,9.8,1.8,14.900000000000002
1228277.0,1.2,7.5,3.2,11.9
698330.0,2.1,8.8,2.7,13.6
823162.0,2.8,10.0,1.4,14.2
772739.0,2.0,10.3,3.9,16.2
732288.0,2.6,8.0,2.6,13.2
823460.0,5.2,7.0,1.2,13.4
834085.0,3.2,8.7,3.9,15.8
1460150.0,1.6,5.8,2.4,9.8
823662.0,3.4,9.6,1.8,14.8
625256.0,3.3,5.8,4.7,13.8
781241.0,2.0,8.0,2.5,12.5
824129.0,4.8,7.4,1.8,14.0
758685.0,3.8,8.9,3.9,16.599999999999998
666097.0,1.8,9.8,2.9,14.500000000000002
824245.0,3.2,8.7,1.4,13.3
883215.0,1.5,8.8,3.8,14.1
857946.0,2.4,8.0,2.7,13.1
824376.0,4.3,8.3,1.9,14.500000000000002
824279.0,1.3,9.4,4.7,15.400000000000002
734959.0,1.6,7.4,2.8,11.8
824680.0,3.9,7.4,1.5,12.8
867034.0,3.0,7.5,3.6,14.1
836384.0,1.0,8.9,2.9,12.8
824814.0,2.5,11.3,2.0,15.8
871332.0,1.2,10.6,3.3,15.099999999999998
718852.0,1.9,8.1,3.1,13.1
825120.0,3.7,7.9,1.6,13.2
821885.0,2.8,8.9,3.8,15.5
975241.0,1.1,7.2,2.7,11.0
825488.0,3.1,8.2,2.8,14.099999999999998
787703.0,2.2,9.9,4.1,16.200000000000003
710517.0,1.8,6.5,3.6,11.9
825527.0,4.2,6.7,0.9,11.8
925470.0,1.8,6.2,2.6,10.6
825530.0,4.3,7.4,1.7,13.4
820952.0,2.5,8.0,4.5,15.0
1244752.0,-0.4,3.6,1.9,5.1
825780.0,3.5,4.8,0.0,8.3
906459.0,3.0,7.0,4.8,14.8
698391.0,3.0,8.7,2.8,14.5
826610.0,4.3,8.9,1.3,14.5
707441.0,4.6,7.5,3.4,15.5
696363.0,2.5,8.6,3.0,14.1
827171.0,3.4,8.5,1.3,13.2
864651.0,2.4,8.2,3.9,14.5
705286.0,2.0,9.1,2.9,14.0
827834.0,3.8,9.0,2.0,14.8
788959.0,3.2,8.7,3.6,15.499999999999998
742838.0,1.5,8.9,2.9,13.3
828227.0,3.1,9.6,1.7,14.4
852966.0,2.4,9.5,3.6,15.5
719324.0,1.7,9.2,2.9,13.8
828384.0,2.8,8.8,1.3,12.900000000000002
849514.0,2.6,8.9,3.5,15.0
859657.0,3.2,7.0,2.3,12.5
829605.0,6.1,8.3,1.5,15.9
766770.0,2.2,7.5,2.7,12.4
829631.0,3.8,7.7,1.6,13.1
842702.0,3.4,8.4,4.1,15.9
669175.0,2.5,9.3,3.0,14.8
830055.0,2.7,8.4,2.0,13.1
850425.0,2.5,8.3,3.6,14.4
721512.0,2.0,8.1,2.8,12.9
830359.0,3.6,7.4,1.7,12.7
832990.0,2.7,8.3,4.1,15.1
878948.0,2.9,7.1,2.5,12.5
830950.0,4.8,8.2,1.5,14.5
1384096.0,1.5,3.8,1.8,7.1
831661.0,1.3,8.9,2.3,12.5
909159.0,0.9,8.2,3.0,12.1
833356.0,4.7,8.0,1.9,14.6
997337.0,2.1,8.9,3.7,14.7
750942.0,1.7,8.5,3.0,13.2
834357.0,2.3,8.5,1.8,12.6
834623.0,2.1,8.7,3.7,14.5
1625498.0,1.0,6.6,1.9,9.5
835353.0,3.2,9.5,1.3,14.0
871279.0,2.2,9.4,3.9,15.500000000000002
1084158.0,1.1,6.1,2.4,9.6
835592.0,5.0,8.0,2.0,15.0
914489.0,2.4,7.9,4.2,14.5
728992.0,2.8,7.3,2.5,12.6
836224.0,4.1,7.9,1.3,13.3
730472.0,3.3,8.0,3.7,15.0
998135.0,1.1,7.8,2.6,11.5
836549.0,5.8,11.2,1.6,18.6
523619.0,3.8,12.3,3.9,20.0
771090.0,1.7,8.7,2.8,13.2
836648.0,3.8,8.3,2.1,14.2
863016.0,2.6,9.1,3.6,15.3
451065.0,5.0,8.8,3.0,16.8
836997.0,4.7,7.4,1.6,13.7
851482.0,2.6,7.9,4.2,14.7
726347.0,1.3,9.4,3.2,13.900000000000002
837416.0,2.6,9.4,1.8,13.8
793198.0,2.1,10.1,3.4,15.6
918910.0,1.2,7.4,2.4,11.0
837471.0,3.1,8.1,1.7,12.9
756610.0,2.9,8.4,3.9,15.2
534171.0,2.9,13.3,3.3,19.5
838009.0,5.2,13.6,2.2,21.0
403709.0,5.7,14.3,4.0,24.0
796212.0,2.0,7.8,2.9,12.7
838204.0,2.2,8.8,1.8,12.8
851821.0,1.3,8.5,4.0,13.8
853762.0,2.2,7.9,3.0,13.1
838232.0,5.1,9.8,1.5,16.4
624395.0,4.2,9.4,3.7,17.3
970633.0,1.6,6.2,2.5,10.3
838565.0,4.1,8.8,1.6,14.5
936484.0,3.1,7.9,3.8,14.8
774658.0,1.6,9.7,2.9,14.2
592977.0,3.9,9.4,2.9,16.2
838805.0,5.1,7.9,1.2,14.2
967826.0,3.1,7.3,3.9,14.3
774153.0,2.1,8.8,3.0,13.9
839707.0,2.8,11.6,2.4,16.799999999999997
603689.0,2.9,11.8,4.5,19.200000000000003
756787.0,1.7,7.2,3.0,11.9
840575.0,2.8,8.0,1.6,12.4
855504.0,2.6,8.1,3.5,14.2
881386.0,2.2,8.7,2.5,13.4
840924.0,4.1,10.8,1.7,16.6
576472.0,3.9,11.2,3.7,18.8
712851.0,2.2,7.4,2.5,12.1
841205.0,3.0,8.8,1.3,13.1
841954.0,2.1,9.2,3.9,15.2
963641.0,1.7,4.6,1.9,8.2
841446.0,4.0,7.9,0.9,12.8
711568.0,2.3,7.2,2.6,12.1
841478.0,5.7,6.7,1.3,13.7
894298.0,2.9,7.3,3.5,13.7
745391.0,2.2,7.0,2.8,12.0
842388.0,4.2,7.5,1.9,13.6
859776.0,2.0,8.1,4.7,14.8
870672.0,1.6,6.8,2.7,11.1
844810.0,3.4,8.6,2.1,14.1
801490.0,1.9,8.5,4.0,14.4
750874.0,1.9,9.3,2.8,14.0
844925.0,4.6,7.9,1.5,14.0
869431.0,2.7,8.3,3.2,14.2
1657694.0,0.7,5.8,2.5,9.0
845074.0,2.4,6.6,1.9,10.9
621893.0,2.1,11.2,4.2,17.5
764219.0,2.1,9.4,3.2,14.7
845099.0,3.9,8.3,1.7,13.9
721861.0,2.5,9.7,3.8,16.0
677395.0,1.2,10.1,3.0,14.3
845228.0,3.6,10.4,1.8,15.8
537078.0,3.2,12.7,3.3,19.2
738596.0,1.4,9.7,3.1,14.2
845391.0,3.0,8.5,1.5,13.0
877931.0,1.8,9.2,3.3,14.3
791764.0,1.8,8.3,3.0,13.1
846419.0,2.8,9.0,1.9,13.7
839978.0,1.9,8.9,4.2,15.0
839930.0,6.1,4.2,3.2,13.5
847050.0,8.9,5.6,1.5,16.0
805059.0,1.0,4.9,4.1,10.0
684055.0,2.3,10.5,2.9,15.7
847216.0,3.2,9.8,2.2,15.2
879152.0,2.5,10.0,3.5,16.0
754854.0,1.0,9.4,2.7,13.1
847448.0,2.9,9.0,1.6,13.5
834205.0,1.8,9.5,3.4,14.7
839382.0,2.9,6.4,2.6,11.9
847906.0,5.5,5.9,1.0,12.4
849452.0,2.8,7.6,3.8,14.2
1677473.0,0.9,6.4,2.8,10.1
848219.0,3.8,9.1,1.5,14.4
830732.0,2.1,8.9,3.9,14.9
740988.0,1.8,11.7,2.8,16.3
848701.0,2.3,10.9,2.2,15.4
594664.0,3.0,12.4,3.8,19.2
648924.0,2.0,7.5,3.1,12.6
849255.0,3.7,5.8,0.6,10.1
916505.0,0.4,8.3,4.8,13.5
767662.0,2.0,8.6,2.7,13.3
850344.0,3.9,7.9,1.7,13.5
844521.0,1.9,8.9,3.8,14.6
722617.0,1.3,8.1,3.0,12.4
850417.0,2.1,8.3,1.6,12.0
875262.0,1.8,7.6,4.2,13.6
786090.0,1.2,9.8,1.9,12.9
851330.0,1.6,9.6,1.5,12.7
923565.0,1.7,7.0,2.6,11.3
851929.0,6.0,7.8,1.7,15.5
992653.0,3.3,7.6,4.3,15.2
764337.0,1.6,8.8,2.9,13.3
852321.0,3.4,8.6,1.7,13.7
862249.0,2.3,8.2,3.9,14.4
1490415.0,1.3,5.2,2.4,8.9
852727.0,3.2,7.4,1.2,11.8
825279.0,2.3,6.0,4.0,12.3
910120.0,1.5,7.5,2.7,11.7
853331.0,2.9,8.5,1.8,13.2
893639.0,1.9,8.2,4.1,14.2
739696.0,1.9,9.1,2.9,13.9
853380.0,3.7,7.3,2.1,13.1
865143.0,2.0,8.6,3.6,14.2
703786.0,1.2,8.9,2.6,12.7
855468.0,2.5,7.8,2.4,12.7
760867.0,1.4,7.7,2.9,12.0
855635.0,2.3,8.9,1.9,13.1
919249.0,1.8,8.0,3.9,13.7
735842.0,1.7,8.6,3.0,13.3
856712.0,3.4,8.2,1.7,13.3
810823.0,1.8,10.2,3.4,15.4
789657.0,1.3,7.3,2.9,11.5
857577.0,3.6,7.8,1.2,12.6
862853.0,2.3,8.5,4.0,14.8
1311349.0,0.6,6.8,2.3,9.7
858829.0,2.3,11.2,1.8,15.3
742186.0,2.0,11.6,3.2,16.8
746875.0,1.8,7.9,2.3,12.0
859224.0,2.9,8.3,1.4,12.6
848094.0,1.9,8.8,4.1,14.8
776306.0,1.8,8.6,2.7,13.1
859425.0,4.0,7.5,1.5,13.0
882941.0,2.6,8.7,3.8,15.099999999999998
767877.0,2.2,8.6,2.9,13.7
859466.0,3.4,8.2,2.0,13.6
849785.0,2.9,9.7,3.8,16.4
731911.0,1.6,9.6,2.9,14.1
859724.0,4.9,7.2,1.7,13.8
545225.0,3.8,12.9,4.1,20.8
1482628.0,1.2,7.8,2.8,11.8
860850.0,2.4,9.3,1.8,13.500000000000002
1062316.0,1.8,8.1,3.5,13.4
1598003.0,1.0,4.7,2.2,7.9
860941.0,2.8,9.6,1.7,14.099999999999998
922113.0,1.8,7.3,3.2,12.3
822720.0,1.2,9.0,2.7,12.9
861189.0,2.1,8.9,1.6,12.6
858141.0,2.1,8.9,3.8,14.8
682275.0,1.4,8.8,2.5,12.7
861394.0,2.8,7.3,1.8,11.9
765761.0,1.9,8.7,4.5,15.1
1442603.0,1.2,4.1,2.0,7.3
861978.0,6.1,4.9,2.5,13.5
815720.0,1.4,8.7,3.0,13.1
791837.0,2.4,7.1,2.5,12.0
1004432.0,1.7,6.6,2.7,11.0
862154.0,4.4,7.7,1.9,14.000000000000002
860857.0,2.8,8.5,4.5,15.8
682128.0,2.4,8.2,2.6,13.2
864343.0,3.5,7.7,1.9,13.1
842835.0,2.0,9.4,4.6,16.0
852083.0,2.9,6.3,3.0,12.2
864624.0,3.8,6.3,2.2,12.3
478937.0,4.9,8.7,3.5,17.1
699914.0,2.3,8.4,3.0,13.7
865870.0,2.5,8.2,2.3,13.0
823967.0,1.5,8.6,4.6,14.7
1212492.0,0.6,6.0,2.6,9.2
866514.0,4.1,8.9,1.5,14.5
1028308.0,1.9,8.1,3.8,13.8
1122525.0,1.5,5.6,2.4,9.5
867220.0,4.0,9.0,1.3,14.3
743550.0,3.6,7.4,3.9,14.9
703372.0,3.4,8.3,2.6,14.3
867889.0,5.3,7.0,1.5,13.8
731781.0,4.4,7.7,3.8,15.900000000000002
829680.0,0.9,7.7,2.5,11.1
868144.0,3.1,7.4,2.0,12.5
927595.0,1.6,8.0,4.9,14.5
916988.0,1.9,5.0,2.6,9.5
868188.0,3.9,6.6,1.4,11.9
707133.0,5.4,7.9,3.3,16.6
759870.0,1.6,8.3,3.0,12.9
868241.0,3.8,6.7,1.2,11.7
854781.0,1.6,8.4,4.0,14.0
816657.0,0.5,8.7,3.1,12.3
868691.0,6.5,8.4,2.3,17.2
825047.0,2.5,9.4,4.6,16.5
1582766.0,0.8,5.4,2.5,8.7
869232.0,3.1,8.5,1.7,13.3
742364.0,2.5,9.0,4.3,15.8
771366.0,3.2,10.0,4.0,17.2
870392.0,2.5,9.9,2.2,14.6
474240.0,5.3,10.2,6.0,21.5
713400.0,1.5,9.8,2.9,14.2
870704.0,3.3,8.1,1.3,12.7
897990.0,2.5,8.1,3.7,14.3
745482.0,1.5,8.9,2.8,13.2
870729.0,2.4,8.0,1.6,12.0
888231.0,1.9,8.9,3.9,14.7
704795.0,1.6,8.3,3.1,13.0
871168.0,4.1,5.3,1.3,10.7
966546.0,2.0,7.1,3.6,12.7
764510.0,2.3,8.5,2.8,13.6
871990.0,3.7,7.5,1.7,12.9
907038.0,2.9,8.1,3.6,14.6
797232.0,1.5,8.2,2.7,12.4
872105.0,2.9,8.8,1.7,13.4
932665.0,2.0,7.1,3.4,12.5
785727.0,1.7,8.0,2.6,12.3
872247.0,3.6,8.6,1.3,13.5
897600.0,1.6,8.9,3.7,14.2
740784.0,1.9,10.0,2.8,14.7
872548.0,3.1,10.2,1.9,15.2
804835.0,2.6,10.8,3.5,16.9
734847.0,1.1,10.9,2.9,14.9
1508740.0,0.9,3.7,2.2,6.800000000000001
873854.0,4.8,2.5,0.7,8.0
1100988.0,1.2,7.4,2.2,10.8
874857.0,3.0,9.7,1.8,14.5
839886.0,1.9,9.5,3.8,15.2
1012686.0,1.4,6.9,2.7,11.0
876305.0,4.9,9.3,1.6,15.8
676283.0,4.3,10.0,3.4,17.7
528090.0,2.4,11.4,2.8,16.6
876779.0,4.6,10.0,1.6,16.2
383271.0,5.9,13.0,4.6,23.5
981634.0,2.0,4.3,2.2,8.5
876927.0,3.4,8.2,1.6,13.2
862678.0,3.8,6.9,4.1,14.8
652948.0,3.4,7.5,2.8,13.7
877236.0,2.7,9.2,2.5,14.4
688521.0,4.8,8.1,4.1,17.0
822225.0,1.5,8.2,2.5,12.2
877888.0,2.2,8.8,1.5,12.5
934632.0,1.7,9.7,3.5,14.9
666897.0,1.5,10.2,2.9,14.6
878191.0,3.8,9.5,1.8,15.1
549945.0,2.8,12.3,3.7,18.8
991787.0,0.4,5.9,4.1,10.4
879838.0,4.8,7.8,0.9,13.5
712115.0,0.3,6.5,4.0,10.8
815038.0,1.4,7.6,2.9,11.9
879974.0,3.8,8.4,1.8,14.0
909094.0,3.5,6.8,3.2,13.5
1100882.0,0.2,7.1,2.3,9.6
880757.0,2.5,8.5,0.8,11.8
864716.0,2.2,9.3,3.4,14.9
790429.0,2.2,7.1,2.8,12.1
881358.0,3.6,7.6,1.4,12.6
890002.0,1.8,9.4,3.4,14.6
821137.0,2.1,7.8,2.6,12.5
881943.0,3.0,8.1,1.2,12.3
780720.0,2.3,7.6,4.2,14.099999999999998
587509.0,2.5,11.5,3.0,17.0
882419.0,4.5,9.6,1.8,15.9
768209.0,2.4,8.3,2.8,13.5
883295.0,3.9,8.2,1.3,13.4
629935.0,3.3,10.3,3.5,17.1
788075.0,3.9,5.7,3.4,13.0
884440.0,1.8,8.3,2.1,12.2
692154.0,0.2,9.8,5.2,15.2
781005.0,1.8,9.5,2.9,14.2
885259.0,3.0,8.9,1.9,13.8
873677.0,1.9,9.5,3.7,15.1
773008.0,1.7,8.1,2.8,12.599999999999998
886551.0,2.5,8.9,1.5,12.9
930526.0,2.8,7.3,3.5,13.6
557637.0,2.7,11.4,3.2,17.3
887285.0,5.7,12.8,2.3,20.8
360066.0,5.0,14.3,4.1,23.4
835095.0,1.7,8.1,2.6,12.4
887383.0,3.1,9.1,2.1,14.3
785907.0,2.5,11.5,3.7,17.7
803029.0,1.0,8.5,2.6,12.1
887939.0,2.8,8.2,1.6,12.6
1005259.0,2.1,7.3,3.5,12.9
729374.0,2.2,8.3,2.5,13.0
887995.0,3.6,7.3,1.7,12.6
927621.0,2.5,7.9,4.0,14.4
1106548.0,1.1,8.5,2.5,12.1
888156.0,3.9,9.4,1.2,14.5
650732.0,3.2,9.7,3.5,16.4
717881.0,1.1,9.8,2.8,13.7
889262.0,3.4,10.1,1.9,15.4
552322.0,2.7,12.0,3.6,18.3
862024.0,1.9,7.8,2.8,12.5
889735.0,3.4,9.1,1.6,14.1
957450.0,3.0,6.8,4.0,13.8
728583.0,2.4,8.3,2.7,13.400000000000002
889933.0,3.8,6.2,1.5,11.5
936487.0,2.0,6.1,3.0,11.1
764289.0,1.8,8.5,2.8,13.1
890320.0,3.8,8.1,1.8,13.7
807306.0,1.9,9.4,3.9,15.2
1113206.0,1.4,5.9,2.3,9.6
890532.0,2.8,8.4,1.6,12.8
932071.0,2.6,8.7,4.0,15.3
1106283.0,1.9,3.4,1.8,7.1
890573.0,4.1,6.6,-0.1,10.6
663725.0,3.5,7.8,4.1,15.4
801839.0,1.5,8.6,2.6,12.7
890693.0,3.7,7.0,1.5,12.2
894150.0,2.4,7.9,3.9,14.2
796928.0,2.0,8.1,2.6,12.7
890977.0,4.8,8.0,1.8,14.6
775908.0,3.3,9.4,3.7,16.4
847709.0,1.6,8.5,2.7,12.8
891656.0,2.1,10.1,1.9,14.1
867479.0,1.4,8.3,4.0,13.7
801517.0,2.2,9.3,2.8,14.3
892537.0,4.0,11.7,2.0,17.7
609730.0,4.0,11.6,3.7,19.3
811556.0,2.0,6.8,3.1,11.9
894221.0,3.4,8.8,1.7,13.9
1038205.0,1.9,9.1,3.4,14.4
1057219.0,-0.5,7.6,1.9,9.0
894740.0,3.0,8.3,2.1,13.4
796124.0,1.6,8.9,2.7,13.2
896159.0,3.6,8.6,1.7,13.9
908716.0,2.1,9.4,3.6,15.1
1568421.0,0.4,4.6,1.9,6.9
896508.0,2.8,8.3,1.7,12.8
1048443.0,1.5,7.4,3.3,12.2
1487387.0,1.2,6.6,2.7,10.5
897037.0,2.1,9.1,1.9,13.1
960605.0,1.2,7.5,4.2,12.9
1205157.0,1.9,4.7,2.9,9.5
898489.0,4.3,5.6,1.5,11.4
1290479.0,3.0,4.6,4.0,11.6
1254421.0,0.4,5.8,2.4,8.6
899598.0,1.6,8.9,1.6,12.1
910945.0,2.1,7.9,3.5,13.5
885205.0,0.9,9.2,2.9,13.0
899710.0,2.4,9.9,2.1,14.4
698458.0,2.3,10.7,3.5,16.5
771482.0,1.7,8.6,2.8,13.099999999999998
899879.0,3.2,8.0,1.4,12.6
903353.0,2.5,9.1,3.4,15.0
821004.0,2.1,9.5,2.7,14.3
900001.0,4.2,9.3,2.4,15.9
874234.0,2.2,10.1,3.6,15.9
906035.0,2.2,7.9,2.7,12.8
900469.0,4.5,6.8,1.4,12.7
949436.0,3.4,7.9,3.8,15.1
759375.0,1.4,8.8,2.7,12.900000000000002
900678.0,2.4,7.6,1.3,11.3
963275.0,1.5,7.9,3.6,13.0
1042454.0,1.3,7.8,2.5,11.6
903026.0,4.4,8.2,1.7,14.3
967456.0,2.0,8.6,3.7,14.3
832995.0,2.2,8.7,2.6,13.499999999999998
905468.0,4.0,8.6,2.0,14.6
972389.0,1.9,9.1,4.1,15.1
919158.0,1.2,7.9,2.7,11.8
906390.0,4.1,10.0,1.5,15.6
566781.0,3.5,10.5,4.1,18.1
831055.0,1.4,7.6,2.8,11.8
906733.0,2.4,7.3,1.5,11.2
988643.0,1.3,6.8,4.4,12.5
782623.0,1.2,8.7,2.9,12.8
907263.0,2.7,7.9,1.6,12.2
951226.0,2.0,7.2,3.6,12.8
516394.0,2.4,9.5,3.0,14.9
907397.0,2.8,7.8,1.6,12.2
920496.0,1.4,8.1,4.1,13.6
1230485.0,1.7,4.5,2.1,8.3
907760.0,1.0,8.4,2.6,12.0
1183117.0,0.8,6.6,2.9,10.3
841278.0,1.4,9.0,3.1,13.5
908342.0,2.7,9.0,2.0,13.7
777347.0,2.3,11.2,3.6,17.1
684574.0,1.3,7.8,2.3,11.4
908364.0,3.3,8.0,1.9,13.2
593575.0,3.1,11.0,4.5,18.6
1195545.0,1.1,3.9,1.2,6.2
909892.0,1.8,5.2,0.2,7.2
868819.0,1.8,7.7,2.6,12.1
787271.0,1.8,9.5,3.0,14.3
887435.0,1.8,6.0,2.4,10.2
910244.0,3.6,7.1,1.7,12.4
1046227.0,1.6,6.1,4.6,12.3
783459.0,2.0,8.4,2.6,13.0
910317.0,3.0,7.7,1.4,12.1
921938.0,1.8,8.2,3.7,13.7
1013731.0,1.5,5.9,2.7,10.1
910437.0,3.5,5.5,1.0,10.0
859234.0,4.3,6.4,3.7,14.4
846829.0,1.4,7.2,2.7,11.3
911712.0,2.9,7.8,1.4,12.1
966897.0,2.5,7.7,4.3,14.5
843942.0,1.4,7.9,2.8,12.1
914896.0,2.5,7.2,1.9,11.6
950291.0,1.5,6.9,3.6,12.0
849871.0,1.2,7.3,2.9,11.4
914964.0,3.1,8.1,1.7,12.9
917678.0,1.5,8.2,3.7,13.4
828910.0,1.3,8.1,2.8,12.2
915639.0,2.7,7.3,2.3,12.3
956781.0,1.4,8.3,3.4,13.1
753019.0,1.9,9.9,2.8,14.6
916024.0,2.6,9.2,1.6,13.4
850442.0,2.0,10.2,3.5,15.7
1700583.0,0.8,4.3,1.9,7.0
917311.0,3.4,7.2,1.2,11.8
918146.0,2.6,7.2,3.6,13.4
1328065.0,0.8,9.1,3.0,12.9
917410.0,2.9,7.9,1.9,12.7
952770.0,1.2,9.4,3.8,14.4
1141128.0,1.3,5.4,2.4,9.1
918417.0,4.4,6.5,1.4,12.3
1026899.0,2.3,7.4,3.3,13.0
765293.0,2.1,10.2,2.9,15.2
918711.0,2.6,8.8,1.6,13.0
700608.0,3.4,9.1,4.0,16.5
872438.0,1.7,7.2,2.8,11.7
918722.0,3.9,7.3,1.9,13.1
891663.0,3.4,9.1,4.2,16.7
921536.0,1.9,8.1,2.6,12.6
919342.0,3.0,8.3,1.4,12.7
840361.0,2.9,7.6,4.1,14.6
926298.0,1.8,7.3,2.4,11.5
920103.0,4.0,6.6,1.2,11.8
689498.0,3.6,8.8,4.0,16.4
810987.0,1.0,8.0,2.6,11.6
920320.0,2.6,7.6,1.1,11.3
998507.0,1.8,7.5,4.0,13.3
857899.0,2.0,7.2,2.7,11.9
922305.0,3.0,7.8,1.7,12.5
914941.0,2.9,7.8,3.6,14.3
804586.0,2.0,7.2,2.7,11.9
923795.0,2.6,7.0,1.5,11.1
999818.0,2.4,6.8,3.9,13.1
806400.0,1.5,8.4,2.7,12.6
924943.0,1.4,7.3,2.1,10.8
963289.0,1.8,7.2,4.0,13.0
838981.0,1.5,7.3,2.6,11.4
925221.0,3.6,6.7,1.3,11.6
921810.0,2.5,8.2,3.8,14.5
897704.0,2.2,7.4,2.8,12.400000000000002
926137.0,2.9,8.7,1.7,13.3
1431299.0,2.7,5.2,3.5,11.4
1056172.0,1.5,5.6,2.3,9.4
927188.0,3.8,7.1,1.7,12.599999999999998
914688.0,2.6,8.6,3.7,14.9
1100129.0,0.7,5.9,2.8,9.4
927302.0,2.1,10.2,1.5,13.8
881406.0,1.7,7.2,2.7,11.6
928901.0,2.0,9.2,1.7,12.9
902754.0,2.7,8.6,4.2,15.5
985062.0,0.2,5.6,1.3,7.1
929264.0,7.3,4.9,2.3,14.5
1744096.0,0.5,1.1,3.7,5.300000000000001
830491.0,1.0,8.8,2.9,12.7
930105.0,2.5,9.7,1.9,14.1
680023.0,2.1,11.7,3.5,17.299999999999997
873875.0,1.0,9.6,2.9,13.5
930125.0,2.8,10.2,2.2,15.2
617924.0,1.9,12.7,3.3,17.9
876953.0,1.7,6.7,2.7,11.1
930128.0,3.4,8.2,1.6,13.2
882090.0,2.1,8.7,3.6,14.4
558230.0,3.0,7.7,3.2,13.9
930151.0,3.4,7.0,1.6,12.0
963288.0,1.7,6.8,4.0,12.5
685633.0,2.6,11.3,2.7,16.6
930210.0,3.0,8.2,1.9,13.1
681410.0,3.9,9.9,3.9,17.7
859929.0,1.8,6.9,2.6,11.3
930623.0,3.1,7.9,1.5,12.5
932402.0,3.2,7.5,2.7,13.4
861374.0,1.7,7.0,2.4,11.1
930639.0,2.6,8.0,1.2,11.8
1007795.0,2.4,7.2,3.6,13.2
1073140.0,1.3,5.9,2.6,9.8
931683.0,5.5,6.6,1.4,13.5
943188.0,2.5,8.4,2.9,13.8
840184.0,2.7,6.1,3.0,11.8
931790.0,3.9,6.6,0.8,11.3
772647.0,4.1,6.7,3.3,14.1
801016.0,1.5,8.5,3.2,13.2
932724.0,3.6,7.7,2.0,13.3
824387.0,1.7,8.8,4.9,15.4
822612.0,1.3,6.9,2.8,11.0
934259.0,3.1,7.9,1.4,12.4
858257.0,1.6,8.9,3.9,14.4
980577.0,2.2,6.6,2.4,11.2
934277.0,4.1,6.7,0.8,11.6
702700.0,4.5,7.7,3.9,16.099999999999998
847259.0,3.8,4.1,1.4,9.3
934673.0,2.3,7.2,3.0,12.5
1652316.0,1.4,4.9,3.6,9.9
1597610.0,1.2,6.1,1.9,9.2
875634.0,1.2,7.5,2.3,11.0
885409.0,2.1,6.3,2.5,10.9
934754.0,4.2,7.1,1.6,12.9
767471.0,2.9,8.8,4.4,16.1
909900.0,1.9,6.9,2.5,11.3
935273.0,4.2,6.5,0.5,11.2
744771.0,4.1,7.4,3.7,15.2
899320.0,0.8,7.5,1.5,9.8
935357.0,2.9,6.4,1.3,10.6
1069416.0,3.6,6.1,4.1,13.8
836135.0,1.8,8.3,2.7,12.8
935389.0,3.9,7.9,1.7,13.5
753851.0,2.9,10.6,3.9,17.4
853173.0,1.6,7.2,2.7,11.5
935910.0,1.8,8.2,2.0,12.0
933089.0,1.4,7.9,3.5,12.8
1617455.0,0.4,4.4,2.5,7.300000000000001
935949.0,4.1,8.0,0.9,13.0
927054.0,1.4,8.8,3.8,14.0
1129078.0,0.9,6.2,2.3,9.4
936273.0,2.4,7.5,1.6,11.5
901713.0,2.2,9.0,3.8,15.0
804479.0,1.0,9.1,3.0,13.1
936718.0,2.3,8.7,1.3,12.3
909572.0,1.5,9.8,3.6,14.9
894270.0,1.4,7.2,2.9,11.5
937274.0,3.4,7.3,1.8,12.5
1000323.0,1.8,7.6,3.9,13.3
785517.0,1.8,6.7,2.8,11.3
937723.0,2.7,7.5,1.1,11.3
1019804.0,2.4,5.8,3.5,11.7
1011488.0,1.6,6.7,2.5,10.8
937938.0,4.4,7.8,1.8,14.0
989587.0,2.4,7.8,3.6,13.8
957102.0,1.7,7.4,2.2,11.3
938071.0,2.5,8.8,1.7,13.0
661607.0,2.8,9.7,4.3,16.8
1497333.0,0.8,1.5,1.2,3.5
938205.0,3.3,6.5,1.5,11.3
934778.0,1.7,7.1,3.1,11.9
939934.0,3.4,8.3,1.3,13.000000000000002
945379.0,2.6,8.3,3.9,14.8
1397500.0,-0.2,5.0,1.0,5.8
940583.0,0.1,9.0,1.0,10.1
1295305.0,1.6,3.3,4.8,9.7
815679.0,1.3,7.9,3.0,12.2
940883.0,2.4,7.2,1.5,11.1
952337.0,1.7,8.1,3.8,13.599999999999998
1203184.0,1.7,4.9,2.3,8.9
941239.0,4.7,6.8,1.1,12.6
865926.0,4.7,7.1,3.2,15.0
885937.0,2.3,7.2,2.5,12.0
942400.0,3.3,9.9,0.6,13.8
621803.0,6.1,10.2,3.2,19.5
1051636.0,1.8,5.6,2.5,9.9
943771.0,4.3,6.8,1.3,12.4
951911.0,2.8,7.0,4.2,14.0
785272.0,1.7,7.6,3.0,12.3
943802.0,2.8,7.9,1.2,11.9
952435.0,1.9,8.5,3.8,14.2
1510096.0,0.9,6.8,2.0,9.7
943882.0,2.0,9.0,1.4,12.4
836670.0,2.6,7.9,3.8,14.3
1674881.0,0.4,3.6,2.6,6.6
944123.0,4.2,8.3,1.5,14.0
522491.0,3.4,12.5,3.8,19.7
872799.0,1.4,8.6,3.0,13.0
944141.0,2.1,8.7,2.1,12.9
929393.0,1.2,9.5,3.8,14.5
1678068.0,1.5,5.0,1.8,8.3
944199.0,4.5,7.5,1.0,13.0
877567.0,2.2,8.1,3.5,13.8
884626.0,1.7,7.3,2.9,11.9
944610.0,4.3,7.0,1.3,12.6
927792.0,2.9,6.8,3.7,13.4
776800.0,2.4,7.9,2.8,13.1
944742.0,4.1,6.6,2.1,12.8
889966.0,1.3,8.3,4.4,14.000000000000002
888893.0,1.1,7.6,2.7,11.4
946754.0,3.1,7.3,1.5,11.9
955059.0,1.9,7.1,3.7,12.7
864024.0,0.8,7.5,2.6,10.9
1672820.0,0.4,4.6,2.1,7.1
947990.0,3.5,6.8,1.4,11.7
1079984.0,0.9,6.2,2.3,9.4
771914.0,2.3,6.1,3.3,11.7
948083.0,3.7,4.6,1.9,10.2
1171689.0,3.1,5.2,3.5,11.8
909161.0,1.5,7.6,2.8,11.9
948480.0,2.4,7.3,1.5,11.2
950921.0,1.8,7.7,3.9,13.4
1095070.0,1.2,6.0,2.5,9.7
949188.0,3.3,7.2,1.4,11.9
931294.0,2.6,8.4,3.2,14.2
939034.0,2.1,6.3,2.7,11.1
949637.0,4.1,7.0,1.5,12.6
978411.0,2.5,7.0,4.3,13.8
821091.0,1.4,6.9,2.8,11.1
949724.0,2.4,6.8,1.3,10.5
884539.0,2.5,7.0,3.3,12.8
611629.0,2.1,7.8,2.1,12.0
949750.0,3.4,7.5,1.3,12.2
1156302.0,0.1,4.5,5.5,10.1
880739.0,0.9,8.9,2.8,12.6
949843.0,2.8,8.6,1.5,12.9
879683.0,2.3,9.2,3.6,15.1
1501116.0,1.2,4.8,2.3,8.3
950474.0,2.4,8.1,1.8,12.3
774170.0,2.4,10.0,3.4,15.8
839720.0,1.5,8.4,2.8,12.7
950514.0,3.0,8.1,1.8,12.9
969661.0,2.8,8.9,3.0,14.7
846236.0,1.6,6.6,2.7,10.9
951798.0,3.8,7.5,1.1,12.4
1036604.0,2.1,7.6,3.6,13.3
874669.0,2.2,7.2,2.8,12.2
953378.0,3.7,7.1,1.6,12.4
749817.0,3.8,10.1,3.9,17.799999999999997
1260692.0,2.3,4.3,2.4,9.0
954128.0,4.7,5.8,1.2,11.7
881448.0,4.0,7.3,3.6,14.9
779881.0,1.8,8.6,2.7,13.1
954219.0,2.8,7.7,1.2,11.7
993006.0,1.9,8.4,3.5,13.8
1189029.0,0.7,5.1,2.7,8.5
956176.0,2.2,8.4,1.3,11.900000000000002
1247438.0,1.2,6.0,3.3,10.5
929096.0,1.7,6.8,2.9,11.4
956368.0,4.1,6.5,1.5,12.1
926379.0,2.8,7.7,4.0,14.5
872140.0,1.8,6.9,2.8,11.5
956740.0,3.2,7.5,1.5,12.2
969951.0,2.2,8.5,3.7,14.4
798119.0,1.8,7.7,2.7,12.2
957483.0,2.6,6.8,1.0,10.4
1037036.0,1.9,7.1,3.5,12.5
1129808.0,1.6,5.2,2.5,9.3
957891.0,4.3,7.8,1.4,13.5
811018.0,2.9,7.7,4.2,14.8
894814.0,1.2,7.5,2.6,11.3
957910.0,2.9,8.3,1.8,13.000000000000002
999171.0,1.6,7.7,3.8,13.1
1373806.0,0.2,3.1,2.4,5.7
960258.0,3.9,6.0,-0.1,9.8
874035.0,1.5,9.9,1.9,13.3
1703386.0,0.3,3.1,2.0,5.4
961053.0,2.7,8.0,1.2,11.9
725292.0,2.5,9.5,4.1,16.1
930119.0,1.4,7.0,2.4,10.8
961092.0,3.0,8.0,2.2,13.2
1031083.0,2.0,8.0,3.8,13.8
863406.0,1.8,7.9,2.5,12.2
961416.0,2.7,7.8,1.7,12.2
918266.0,1.9,8.9,3.5,14.3
970673.0,1.3,8.0,2.2,11.5
961655.0,3.7,7.1,2.0,12.8
855804.0,1.9,7.6,3.9,13.4
855490.0,1.8,6.3,2.7,10.8
962072.0,3.9,5.8,1.3,11.0
1025616.0,2.5,7.2,3.5,13.2
818691.0,1.6,7.9,2.5,12.0
962103.0,3.7,7.7,1.1,12.5
1021216.0,3.0,8.1,3.9,15.0
926507.0,1.4,7.0,2.7,11.1
963264.0,2.4,8.3,1.8,12.500000000000002
979705.0,1.9,9.0,3.4,14.3
816819.0,1.7,7.4,2.8,11.9
964122.0,2.2,8.2,1.4,11.8
1097333.0,1.6,7.3,3.5,12.4
1507528.0,1.3,4.0,2.0,7.3
965259.0,3.2,7.9,1.3,12.400000000000002
844478.0,2.9,7.3,3.7,13.9
770614.0,2.8,7.1,2.4,12.3
966836.0,3.9,7.9,1.0,12.8
573537.0,4.0,8.1,4.4,16.5
1297361.0,0.6,6.4,2.8,9.8
968381.0,2.6,8.6,1.3,12.5
885166.0,1.4,8.5,2.8,12.7
968695.0,4.1,8.6,1.5,14.2
606167.0,2.6,9.4,4.2,16.2
917766.0,1.5,7.0,2.9,11.4
968723.0,3.8,7.1,1.8,12.7
857775.0,2.1,8.9,4.1,15.1
909039.0,1.1,7.1,3.1,11.3
968755.0,2.7,8.3,1.9,12.9
552132.0,4.5,10.1,4.5,19.1
1629002.0,0.8,7.1,2.5,10.4
969202.0,2.8,9.6,1.5,13.9
902890.0,1.1,9.0,4.0,14.1
841546.0,0.8,6.2,2.2,9.2
969352.0,2.3,7.9,0.9,11.1
890202.0,1.6,6.5,2.7,10.8
969910.0,2.3,6.5,1.4,10.2
969678.0,1.5,7.1,4.2,12.8
860877.0,1.6,7.1,2.8,11.5
969993.0,3.4,7.1,1.6,12.1
878833.0,1.5,9.4,2.9,13.8
970680.0,3.8,8.7,1.5,14.0
869256.0,2.2,10.7,4.1,17.0
915380.0,1.8,6.8,3.2,11.8
970884.0,4.9,7.8,2.1,14.8
602198.0,4.2,10.9,4.3,19.4
859428.0,1.6,7.6,2.7,11.9
971402.0,2.6,7.9,1.3,11.8
992006.0,2.5,7.2,3.4,13.1
845726.0,1.6,6.8,2.8,11.2
971406.0,3.6,5.7,1.1,10.4
1017125.0,2.3,7.1,3.8,13.2
725151.0,2.2,10.3,2.9,15.4
971613.0,5.6,12.3,1.8,19.7
385976.0,5.8,14.4,4.0,24.2
882611.0,1.3,8.2,2.7,12.2
972342.0,2.9,7.5,1.3,11.7
1005972.0,2.1,7.9,3.4,13.4
1171653.0,0.6,7.0,2.4,10.0
972711.0,2.5,7.1,1.6,11.2
886961.0,2.4,7.8,4.1,14.3
1068726.0,1.2,4.0,2.2,7.4
973137.0,2.7,7.2,1.1,11.0
800628.0,4.1,7.4,4.2,15.7
1206280.0,1.0,5.3,2.3,8.6
973607.0,2.5,7.8,1.4,11.7
982007.0,1.4,8.1,3.4,12.9
987113.0,1.6,6.0,2.6,10.2
974298.0,4.4,7.0,1.5,12.9
991567.0,2.0,7.0,3.8,12.8
1282895.0,0.7,4.8,2.4,7.9
974718.0,3.3,6.2,1.3,10.8
905751.0,1.5,7.0,4.3,12.8
1120906.0,1.4,7.0,3.2,11.6
975028.0,3.3,5.3,3.1,11.7
1063197.0,3.6,3.5,2.3,9.4
1303766.0,1.3,4.7,2.3,8.3
975781.0,4.1,6.9,1.5,12.5
996018.0,2.1,7.2,4.4,13.7
1081884.0,1.6,6.1,2.3,10.0
976066.0,4.3,7.1,1.2,12.599999999999998
1038197.0,2.9,7.6,4.0,14.5
966155.0,1.5,8.2,2.6,12.3
977225.0,3.3,7.7,1.6,12.6
993252.0,2.1,8.6,3.3,14.0
965634.0,0.7,6.9,2.5,10.1
977839.0,2.4,7.7,1.7,11.8
970584.0,1.6,8.2,3.6,13.4
907497.0,1.2,7.3,2.5,11.0
979554.0,2.4,7.1,1.3,10.8
995309.0,1.5,6.3,3.8,11.6
655014.0,2.5,8.8,2.9,14.2
979901.0,2.7,7.9,1.6,12.2
899735.0,1.4,8.8,4.4,14.6
948324.0,2.3,6.1,2.5,10.9
980123.0,4.7,8.5,1.6,14.8
565270.0,5.3,9.6,4.1,19.0
1035454.0,0.8,5.8,2.6,9.2
980446.0,2.7,7.0,1.8,11.5
990083.0,2.2,6.0,3.9,12.1
879718.0,1.8,6.6,2.7,11.1
980563.0,3.3,6.6,0.9,10.8
970529.0,2.1,7.8,3.6,13.5
852371.0,1.8,8.3,2.3,12.400000000000002
980874.0,2.9,9.9,1.7,14.5
885441.0,1.5,7.2,2.9,11.6
981147.0,2.9,6.9,1.8,11.6
933575.0,2.5,6.8,3.9,13.2
1702332.0,0.3,5.5,1.7,7.5
981379.0,2.7,9.9,1.6,14.2
1116178.0,2.1,9.3,3.5,14.9
1376157.0,0.6,5.5,2.2,8.3
981590.0,2.0,10.2,1.5,13.7
872452.0,1.8,10.4,3.0,15.2
611518.0,0.0,14.2,2.2,16.4
981612.0,0.0,5.3,3.5,8.8
899019.0,1.3,8.1,2.9,12.3
981802.0,2.9,7.6,1.5,12.0
981024.0,2.3,8.6,3.7,14.599999999999998
876171.0,2.5,5.9,2.8,11.2
982452.0,4.6,5.1,0.8,10.5
1106488.0,1.4,6.6,3.7,11.7
752266.0,2.3,10.8,3.1,16.200000000000003
982474.0,3.5,10.0,1.7,15.2
528566.0,4.8,11.7,3.9,20.4
899153.0,1.6,6.8,2.6,11.0
984775.0,1.7,7.0,1.7,10.4
960058.0,1.2,8.1,4.3,13.599999999999998
981860.0,1.2,8.2,2.9,12.3
898519.0,1.3,8.1,2.3,11.7
1036671.0,1.3,6.0,2.6,9.9
985285.0,2.8,7.1,1.5,11.4
1000745.0,1.6,7.0,4.3,12.9
861816.0,1.2,8.1,2.6,11.9
986304.0,1.9,8.8,1.6,12.3
912578.0,2.1,9.9,3.6,15.6
884784.0,1.3,7.7,2.8,11.8
987835.0,2.5,7.8,1.8,12.1
922239.0,1.6,8.5,3.5,13.6
1302256.0,1.2,4.6,2.0,7.8
988989.0,3.2,7.2,1.1,11.5
871461.0,1.8,8.0,2.8,12.6
990313.0,3.1,7.8,1.4,12.3
1015126.0,2.0,8.5,3.9,14.4
859112.0,1.4,8.1,3.0,12.5
991152.0,3.4,8.1,1.9,13.4
924892.0,2.0,9.0,3.7,14.7
1060992.0,0.9,7.6,2.3,10.8
991282.0,3.0,8.8,1.4,13.2
862512.0,1.8,9.4,3.8,15.0
1089827.0,1.1,5.6,2.5,9.2
991684.0,2.9,7.2,1.5,11.6
983311.0,1.7,7.5,4.4,13.6
948678.0,1.5,5.7,2.3,9.5
992294.0,2.5,7.0,1.5,11.0
879151.0,1.8,7.8,3.8,13.4
867173.0,1.2,7.7,3.0,11.9
992368.0,2.7,7.6,1.6,11.9
1039021.0,1.8,7.7,3.6,13.1
1146698.0,1.3,5.5,2.4,9.2
992503.0,4.9,6.3,1.6,12.8
1111732.0,1.8,6.9,3.7,12.400000000000002
888557.0,1.4,8.7,2.8,12.9
993970.0,2.0,7.8,1.7,11.5
936587.0,1.5,9.0,3.6,14.1
894916.0,1.3,6.2,2.5,10.0
994078.0,2.3,7.3,1.2,10.8
1042454.0,1.5,6.3,3.9,11.7
843120.0,1.4,7.2,2.8,11.4
994247.0,2.8,7.1,1.3,11.2
1026894.0,2.3,7.3,3.6,13.2
957675.0,1.3,7.6,2.4,11.3
994347.0,3.8,8.0,2.3,14.1
734423.0,3.8,9.6,3.6,17.0
883657.0,1.9,7.9,3.1,12.9
994763.0,3.3,7.1,1.5,11.9
990863.0,2.7,8.2,3.9,14.8
892663.0,2.2,7.2,2.0,11.4
996772.0,3.3,6.9,1.5,11.7
1004018.0,2.1,8.5,3.0,13.6
1044071.0,1.0,5.9,2.7,9.6
997571.0,2.6,6.1,0.4,9.1
976714.0,2.5,6.1,3.3,11.9
880621.0,1.3,6.8,2.7,10.8
997844.0,3.0,6.5,1.3,10.8
1004575.0,2.3,6.9,3.8,13.0
1054178.0,0.8,6.1,2.7,9.6
998685.0,2.3,7.7,1.0,11.0
855031.0,1.9,8.6,4.0,14.5
1054205.0,1.5,5.2,2.5,9.2
998796.0,3.0,6.5,1.3,10.8
1010745.0,1.8,6.4,4.1,12.3
879358.0,1.7,6.4,2.7,10.8
999398.0,3.2,6.0,1.1,10.3
1036575.0,1.8,6.4,3.8,12.0
1548884.0,1.1,4.6,2.1,7.799999999999999
999449.0,2.7,6.9,1.6,11.2
980877.0,2.3,7.9,3.4,13.6
708074.0,1.8,9.8,3.0,14.6
1000556.0,2.9,9.9,1.5,14.3
374095.0,6.8,13.2,3.2,23.2
989833.0,0.8,8.0,2.5,11.3
1000639.0,2.8,8.0,2.3,13.1
796223.0,2.9,9.8,3.9,16.6
1700140.0,1.0,3.5,1.8,6.3
1004256.0,3.3,6.4,1.6,11.3
896386.0,2.4,7.5,3.5,13.4
908889.0,1.2,7.1,2.8,11.099999999999998
1004625.0,2.2,7.5,1.6,11.3
1072523.0,1.1,7.9,3.8,12.8
1129962.0,1.0,6.2,2.6,9.8
1004897.0,3.5,8.0,1.6,13.1
1006266.0,1.1,8.1,3.6,12.8
896677.0,1.2,9.2,2.8,13.2
1005074.0,2.3,8.7,1.6,12.6
941995.0,2.2,8.5,3.5,14.2
800228.0,2.1,9.3,2.4,13.8
1005352.0,4.8,10.4,1.7,16.9
428644.0,6.6,13.1,4.2,23.9
918207.0,1.1,7.4,2.6,11.1
1007867.0,2.3,7.8,1.6,11.7
1005265.0,1.7,7.3,3.8,12.8
885592.0,1.9,9.5,3.0,14.4
1008330.0,5.2,9.9,1.4,16.5
557142.0,3.9,11.8,4.8,20.5
1257187.0,1.4,5.4,2.4,9.2
1008437.0,3.1,6.2,1.5,10.8
1121990.0,1.8,7.7,4.1,13.6
958039.0,1.8,6.2,2.6,10.6
1009377.0,3.0,7.6,1.5,12.1
1060699.0,2.0,6.8,3.8,12.6
957012.0,0.3,6.2,3.0,9.5
1009855.0,1.8,9.5,1.8,13.1
1058658.0,1.3,7.0,3.6,11.9
1001502.0,0.9,5.4,1.8,8.100000000000001
1010332.0,2.4,8.3,1.3,12.000000000000002
662281.0,3.2,9.1,3.7,16.0
967524.0,0.2,7.1,2.3,9.6
1010636.0,3.1,8.2,1.0,12.3
1317977.0,2.0,0.5,2.6,5.1
1268678.0,0.8,4.5,2.2,7.5
1010685.0,4.1,7.5,1.7,13.3
333872.0,9.5,13.4,2.5,25.4
1682544.0,0.1,3.1,1.6,4.800000000000001
1010924.0,3.1,6.9,1.0,11.0
793370.0,1.6,8.8,3.9,14.3
1046533.0,1.0,5.6,2.5,9.1
976033.0,1.5,5.9,2.4,9.8
1011082.0,2.0,7.2,1.4,10.6
1041569.0,1.5,7.2,3.7,12.4
968543.0,1.7,6.4,2.5,10.6
1012188.0,2.5,6.6,1.7,10.8
1010686.0,2.4,7.0,3.3,12.7
985710.0,1.5,6.3,2.7,10.5
1012194.0,2.8,7.0,1.7,11.5
873543.0,2.5,8.6,3.7,14.8
1655707.0,0.6,6.6,1.7,8.899999999999999
1012719.0,3.1,8.5,1.7,13.3
994722.0,2.3,9.4,3.5,15.2
940477.0,1.2,9.4,2.7,13.3
1012790.0,1.8,9.3,1.9,13.000000000000002
906066.0,1.8,9.8,3.6,15.2
891060.0,1.2,5.9,2.9,10.0
1013488.0,2.6,6.7,1.1,10.4
1013404.0,2.1,7.3,3.9,13.3
1082421.0,1.6,6.0,2.5,10.1
1013774.0,3.2,7.0,1.4,11.6
997665.0,1.9,7.2,4.0,13.1
969428.0,1.2,7.3,2.8,11.3
1014364.0,1.9,7.9,1.6,11.4
1012286.0,1.7,8.0,3.7,13.4
897269.0,1.4,6.9,2.4,10.7
1014592.0,3.1,6.8,1.0,10.9
1037930.0,1.9,7.7,3.7,13.3
890606.0,1.7,6.6,2.5,10.8
1015230.0,2.8,7.0,1.3,11.1
1091944.0,1.9,7.1,3.8,12.8
958743.0,1.1,7.8,2.5,11.4
1015374.0,3.1,6.9,1.8,11.8
1025332.0,2.0,8.1,3.5,13.6
973449.0,1.5,6.3,2.5,10.3
1015550.0,2.2,6.5,1.4,10.1
1058541.0,2.3,7.3,3.2,12.8
1506243.0,0.2,5.4,3.6,9.2
1015842.0,2.5,8.3,1.7,12.5
902761.0,1.0,7.6,2.5,11.1
1015974.0,2.8,5.9,0.9,9.6
915783.0,1.6,7.3,2.5,11.4
1017783.0,2.5,7.1,1.4,11.0
1060437.0,2.0,7.3,3.5,12.8
1585151.0,1.2,4.3,1.9,7.4
1017976.0,3.3,7.0,1.2,11.5
821770.0,2.2,8.6,3.2,14.0
1153517.0,0.6,5.7,2.4,8.7
1018224.0,3.0,8.8,1.1,12.9
651683.0,2.7,10.7,4.1,17.5
1466374.0,0.1,3.7,2.0,5.800000000000001
1019392.0,2.6,6.1,0.9,9.6
988038.0,1.8,7.5,3.7,13.0
828885.0,1.2,9.7,2.7,13.599999999999998
1019417.0,1.9,9.6,1.4,12.9
732501.0,1.9,10.4,4.0,16.3
1090175.0,0.8,6.4,2.9,10.1
1021398.0,3.5,6.8,2.3,12.6
1050571.0,0.8,8.4,4.4,13.6
1005938.0,1.4,6.4,2.5,10.3
1022087.0,2.4,7.6,1.4,11.4
1055904.0,1.7,6.9,3.6,12.2
994763.0,1.4,5.8,2.7,9.9
1022330.0,1.9,6.8,1.6,10.3
1005694.0,2.3,8.3,4.2,14.8
1055124.0,1.6,5.8,2.3,9.7
1023274.0,3.9,7.2,1.7,12.8
966286.0,2.3,8.1,3.7,14.099999999999998
1227875.0,0.8,5.3,2.1,8.2
1023648.0,2.9,8.6,1.2,12.7
641052.0,3.5,10.6,3.5,17.6
1588165.0,1.1,4.5,1.9,7.5
1023759.0,2.7,6.9,1.0,10.6
699319.0,2.5,6.2,2.7,11.4
997561.0,1.3,6.8,2.9,11.0
1024766.0,4.3,6.2,1.1,11.6
958886.0,2.5,7.5,3.6,13.6
1090689.0,1.9,6.4,2.8,11.1
1024799.0,3.3,6.7,2.3,12.3
1035762.0,1.3,8.1,4.8,14.2
840193.0,1.8,6.9,2.8,11.5
1024849.0,4.2,6.3,1.3,11.8
864451.0,2.5,8.1,4.3,14.9
854467.0,1.6,7.5,2.7,11.8
1025721.0,2.9,6.6,1.4,10.9
1300446.0,1.4,6.6,4.0,12.0
912427.0,1.7,6.8,2.6,11.1
1026503.0,4.4,7.2,0.7,12.3
695256.0,4.0,8.9,3.9,16.8
951259.0,1.3,6.1,2.6,10.0
1027133.0,2.9,7.2,1.1,11.2
1040467.0,1.8,7.2,3.7,12.7
1015441.0,0.8,6.0,2.6,9.4
1028371.0,2.6,7.2,1.6,11.4
1050947.0,2.5,7.2,3.5,13.2
941684.0,1.2,7.2,2.3,10.7
1028392.0,3.1,7.2,1.3,11.6
1060135.0,1.5,7.0,3.2,11.7
1546833.0,0.4,3.6,1.9,5.9
1030323.0,1.4,7.0,1.3,9.7
1209973.0,1.0,7.1,3.0,11.1
1563736.0,1.2,3.4,1.8,6.4
1030541.0,4.3,5.5,1.0,10.8
972328.0,3.3,5.4,3.1,11.8
896435.0,1.3,6.8,2.7,10.8
1030844.0,2.7,7.3,1.2,11.2
1104377.0,1.9,7.4,3.4,12.7
708975.0,2.1,6.0,3.6,11.7
1030872.0,1.9,7.9,1.6,11.4
1314774.0,2.4,4.9,3.8,11.1
982303.0,0.8,6.1,2.8,9.7
1032483.0,2.8,6.6,1.3,10.7
1045925.0,1.6,6.6,4.0,12.2
988767.0,1.3,6.5,2.5,10.3
1033528.0,2.6,7.7,1.7,12.0
829714.0,2.4,9.2,3.8,15.4
740338.0,2.1,7.1,3.0,12.2
1033598.0,3.3,7.0,1.7,12.0
1029402.0,1.9,7.2,4.4,13.5
1023426.0,1.4,5.0,2.5,8.9
1033647.0,2.3,6.5,1.7,10.5
986306.0,1.2,7.7,4.5,13.4
1633359.0,0.5,4.3,1.4,6.199999999999999
1033920.0,1.7,7.4,1.2,10.3
1079073.0,1.5,8.2,3.7,13.4
975460.0,1.9,6.0,2.6,10.5
1034141.0,2.4,7.3,1.1,10.8
1013801.0,1.1,7.3,3.7,12.1
1120476.0,1.1,5.2,2.6,8.9
1034260.0,3.2,7.1,1.9,12.2
1037057.0,1.7,7.6,4.6,13.9
959035.0,2.0,7.6,2.3,11.9
1035208.0,3.4,7.0,0.9,11.3
1038355.0,2.2,7.6,3.8,13.6
924815.0,1.7,6.5,2.5,10.7
1035831.0,2.6,6.8,1.1,10.5
1110956.0,2.0,5.4,3.6,11.0
1238540.0,2.6,5.5,2.7,10.8
1147572.0,1.1,6.3,2.5,9.9
1036861.0,3.7,6.3,1.5,11.5
790933.0,2.9,7.4,3.4,13.7
1122140.0,1.7,6.0,2.6,10.3
1036995.0,2.9,7.0,1.4,11.3
1063008.0,2.5,7.0,3.1,12.6
938018.0,1.3,9.4,2.7,13.400000000000002
1037433.0,2.8,8.4,1.6,12.8
972173.0,2.4,9.4,4.2,16.0
889882.0,1.1,5.3,3.0,9.4
1038710.0,3.1,4.6,0.4,8.1
1386852.0,2.3,3.9,4.1,10.3
1202808.0,0.9,5.1,2.4,8.4
1038739.0,3.0,6.6,1.5,11.1
1130832.0,1.5,6.2,4.2,11.9
983542.0,1.9,6.5,2.2,10.6
1039462.0,5.4,7.8,1.7,14.9
563282.0,3.2,11.1,4.3,18.6
1163887.0,1.2,4.7,2.5,8.4
1040406.0,2.3,5.9,0.8,9.0
919560.0,2.6,7.7,3.1,13.4
935848.0,2.0,8.8,3.0,13.8
1041302.0,3.3,8.6,1.4,13.3
1010352.0,4.0,7.3,3.3,14.6
920820.0,0.9,6.7,2.8,10.4
1041534.0,2.0,7.4,1.0,10.4
1028155.0,1.4,8.0,3.8,13.2
928557.0,1.1,7.3,2.4,10.8
1041575.0,2.3,6.8,1.1,10.2
1104453.0,1.7,5.9,3.5,11.1
964362.0,1.4,5.7,2.3,9.4
1041709.0,2.7,6.1,1.2,10.0
1042923.0,1.4,6.9,3.9,12.2
1614494.0,0.5,4.9,2.2,7.6
1042211.0,2.9,7.7,1.1,11.7
1094234.0,1.4,5.9,2.7,10.0
1043245.0,3.7,6.0,1.3,11.0
953084.0,2.5,7.5,3.9,13.9
385731.0,4.8,5.8,3.8,14.4
1043677.0,0.3,4.5,0.5,5.3
464475.0,6.5,5.0,2.5,14.0
865932.0,0.9,8.6,2.5,12.0
1043847.0,2.5,6.9,1.2,10.6
988514.0,2.0,8.5,3.4,13.9
1078798.0,2.2,4.5,2.4,9.1
1043943.0,2.7,6.4,1.4,10.500000000000002
1153453.0,1.8,4.7,3.9,10.4
1115131.0,1.1,5.1,2.3,8.5
1044213.0,2.5,8.4,1.9,12.8
784432.0,4.0,7.9,3.8,15.7
1232433.0,1.3,4.1,2.4,7.799999999999999
1045802.0,3.3,6.9,1.6,11.8
1143241.0,2.1,6.3,3.8,12.2
921914.0,1.4,7.5,2.3,11.2
1046104.0,2.0,8.4,1.4,11.8
976309.0,1.3,9.0,3.7,14.0
1233937.0,1.1,5.3,2.6,9.0
1046272.0,2.4,8.5,1.3,12.2
675775.0,3.2,9.0,3.9,16.099999999999998
1052593.0,0.8,8.1,2.1,11.0
1046503.0,2.1,8.7,1.7,12.499999999999998
1052989.0,1.2,9.5,3.7,14.4
946193.0,2.0,5.5,2.7,10.2
1046532.0,2.5,7.2,1.5,11.2
1079590.0,1.8,6.9,3.4,12.1
1014215.0,1.0,5.7,2.5,9.2
1047666.0,4.2,6.7,0.9,11.8
1137192.0,1.7,5.8,3.7,11.2
980705.0,1.2,6.4,2.7,10.3
1048344.0,2.2,7.2,1.6,11.0
1088714.0,1.7,8.1,3.7,13.5
1206004.0,1.6,6.1,2.4,10.1
1049418.0,3.7,7.2,1.2,12.1
1084995.0,1.2,7.6,3.5,12.3
1080437.0,1.4,4.9,2.3,8.600000000000001
1050018.0,2.7,6.3,1.9,10.9
1056694.0,1.9,7.4,3.9,13.2
1622658.0,0.2,3.3,1.2,4.7
1050227.0,2.6,6.2,1.4,10.2
1107771.0,1.3,4.8,2.2,8.3
1050273.0,1.8,7.3,1.3,10.4
982984.0,1.0,6.7,2.7,10.4
1051222.0,2.5,7.2,1.4,11.1
1103844.0,2.0,6.8,3.5,12.3
939178.0,1.4,7.5,2.8,11.7
1051459.0,2.6,8.1,1.8,12.5
1012695.0,2.2,8.5,3.8,14.5
1177634.0,0.8,7.8,2.7,11.3
1052178.0,2.3,9.9,1.7,13.9
749388.0,1.9,11.7,3.3,16.9
1691313.0,0.7,3.7,1.4,5.800000000000001
1052374.0,3.9,6.4,1.3,11.6
1042099.0,1.2,6.2,3.5,10.9
978785.0,1.0,6.7,2.6,10.3
1052548.0,3.1,8.0,1.6,12.7
971230.0,1.6,7.3,4.0,12.9
1107376.0,2.0,3.4,1.8,7.2
1053749.0,0.7,8.2,1.6,10.499999999999998
1344452.0,1.7,3.5,5.3,10.5
1009705.0,0.8,6.2,2.6,9.6
1054305.0,3.5,5.7,1.1,10.3
1021363.0,1.6,7.3,3.9,12.8
1261948.0,0.4,4.6,2.1,7.1
1054561.0,3.6,6.2,1.4,11.2
986430.0,2.9,7.4,3.8,14.1
1003111.0,1.8,6.0,2.3,10.1
1054585.0,2.3,5.9,1.4,9.6
1098203.0,2.0,6.7,2.9,11.6
1016757.0,1.2,6.4,2.6,10.2
1054805.0,3.5,6.7,1.5,11.7
1053436.0,2.2,7.0,3.9,13.1
862972.0,2.8,7.4,2.9,13.1
1056082.0,3.1,6.7,1.3,11.1
842731.0,3.1,8.0,3.7,14.8
983222.0,1.2,6.6,2.7,10.5
1056116.0,1.8,6.5,1.5,9.8
1066429.0,1.5,7.6,3.9,13.0
1049738.0,1.8,6.2,2.5,10.5
1056374.0,4.1,6.6,1.0,11.7
975362.0,2.3,7.9,3.7,13.9
972329.0,1.3,6.1,2.7,10.1
1056506.0,2.7,6.1,1.4,10.2
1028271.0,2.5,7.2,3.4,13.1
1000263.0,1.1,6.8,2.6,10.5
1057580.0,2.9,7.1,1.3,11.3
1109987.0,1.4,7.3,3.6,12.3
950959.0,0.6,6.5,2.4,9.5
1057798.0,1.7,7.1,1.3,10.1
1027742.0,1.1,7.5,3.7,12.3
1090217.0,1.4,4.9,2.5,8.8
1057927.0,2.9,6.6,1.2,10.7
1036856.0,2.1,7.6,3.8,13.5
1557062.0,1.3,6.3,2.6,10.2
1058440.0,3.0,9.1,1.1,13.2
928218.0,1.9,7.9,3.5,13.3
956719.0,1.4,8.0,2.6,12.0
1058487.0,2.6,7.2,1.6,11.4
1063050.0,2.0,8.6,3.5,14.1
1000948.0,1.9,5.9,2.8,10.6
1058859.0,3.9,7.3,1.5,12.7
660889.0,6.0,8.6,4.2,18.8
1395764.0,0.2,4.2,2.0,6.4
1059060.0,4.4,5.9,1.7,12.0
752634.0,2.4,8.3,3.0,13.7
772908.0,1.7,5.3,3.0,10.0
1060660.0,3.0,7.5,1.8,12.3
1347438.0,1.8,5.6,3.9,11.3
1087106.0,1.1,8.0,2.8,11.9
1060846.0,1.8,8.3,1.9,12.000000000000002
1089321.0,1.9,8.0,3.4,13.3
969870.0,1.6,6.0,2.6,10.2
1062155.0,2.9,6.6,0.7,10.2
1038491.0,3.0,7.0,3.2,13.2
1031931.0,1.8,5.6,2.5,9.9
1062192.0,4.8,8.1,1.5,14.4
570232.0,4.8,11.0,3.9,19.7
785716.0,2.3,8.4,2.6,13.3
1062930.0,1.1,6.5,1.6,9.2
1270827.0,1.6,6.7,2.7,11.0
1011403.0,0.9,6.0,2.4,9.3
1063070.0,2.5,6.4,1.3,10.2
1144538.0,1.3,6.8,3.9,12.0
971834.0,1.3,8.2,3.1,12.6
1063288.0,1.8,8.2,1.6,11.6
980078.0,1.2,8.1,4.5,13.8
970660.0,1.5,7.0,2.5,11.0
943531.0,1.2,7.4,2.3,10.9
1092236.0,1.1,5.3,2.5,8.9
1064308.0,3.4,6.6,1.5,11.5
927911.0,2.4,8.0,4.4,14.8
931333.0,1.4,6.8,3.0,11.2
1064485.0,2.2,7.2,1.1,10.5
1134206.0,1.4,6.9,4.0,12.3
1014701.0,1.4,6.2,2.6,10.2
1064902.0,2.6,7.9,1.4,11.9
1088086.0,2.0,7.1,3.5,12.6
1182567.0,1.2,4.7,2.3,8.2
1065583.0,3.9,6.1,1.3,11.3
1152533.0,2.1,5.8,4.0,11.9
1295672.0,1.0,2.2,1.9,5.1
1065798.0,5.1,2.9,0.3,8.3
1155869.0,1.0,4.1,2.4,7.5
1066758.0,2.4,6.8,1.2,10.4
902674.0,2.6,6.7,2.8,12.1
1329177.0,0.8,7.3,2.9,11.0
1066933.0,6.0,7.6,1.7,15.3
1302589.0,0.7,7.2,3.8,11.7
1060531.0,1.5,5.1,2.6,9.2
1067356.0,2.8,5.8,1.5,10.1
1037925.0,1.8,7.2,3.4,12.4
1024764.0,1.4,6.2,2.2,9.8
1067662.0,3.1,6.8,1.5,11.4
1069723.0,1.6,8.1,3.6,13.3
858937.0,2.2,5.4,2.6,10.2
1069051.0,3.4,6.0,1.5,10.9
1184065.0,2.1,5.7,4.4,12.2
1051650.0,1.1,6.3,2.8,10.2
1069876.0,2.5,6.7,1.6,10.8
1182860.0,1.7,7.1,3.8,12.599999999999998
1081021.0,1.4,6.7,2.0,10.1
1071035.0,3.1,7.7,1.3,12.1
926805.0,2.0,8.5,3.6,14.1
1406103.0,0.8,3.4,1.1,5.300000000000001
1071120.0,1.8,3.8,1.0,6.6
940339.0,1.7,6.4,2.4,10.5
1072243.0,2.3,6.7,1.4,10.4
1168050.0,1.4,6.6,3.2,11.2
1010216.0,1.0,6.0,2.5,9.5
1072674.0,2.9,5.9,1.0,9.8
1102342.0,2.0,7.3,3.9,13.2
1300696.0,-1.2,4.4,0.1,3.3000000000000003
1074219.0,0.9,7.9,0.8,9.6
863698.0,2.3,8.1,3.1,13.499999999999998
1519175.0,-0.4,3.5,2.0,5.1
1074610.0,2.1,7.5,0.4,10.0
847469.0,2.1,8.8,3.9,14.8
1335576.0,0.8,6.1,2.4,9.3
1074858.0,3.9,7.8,1.4,13.1
1130161.0,1.2,6.2,4.3,11.7
1057002.0,2.5,6.2,2.6,11.3
1074958.0,3.0,7.0,1.8,11.8
1029211.0,2.1,8.0,4.1,14.2
1264342.0,0.4,5.4,2.3,8.100000000000001
1075173.0,1.5,7.8,1.7,11.0
884191.0,1.9,9.1,3.8,14.8
776518.0,1.5,7.1,2.8,11.4
1075212.0,1.9,6.7,1.3,9.9
1002641.0,0.9,7.8,4.0,12.7
1578862.0,1.4,2.3,2.1,5.8
1075662.0,2.8,5.4,1.1,9.3
1205170.0,2.7,5.3,3.3,11.3
1335552.0,-0.0,3.6,1.2,4.8
1075749.0,1.9,5.0,2.2,9.1
1164135.0,1.4,4.9,2.2,8.5
1075823.0,3.2,6.3,1.5,11.0
1081880.0,2.2,7.7,3.4,13.3
948552.0,1.3,7.2,2.3,10.8
1076146.0,2.6,6.8,1.3,10.7
1045387.0,2.2,7.1,3.7,13.0
997682.0,1.2,6.7,2.2,10.1
1077078.0,2.3,7.0,1.0,10.3
1077965.0,0.7,7.7,3.8,12.2
903893.0,1.1,7.9,2.8,11.8
1077394.0,2.0,7.3,1.4,10.7
1059789.0,1.4,8.6,3.2,13.2
976255.0,1.6,6.4,2.5,10.5
1077885.0,2.6,7.4,1.1,11.1
1118115.0,2.1,6.9,3.2,12.2
955979.0,1.4,7.7,2.7,11.8
1077926.0,2.6,6.5,1.1,10.2
1091896.0,1.9,7.3,3.5,12.7
1100244.0,1.0,5.2,2.4,8.6
1078237.0,3.0,6.8,1.7,11.5
1133208.0,2.2,7.1,3.0,12.3
1126211.0,1.2,6.8,2.5,10.5
1079315.0,2.1,8.2,1.8,12.1
882560.0,2.9,9.7,3.4,16.0
920171.0,1.9,6.4,2.9,11.2
1079802.0,1.0,6.8,0.8,8.6
945475.0,1.1,5.7,2.7,9.5
1079922.0,2.4,6.1,1.1,9.6
1182653.0,1.4,6.5,3.0,10.9
1157742.0,0.9,5.8,2.3,9.0
1081559.0,3.1,6.3,1.5,10.9
1069390.0,2.0,6.7,3.5,12.2
1270899.0,1.2,4.8,2.2,8.2
1081564.0,4.1,6.7,1.8,12.6
1163864.0,1.8,7.8,3.4,13.0
1037116.0,0.9,6.4,2.6,9.9
1082073.0,4.5,11.1,1.6,17.2
399602.0,3.6,13.9,3.9,21.4
1171655.0,1.0,6.2,2.6,9.8
1082338.0,2.8,8.1,1.7,12.599999999999998
1062775.0,1.8,8.3,3.6,13.7
982819.0,1.2,5.9,2.7,9.8
1082861.0,3.0,6.4,1.4,10.8
1014249.0,2.0,6.3,3.8,12.1
1037908.0,1.0,6.6,2.6,10.2
1083332.0,2.5,8.7,1.7,12.9
702720.0,2.6,7.9,2.9,13.4
1083488.0,3.3,6.9,1.4,11.6
1068213.0,2.0,6.5,4.3,12.8
951792.0,1.5,6.9,2.6,11.0
1084487.0,3.0,6.9,1.0,10.9
1149328.0,1.8,6.6,3.4,11.8
987053.0,1.4,6.2,2.5,10.1
1085299.0,1.9,7.0,1.2,10.1
1095416.0,1.2,7.5,3.7,12.4
1008167.0,1.3,5.1,2.6,9.0
1085349.0,2.2,6.9,1.2,10.3
1182030.0,1.6,6.5,3.4,11.5
1061058.0,1.0,5.8,2.2,9.0
1086061.0,2.0,6.2,1.3,9.5
1045906.0,2.8,7.1,3.7,13.599999999999998
1007732.0,0.9,6.8,2.7,10.4
1087651.0,2.8,6.7,1.3,10.8
1055130.0,2.0,7.1,3.8,12.9
915473.0,1.5,7.0,2.6,11.1
1088677.0,2.7,6.9,1.5,11.1
1023680.0,1.3,7.7,4.3,13.3
990591.0,1.3,6.0,2.6,9.9
1088840.0,3.3,5.5,1.4,10.2
1124934.0,1.3,7.0,2.7,11.0
1666894.0,0.3,4.7,2.1,7.1
1089022.0,2.7,7.5,0.9,11.1
886524.0,3.0,5.5,4.1,12.6
903990.0,1.3,5.9,3.1,10.3
1089114.0,1.6,5.7,2.2,9.5
1677072.0,0.8,5.8,3.6,10.2
991177.0,0.8,6.8,2.5,10.1
1089468.0,2.2,7.4,1.5,11.1
1001414.0,2.0,8.7,3.6,14.3
1146455.0,0.0,3.2,2.5,5.7
1090372.0,3.1,6.5,0.7,10.3
1285659.0,1.5,3.2,2.0,6.7
1090959.0,3.4,3.8,1.3,8.5
942853.0,1.2,7.2,2.5,10.9
1092435.0,1.8,6.6,1.2,9.6
1105902.0,1.4,7.5,3.3,12.2
1029460.0,1.0,6.8,2.7,10.5
1092709.0,2.6,6.5,1.3,10.4
1015282.0,2.0,7.4,3.2,12.6
1077780.0,1.5,6.2,2.4,10.1
1093965.0,3.8,6.8,1.2,11.8
877334.0,2.4,8.2,3.9,14.5
1004968.0,0.8,6.8,2.6,10.2
1094718.0,2.0,7.1,1.3,10.4
1127967.0,1.0,8.0,3.9,12.9
1702613.0,-2.3,-0.4,0.4,-2.3
1094962.0,1.4,5.3,2.3,9.0
1008535.0,1.7,5.1,2.1,8.9
1095010.0,1.8,6.8,1.2,9.8
1159642.0,1.5,6.9,3.3,11.7
1070674.0,0.8,6.0,2.4,9.2
1095297.0,1.5,7.1,1.7,10.3
1052361.0,1.6,8.3,3.6,13.5
1477107.0,0.7,4.4,1.8,6.9
1096098.0,2.0,6.9,1.2,10.1
1774912.0,0.7,3.4,2.7,6.8
1035208.0,1.1,6.6,2.2,9.9
1098025.0,3.2,6.3,1.5,11.0
1242033.0,1.3,5.6,3.2,10.1
1277992.0,1.0,5.5,2.2,8.7
1098643.0,2.9,7.3,1.4,11.6
1023119.0,1.7,7.9,4.2,13.8
1050803.0,0.5,7.8,2.5,10.8
1099611.0,2.0,8.1,1.3,11.4
1155855.0,1.0,8.5,3.1,12.6
882896.0,1.0,8.3,2.6,11.9
1099988.0,1.5,6.5,0.9,8.9
1496591.0,1.6,4.9,2.5,9.0
1492559.0,0.8,3.8,1.7,6.3
1094863.0,1.9,6.8,4.3,13.0
892160.0,2.6,4.8,2.1,9.5
1101392.0,2.6,5.9,1.2,9.7
1293539.0,1.1,6.1,4.3,11.5
1031734.0,1.3,6.2,2.2,9.7
1102096.0,2.4,6.5,1.2,10.1
1137911.0,1.8,6.7,3.5,12.0
1002081.0,1.7,6.5,2.4,10.6
1102248.0,2.0,7.2,1.2,10.4
1122813.0,1.8,6.9,3.3,12.0
1298073.0,1.2,3.9,1.7,6.8
1102781.0,2.9,5.9,1.4,10.2
1306096.0,1.1,4.8,2.9,8.8
1190211.0,0.8,6.2,2.9,9.9
1103174.0,2.5,6.0,1.9,10.4
1034340.0,2.0,7.6,4.2,13.8
1693582.0,0.5,3.3,1.8,5.6
1103927.0,2.5,5.7,0.9,9.1
1071194.0,2.1,6.2,3.4,11.7
960237.0,1.4,6.3,2.4,10.1
1104111.0,4.2,5.2,0.8,10.2
1335167.0,2.2,6.1,3.0,11.3
1002250.0,1.7,5.3,2.6,9.6
1104168.0,2.4,5.5,0.8,8.700000000000001
1280287.0,2.4,5.9,3.6,11.9
926492.0,2.3,5.5,2.7,10.5
1104189.0,2.3,4.5,1.0,7.8
1362257.0,1.3,4.5,1.5,7.3
1105218.0,1.1,8.2,1.1,10.4
702047.0,3.3,8.5,3.5,15.3
966958.0,1.0,7.4,2.6,11.0
1105943.0,2.2,6.6,1.3,10.1
1126286.0,1.3,8.1,3.4,12.8
974826.0,1.8,0.0,0.0,1.8
1106248.0,2.1,6.3,1.8,10.2
738459.0,6.0,3.8,6.0,15.8
1671013.0,0.6,4.8,1.9,7.299999999999999
1106523.0,2.4,6.4,1.6,10.4
1246583.0,1.2,5.0,2.5,8.7
1106682.0,2.5,6.2,1.7,10.4
1132266.0,1.6,7.1,4.0,12.7
1639250.0,1.4,3.8,2.1,7.299999999999999
1107859.0,3.6,6.4,1.1,11.1
807369.0,2.3,9.2,3.6,15.1
1143698.0,1.0,5.1,2.3,8.399999999999999
1108100.0,2.4,6.7,1.5,10.6
995849.0,1.5,7.3,3.8,12.6
973306.0,0.9,6.2,2.5,9.6
1108141.0,1.4,8.1,1.6,11.1
1007860.0,1.4,8.8,3.4,13.6
1108169.0,0.0,13.8,1.3,15.1
891102.0,1.7,6.7,2.5,10.9
1108844.0,2.3,7.0,1.5,10.8
993525.0,1.8,7.4,4.2,13.400000000000002
1096694.0,0.9,6.4,2.5,9.8
1109193.0,2.4,6.4,1.5,10.3
1085362.0,2.0,7.5,3.7,13.2
1008301.0,0.4,4.9,2.4,7.700000000000001
1109460.0,1.6,6.7,0.8,9.1
1290030.0,2.8,3.9,3.2,9.9
1534252.0,3.4,2.1,1.8,7.3
1109616.0,3.3,4.1,0.5,7.899999999999999
858857.0,0.8,2.8,6.0,9.6
1419481.0,0.7,4.2,2.0,6.9
1109642.0,2.5,6.3,1.5,10.3
1126251.0,1.4,6.1,4.2,11.7
1366498.0,1.0,5.4,2.5,8.9
1109819.0,4.7,7.1,0.9,12.7
837774.0,2.5,8.7,3.6,14.8
1494409.0,-0.0,4.2,2.8,7.0
1110098.0,2.1,6.2,1.2,9.5
1190802.0,1.4,7.3,4.5,13.2
1123176.0,1.2,5.3,2.4,8.9
1111346.0,2.8,5.9,1.0,9.7
1151351.0,1.4,5.4,3.2,10.0
1318011.0,0.5,4.5,2.0,7.0
1111837.0,1.9,7.8,1.1,10.8
724097.0,1.8,10.2,3.5,15.5
1089821.0,1.4,4.9,2.3,8.600000000000001
1112092.0,2.9,6.6,1.3,10.8
1128474.0,1.4,6.3,4.2,11.9
1334135.0,0.9,4.7,2.4,8.0
1113469.0,2.3,6.2,1.3,9.8
986517.0,1.8,6.3,3.4,11.5
1114487.0,0.9,5.8,2.4,9.1
1113662.0,2.8,7.3,1.3,11.4
875342.0,2.4,9.1,4.0,15.5
1091178.0,0.8,6.1,2.9,9.8
1113951.0,2.6,7.2,1.6,11.4
1071057.0,1.3,8.0,3.8,13.1
1168605.0,1.1,5.1,2.4,8.6
1114630.0,2.3,6.1,1.3,9.7
1052628.0,1.5,6.6,4.2,12.3
1119840.0,1.3,4.9,2.2,8.4
1114856.0,2.9,6.6,1.6,11.1
1112573.0,1.9,6.8,3.5,12.2
1048076.0,1.7,5.1,2.6,9.4
1114897.0,3.4,6.7,1.2,11.3
857824.0,3.1,8.2,3.6,14.9
1067172.0,0.8,6.0,2.3,9.1
1115607.0,2.4,6.2,1.3,9.9
1161166.0,1.4,6.4,3.6,11.4
1126903.0,1.8,5.1,2.2,9.1
1116190.0,3.3,6.4,1.5,11.2
900007.0,1.5,8.3,3.6,13.4
921875.0,1.6,5.3,2.7,9.6
1116210.0,3.1,6.1,1.3,10.5
867473.0,2.8,7.2,3.6,13.6
1050766.0,1.1,6.2,2.4,9.7
1228769.0,0.7,5.0,2.3,8.0
1117448.0,3.2,6.7,1.0,10.9
976894.0,2.5,7.0,3.6,13.1
1167174.0,1.8,5.5,2.3,9.6
1118264.0,3.9,7.5,1.5,12.9
687526.0,3.6,9.0,4.1,16.7
1008286.0,0.7,7.2,2.5,10.4
1118626.0,1.9,7.4,1.6,10.9
1128441.0,1.3,6.6,3.2,11.1
1276270.0,0.8,6.0,2.6,9.4
1119677.0,2.4,6.2,1.4,10.0
1014208.0,1.6,8.3,4.4,14.3
1175015.0,1.2,6.0,2.3,9.5
1120000.0,2.8,7.9,1.5,12.2
1158084.0,2.3,7.4,4.2,13.9
1695063.0,1.2,4.0,2.1,7.300000000000001
1120353.0,3.8,5.1,1.3,10.2
1416681.0,3.0,4.2,2.5,9.7
954044.0,1.0,4.4,3.6,9.0
1120910.0,2.4,4.4,0.5,7.300000000000001
1211761.0,7.4,6.8,2.4,16.599999999999998
1122754.0,1.1,4.4,2.2,7.7
1121024.0,2.5,6.0,0.8,9.3
1097782.0,1.7,7.9,3.4,13.0
1078413.0,1.0,6.3,2.2,9.5
1122358.0,1.6,6.5,1.1,9.2
1106253.0,1.2,5.1,2.5,8.8
1122863.0,2.8,6.2,1.2,10.2
1028296.0,2.4,6.8,3.3,12.5
775698.0,1.8,9.3,2.9,14.000000000000002
1123971.0,2.6,6.3,1.4,10.3
1206983.0,1.4,6.9,3.6,11.9
1138894.0,1.7,5.2,2.5,9.4
1124133.0,2.5,5.3,1.1,8.9
905621.0,3.6,6.7,3.7,14.0
592221.0,2.7,12.0,3.1,17.8
1124145.0,2.7,9.9,1.4,14.000000000000002
522432.0,4.5,13.1,3.8,21.4
1369332.0,1.1,2.7,1.7,5.5
1124943.0,1.0,5.8,2.2,9.0
1538583.0,0.8,3.5,1.4,5.699999999999999
1125596.0,2.7,5.5,1.1,9.3
1047774.0,2.5,6.0,3.0,11.5
1312368.0,1.1,5.1,1.8,7.999999999999999
1125741.0,2.0,6.3,0.7,9.0
1218810.0,0.6,5.3,2.5,8.399999999999999
1126157.0,2.6,6.8,1.5,10.9
1107234.0,1.2,7.7,3.3,12.2
1103823.0,1.0,5.8,2.5,9.3
1126262.0,2.1,7.3,0.8,10.2
1107026.0,1.9,7.4,3.1,12.4
966440.0,1.1,8.0,2.5,11.6
1126349.0,2.4,7.3,1.4,11.1
993152.0,1.3,8.8,3.6,13.7
1098274.0,0.6,5.4,2.3,8.3
1128380.0,2.2,6.2,1.5,9.9
1153926.0,1.7,6.2,3.1,11.0
1089665.0,1.6,5.0,2.3,8.899999999999999
1128920.0,3.0,5.5,1.2,9.7
1126207.0,1.9,6.3,3.5,11.7
1120136.0,0.9,5.1,2.4,8.4
1128965.0,3.3,6.1,1.1,10.499999999999998
1259651.0,1.6,6.3,3.8,11.7
1060382.0,1.1,6.5,2.4,10.0
1129147.0,1.9,6.8,1.1,9.8
1180905.0,1.5,7.0,3.6,12.1
1112506.0,0.7,6.1,2.7,9.5
1129523.0,2.6,7.9,1.7,12.2
1153646.0,1.4,7.6,3.6,12.6
1101896.0,0.9,7.1,2.5,10.5
1131473.0,2.6,7.0,1.5,11.1
1128658.0,1.7,6.5,3.7,11.9
897420.0,1.4,7.8,2.4,11.6
1132869.0,3.2,9.4,1.2,13.8
466188.0,4.6,12.7,3.5,20.8
1092638.0,1.3,7.2,1.4,9.9
1133363.0,1.4,5.5,1.7,8.6
1091436.0,0.3,5.6,4.1,10.0
1007095.0,0.8,6.3,2.9,10.0
1133482.0,2.1,6.0,1.0,9.1
1169575.0,1.3,6.9,3.7,11.900000000000002
1046500.0,1.2,6.3,2.3,9.8
1134155.0,2.5,6.0,1.2,9.7
1171487.0,1.5,7.0,3.2,11.7
1350207.0,1.0,4.4,2.4,7.800000000000001
1137241.0,2.2,6.7,0.9,9.8
1128341.0,0.7,7.8,1.6,10.1
1137529.0,2.8,6.4,1.3,10.5
1386812.0,0.9,4.1,4.1,9.1
778277.0,2.1,10.0,3.1,15.2
359153.0,8.3,14.5,4.2,27.0
681736.0,1.4,10.8,3.1,15.3
1138784.0,3.1,8.7,1.6,13.4
463829.0,5.4,12.9,3.7,22.0
1081648.0,0.9,6.6,2.4,9.9
1139760.0,1.1,7.0,1.3,9.4
1224713.0,1.0,6.5,3.1,10.6
1076572.0,0.8,6.3,2.5,9.6
1140076.0,1.8,6.9,1.6,10.3
922944.0,2.5,8.9,3.4,14.8
1086573.0,1.3,5.4,2.3,9.0
1140180.0,2.4,6.8,1.2,10.4
1082433.0,3.0,6.5,3.5,13.0
1072232.0,1.1,5.0,2.6,8.7
1140670.0,2.1,6.4,1.4,9.9
1187788.0,1.1,5.5,3.5,10.1
1057534.0,0.6,5.8,2.3,8.7
1140894.0,2.2,6.3,1.1,9.6
1231318.0,1.5,5.9,3.5,10.9
1152401.0,0.8,6.8,2.3,9.9
1141296.0,2.6,7.6,1.6,11.8
1065107.0,1.2,8.5,3.6,13.3
1015768.0,1.2,5.1,2.9,9.2
1141509.0,3.2,5.6,1.7,10.5
1127816.0,1.1,5.7,2.3,9.1
1141546.0,1.6,6.6,1.6,9.8
1176606.0,1.0,7.2,3.7,11.9
1136608.0,1.1,5.3,2.3,8.7
1143339.0,3.7,5.2,1.2,10.1
763575.0,3.2,8.9,3.8,15.900000000000002
1308901.0,1.7,5.1,2.6,9.4
1143905.0,4.1,5.7,1.3,11.1
1344590.0,2.1,4.8,3.1,10.0
1259016.0,0.1,4.0,2.4,6.5
1147239.0,3.0,6.1,0.8,9.9
1025917.0,2.1,5.2,3.4,10.7
1148311.0,0.9,5.1,2.5,8.5
1148205.0,2.3,5.6,1.1,9.0
1149608.0,1.2,6.3,3.8,11.3
1617923.0,0.5,2.2,1.2,3.9
1148355.0,2.1,7.6,0.9,10.6
1234716.0,0.6,5.0,2.3,7.899999999999999
1150402.0,1.2,7.1,1.4,9.7
1197914.0,0.5,7.9,3.7,12.1
1141059.0,0.9,5.7,2.2,8.8
1150777.0,2.4,6.9,1.4,10.7
1055404.0,1.7,5.8,2.4,9.9
1150943.0,2.0,7.1,1.7,10.8
1189244.0,1.8,6.9,3.0,11.7
1111586.0,0.4,5.6,2.5,8.5
1152497.0,1.7,6.7,0.9,9.3
1176875.0,0.8,7.5,3.3,11.6
1079975.0,1.0,5.1,2.3,8.399999999999999
1152557.0,1.3,6.1,1.4,8.799999999999999
1337977.0,0.9,5.9,3.5,10.3
1666321.0,0.1,1.9,1.6,3.6
1152778.0,-0.2,5.7,2.3,7.8
1236029.0,1.8,7.4,4.9,14.1
1077369.0,0.8,5.0,2.6,8.4
1154792.0,1.8,5.1,1.7,8.6
1304776.0,1.5,7.0,2.7,11.2
1119591.0,0.6,5.5,2.5,8.6
1155689.0,2.0,5.8,1.2,9.0
1231640.0,1.2,6.7,3.8,11.7
1093038.0,0.8,5.5,2.6,8.9
1155727.0,1.6,6.9,1.4,9.9
1196718.0,1.5,6.7,3.4,11.6
1071208.0,1.0,6.6,2.7,10.3
1155924.0,2.7,6.8,1.0,10.5
1185711.0,1.4,7.7,3.5,12.6
1101201.0,0.9,6.0,2.6,9.5
1156105.0,1.4,7.1,1.7,10.2
1130582.0,1.6,7.7,3.7,13.0
923514.0,1.3,8.6,2.7,12.6
1156333.0,2.1,8.2,1.7,11.999999999999998
1001999.0,1.7,8.6,3.5,13.8
1314772.0,0.2,6.7,1.7,8.6
1156686.0,2.3,7.3,0.9,10.5
826585.0,2.8,8.5,5.4,16.700000000000003
1368168.0,1.3,5.0,2.0,8.3
1157099.0,2.2,7.2,1.8,11.2
1278646.0,-0.1,7.1,3.2,10.2
1111070.0,1.0,5.2,2.0,8.2
1158162.0,2.3,7.1,1.0,10.4
1213680.0,1.3,6.6,3.4,11.3
1068636.0,0.8,6.5,2.4,9.7
1091735.0,1.2,5.7,2.6,9.5
1159959.0,1.5,5.5,0.9,7.9
1354610.0,0.8,5.9,3.0,9.7
1120176.0,1.2,5.7,2.3,9.2
1160783.0,3.2,5.3,0.9,9.4
1135689.0,1.2,7.1,3.1,11.4
1051591.0,1.0,7.5,2.5,11.0
1161103.0,2.4,7.3,1.3,11.0
1144143.0,1.5,8.0,3.6,13.1
1116056.0,0.8,5.8,2.2,8.8
1161823.0,1.6,6.3,2.0,9.9
1175475.0,1.3,6.0,3.9,11.2
1166565.0,1.0,5.1,2.5,8.6
1163095.0,2.5,6.2,1.1,9.8
1141535.0,2.3,6.5,3.4,12.2
1240847.0,1.4,5.3,2.4,9.1
1163865.0,2.7,6.5,1.4,10.6
1066964.0,1.6,7.5,2.9,12.0
1159672.0,1.0,6.3,2.5,9.8
1163995.0,2.3,7.0,1.4,10.7
1425990.0,1.4,5.2,2.6,9.2
930155.0,1.7,9.5,2.5,13.7
1164513.0,3.3,10.1,1.7,15.099999999999998
520773.0,6.1,12.4,3.4,21.9
1158650.0,1.0,5.3,2.5,8.8
1164980.0,1.9,6.8,1.5,10.2
1115913.0,1.3,6.2,3.3,10.8
1029023.0,1.8,6.4,2.6,10.8
1166649.0,2.3,7.1,1.5,10.9
1029963.0,1.7,7.6,4.6,13.9
1108463.0,0.9,5.5,2.6,9.0
1166701.0,2.9,6.6,1.1,10.6
754635.0,2.2,8.8,3.9,14.9
1661958.0,1.3,3.2,1.7,6.2
1167937.0,2.2,6.7,0.8,9.7
1259377.0,1.0,5.9,3.7,10.6
1097514.0,1.0,6.8,2.6,10.4
1168128.0,1.8,6.3,1.5,9.6
1176086.0,1.3,7.7,3.7,12.7
1229641.0,1.1,5.7,2.3,9.1
1168287.0,2.4,6.8,1.9,11.1
1197869.0,1.2,6.3,4.2,11.7
1167955.0,1.1,4.9,2.9,8.9
1168751.0,2.8,5.8,1.7,10.3
1140780.0,1.2,5.7,4.1,11.0
1188231.0,0.7,5.3,2.7,8.7
1169607.0,1.5,6.5,1.7,9.7
1208274.0,1.0,7.0,4.1,12.1
1052254.0,1.3,5.8,2.5,9.6
1170167.0,1.9,5.9,1.6,9.4
1140628.0,1.7,5.8,4.3,11.8
1552410.0,0.2,4.5,1.6,6.300000000000001
1171681.0,1.4,4.3,1.1,6.799999999999999
1702809.0,1.4,3.4,3.5,8.3
1054650.0,0.9,6.8,2.6,10.3
1173588.0,1.6,7.4,1.3,10.3
1009150.0,1.7,8.4,3.4,13.5
1149008.0,0.5,6.2,2.4,9.1
1173960.0,2.5,6.6,1.5,10.6
1162970.0,1.2,7.5,3.6,12.3
1312070.0,0.6,4.6,2.1,7.299999999999999
1174272.0,2.8,6.7,1.5,11.0
1289514.0,1.3,5.5,3.4,10.2
1647347.0,0.2,3.6,1.6,5.4
1174499.0,2.0,5.7,0.5,8.2
1104048.0,2.5,5.5,3.0,11.0
1160387.0,1.1,7.1,2.8,11.0
1175121.0,3.3,7.6,1.4,12.3
1186242.0,1.9,8.6,3.3,13.8
1160556.0,1.2,5.5,2.1,8.8
1175274.0,2.2,6.3,1.2,9.7
1196058.0,0.9,6.5,3.9,11.3
1187744.0,1.1,4.7,2.5,8.3
1175790.0,2.2,5.9,1.3,9.400000000000002
1225792.0,1.2,6.2,3.8,11.2
1216551.0,0.1,4.4,1.9,6.4
1176318.0,2.7,6.4,0.8,9.900000000000002
776378.0,2.3,6.6,3.9,12.8
1149791.0,1.1,5.1,2.2,8.399999999999999
1176887.0,2.3,5.2,1.3,8.8
1192645.0,2.0,5.4,3.4,10.8
1252575.0,1.5,4.9,2.4,8.8
1177480.0,3.9,6.5,1.2,11.6
1235419.0,1.9,5.3,4.4,11.6
1405077.0,-0.3,3.6,1.7,5.0
1178958.0,1.6,6.3,0.3,8.200000000000001
1153179.0,0.9,5.5,2.4,8.8
1180045.0,2.2,6.1,1.2,9.5
1245696.0,1.2,6.5,3.5,11.2
1220666.0,1.1,5.4,2.3,8.8
1183060.0,2.5,5.5,0.9,8.9
1138658.0,2.2,6.5,3.5,12.2
773877.0,0.8,5.5,1.2,7.5
1183594.0,-1.3,7.5,0.3,6.5
1263950.0,0.5,0.0,0.0,0.5
1068299.0,1.2,5.2,2.5,8.9
1186019.0,2.7,5.2,0.8,8.700000000000001
1396957.0,1.3,5.0,3.3,9.6
1182003.0,1.2,4.0,2.0,7.2
1186940.0,2.7,5.4,1.4,9.500000000000002
1212050.0,1.5,6.7,3.4,11.6
1050037.0,1.6,6.4,2.3,10.3
1187028.0,1.6,6.1,1.3,9.0
1194237.0,1.2,6.4,3.3,10.9
1078847.0,1.2,5.7,2.3,9.2
1188171.0,1.7,5.4,1.2,8.3
1208694.0,1.5,5.7,3.8,11.0
1198269.0,1.3,5.7,2.4,9.4
1188290.0,1.6,6.4,1.1,9.1
1124750.0,1.0,8.3,3.8,13.1
1153988.0,1.6,5.2,2.4,9.2
1188441.0,2.8,5.1,1.5,9.4
1245283.0,2.5,5.7,3.2,11.4
1149204.0,1.7,5.0,2.6,9.3
1188692.0,3.0,6.2,1.1,10.3
1440473.0,1.8,5.6,2.6,10.0
948655.0,6.8,1.5,1.0,9.3
1191620.0,1.0,5.0,0.6,6.6
1300615.0,0.7,5.4,2.0,8.100000000000001
1191901.0,2.4,5.7,1.6,9.7
1287953.0,1.5,6.2,3.5,11.2
1180270.0,0.8,5.6,2.4,8.799999999999999
1192251.0,2.0,5.9,1.6,9.5
1154509.0,2.0,6.2,4.0,12.2
1213302.0,1.0,6.4,2.0,9.4
1194142.0,5.3,5.5,1.3,12.1
1081684.0,2.1,8.9,3.5,14.5
1138867.0,1.4,4.9,2.5,8.8
1194177.0,2.6,7.2,1.4,11.2
1187703.0,1.0,7.2,2.8,11.0
1178816.0,1.2,4.0,1.9,7.1
1195489.0,2.5,6.5,0.8,9.8
1080523.0,1.0,7.6,2.4,11.0
1195686.0,2.1,7.3,1.6,11.0
1217894.0,1.6,8.2,3.3,13.099999999999998
1092088.0,1.0,5.8,2.3,9.1
1196075.0,1.6,5.9,1.3,8.8
1221115.0,1.9,6.3,3.6,11.8
1095232.0,1.0,5.4,2.4,8.8
1196139.0,2.0,5.2,1.2,8.4
1306026.0,0.9,6.0,3.2,10.1
1222745.0,0.8,5.5,2.1,8.4
1196519.0,1.5,6.8,1.4,9.7
1199081.0,1.2,6.4,3.9,11.5
1173818.0,0.9,5.3,2.5,8.7
1197200.0,2.0,7.1,1.6,10.7
1212052.0,1.2,6.7,3.8,11.7
1249500.0,1.2,4.5,2.2,7.9
1198061.0,3.0,6.1,1.4,10.5
1438907.0,2.0,4.7,3.1,9.8
1115898.0,1.2,5.2,2.1,8.5
1198150.0,2.8,6.1,1.0,9.9
1304518.0,2.0,5.6,3.4,11.0
1174605.0,0.7,5.0,2.4,8.1
1198949.0,2.3,6.3,1.5,10.1
1123341.0,1.4,7.3,3.9,12.6
1544299.0,-0.5,5.8,3.8,9.1
1200562.0,1.6,8.0,3.6,13.2
979709.0,0.8,3.8,6.0,10.6
1009418.0,1.5,6.2,2.8,10.5
1200591.0,3.0,5.7,0.7,9.4
1085445.0,0.9,5.5,4.2,10.6
1262685.0,0.9,5.6,2.2,8.7
1179817.0,1.5,5.4,2.2,9.1
1201235.0,1.7,5.4,0.7,7.800000000000001
1279522.0,1.2,6.4,3.7,11.3
1115945.0,1.0,5.4,2.1,8.5
1201984.0,2.5,4.4,0.8,7.7
1189862.0,1.7,6.2,3.2,11.1
1502230.0,0.6,4.6,2.4,7.6
1202314.0,2.1,9.3,1.6,13.0
1200771.0,0.4,6.7,2.4,9.5
1202862.0,1.9,6.8,1.2,9.9
1205400.0,1.5,7.3,3.2,12.0
1079436.0,1.3,5.2,2.3,8.8
1203157.0,3.4,6.3,1.1,10.8
825274.0,4.0,7.3,4.5,15.8
1330583.0,0.9,4.4,2.6,7.9
1204422.0,2.0,7.4,1.1,10.5
1072880.0,1.2,6.7,4.0,11.9
1017726.0,3.4,8.0,2.7,14.1
1204661.0,4.9,6.5,1.2,12.6
516092.0,7.0,10.6,4.0,21.6
1583654.0,0.5,2.4,2.1,5.0
1205060.0,1.7,5.0,1.2,7.9
1193707.0,1.2,5.3,4.0,10.5
1079212.0,0.9,5.3,2.5,8.7
1205397.0,1.6,5.9,1.5,9.0
1228163.0,1.4,4.6,2.5,8.5
1205501.0,2.7,6.6,1.4,10.7
1152124.0,1.2,6.1,3.7,11.0
1145781.0,0.9,6.6,2.7,10.2
1207960.0,3.4,7.0,1.9,12.3
1140948.0,1.8,6.5,4.2,12.5
1366894.0,1.8,3.9,1.1,6.800000000000001
1208290.0,0.6,6.3,0.6,7.499999999999999
1169056.0,1.2,5.9,2.4,9.5
1208653.0,2.2,5.7,1.5,9.4
1220369.0,1.4,6.3,3.3,11.0
1274835.0,0.5,4.9,2.2,7.6
1209538.0,2.7,6.0,1.8,10.5
1106371.0,1.4,7.8,4.1,13.3
1278938.0,1.4,5.3,2.3,9.0
1210077.0,1.9,7.3,1.5,10.7
1210106.0,2.1,7.9,3.7,13.7
1215836.0,0.3,4.2,2.0,6.5
1210749.0,1.6,6.5,1.1,9.2
1315933.0,1.7,5.7,3.2,10.6
1276770.0,1.9,4.2,2.2,8.3
1210904.0,2.3,6.3,1.8,10.4
1367580.0,1.0,5.1,3.6,9.7
1187098.0,1.0,4.8,2.1,7.9
1211322.0,2.1,6.2,1.3,9.6
1268013.0,1.4,6.3,3.7,11.4
1153357.0,1.8,5.0,2.3,9.1
1211631.0,2.2,5.9,1.0,9.1
1295895.0,0.7,5.1,3.5,9.3
1197200.0,1.2,5.2,2.2,8.600000000000001
1212836.0,2.4,6.1,1.3,9.8
1284079.0,1.4,6.7,3.7,11.8
1665757.0,0.1,2.9,1.6,4.6
1213127.0,1.1,5.6,0.9,7.6
1211913.0,1.9,5.1,3.6,10.6
1117464.0,0.7,5.8,2.4,8.9
1213268.0,1.9,5.6,1.2,8.7
1219199.0,1.1,7.0,3.5,11.6
1128933.0,1.3,4.9,2.3,8.5
1213744.0,2.4,5.5,1.0,8.9
1303750.0,1.4,5.9,3.0,10.3
1193364.0,0.5,4.8,2.4,7.699999999999999
1214087.0,2.8,4.9,1.1,8.8
1261294.0,1.0,6.1,3.3,10.4
1119897.0,0.9,5.7,2.4,9.0
1214697.0,2.0,5.5,1.3,8.8
1223076.0,1.2,7.3,3.7,12.2
1051450.0,2.1,6.6,3.0,11.7
1122706.0,1.1,6.2,2.5,9.8
1017359.0,1.5,6.4,2.0,9.9
1215638.0,3.1,4.3,1.0,8.4
663585.0,-0.3,6.5,6.0,12.2
1700945.0,-0.2,2.8,1.6,4.199999999999999
1215668.0,2.0,6.1,1.4,9.5
1193307.0,1.7,6.0,2.5,10.2
1250915.0,1.0,6.1,2.3,9.4
1216770.0,2.1,6.5,1.5,10.1
1102606.0,1.0,8.3,4.0,13.3
1205981.0,0.5,6.4,2.4,9.3
1217231.0,1.6,6.3,0.3,8.200000000000001
1290828.0,0.5,5.5,2.3,8.3
1217618.0,2.1,6.6,1.2,9.9
1250410.0,1.1,6.8,3.4,11.3
1133998.0,1.0,6.8,2.4,10.2
1218234.0,3.0,6.8,1.2,11.0
931789.0,2.8,8.1,4.0,14.9
1626817.0,0.2,2.4,1.4,4.0
1219546.0,2.5,5.3,0.8,8.6
1225599.0,1.0,3.9,2.2,7.1000000000000005
1220524.0,2.5,5.5,1.4,9.4
1388500.0,1.6,3.8,1.4,6.800000000000001
1224262.0,2.0,5.7,0.8,8.5
1469748.0,1.7,3.6,2.8,8.1
1200612.0,0.8,5.1,2.6,8.5
1225231.0,1.8,6.3,1.5,9.6
1301215.0,0.8,6.2,3.6,10.6
1216025.0,1.0,4.6,2.0,7.6
1226335.0,2.9,5.1,0.9,8.9
1096010.0,1.8,6.3,3.5,11.6
1208482.0,0.8,5.4,2.2,8.4
1226615.0,1.5,5.2,0.9,7.6
1301906.0,1.1,5.8,3.1,10.0
1005192.0,1.4,2.9,2.6,6.9
1228821.0,2.1,5.1,0.7,7.899999999999999
1512172.0,3.3,2.4,3.9,9.6
1354668.0,0.7,5.0,2.2,7.9
1228944.0,3.4,5.6,1.6,10.6
1187180.0,1.9,7.0,3.9,12.8
1646537.0,1.0,3.1,2.1,6.199999999999999
1230100.0,2.3,5.5,0.8,8.6
1306825.0,1.3,5.4,3.5,10.2
1203757.0,1.0,5.3,2.3,8.6
1230896.0,3.0,5.6,1.0,9.6
1424298.0,1.1,6.6,3.9,11.6
1168463.0,0.9,5.0,2.3,8.2
1231072.0,1.4,6.1,0.9,8.4
1355838.0,1.0,6.4,3.2,10.6
1227404.0,2.0,6.8,2.1,10.9
1231390.0,1.7,5.7,1.2,8.6
1624493.0,1.1,3.4,2.9,7.4
1162285.0,1.8,4.4,2.6,8.8
1232329.0,1.6,5.7,1.4,8.700000000000001
1008708.0,2.0,5.0,2.9,9.9
1232969.0,0.3,6.9,1.6,8.8
1585488.0,0.8,2.7,4.1,7.6
1162702.0,0.5,6.7,2.3,9.5
1233191.0,2.8,8.0,0.7,11.5
731831.0,2.3,9.1,3.6,14.999999999999998
1137714.0,0.9,5.0,2.2,8.100000000000001
1234734.0,1.5,5.4,1.8,8.700000000000001
1221427.0,1.0,4.8,2.6,8.4
1235665.0,1.5,6.1,1.0,8.6
1204203.0,1.1,6.4,3.6,11.1
1260157.0,1.0,1.0,2.5,4.5
1235814.0,1.6,3.5,0.8,5.9
1050753.0,0.5,6.5,3.5,10.5
1227649.0,1.1,5.1,2.0,8.2
1236548.0,3.5,4.5,0.9,8.9
1238482.0,1.0,5.2,2.2,8.4
1236620.0,1.8,4.7,1.1,7.6
1261073.0,1.5,6.7,3.0,11.2
1234709.0,1.1,4.9,2.3,8.3
1237543.0,2.3,5.3,1.4,9.0
1213178.0,1.0,6.4,4.7,12.1
1181572.0,0.8,4.6,2.3,7.699999999999999
1237766.0,1.7,6.0,0.8,8.5
1532179.0,0.4,4.2,2.7,7.300000000000001
1238390.0,1.1,4.4,2.1,7.6
1238416.0,2.9,4.9,1.2,9.0
1229519.0,2.5,5.8,3.9,12.2
1701749.0,0.2,5.5,2.0,7.7
1238555.0,2.5,9.0,1.5,13.0
713867.0,2.7,10.4,3.6,16.700000000000003
1688306.0,0.7,5.0,1.8,7.5
1239381.0,1.2,6.6,0.6,8.4
1072079.0,1.4,6.7,3.1,11.2
1507236.0,0.7,6.3,2.5,9.5
1239800.0,1.5,8.2,0.9,10.6
952983.0,2.2,9.3,2.8,14.3
1204263.0,1.0,4.7,2.4,8.1
1241155.0,1.2,6.0,1.2,8.4
1263426.0,1.7,5.9,3.6,11.2
1154212.0,0.7,6.3,2.3,9.3
1159157.0,0.2,4.8,1.6,6.6
1244111.0,2.0,5.0,0.7,7.7
1547332.0,0.3,2.8,2.3,5.4
1254991.0,0.8,6.6,2.1,9.5
1245817.0,2.8,6.3,1.6,10.7
1237394.0,1.2,6.6,3.6,11.4
1228866.0,0.6,5.2,1.9,7.699999999999999
1246675.0,1.6,6.3,1.4,9.3
1322801.0,0.8,5.2,3.8,9.8
1322622.0,0.9,4.8,1.7,7.4
1247707.0,3.3,6.9,1.3,11.5
1167770.0,0.7,5.3,2.3,8.3
1248033.0,0.6,5.1,1.7,7.399999999999999
1034916.0,0.9,8.1,3.4,12.4
1224361.0,0.7,4.5,2.4,7.6
1249729.0,1.4,5.7,1.3,8.4
1560825.0,1.0,4.6,3.0,8.6
1209512.0,2.1,5.4,2.5,10.0
1251238.0,2.4,6.0,1.6,10.0
1253382.0,3.4,8.5,3.6,15.5
1582628.0,0.1,1.9,1.8,3.8
1251354.0,1.0,6.7,1.2,8.9
1278537.0,1.4,5.6,3.2,10.2
865170.0,4.2,6.2,2.2,12.6
1253237.0,3.5,6.1,1.1,10.7
924124.0,0.8,8.6,2.8,12.2
1253555.0,1.4,7.6,1.2,10.2
711107.0,2.3,9.7,3.9,15.9
1084117.0,0.7,5.6,2.2,8.5
1253937.0,1.6,6.0,1.0,8.6
1400168.0,1.3,6.2,3.6,11.1
1176000.0,0.8,6.8,2.0,9.6
1255097.0,2.2,5.4,1.5,9.1
1403684.0,1.1,6.0,2.8,9.9
1332245.0,1.2,4.1,2.1,7.4
1255842.0,2.9,4.9,1.0,8.8
1211565.0,2.4,5.0,2.8,10.2
1606876.0,-0.7,1.2,2.1,2.6
1256130.0,1.1,5.1,2.9,9.1
1148145.0,0.5,5.6,2.2,8.3
1256647.0,1.8,5.7,0.9,8.4
1290117.0,1.0,5.6,3.6,10.2
1443648.0,1.1,4.5,1.7,7.3
1257941.0,2.0,5.0,1.0,8.0
1085881.0,0.8,6.6,3.3,10.7
1224098.0,0.9,4.4,2.4,7.700000000000001
1258016.0,1.5,5.1,0.8,7.399999999999999
1181350.0,1.9,6.3,3.6,11.8
1267827.0,1.0,4.5,2.1,7.6
1260844.0,1.7,5.6,0.4,7.7
1362277.0,1.0,5.8,3.6,10.4
1394117.0,0.9,4.8,2.0,7.7
1262370.0,2.1,5.5,1.1,8.7
1338475.0,1.3,5.8,3.4,10.5
1113184.0,0.5,5.8,3.1,9.4
1262954.0,2.0,7.3,0.7,10.0
1241735.0,1.3,7.2,3.5,12.0
1642081.0,0.2,2.0,2.8,5.0
1264206.0,0.4,6.2,1.6,8.200000000000001
1728187.0,0.5,2.5,2.6,5.6
1315370.0,1.1,5.5,2.5,9.1
1264815.0,1.0,7.0,1.4,9.4
1388707.0,1.6,6.6,2.3,10.5
1468966.0,0.4,3.4,2.0,5.8
1265921.0,2.1,5.0,0.7,7.8
1381707.0,1.8,4.9,3.9,10.6
1169318.0,0.3,6.2,2.3,8.8
1266886.0,1.5,6.5,1.2,9.2
1367447.0,1.0,6.3,3.1,10.4
1166781.0,0.8,6.0,2.3,9.1
1267167.0,2.3,8.3,1.0,11.6
1150122.0,0.6,6.2,2.4,9.2
1267667.0,2.2,5.1,1.1,8.4
1301519.0,1.6,5.7,3.9,11.2
1270533.0,-0.7,7.4,2.8,9.5
1268100.0,3.3,2.8,0.8,6.9
1243794.0,0.9,5.3,1.9,8.1
1268915.0,1.8,6.1,0.8,8.7
1377316.0,1.4,5.7,2.6,9.7
1087669.0,2.7,9.2,3.0,14.9
1269424.0,0.9,7.0,1.5,9.4
1223488.0,0.6,4.0,2.6,7.199999999999999
1270101.0,2.1,5.3,1.1,8.5
1178481.0,1.1,6.1,3.5,10.7
1266830.0,0.9,4.5,2.0,7.4
1272366.0,1.0,6.1,0.8,7.899999999999999
1691346.0,0.2,3.7,2.8,6.7
1258131.0,1.4,5.8,2.3,9.5
1272720.0,1.4,7.5,0.8,9.7
929889.0,1.6,7.9,3.8,13.3
1265142.0,1.0,5.8,2.5,9.3
1273118.0,2.7,5.6,1.7,10.0
1356454.0,0.9,5.6,4.4,10.9
1293874.0,1.2,4.2,2.3,7.7
1273525.0,2.6,4.7,0.9,8.200000000000001
1334518.0,1.8,5.7,3.6,11.1
1273260.0,0.7,4.8,2.0,7.5
1273904.0,1.5,5.6,1.0,8.1
1311232.0,0.7,6.9,2.8,10.4
1242857.0,1.2,3.9,2.1,7.199999999999999
1277827.0,2.9,6.4,1.1,10.4
729086.0,3.9,7.5,3.8,15.2
1224791.0,0.6,6.0,2.6,9.2
1278758.0,1.8,6.9,1.4,10.1
1127810.0,1.4,5.1,2.5,9.0
1282024.0,2.4,5.4,1.0,8.8
925994.0,2.2,8.1,3.6,13.9
1604436.0,-0.1,5.1,2.5,7.5
1283574.0,1.5,6.6,1.4,9.5
1428199.0,0.8,6.1,3.2,10.1
1274990.0,0.9,5.7,2.2,8.8
1284083.0,2.1,5.5,0.9,8.5
1391293.0,1.4,5.3,3.5,10.2
1353511.0,1.1,4.3,1.8,7.2
1285283.0,1.4,6.9,1.2,9.5
1224112.0,1.5,6.7,4.2,12.4
1245851.0,0.5,6.0,2.2,8.7
1285491.0,1.5,5.6,1.0,8.1
1337989.0,0.8,6.7,2.8,10.3
1202599.0,1.0,5.0,2.3,8.3
1285977.0,2.8,4.8,0.8,8.4
1308702.0,1.5,5.1,3.4,10.0
1342646.0,0.5,3.7,2.3,6.5
1287049.0,1.1,5.4,1.0,7.5
1316896.0,0.9,7.0,4.4,12.3
1180229.0,0.5,4.6,2.1,7.199999999999999
1287115.0,1.7,5.5,1.1,8.3
822333.0,3.2,9.6,4.1,16.9
1151547.0,1.4,5.5,2.7,9.6
1287410.0,2.1,5.7,1.2,9.0
1273892.0,0.9,7.1,3.0,11.0
842846.0,2.3,5.9,2.8,11.0
1289076.0,3.0,4.8,1.1,8.9
869181.0,2.9,7.1,3.7,13.7
1339222.0,1.4,5.5,2.2,9.1
1289893.0,1.1,7.6,0.9,9.6
960693.0,2.1,9.2,3.6,14.9
1267627.0,0.7,4.2,2.3,7.2
1290659.0,1.8,5.5,1.1,8.4
1424147.0,2.3,5.4,3.4,11.1
1258194.0,0.9,5.7,2.0,8.600000000000001
1293393.0,3.2,7.5,1.5,12.2
902281.0,2.6,9.5,4.0,16.1
1518351.0,0.7,3.9,2.0,6.6
1293532.0,3.1,6.6,0.7,10.4
868620.0,1.7,7.6,2.7,12.0
1294148.0,2.6,7.1,1.1,10.8
657273.0,3.8,10.0,3.9,17.7
1278225.0,0.9,5.0,2.2,8.100000000000001
1294861.0,2.2,6.9,1.7,10.8
1407153.0,1.6,6.0,3.8,11.4
1032227.0,1.4,6.9,1.9,10.2
1295620.0,4.0,6.8,1.2,12.0
567803.0,3.1,10.8,3.9,17.8
1269551.0,0.8,5.6,2.1,8.5
1295646.0,1.8,6.2,1.4,9.4
1327415.0,0.9,5.8,3.1,9.8
1252607.0,0.8,6.0,2.0,8.8
1297174.0,1.6,6.2,0.9,8.700000000000001
1229641.0,1.5,7.4,3.8,12.7
1233104.0,1.4,5.8,2.6,9.8
1297389.0,1.8,8.6,1.3,11.7
1210435.0,1.2,5.4,2.4,9.0
1297642.0,1.2,5.9,1.2,8.3
1323746.0,1.1,6.2,2.8,10.1
1144621.0,0.4,5.5,2.5,8.4
1298225.0,2.1,8.4,0.8,11.3
763291.0,2.9,9.0,3.9,15.8
1394315.0,0.5,4.2,2.3,7.0
1301506.0,2.5,6.0,1.5,10.0
1396382.0,1.2,6.9,3.8,11.9
1230481.0,0.8,5.5,2.3,8.6
1301508.0,1.4,6.1,1.0,8.5
1259946.0,0.8,6.4,3.6,10.8
1638131.0,-0.2,4.4,1.8,6.0
1301950.0,1.3,7.2,1.5,10.0
1677724.0,0.3,4.0,1.9,6.199999999999999
1302929.0,2.5,4.0,0.9,7.4
1284541.0,0.4,4.7,2.3,7.4
1303123.0,1.9,6.0,1.3,9.2
1391654.0,1.0,5.8,3.4,10.2
1296356.0,0.9,5.1,2.1,8.1
1303499.0,1.9,5.6,1.0,8.5
1461297.0,1.1,5.1,2.9,9.1
1294543.0,0.9,3.9,1.7,6.5
1304624.0,2.0,5.0,1.0,8.0
1441459.0,0.7,4.7,3.2,8.600000000000001
1307770.0,0.6,5.0,2.1,7.699999999999999
1307767.0,2.3,4.9,1.3,8.5
1349471.0,1.9,5.7,3.4,11.0
1518953.0,0.3,4.8,1.9,7.0
1309083.0,2.2,7.3,1.7,11.2
944374.0,2.0,7.8,3.9,13.7
1203161.0,0.4,5.4,2.2,8.0
1309223.0,1.6,7.1,1.9,10.6
1015785.0,2.0,8.7,3.8,14.5
1344992.0,0.9,4.6,2.2,7.7
1310421.0,2.1,5.7,1.0,8.8
1532692.0,0.2,5.1,2.9,8.2
1161008.0,1.3,5.5,2.5,9.3
1310761.0,2.1,5.4,0.8,8.3
1232715.0,0.9,5.6,2.5,9.0
1311483.0,1.8,6.5,1.3,9.6
1387948.0,1.4,7.1,3.0,11.5
1590847.0,0.9,3.4,1.7,6.0
1311503.0,3.5,4.7,0.7,8.899999999999999
976750.0,2.7,7.3,3.1,13.1
1174898.0,1.5,5.1,2.0,8.6
1311574.0,2.6,4.6,0.8,7.999999999999999
933244.0,1.8,7.8,3.9,13.5
1324339.0,0.7,5.2,2.2,8.100000000000001
1315730.0,2.9,6.6,1.6,11.1
1384007.0,0.9,6.3,2.8,10.0
1305877.0,0.6,5.5,1.7,7.8
1315786.0,1.7,4.9,0.9,7.500000000000001
1391320.0,0.6,7.1,3.6,11.3
1509507.0,0.0,3.7,2.2,5.9
1316301.0,1.6,5.3,0.8,7.7
1233563.0,1.0,4.5,2.1,7.6
1319998.0,1.9,4.9,1.0,7.800000000000001
1723628.0,0.6,3.9,2.6,7.1
1305855.0,0.5,5.3,2.5,8.3
1321539.0,2.1,7.1,1.3,10.5
965516.0,1.2,7.6,4.2,13.0
1301748.0,0.9,4.4,1.8,7.1000000000000005
1321704.0,1.3,5.7,1.1,8.1
1396939.0,0.5,5.7,3.6,9.8
1381504.0,0.6,3.8,1.8,6.199999999999999
1323400.0,1.7,5.9,1.2,8.8
1259516.0,1.6,6.1,3.2,10.9
1076253.0,1.2,7.1,2.1,10.4
1324959.0,2.7,9.2,1.1,12.999999999999998
590068.0,4.8,10.9,4.0,19.7
1428784.0,0.9,2.5,1.8,5.2
1325148.0,2.4,5.9,1.0,9.3
1258156.0,1.3,8.3,3.3,12.900000000000002
1080504.0,1.5,5.6,2.4,9.5
1325331.0,3.2,5.5,1.2,9.9
837797.0,1.8,9.3,3.9,15.000000000000002
1178329.0,0.4,4.8,2.4,7.6
1327009.0,1.8,4.6,1.1,7.5
1333486.0,0.8,6.2,2.8,9.8
1255652.0,0.4,5.4,2.2,8.0
1329718.0,2.0,6.0,1.3,9.3
1175259.0,1.2,8.6,3.5,13.3
1313366.0,1.3,4.9,1.6,7.800000000000001
1330019.0,1.2,6.5,1.4,9.1
1410853.0,0.5,5.7,3.2,9.4
1367529.0,1.0,4.7,1.5,7.2
1330559.0,2.1,4.9,0.9,7.9
1302972.0,1.5,4.9,3.4,9.8
1337027.0,0.5,5.9,2.0,8.4
1331961.0,1.8,7.3,1.5,10.6
860673.0,1.2,9.6,3.2,14.0
1326981.0,0.9,4.6,2.0,7.5
1332499.0,1.3,6.9,1.8,10.000000000000002
1409930.0,2.2,4.5,3.4,10.1
1381697.0,0.4,4.3,2.3,7.0
1332899.0,1.5,4.9,1.0,7.4
1295230.0,0.8,4.2,2.4,7.4
1333147.0,1.8,5.7,1.4,8.9
1217785.0,1.6,6.4,3.4,11.4
1351610.0,0.7,4.8,1.8,7.3
1334577.0,1.0,6.5,1.5,9.0
1130324.0,1.0,6.7,2.9,10.6
1334720.0,4.1,8.2,0.8,13.1
979444.0,1.7,4.6,3.8,10.1
1473231.0,0.4,5.6,2.3,8.3
1336189.0,1.7,4.7,0.7,7.1000000000000005
1336597.0,1.7,6.9,2.8,11.4
1688688.0,0.3,3.0,1.7,5.0
1336250.0,1.5,4.7,1.0,7.2
1397093.0,0.5,5.3,3.8,9.6
1676872.0,0.4,4.0,1.5,5.9
1336542.0,1.5,7.3,0.9,9.7
1108553.0,1.0,7.3,3.3,11.6
1279033.0,0.5,5.8,2.2,8.5
1337045.0,1.6,5.9,1.6,9.1
1328682.0,1.9,6.2,3.8,11.9
1380433.0,0.7,4.0,1.8,6.5
1337580.0,1.4,4.5,1.1,7.0
1305912.0,1.6,5.6,4.0,11.2
1334191.0,0.8,4.7,1.8,7.3
1337858.0,2.0,6.4,0.9,9.3
1402384.0,0.3,4.7,1.7,6.7
1338797.0,2.4,4.8,0.8,7.999999999999999
1458759.0,0.1,6.1,3.3,9.5
1392212.0,0.2,3.2,2.0,5.4
1339353.0,1.5,6.2,1.0,8.7
1375371.0,0.9,3.7,1.9,6.5
1340120.0,1.6,4.4,1.0,7.0
1467422.0,2.4,4.4,2.8,9.6
1293703.0,0.4,4.9,2.2,7.500000000000001
1294110.0,0.9,4.8,2.2,7.9
1344785.0,3.4,4.9,1.0,9.3
767174.0,1.6,8.8,4.1,14.5
1363254.0,0.8,4.0,1.9,6.699999999999999
1345961.0,4.3,4.9,0.7,9.9
1379308.0,1.2,5.8,3.9,10.9
1310356.0,0.5,4.5,2.0,7.0
1347010.0,1.6,5.3,1.2,8.1
1549413.0,0.6,4.9,3.0,8.5
1307087.0,0.8,5.6,2.0,8.399999999999999
1347517.0,2.0,5.9,1.3,9.2
1275376.0,1.3,6.3,3.2,10.8
1320567.0,1.6,6.3,2.2,10.1
1347801.0,1.9,5.5,1.5,8.9
1501028.0,0.6,6.5,2.7,9.8
1654575.0,0.1,4.4,1.6,6.1
1348160.0,1.0,7.1,1.1,9.2
1320183.0,0.7,5.7,1.8,8.200000000000001
1350444.0,1.5,5.4,0.9,7.800000000000001
1445216.0,0.9,5.8,3.3,10.0
1703498.0,0.5,2.8,2.1,5.4
1351420.0,1.7,5.9,0.6,8.200000000000001
1289565.0,0.7,5.3,2.3,8.3
1351490.0,1.4,5.5,1.2,8.1
1383288.0,1.5,5.6,3.3,10.4
1361971.0,0.9,4.6,2.1,7.6
1352023.0,2.3,4.3,0.9,7.5
1407563.0,1.0,4.6,3.3,8.899999999999999
1345160.0,0.9,4.4,2.2,7.500000000000001
1352668.0,2.0,4.9,1.3,8.200000000000001
1587408.0,0.5,4.5,3.3,8.3
1169086.0,1.2,4.5,2.6,8.3
1353636.0,2.4,5.3,1.3,9.0
1401757.0,1.2,4.1,1.8,7.1
1356324.0,1.8,5.3,0.9,8.0
1250891.0,1.1,7.3,3.9,12.3
1348378.0,1.1,4.9,1.7,7.7
1358739.0,1.7,6.1,1.0,8.8
1509891.0,0.4,5.2,3.0,8.600000000000001
1670657.0,-0.0,3.4,1.2,4.6
1358915.0,1.2,8.1,1.1,10.4
967080.0,1.1,8.1,3.3,12.5
1333493.0,0.6,4.1,2.1,6.799999999999999
1360671.0,1.2,4.9,0.9,7.000000000000001
1721479.0,0.6,3.9,2.5,7.0
1270761.0,0.7,4.2,1.9,6.800000000000001
1361796.0,1.6,4.9,0.9,7.4
1438740.0,1.6,1.9,2.5,6.0
1363049.0,2.8,5.9,0.3,9.0
1342470.0,0.9,6.3,3.5,10.7
1091250.0,1.9,4.5,2.5,8.9
1364474.0,2.1,4.7,1.2,8.0
1670337.0,0.8,3.1,1.4,5.300000000000001
1364733.0,2.1,4.9,0.9,7.9
1422044.0,1.2,5.5,3.2,9.9
1284488.0,0.8,4.9,1.6,7.300000000000001
1368376.0,0.6,4.6,0.8,5.999999999999999
1581726.0,-0.6,4.5,2.3,6.199999999999999
1659887.0,0.5,1.6,1.0,3.1
1368386.0,1.9,4.1,0.7,6.7
1339129.0,1.3,4.7,2.3,8.3
1368731.0,2.5,5.0,1.6,9.1
1345009.0,0.9,4.0,2.0,6.9
1368749.0,2.0,5.0,0.7,7.7
1602060.0,1.3,3.1,2.6,7.0
1304325.0,2.5,4.8,2.2,9.5
1368983.0,4.8,1.6,0.8,7.2
1261902.0,0.2,4.7,1.7,6.6000000000000005
1369159.0,0.5,4.2,2.6,7.300000000000001
1746662.0,-0.1,2.9,2.6,5.4
1696960.0,-0.2,2.8,1.8,4.4
1371456.0,2.2,5.4,0.9,8.5
1138949.0,1.6,6.3,3.5,11.4
1365941.0,1.3,4.0,1.9,7.199999999999999
1373280.0,1.7,4.5,0.9,7.1000000000000005
1391309.0,1.3,4.8,3.2,9.3
1251982.0,2.5,3.9,1.1,7.5
1374915.0,2.0,7.2,0.9,10.1
1686383.0,0.8,2.3,3.2,6.3
1084513.0,1.8,5.7,2.5,10.0
1375722.0,3.0,5.2,0.9,9.1
950482.0,1.9,6.5,3.8,12.2
618484.0,1.8,7.5,4.0,13.3
1379119.0,-0.1,5.0,1.3,6.2
1078721.0,1.8,6.8,3.6,12.2
846285.0,1.0,5.2,0.0,6.2
1381199.0,0.3,2.9,1.3,4.5
1317389.0,2.0,4.0,-0.3,5.7
1576835.0,0.6,2.0,1.9,4.5
1383966.0,2.8,3.6,0.4,6.800000000000001
1306413.0,0.4,4.7,2.4,7.5
1388918.0,2.5,3.8,0.6,6.9
1038622.0,2.2,4.8,3.7,10.7
1021884.0,2.2,5.1,2.7,10.0
1389110.0,1.9,5.6,0.7,8.2
1319135.0,1.5,5.6,3.8,10.9
1280436.0,0.5,4.1,2.2,6.8
1389298.0,1.1,5.4,1.2,7.7
1662541.0,0.2,2.0,0.8,3.0
1389354.0,1.9,4.0,0.3,6.2
1408860.0,1.4,4.5,3.4,9.3
1357283.0,0.3,4.8,2.1,7.199999999999999
1389890.0,2.2,5.0,1.0,8.2
1465718.0,1.1,6.2,4.1,11.4
1621178.0,0.3,2.6,1.6,4.5
1390441.0,1.4,4.9,0.8,7.1000000000000005
1369933.0,1.0,3.5,2.0,6.5
1391408.0,1.3,5.3,0.8,7.399999999999999
1516883.0,0.5,4.6,3.6,8.7
1346665.0,0.6,5.2,2.1,7.9
1391836.0,1.4,5.3,1.1,7.799999999999999
1510241.0,0.6,6.2,3.8,10.6
1699762.0,0.1,3.9,1.8,5.8
1394115.0,1.7,6.0,0.7,8.4
1364389.0,1.3,4.7,1.9,7.9
1395042.0,2.1,5.5,1.4,9.0
1476586.0,0.9,5.3,3.6,9.8
1655550.0,0.3,3.2,2.1,5.6
1395453.0,0.7,5.9,1.2,7.800000000000001
1023828.0,1.2,6.5,3.9,11.6
1693397.0,-0.2,3.2,2.2,5.2
1395470.0,2.9,5.9,0.3,9.1
1381518.0,0.2,2.2,-0.2,2.2
1396202.0,5.3,4.5,2.3,12.1
1651702.0,0.4,1.2,1.7,3.3
1400685.0,2.2,3.3,0.6,6.1
1339671.0,0.6,5.0,1.9,7.5
1402664.0,2.8,4.4,1.1,8.3
1491280.0,1.8,5.8,3.4,11.0
1552681.0,-0.0,3.7,1.7,5.4
1403340.0,2.3,5.2,0.8,8.3
1591278.0,0.6,3.2,2.5,6.300000000000001
1404966.0,3.5,5.3,0.8,9.6
703363.0,4.2,8.5,3.7,16.4
1279268.0,0.6,4.2,2.3,7.1
1405106.0,0.7,5.9,1.2,7.800000000000001
703010.0,2.4,8.6,3.9,14.9
1338499.0,1.2,4.7,2.2,8.100000000000001
1406208.0,1.8,4.7,1.2,7.7
1601137.0,1.1,3.9,3.3,8.3
1105150.0,1.0,6.8,2.5,10.3
1420152.0,2.4,6.9,1.3,10.6
1120221.0,0.3,5.6,2.3,8.2
1422945.0,1.2,6.7,0.9,8.8
656823.0,2.8,10.4,3.5,16.7
1586868.0,0.8,4.3,1.2,6.3
1424048.0,1.5,4.9,1.2,7.6
1517283.0,0.2,1.5,2.8,4.5
1424343.0,1.1,4.3,1.1,6.5
1659052.0,1.0,4.4,3.7,9.1
1194857.0,0.9,5.5,2.5,8.9
1424613.0,2.2,6.2,0.9,9.3
772094.0,2.9,9.0,3.5,15.4
1536106.0,-1.2,2.5,0.5,1.8
1427764.0,1.7,2.2,2.4,6.300000000000001
1369357.0,0.8,4.1,1.9,6.799999999999999
1428201.0,2.3,6.0,0.9,9.2
856979.0,2.6,7.7,3.2,13.5
1393052.0,0.4,3.0,1.7,5.1
1430339.0,1.9,5.2,1.7,8.799999999999999
1312692.0,0.9,3.3,2.6,6.800000000000001
1430441.0,1.4,4.5,1.3,7.2
1327484.0,0.8,3.7,2.1,6.6
1433490.0,3.1,4.4,1.3,8.8
1401035.0,0.1,4.4,1.8,6.3
1439714.0,2.3,8.2,1.0,11.5
497815.0,4.4,12.5,3.5,20.4
1499758.0,0.3,3.0,1.6,4.9
1443581.0,1.2,4.3,0.7,6.2
1302134.0,0.4,4.4,1.1,5.9
1316335.0,0.2,4.2,1.8,6.2
1448687.0,0.6,6.4,0.9,7.9
622302.0,2.4,10.4,4.1,16.9
1405871.0,-0.6,3.9,2.4,5.699999999999999
1453059.0,1.3,3.3,1.0,5.6
1330821.0,0.1,6.6,3.9,10.6
1347809.0,0.5,4.8,2.2,7.5
1454948.0,1.8,5.9,1.2,8.9
1122806.0,1.8,4.5,2.3,8.6
1459222.0,2.4,4.8,0.6,7.799999999999999
1008472.0,1.2,6.2,2.5,9.9
1459566.0,0.4,4.0,1.4,5.800000000000001
1193488.0,10.0,10.8,4.8,25.6
1369971.0,0.4,6.2,1.8,8.4
1459811.0,2.4,4.4,1.1,7.9
1595137.0,0.3,3.1,0.7,4.1
1465152.0,1.0,6.3,0.4,7.7
1651749.0,0.4,4.3,1.5,6.2
1465587.0,0.8,6.3,1.4,8.5
1278039.0,0.8,5.9,2.3,9.0
1468347.0,1.8,7.1,1.0,9.9
950740.0,1.5,9.5,3.3,14.3
1455201.0,1.4,2.8,1.7,5.9
1473521.0,2.4,4.0,1.0,7.4
1698178.0,1.5,2.4,1.7,5.6
1476784.0,0.3,3.5,0.1,3.9
1359636.0,0.4,3.6,2.5,6.5
1484122.0,0.9,4.9,0.3,6.1000000000000005
1641318.0,0.8,4.2,1.4,6.4
1484703.0,1.2,5.8,1.2,8.2
1300930.0,1.6,5.4,2.2,9.2
1492360.0,0.8,5.0,1.1,6.9
641920.0,3.3,7.8,3.1,14.2
686500.0,1.6,8.9,2.5,13.0
1494380.0,0.1,4.3,1.7,6.1
1513741.0,0.9,5.9,3.3,10.1
1252012.0,-1.5,2.8,1.5,2.8
1495970.0,2.6,3.3,1.3,7.2
1095927.0,0.0,5.2,2.2,7.4
1496813.0,0.0,-1.3,1.0,-0.3
1669002.0,0.7,2.4,1.1,4.199999999999999
1498870.0,1.7,4.5,1.1,7.300000000000001
1500413.0,2.3,0.3,0.8,3.3999999999999995
1397151.0,0.4,3.2,1.6,5.2
1505365.0,1.8,3.7,0.6,6.1
835609.0,2.8,8.6,3.0,14.4
1508544.0,3.7,7.6,0.8,12.1
726599.0,4.6,11.7,3.7,20.0
1451497.0,-0.2,5.3,2.0,7.1
1515062.0,2.0,6.9,1.8,10.7
589282.0,3.5,10.7,4.0,18.2
1666350.0,0.2,4.1,2.2,6.5
1517006.0,1.1,4.3,1.0,6.4
1005646.0,1.1,6.8,2.5,10.4
1521526.0,2.2,7.5,1.3,11.0
604089.0,3.8,11.8,4.1,19.700000000000003
1426428.0,1.3,4.5,2.1,7.9
1525456.0,2.6,5.2,0.9,8.700000000000001
903820.0,3.2,7.4,3.3,13.900000000000002
1693394.0,0.1,2.7,1.4,4.2
1535821.0,1.0,4.9,0.7,6.6000000000000005
1419680.0,0.4,4.4,1.7,6.500000000000001
1536605.0,0.5,5.8,0.7,7.0
1535921.0,1.1,3.4,2.6,7.1
1536923.0,3.4,4.5,0.9,8.8
1177315.0,1.9,5.8,2.6,10.3
1647335.0,0.7,6.3,1.7,8.7
1542539.0,0.9,7.1,1.0,9.0
1698486.0,-0.4,3.8,1.9,5.3
1543332.0,1.5,6.2,1.2,8.9
888752.0,1.2,7.6,3.2,12.0
1683333.0,0.3,5.1,1.9,7.299999999999999
1549970.0,0.6,5.7,1.1,7.4
1667779.0,0.9,4.6,1.4,6.9
1562973.0,1.1,4.6,0.5,6.199999999999999
1314717.0,0.5,6.2,3.7,10.4
677529.0,1.6,10.0,2.3,13.9
1563226.0,2.5,5.8,1.4,9.7
283324.0,5.4,13.1,4.5,23.0
1529346.0,0.3,3.4,2.0,5.699999999999999
1567228.0,2.3,6.0,1.0,9.3
728946.0,3.4,9.5,3.5,16.4
1439440.0,0.3,3.6,2.4,6.3
1589371.0,1.1,4.5,1.3,6.9
1066858.0,1.1,5.4,2.2,8.7
1590251.0,1.7,6.5,0.5,8.7
800686.0,2.3,9.8,3.7,15.8
1514019.0,0.4,3.2,1.8,5.4
1593250.0,1.4,5.6,0.9,7.9
836865.0,2.0,7.7,4.1,13.8
1497237.0,-1.2,2.8,0.0,1.6
1594580.0,3.4,1.2,-0.3,4.3
1298669.0,1.3,3.8,2.2,7.3
1599065.0,2.9,3.1,0.7,6.7
732562.0,2.2,10.0,3.8,16.0
1644027.0,-0.1,1.9,2.0,3.8
1602144.0,1.3,2.8,-0.1,4.0
1531395.0,0.8,1.7,1.2,3.7
1604519.0,1.5,3.0,0.6,5.1
1684016.0,0.0,2.9,0.7,3.6
1608284.0,0.7,4.4,1.1,6.200000000000001
1576641.0,0.4,3.4,1.9,5.699999999999999
1608487.0,2.2,3.7,0.6,6.5
1114278.0,1.2,7.2,3.5,11.9
1355906.0,2.5,2.2,1.2,5.9
1611940.0,-0.3,-0.5,-0.3,-1.1
960486.0,1.0,5.0,4.0,10.0
1233218.0,1.1,3.5,2.1,6.699999999999999
1614917.0,1.5,6.1,0.2,7.8
1661676.0,0.8,3.6,2.1,6.5
1615094.0,1.7,3.5,0.7,5.9
1516517.0,0.3,3.3,3.7,7.3
1597407.0,0.5,2.5,1.7,4.7
1617139.0,1.5,3.9,0.5,5.9
682662.0,2.0,10.9,3.0,15.9
1618109.0,5.7,8.4,2.1,16.200000000000003
333781.0,6.5,13.3,4.3,24.1
983179.0,1.8,6.5,2.4,10.7
1622248.0,2.6,5.8,1.5,9.9
773858.0,2.8,8.5,3.5,14.8
1685537.0,1.1,1.0,0.9,3.0
1623087.0,0.7,4.2,0.4,5.300000000000001
1696182.0,0.1,4.0,2.9,7.0
1449357.0,0.0,4.4,1.8,6.2
1528341.0,0.4,4.3,1.9,6.6
1638871.0,0.7,5.1,0.7,6.5
1589996.0,0.1,3.4,1.6,5.1
1641104.0,1.3,5.9,1.4,8.6
845961.0,2.1,8.2,4.0,14.3
1491866.0,1.2,4.9,2.2,8.3
1647762.0,1.4,5.8,1.5,8.7
711937.0,1.5,7.7,4.6,13.8
1677736.0,-0.0,1.8,1.0,2.8
1648299.0,0.3,4.3,1.0,5.6
1377628.0,0.3,4.9,3.5,8.7
1622888.0,0.5,3.3,1.4,5.199999999999999
1652040.0,1.3,5.5,1.2,8.0
896849.0,2.4,8.2,4.0,14.6
1232748.0,2.1,4.5,2.3,8.899999999999999
1653608.0,0.6,4.0,0.9,5.5
1622311.0,-0.1,3.6,1.6,5.1
1658658.0,0.9,6.3,1.4,8.6
869360.0,1.4,9.2,4.0,14.6
1701780.0,0.6,3.1,1.5,5.2
1662705.0,0.4,3.5,1.0,4.9
1630031.0,0.1,4.0,3.5,7.6
1483947.0,0.2,3.9,1.2,5.3
1667324.0,1.4,3.0,0.0,4.4
1666123.0,0.4,2.6,1.6,4.6
1670409.0,0.8,3.9,1.2,5.9
1688060.0,-0.3,2.6,1.8,4.1000000000000005
1671013.0,1.2,3.0,0.7,4.9
1542252.0,0.8,5.3,3.1,9.2
1658553.0,1.2,1.2,1.5,3.9
1700285.0,0.8,3.5,0.8,5.1
983402.0,1.4,8.6,2.3,12.3
1715212.0,3.1,8.1,1.1,12.3
492628.0,5.0,11.9,3.9,20.8
1703806.0,-0.3,1.2,1.1,2.0
1720005.0,0.3,4.8,1.0,6.1
1661865.0,-0.2,2.1,0.5,2.4000000000000004
1727243.0,0.4,1.5,0.1,2.0
1226306.0,0.9,5.8,2.6,9.3
1731312.0,1.4,5.3,0.8,7.499999999999999
952599.0,2.9,8.6,4.1,15.6
1557938.0,0.4,4.5,1.9,6.800000000000001
1742815.0,1.2,3.9,0.9,6.0
1379810.0,1.3,4.8,2.0,8.1
1745410.0,0.4,1.8,0.8,3.0
1658122.0,0.3,2.4,1.4,4.1
1748292.0,0.8,5.9,1.0,7.7
800559.0,1.7,7.8,3.9,13.4
1540552.0,-0.0,3.0,2.1,5.1
1756581.0,0.1,2.6,1.0,3.7
1694887.0,0.5,3.3,1.0,4.8
1759722.0,0.3,3.5,0.5,4.3
1656376.0,0.9,3.0,2.6,6.5
1700740.0,1.6,1.7,2.7,6.0
1761020.0,0.5,4.3,0.6,5.4
1476267.0,0.4,5.5,3.5,9.4
1631951.0,0.6,1.8,0.8,3.2
1761423.0,1.2,1.4,0.3,2.8999999999999995
1682326.0,0.3,3.7,2.5,6.5
1790108.0,0.9,3.0,0.5,4.4
1702660.0,0.2,1.9,1.1,3.2
1793455.0,0.8,3.2,0.3,4.3
1325715.0,-0.6,3.8,2.2,5.4
1802036.0,2.9,3.1,0.2,6.2
1321004.0,0.1,4.0,2.4,6.5
1803524.0,0.4,2.6,1.0,4.0
1701307.0,0.5,2.8,-1.4,1.9
1807514.0,-1.6,3.3,1.0,2.7
1519061.0,-0.7,3.8,2.1,5.199999999999999
1812802.0,0.4,4.4,0.6,5.4
1703529.0,-0.6,4.1,1.1,4.6
1816297.0,0.5,4.7,0.6,5.8
1249792.0,0.0,5.6,2.6,8.2
1820318.0,0.3,5.2,1.0,6.5
1577221.0,-2.0,6.5,2.2,6.7
1823903.0,1.4,0.8,0.1,2.3000000000000003
1186323.0,1.2,6.1,2.2,9.5
1830569.0,1.2,5.7,1.1,8.0
865291.0,2.9,9.3,3.4,15.6
1832201.0,0.7,-0.6,0.2,0.3
954442.0,1.8,8.0,2.4,12.2
1838351.0,2.3,7.1,1.4,10.8
562940.0,4.1,11.9,4.2,20.2
1528451.0,0.1,3.9,2.0,6.0
1842416.0,2.3,6.2,0.7,9.2
705444.0,4.8,7.9,3.6,16.3
1698479.0,0.6,3.2,1.2,5.0
1853011.0,1.6,3.7,0.2,5.500000000000001
1067806.0,1.6,7.0,3.8,12.4
1703791.0,0.2,2.2,1.5,3.9
1854174.0,0.8,2.9,0.6,4.3
124323.0,10.4,18.2,3.7,32.300000000000004
1512463.0,0.2,3.0,-0.2,3.0
1440832.0,0.3,3.2,2.4,5.9
1556892.0,1.4,1.4,0.5,3.3
1337495.0,1.2,6.2,1.7,9.1
151901.0,4.5,18.2,4.8,27.5
1297653.0,0.0,2.0,3.8,5.8
371225.0,4.5,10.5,4.8,19.8
1118763.0,1.6,6.4,1.9,9.9
197638.0,5.7,18.2,4.1,28.0
903079.0,1.8,8.8,2.6,13.2
651934.0,1.8,10.0,2.8,14.6
1529832.0,0.2,3.6,1.6,5.4
389202.0,5.8,13.3,2.9,22.0
1543285.0,0.3,3.0,1.7,5.0
124177.0,9.4,16.7,3.5,29.6
104078.0,18.4,16.3,4.3,39.0
1203492.0,1.5,5.4,2.4,9.3
553734.0,4.4,11.0,3.9,19.3
293299.0,3.2,14.1,4.8,22.1
1666647.0,-0.3,3.9,2.2,5.800000000000001
961833.0,1.3,9.3,2.4,13.000000000000002
360970.0,6.7,14.2,4.1,25.0
1614278.0,-0.2,3.7,2.8,6.3
367311.0,4.9,13.8,3.6,22.300000000000004
1690531.0,-0.5,2.8,0.9,3.2
386287.0,6.0,7.9,4.0,17.9
1214685.0,2.1,5.3,2.8,10.2
285565.0,4.4,17.0,3.6,25.0
122108.0,8.8,14.0,3.5,26.3
700131.0,6.1,5.0,3.5,14.6
55014.0,14.8,18.1,3.9,36.8
323918.0,4.7,14.9,3.0,22.6
175784.0,7.4,17.7,3.4,28.5
195881.0,8.2,16.0,3.5,27.7
416426.0,3.4,13.5,3.6,20.5
654118.0,2.4,11.1,2.8,16.3
512588.0,3.6,11.4,2.9,17.9
267880.0,7.0,14.1,3.6,24.700000000000003
325338.0,3.0,15.2,2.8,21.0
888061.0,1.1,7.1,3.5,11.7
431031.0,4.5,10.2,3.2,17.9
120413.0,18.8,15.2,3.8,37.8
118095.0,9.7,17.4,3.6,30.7
1468565.0,1.4,3.8,2.0,7.199999999999999
421534.0,-0.2,11.0,5.0,15.8
1350927.0,0.3,3.8,1.1,5.199999999999999
1673665.0,0.5,2.8,1.9,5.199999999999999
1633063.0,1.0,1.8,1.5,4.3
1331128.0,0.5,4.5,1.8,6.8
1630390.0,1.0,3.6,1.7,6.3
1579041.0,2.5,3.7,2.5,8.7
1611884.0,-1.4,1.1,2.2,1.9000000000000004
553633.0,3.6,11.1,3.0,17.7
319496.0,5.2,11.2,3.3,19.7
1432271.0,0.3,4.5,1.7,6.5
1466586.0,0.8,3.1,1.3,5.2
1427472.0,0.3,3.8,1.9,6.0
1186972.0,0.9,5.2,2.4,8.5
1453056.0,0.9,3.7,2.0,6.6000000000000005
1596097.0,1.2,1.5,-0.2,2.5
1703701.0,-0.6,2.7,1.5,3.6
281510.0,0.0,19.2,3.5,22.7
1246734.0,1.0,5.4,2.3,8.7
282114.0,7.0,15.2,2.2,24.4
579114.0,3.2,9.2,3.1,15.499999999999998
1440958.0,1.0,5.1,1.9,8.0
1389073.0,1.3,2.6,2.4,6.300000000000001
1555464.0,1.1,4.3,1.3,6.7
124930.0,9.4,17.0,3.7,30.1
121492.0,17.6,15.7,4.6,37.9
294451.0,3.6,14.4,4.2,22.2
1103540.0,1.9,7.6,2.5,12.0
505021.0,4.3,12.4,4.2,20.9
804686.0,2.6,7.2,2.4,12.2
124366.0,9.7,16.2,3.2,29.1
105855.0,18.8,15.5,4.4,38.7
372007.0,3.7,15.2,3.2,22.1
1675910.0,-0.1,4.3,1.9,6.1
972507.0,2.8,8.7,3.5,15.0
1387096.0,1.2,3.9,2.0,7.1
1376482.0,1.3,4.4,2.1,7.800000000000001
1699489.0,0.4,3.3,1.6,5.3
885795.0,3.5,6.2,3.4,13.1
1667960.0,1.9,2.4,0.8,5.1
1058836.0,1.9,6.2,3.4,11.5
822736.0,2.1,11.2,2.8,16.099999999999998
532480.0,3.0,9.9,4.4,17.3
1216633.0,0.7,7.0,2.3,10.0
667955.0,2.7,12.5,3.4,18.6
291565.0,3.8,16.1,3.7,23.6
1425540.0,1.2,4.0,1.8,7.0
1405340.0,1.3,4.4,1.7,7.4
853307.0,2.1,6.6,2.7,11.4
1286918.0,1.0,3.5,2.2,6.7
805401.0,1.5,8.3,6.0,15.8
1643810.0,-2.8,0.0,-0.2,-3.0
1047325.0,0.9,5.8,2.2,8.9
213051.0,5.7,16.0,3.4,25.1
121551.0,13.8,14.8,2.9,31.5
116800.0,16.0,15.0,4.2,35.2
784572.0,2.2,6.2,1.0,9.4
290595.0,2.6,14.1,1.6,18.3
408279.0,3.8,12.7,3.1,19.6
1132728.0,1.6,1.8,1.4,4.800000000000001
1300531.0,0.1,2.9,2.7,5.7
1213469.0,1.2,7.7,3.2,12.1
1261943.0,-1.2,7.2,1.2,7.2
1703683.0,-1.4,1.9,-0.2,0.3
273154.0,5.7,13.2,2.9,21.8
1525440.0,-1.5,4.2,1.2,3.9
1686462.0,0.5,3.0,2.0,5.5
1567259.0,0.2,2.1,3.9,6.2
1516493.0,0.9,6.3,1.8,9.0
721104.0,3.3,3.9,2.9,10.1
1692187.0,1.0,2.9,1.6,5.5
119395.0,10.0,17.9,3.7,31.6
1553078.0,0.0,4.4,1.8,6.2
1199903.0,1.4,6.7,3.6,11.7
1264453.0,2.0,0.0,0.0,2.0
543488.0,-0.2,10.2,2.2,12.2
980683.0,7.5,0.3,-0.3,7.5
910619.0,0.8,6.5,1.9,9.2
888773.0,2.8,5.0,2.3,10.1
150672.0,4.5,15.2,5.0,24.7
1511212.0,0.1,7.3,2.3,9.7
1395661.0,-0.5,7.8,0.0,7.3
190474.0,5.1,17.3,3.8,26.2
1153172.0,0.8,6.2,2.2,9.2
1393999.0,1.0,5.5,2.5,9.0
739853.0,3.0,9.6,4.3,16.9
1583715.0,0.2,6.9,2.2,9.3
1141657.0,1.8,9.4,2.5,13.7
608860.0,3.9,10.3,3.2,17.400000000000002
74352.0,14.2,18.5,3.9,36.6
1081213.0,1.1,5.2,2.5,8.8
166331.0,9.1,15.5,2.9,27.5
1564323.0,0.5,6.1,2.3,8.899999999999999
852469.0,1.7,9.4,3.1,14.2
1007197.0,1.7,6.0,2.7,10.4
1371148.0,-0.2,3.9,2.5,6.199999999999999
1320287.0,3.1,0.5,3.1,6.7
1687264.0,-0.4,2.2,1.0,2.8000000000000003
1690428.0,0.5,2.5,1.6,4.6
113505.0,11.0,17.4,3.0,31.4
116464.0,8.8,18.0,3.6,30.4
1650775.0,-1.9,5.0,0.8,3.9
1666165.0,-1.4,5.0,-0.6,3.0
1702074.0,-0.1,2.2,0.7,2.8
1556854.0,-1.2,0.2,1.5,0.5
1565062.0,0.3,3.0,1.4,4.699999999999999
1662373.0,-1.2,2.2,0.2,1.2000000000000002
1522748.0,0.2,5.2,1.0,6.4
1617108.0,0.1,1.8,2.3,4.2
1623702.0,-0.4,0.0,1.9,1.5
1107365.0,0.0,3.5,1.2,4.7
1262513.0,-0.6,4.4,2.9,6.7
1383380.0,1.2,5.8,2.2,9.2
1343140.0,1.3,4.5,1.6,7.4
1682578.0,3.2,-1.4,0.0,1.8000000000000005
1276885.0,1.3,3.9,2.6,7.800000000000001
102272.0,14.8,14.5,2.2,31.5
1411244.0,-0.1,2.6,3.1,5.6
928994.0,2.8,5.5,2.2,10.5
1700131.0,-1.0,2.2,1.2,2.4000000000000004
1347142.0,0.7,3.6,1.9,6.199999999999999
1215071.0,1.3,4.6,2.4,8.299999999999999
150847.0,13.8,16.8,3.8,34.4
1450436.0,1.3,3.0,1.4,5.699999999999999
830823.0,2.4,7.3,2.6,12.3
1115869.0,1.2,3.0,1.5,5.7
1032868.0,2.4,7.7,2.4,12.5
1178839.0,1.4,6.4,2.2,10.0
1384805.0,0.3,3.1,2.4,5.8
1363757.0,1.2,2.8,1.2,5.2
1670010.0,1.0,4.2,2.2,7.4
1625279.0,-0.2,3.6,1.3,4.7
1012779.0,2.5,7.8,2.5,12.8
1218277.0,1.9,3.9,2.5,8.3
467602.0,4.2,13.8,3.3,21.3
635115.0,2.3,8.9,3.0,14.2
1036517.0,2.0,7.8,2.0,11.8
1308582.0,0.5,4.0,2.3,6.8
326453.0,4.7,17.2,4.2,26.1
227754.0,5.0,16.1,3.2,24.3
277434.0,4.6,16.5,3.7,24.8
1192258.0,0.8,4.5,1.7,7.0
1683585.0,-0.2,2.5,1.0,3.3
631462.0,2.9,10.9,3.4,17.2
1281563.0,0.8,6.3,2.5,9.6
164027.0,5.5,12.0,2.2,19.7
1555082.0,1.2,6.1,3.0,10.3
298547.0,5.1,15.6,3.4,24.1
1484839.0,0.8,4.0,1.6,6.4
1498227.0,0.7,3.2,1.9,5.800000000000001
1362270.0,2.1,4.1,1.5,7.699999999999999
780242.0,2.9,8.5,4.2,15.6
1114003.0,0.3,6.8,2.7,9.8
578463.0,1.5,11.2,4.2,16.9
59285.0,19.4,18.0,3.6,41.0
281271.0,5.7,16.6,3.4,25.7
1601396.0,0.5,7.0,1.9,9.4
877848.0,3.2,11.4,3.4,18.0
1423242.0,0.4,5.2,1.9,7.5
872000.0,1.1,9.8,3.3,14.2
1614253.0,0.6,2.8,1.9,5.3
803761.0,2.6,8.8,4.0,15.4
1657381.0,0.7,3.8,0.5,5.0
786422.0,3.2,6.9,3.8,13.900000000000002
1528150.0,0.6,3.3,2.2,6.1
973373.0,2.6,7.1,3.0,12.7
1703738.0,-0.3,3.1,1.6,4.4
1053008.0,1.3,8.8,3.0,13.1
1661053.0,0.2,2.9,1.1,4.2
884942.0,1.2,9.2,3.6,13.999999999999998
1689916.0,-1.8,4.6,1.6,4.4
1265535.0,0.1,6.3,3.2,9.6
1510132.0,0.4,2.6,1.1,4.1
1180770.0,-0.2,8.2,3.5,11.5
1507893.0,0.2,5.0,4.4,9.6
291537.0,4.4,15.4,2.4,22.2
1695943.0,-0.5,1.4,1.1,2.0
1612381.0,5.2,1.7,0.9,7.800000000000001
961894.0,1.3,8.3,4.4,14.000000000000002
871164.0,2.0,6.4,2.5,10.9
185248.0,7.6,16.4,2.8,26.8
105618.0,11.5,16.7,3.7,31.9
85187.0,20.2,16.4,4.5,41.1
297987.0,3.7,15.8,3.2,22.7
260520.0,8.9,16.0,4.2,29.1
1161355.0,0.7,7.0,2.4,10.1
637428.0,2.5,11.1,4.1,17.7
1701580.0,-0.3,4.1,1.0,4.8
1182820.0,1.4,8.7,3.9,14.0
356016.0,4.6,12.5,3.8,20.9
124395.0,9.2,17.0,3.7,29.9
1637200.0,-0.6,4.5,1.6,5.5
1634761.0,1.6,5.5,2.2,9.3
1328838.0,1.2,5.1,1.9,8.2
124686.0,10.2,17.3,3.7,31.2
78781.0,21.7,16.5,4.5,42.7
1636696.0,0.5,4.2,2.5,7.2
654961.0,4.6,11.2,3.8,19.6
1378599.0,0.2,4.9,2.3,7.4
1681996.0,0.4,2.7,1.9,5.0
1233364.0,2.8,4.0,3.5,10.3
299881.0,2.8,15.8,4.1,22.700000000000003
1350956.0,0.4,4.6,2.3,7.3
459612.0,4.0,13.1,3.7,20.8
256406.0,3.2,14.9,3.4,21.5
976610.0,1.6,7.5,3.0,12.1
1691834.0,-0.9,4.2,1.0,4.300000000000001
1129022.0,1.8,7.3,3.1,12.2
1590529.0,0.4,4.2,1.7,6.300000000000001
827452.0,2.3,11.3,3.3,16.900000000000002
1628351.0,0.1,3.0,1.7,4.8
949968.0,2.8,7.8,4.0,14.6
1683274.0,0.3,3.2,1.9,5.4
903287.0,2.1,7.5,3.7,13.3
955594.0,0.6,7.0,2.3,9.9
818472.0,3.6,7.1,4.6,15.3
1158997.0,0.6,5.5,2.8,8.899999999999999
944195.0,2.3,7.1,3.1,12.499999999999998
1194209.0,0.5,4.8,2.2,7.5
660489.0,3.0,10.1,3.9,17.0
1630302.0,0.5,3.0,1.5,5.0
791054.0,3.1,7.0,3.9,14.0
1662033.0,0.8,2.5,1.6,4.9
791005.0,2.5,8.3,3.6,14.4
1471066.0,0.6,3.4,2.2,6.2
839103.0,2.1,9.3,4.0,15.4
1525834.0,0.5,3.7,2.2,6.4
1070515.0,1.2,7.4,3.2,11.8
1702321.0,0.0,2.9,2.0,4.9
978388.0,2.1,8.3,3.4,13.8
1694564.0,-0.1,2.2,1.0,3.1
1165056.0,0.8,5.6,4.2,10.6
1413955.0,1.0,4.8,1.6,7.4
1208608.0,0.8,7.6,3.8,12.2
1627079.0,0.4,4.0,1.0,5.4
1223621.0,1.6,7.1,3.8,12.5
1695158.0,1.1,4.5,2.2,7.8
734662.0,2.7,8.3,4.3,15.3
1483035.0,1.1,2.8,1.7,5.6
188344.0,6.9,15.7,3.3,25.9
1524392.0,0.6,2.4,1.6,4.6
252163.0,5.2,15.6,3.2,24.0
1479668.0,0.0,3.2,0.0,3.2
346306.0,6.8,7.0,6.0,19.8
374122.0,2.5,15.4,3.0,20.9
1679193.0,0.8,4.4,1.6,6.800000000000001
1703191.0,0.8,3.0,1.1,4.9
996280.0,1.6,9.6,4.1,15.3
257930.0,6.7,14.3,4.1,25.1
1680943.0,0.4,5.0,1.9,7.300000000000001
952778.0,1.8,7.5,2.3,11.6
578153.0,4.7,9.5,4.1,18.3
1679005.0,0.6,2.9,1.2,4.7
1217897.0,0.6,6.1,1.4,8.1
148719.0,6.7,18.6,4.2,29.5
256864.0,5.1,14.6,4.1,23.8
288169.0,9.1,15.0,4.5,28.6
250736.0,2.9,19.0,3.4,25.3
914866.0,1.8,9.6,3.0,14.4
1160912.0,1.6,8.3,2.8,12.7
1697910.0,-0.2,4.4,1.5,5.7
480535.0,3.7,11.7,3.2,18.6
453865.0,3.0,13.1,3.2,19.3
83880.0,12.3,17.6,3.8,33.7
401575.0,4.0,13.8,3.2,21.0
365960.0,2.8,14.9,3.5,21.2
1043139.0,1.5,8.6,2.5,12.6
344712.0,5.0,12.9,3.2,21.1
724572.0,2.2,11.2,3.2,16.599999999999998
832320.0,1.9,9.6,3.1,14.6
184817.0,7.4,16.7,3.6,27.700000000000003
209736.0,6.6,16.6,3.6,26.800000000000004
294897.0,3.9,16.4,3.5,23.8
296657.0,4.9,14.8,3.8,23.500000000000004
1623352.0,1.1,7.3,2.6,11.0
1298726.0,0.7,7.4,2.8,10.9
1668610.0,0.7,7.9,2.4,11.0
1124230.0,1.6,9.8,3.4,14.8
968850.0,2.3,9.4,3.0,14.7
1548938.0,0.5,7.2,2.4,10.1
1694489.0,0.0,5.0,1.8,6.8
631497.0,2.7,10.7,3.0,16.4
431170.0,3.1,13.1,3.4,19.6
328669.0,5.7,14.9,3.5,24.1
215453.0,8.4,16.5,3.6,28.5
1027770.0,1.5,5.0,2.7,9.2
813524.0,1.0,6.5,1.5,9.0
276527.0,7.3,11.9,2.4,21.6
263806.0,5.1,14.0,4.1,23.200000000000003
866315.0,-1.2,6.5,2.2,7.5
947125.0,2.4,6.9,2.4,11.7
319270.0,3.4,13.7,3.6,20.7
1402326.0,0.0,2.0,-0.8,1.2
1354134.0,0.9,4.1,1.8,6.8
282989.0,5.0,12.4,3.2,20.6
1285823.0,-0.8,1.5,1.0,1.7
1342726.0,1.1,5.3,2.1,8.5
322982.0,4.2,12.2,3.0,19.4
1268396.0,1.2,2.2,3.5,6.9
1262344.0,0.6,5.3,2.5,8.399999999999999
294238.0,7.2,10.8,3.0,21.0
1122032.0,1.0,6.6,2.6,10.2
1000582.0,-0.8,2.5,2.2,3.9
124614.0,8.3,17.6,3.9,29.8
254688.0,7.4,15.9,3.5,26.8
1670575.0,0.4,3.6,2.9,6.9
378204.0,3.5,13.4,3.6,20.5
1265013.0,1.1,4.9,2.4,8.4
404803.0,1.4,12.9,2.8,17.1
1681459.0,0.6,2.9,1.1,4.6
394814.0,3.4,13.5,2.2,19.1
1671132.0,-0.1,4.1,1.9,5.9
854121.0,1.9,7.4,3.7,13.0
888159.0,1.8,9.0,2.9,13.7
468679.0,4.8,13.3,4.2,22.3
96196.0,11.9,17.7,3.8,33.4
123409.0,8.4,17.4,4.0,29.8
1563420.0,0.5,4.5,2.2,7.2
1030818.0,1.1,8.4,4.0,13.5
270136.0,5.0,17.0,3.5,25.5
1632222.0,0.4,4.3,1.5,6.2
1028828.0,0.9,10.5,3.1,14.5
289020.0,3.3,15.1,4.6,23.0
1667895.0,0.1,3.7,2.3,6.1
1053932.0,1.4,10.6,3.3,15.3
1702850.0,0.3,4.7,2.0,7.0
1086662.0,2.6,8.7,3.2,14.5
583751.0,2.7,12.1,3.0,17.8
397770.0,5.7,13.6,4.0,23.3
94807.0,9.9,19.9,4.1,33.9
1141788.0,1.5,4.2,2.5,8.2
692182.0,1.3,8.1,3.0,12.4
933900.0,4.5,4.8,2.0,11.3
1635944.0,3.0,2.4,1.0,6.4
818460.0,1.6,9.2,2.8,13.599999999999998
1143911.0,0.2,6.4,2.7,9.3
918103.0,0.5,7.1,2.5,10.1
1483526.0,0.8,8.0,1.5,10.3
1701020.0,-1.5,-2.5,1.2,-2.8
1604269.0,-0.3,0.8,1.5,2.0
803836.0,2.8,4.8,2.6,10.2
299551.0,5.0,13.6,3.5,22.1
408997.0,2.0,13.0,2.9,17.9
1584302.0,-2.8,3.0,1.0,1.2000000000000002
360491.0,3.6,8.9,2.3,14.8
110689.0,12.3,18.0,3.8,34.1
299154.0,8.1,12.0,3.1,23.200000000000003
206782.0,10.2,8.5,2.4,21.1
1130397.0,1.4,5.3,2.4,9.1
1088462.0,1.1,6.8,2.6,10.5
307364.0,13.6,6.3,2.6,22.5
84761.0,13.5,18.0,3.6,35.1
878391.0,2.7,7.6,2.7,13.0
462631.0,5.4,11.2,3.9,20.5
1335152.0,1.3,5.6,2.6,9.5
1277679.0,0.9,5.2,2.0,8.100000000000001
483566.0,2.3,16.5,2.4,21.2
1499510.0,0.7,5.7,2.4,8.8
589369.0,2.3,10.3,2.8,15.400000000000002
228617.0,4.1,16.8,3.9,24.8
911277.0,2.6,7.5,2.8,12.9
150605.0,6.9,17.3,3.7,27.9
953917.0,1.4,6.3,2.6,10.3
373937.0,3.5,13.2,3.7,20.4
89550.0,12.1,17.0,3.5,32.6
1335883.0,0.9,3.5,2.1,6.5
1173543.0,1.0,5.3,2.4,8.7
285419.0,3.7,15.8,3.6,23.1
643675.0,1.9,11.1,2.8,15.8
971583.0,1.6,6.3,2.5,10.4
1342597.0,0.5,5.1,2.2,7.8
244356.0,4.1,16.0,3.5,23.6
1700039.0,-1.8,1.5,-0.5,-0.8
1653302.0,0.0,3.8,1.3,5.1
1576442.0,-1.2,2.5,1.0,2.3
1700073.0,-0.6,1.0,1.4,1.7999999999999998
1587546.0,1.2,0.2,1.0,2.4
1456913.0,2.0,2.0,0.0,4.0
1548546.0,-1.2,3.5,1.4,3.7
1542845.0,0.2,3.6,2.1,5.9
1669133.0,0.1,2.2,1.8,4.1000000000000005
119975.0,12.6,15.5,3.1,31.200000000000003
282173.0,3.4,15.4,4.0,22.8
1419369.0,1.0,5.3,1.0,7.3
254844.0,0.2,13.0,4.1,17.299999999999997
1554180.0,0.2,3.6,1.1,4.9
1387922.0,0.0,4.2,2.6,6.800000000000001
649021.0,2.9,9.6,3.1,15.6
140219.0,9.7,16.4,3.8,29.9
776004.0,2.2,10.7,2.9,15.8
297934.0,7.0,15.1,3.8,25.9
1698611.0,0.7,3.2,1.2,5.1000000000000005
1639517.0,0.4,2.8,1.5,4.699999999999999
1460875.0,1.3,3.4,2.2,6.9
1528423.0,0.0,1.8,0.8,2.6
1234232.0,0.0,5.0,3.5,8.5
1036664.0,0.8,9.5,5.0,15.3
1637106.0,-0.5,2.3,1.1,2.9
293336.0,7.1,13.9,3.9,24.9
1590275.0,0.0,3.0,2.2,5.2
1666720.0,0.1,3.3,1.3,4.7
1554496.0,-0.1,0.9,1.0,1.8
524131.0,2.0,11.3,2.9,16.2
1454263.0,-1.4,4.5,-0.6,2.5
90950.0,11.8,16.7,3.8,32.3
123712.0,6.4,17.2,3.2,26.8
1117919.0,0.4,5.0,2.4,7.800000000000001
187368.0,7.2,16.9,2.4,26.5
719681.0,2.0,8.1,2.8,12.9
1321423.0,-0.5,6.2,0.5,6.2
1703603.0,-2.8,4.5,1.6,3.3000000000000003
1546543.0,0.6,4.1,2.0,6.699999999999999
806816.0,2.2,6.9,3.3,12.400000000000002
674866.0,3.1,6.8,3.0,12.9
1560821.0,-0.5,0.2,2.2,1.9
854945.0,0.8,8.5,5.0,14.3
1354610.0,0.0,2.5,2.2,4.7
124752.0,9.3,17.8,3.7,30.8
116611.0,17.0,15.4,4.5,36.9
583347.0,2.3,9.3,3.5,15.1
468581.0,4.6,12.6,4.4,21.6
390271.0,4.4,12.4,3.2,20.0
1221546.0,2.0,4.0,4.8,10.8
800599.0,2.3,6.0,2.6,10.9
289828.0,15.9,12.4,2.6,30.9
670964.0,2.0,8.4,3.3,13.7
240073.0,5.9,16.4,2.7,25.0
1354486.0,0.8,6.8,3.5,11.1
1511960.0,-0.2,2.2,0.0,2.0
101299.0,11.9,17.0,3.5,32.4
861899.0,0.1,4.1,3.9,8.1
1293991.0,0.5,3.9,2.4,6.800000000000001
110242.0,12.8,13.9,3.5,30.200000000000003
389357.0,10.2,5.4,2.0,17.6
1611008.0,0.1,-0.1,1.1,1.1
1640538.0,0.0,2.6,1.2,3.8
1493821.0,0.9,2.6,2.1,5.6
1440420.0,2.9,1.4,1.4,5.699999999999999
1411252.0,2.2,2.7,1.6,6.5
968465.0,1.5,8.6,1.6,11.7
265153.0,9.1,14.4,4.0,27.5
110987.0,11.3,18.2,3.8,33.3
397202.0,4.1,12.8,3.1,20.0
200587.0,11.2,13.6,3.2,28.0
1311555.0,-2.0,2.2,2.2,2.4000000000000004
123582.0,9.5,17.1,3.5,30.1
1674065.0,-0.5,2.8,0.8,3.1
1687021.0,1.2,0.0,-0.2,1.0
1695017.0,0.5,3.3,1.6,5.4
1570989.0,0.2,3.0,1.0,4.2
626862.0,2.1,9.7,3.0,14.8
1211640.0,0.8,5.8,2.3,8.899999999999999
259973.0,4.0,16.1,3.6,23.700000000000003
1059311.0,0.9,7.4,2.7,11.0
424797.0,2.6,13.0,3.3,18.9
1312566.0,1.0,5.1,2.3,8.399999999999999
1484123.0,0.3,4.7,1.5,6.5
261984.0,4.0,16.4,3.5,23.9
168048.0,8.0,16.5,3.4,27.9
203886.0,7.3,17.2,3.9,28.4
231720.0,5.6,16.0,3.4,25.0
1392456.0,0.8,4.9,2.0,7.7
554803.0,5.6,10.9,3.6,20.1
114432.0,10.3,17.3,3.5,31.1
73821.0,13.2,17.0,3.9,34.1
122814.0,19.1,13.7,4.2,37.0
270601.0,0.0,18.0,4.0,22.0
1701046.0,-1.0,-1.8,2.2,-0.5999999999999996
1677876.0,-2.2,4.8,2.3,4.9
1621057.0,-0.5,2.0,2.2,3.7
1418524.0,-0.2,2.1,2.1,4.0
1228681.0,2.0,6.5,2.5,11.0
1369943.0,0.4,3.4,0.9,4.7
253749.0,1.2,20.8,2.5,24.5
1560429.0,0.2,1.5,3.5,5.2
124197.0,13.4,12.4,2.8,28.6
278374.0,1.6,15.5,3.5,20.6
1387164.0,0.0,5.4,3.3,8.7
1420462.0,0.0,1.0,1.8,2.8
1510131.0,-0.3,3.0,2.8,5.5
123295.0,8.0,17.5,2.9,28.4
124292.0,9.7,17.9,3.9,31.5
295179.0,4.7,16.3,2.7,23.7
1569453.0,0.0,3.0,1.8,4.8
1323865.0,0.0,3.9,1.9,5.8
1405483.0,1.6,2.2,0.6,4.4
1488169.0,-0.2,5.0,1.0,5.8
1525510.0,-0.2,2.6,1.5,3.9
1487933.0,-0.2,2.8,-0.2,2.3999999999999995
124190.0,10.7,17.4,3.7,31.8
1370244.0,0.0,4.2,1.0,5.2
1609201.0,0.0,3.5,0.2,3.7
294019.0,7.8,15.1,3.5,26.4
1649714.0,-0.8,3.4,1.6,4.199999999999999
1207686.0,-1.2,2.8,1.2,2.8
1373511.0,0.2,4.8,3.5,8.5
1598476.0,0.4,4.0,2.3,6.7
737330.0,3.0,7.8,2.7,13.5
758246.0,3.0,7.2,2.6,12.8
486774.0,4.6,11.8,3.6,20.0
1700108.0,-0.4,4.7,1.8,6.1
934683.0,2.7,6.3,4.0,13.0
123368.0,9.4,17.4,3.6,30.4
79133.0,19.6,17.1,4.6,41.3
1214393.0,1.1,4.9,2.4,8.4
660719.0,3.8,9.8,4.1,17.700000000000003
299268.0,3.8,16.1,3.1,23.000000000000004
1533605.0,1.4,2.5,1.7,5.6
651733.0,3.9,10.2,5.0,19.1
1186585.0,1.1,5.3,2.2,8.600000000000001
56657.0,15.9,16.3,3.7,35.900000000000006
49637.0,24.3,15.5,4.4,44.2
79906.0,16.2,17.4,3.2,36.8
61828.0,19.3,16.9,4.1,40.3
56815.0,14.2,18.0,3.8,36.0
51371.0,14.4,18.9,3.9,37.2
138958.0,17.5,14.5,3.8,35.8
61773.0,21.8,18.1,4.5,44.400000000000006
107322.0,19.6,15.2,3.8,38.6
47627.0,20.8,17.2,3.4,41.4
105186.0,18.3,13.5,5.1,36.9
79224.0,20.9,13.8,3.5,38.2
67943.0,16.1,16.9,3.9,36.9
82884.0,17.3,16.6,3.2,37.10000000000001
76170.0,21.3,16.0,4.8,42.1
71004.0,17.1,17.3,3.2,37.60000000000001
65275.0,23.3,15.3,5.3,43.9
109238.0,17.1,16.4,3.1,36.6
48180.0,19.7,17.4,3.2,40.3
127179.0,18.3,15.0,3.9,37.2
80923.0,21.5,16.7,4.3,42.5
121492.0,17.6,15.7,4.6,37.9
68300.0,18.9,17.4,5.0,41.3
87981.0,19.7,13.8,2.9,36.4
82095.0,22.6,14.9,3.7,41.2
71127.0,19.7,14.6,4.5,38.8
54885.0,25.8,14.4,3.7,43.900000000000006
74649.0,14.7,16.8,3.6,35.1
63725.0,15.3,18.3,4.2,37.8
96230.0,19.1,15.8,4.5,39.400000000000006
66363.0,19.6,16.6,3.7,39.900000000000006
54710.0,15.2,19.2,3.9,38.3
77022.0,17.5,17.3,4.8,39.6
131087.0,16.1,16.5,2.9,35.5
119323.0,21.7,15.7,3.1,40.5
96968.0,17.5,15.9,4.6,38.0
60800.0,12.4,19.0,4.0,35.4
109253.0,19.2,16.6,4.4,40.2
132536.0,15.5,16.3,4.1,35.9
85501.0,15.6,17.3,3.5,36.4
118921.0,17.3,15.3,2.7,35.300000000000004
85428.0,17.5,15.9,4.6,38.0
136226.0,15.8,15.8,3.7,35.300000000000004
121809.0,14.1,16.6,5.2,35.900000000000006
109254.0,17.9,15.2,4.2,37.3
86858.0,19.2,14.8,4.6,38.6
108452.0,16.3,16.0,4.6,36.9
48180.0,19.7,17.4,3.2,40.3
101389.0,17.6,16.5,4.7,38.8
108220.0,13.8,18.4,3.6,35.800000000000004
61773.0,21.8,18.1,4.5,44.400000000000006
51678.0,20.3,17.5,3.1,40.9
74854.0,14.1,17.3,3.6,35.0
71832.0,20.4,15.8,3.6,39.8
106982.0,17.1,16.1,4.2,37.400000000000006
66493.0,15.5,17.7,4.9,38.1
42932.0,15.8,20.2,4.0,40.0
48656.0,15.1,17.9,4.2,37.2
84761.0,13.5,18.0,3.6,35.1
78319.0,20.8,17.0,4.4,42.2
116149.0,16.6,16.9,4.4,37.9
89019.0,19.2,16.8,4.3,40.3
64012.0,14.4,16.8,3.9,35.1
70933.0,16.5,17.9,3.5,37.9
72973.0,13.1,17.8,4.3,35.2
83567.0,20.8,16.8,4.4,42.0
106000.0,18.1,17.0,4.1,39.2
78781.0,21.7,16.5,4.5,42.7
57603.0,23.7,14.1,5.3,43.1
58568.0,23.8,15.2,3.3,42.3
41725.0,22.2,16.1,3.5,41.8
95438.0,18.3,16.7,3.8,38.8
71832.0,20.4,15.8,3.6,39.8
46587.0,19.9,16.0,3.6,39.5
86351.0,13.1,18.3,3.8,35.2
95864.0,16.4,16.8,3.4,36.6
62995.0,21.8,15.9,4.8,42.5
116800.0,16.0,15.0,4.2,35.2
87978.0,19.4,16.6,4.3,40.3
136035.0,15.9,14.9,4.2,35.0
119267.0,17.5,14.1,4.7,36.3
139754.0,16.7,15.1,4.0,35.8
94990.0,17.5,15.2,2.7,35.400000000000006
51296.0,20.5,17.6,3.5,41.6
66637.0,12.7,19.1,3.8,35.6
53887.0,14.2,18.8,3.8,36.8
61828.0,19.3,16.9,4.1,40.3
81542.0,22.0,16.7,2.9,41.6
100793.0,16.7,17.2,4.6,38.5
145509.0,14.9,15.9,4.3,35.1
60433.0,17.8,16.6,3.9,38.3
120119.0,14.9,16.2,4.8,35.9
84967.0,17.5,17.1,4.3,38.9
124299.0,16.6,16.1,2.9,35.6
105744.0,14.9,16.6,4.9,36.4
110101.0,18.0,17.4,4.5,39.9
73788.0,13.6,17.8,3.8,35.2
40038.0,16.9,18.0,3.9,38.8
56237.0,20.4,18.2,3.4,41.99999999999999
80328.0,16.8,16.7,3.8,37.3
52871.0,17.2,17.2,3.6,38.0
118990.0,14.2,17.5,4.3,36.0
94844.0,17.7,17.2,3.9,38.8
57879.0,23.2,15.1,4.2,42.5
55868.0,23.7,15.8,4.6,44.1
49220.0,22.0,16.3,4.6,42.9
65553.0,23.0,14.2,5.2,42.400000000000006
92055.0,17.1,15.7,3.1,35.9
68300.0,18.9,17.4,5.0,41.3
56473.0,22.3,16.1,4.6,43.00000000000001
108283.0,15.3,16.7,3.8,35.8
95518.0,19.2,16.7,4.8,40.7
66564.0,21.7,15.4,4.8,41.9
61852.0,14.4,17.1,3.7,35.2
101652.0,20.3,17.3,4.3,41.9
116100.0,16.3,16.5,4.3,37.1
93461.0,19.7,17.4,4.0,41.1
114761.0,16.2,16.0,4.7,36.900000000000006
67710.0,26.9,17.9,4.7,49.5
74363.0,21.5,16.5,4.2,42.2
71362.0,17.3,18.9,3.6,39.8
74352.0,14.2,18.5,3.9,36.6
87725.0,14.4,17.6,3.6,35.6
58552.0,21.7,15.8,2.4,39.9
57879.0,23.2,15.1,4.2,42.5
110274.0,22.3,14.1,4.4,40.8
63701.0,20.4,17.3,4.5,42.2
67999.0,21.0,16.9,4.4,42.3
79133.0,19.6,17.1,4.6,41.3
51715.0,22.9,16.0,4.7,43.6
45089.0,16.5,17.5,3.8,37.8
105844.0,19.0,15.0,4.0,38.0
75037.0,23.0,13.8,2.5,39.3
110901.0,12.9,17.4,5.3,35.599999999999994
130536.0,16.5,15.5,5.0,37.0
42990.0,19.4,16.8,3.3,39.5
113375.0,18.4,16.1,3.8,38.3
123896.0,16.8,16.3,4.3,37.4
115589.0,18.9,14.3,4.5,37.7
135282.0,15.8,15.5,4.4,35.7
101788.0,15.6,17.0,3.2,35.800000000000004
100793.0,16.7,17.2,4.6,38.5
126381.0,14.2,16.9,4.2,35.3
120413.0,18.8,15.2,3.8,37.8
48094.0,16.4,17.9,3.9,38.2
56415.0,17.5,18.3,3.6,39.4
105844.0,19.0,15.0,4.0,38.0
104078.0,18.4,16.3,4.3,39.0
72823.0,25.9,12.3,2.1,40.3
72176.0,17.8,16.9,3.3,38.0
55966.0,18.1,17.3,4.3,39.7
49220.0,22.0,16.3,4.6,42.9
94961.0,17.2,17.3,3.5,38.0
83064.0,15.7,18.4,3.2,37.3
114297.0,19.4,14.8,4.7,38.900000000000006
96267.0,15.2,17.0,3.4,35.6
111672.0,19.1,14.6,3.9,37.6
76360.0,21.9,15.6,4.8,42.3
95823.0,14.9,17.2,3.7,35.800000000000004
42977.0,23.1,17.8,3.6,44.50000000000001
124492.0,16.1,16.6,4.5,37.2
101389.0,17.6,16.5,4.7,38.8
75037.0,23.0,13.8,2.5,39.3
58552.0,21.7,15.8,2.4,39.9
110101.0,18.0,17.4,4.5,39.9
108737.0,16.3,16.5,3.1,35.9
82851.0,21.9,13.6,4.5,40.0
93403.0,19.0,15.6,3.0,37.6
43254.0,16.5,17.9,3.8,38.2
92101.0,16.6,17.0,3.4,37.0
82244.0,18.7,17.3,4.8,40.8
132770.0,16.1,16.0,4.1,36.2
59867.0,18.2,16.6,3.4,38.2
43313.0,16.5,18.6,4.0,39.1
101586.0,19.9,14.5,4.5,38.9
132536.0,15.5,16.3,4.1,35.9
94686.0,20.1,13.4,4.2,37.7
110901.0,12.9,17.4,5.3,35.599999999999994
128744.0,16.5,14.9,4.1,35.5
110274.0,22.3,14.1,4.4,40.8
106896.0,19.2,15.4,4.0,38.6
94990.0,17.5,15.2,2.7,35.400000000000006
89019.0,19.2,16.8,4.3,40.3
67943.0,16.1,16.9,3.9,36.9
114684.0,18.9,15.4,4.3,38.6
90029.0,18.6,17.5,3.3,39.4
77012.0,20.2,15.9,4.5,40.6
76835.0,19.5,13.6,3.8,36.9
58552.0,21.7,15.8,2.4,39.9
85428.0,17.5,15.9,4.6,38.0
49544.0,22.6,16.7,4.7,44.0
71418.0,17.2,16.6,2.8,36.6
91106.0,18.8,16.7,4.2,39.7
62218.0,17.5,18.5,3.4,39.4
104698.0,17.1,16.5,3.4,37.0
103732.0,15.9,17.1,3.2,36.2
146874.0,14.6,16.5,4.2,35.300000000000004
80887.0,21.9,15.3,5.1,42.3
70326.0,18.8,17.2,3.6,39.6
120528.0,17.5,16.2,3.0,36.7
81542.0,22.0,16.7,2.9,41.6
75603.0,14.5,18.6,3.6,36.7
122635.0,15.6,16.6,4.9,37.1
66778.0,17.0,16.3,3.5,36.8
119198.0,17.9,15.1,4.2,37.2
49544.0,22.6,16.7,4.7,44.0
58698.0,19.1,16.5,3.1,38.7
113375.0,18.4,16.1,3.8,38.3
109238.0,17.1,16.4,3.1,36.6
110984.0,16.1,15.6,4.4,36.1
130855.0,15.2,16.1,4.2,35.5
105818.0,18.2,15.8,4.4,38.4
95518.0,19.2,16.7,4.8,40.7
40134.0,19.5,15.8,4.0,39.3
134903.0,16.5,15.2,3.9,35.6
58775.0,15.4,16.7,3.7,35.800000000000004
91507.0,19.9,16.4,4.5,40.8
80129.0,17.2,17.5,3.5,38.2
95823.0,14.9,17.2,3.7,35.800000000000004
61753.0,18.2,17.5,3.6,39.3
90263.0,17.7,18.1,3.8,39.6
71127.0,19.7,14.6,4.5,38.8
69976.0,14.5,18.1,3.6,36.2
58775.0,15.4,16.7,3.7,35.800000000000004
101788.0,15.6,17.0,3.2,35.800000000000004
103445.0,16.8,16.2,3.1,36.1
41725.0,22.2,16.1,3.5,41.8
132770.0,16.1,16.0,4.1,36.2
58775.0,15.4,16.7,3.7,35.800000000000004
46587.0,19.9,16.0,3.6,39.5
123659.0,18.4,15.1,4.1,37.6
60650.0,13.3,18.4,4.0,35.7
95864.0,16.4,16.8,3.4,36.6
116744.0,16.4,15.6,4.9,36.9
49544.0,22.6,16.7,4.7,44.0
71418.0,17.2,16.6,2.8,36.6
73645.0,17.5,18.4,3.2,39.1
87310.0,21.9,14.8,4.5,41.2
49109.0,15.4,18.0,3.9,37.3
40038.0,16.9,18.0,3.9,38.8
113375.0,18.4,16.1,3.8,38.3
139754.0,16.7,15.1,4.0,35.8
130855.0,15.2,16.1,4.2,35.5
120528.0,17.5,16.2,3.0,36.7
87474.0,19.2,15.8,4.5,39.5
68964.0,21.9,16.6,4.4,42.9
114218.0,21.7,14.8,4.5,41.0
55869.0,19.6,18.3,3.4,41.3
78234.0,18.0,16.2,4.8,39.0
57484.0,23.3,15.9,4.5,43.7
72984.0,18.2,16.5,3.2,37.900000000000006
104078.0,18.4,16.3,4.3,39.0
77752.0,20.9,16.0,4.4,41.3
69571.0,12.6,20.9,3.5,37.0
105061.0,19.5,15.4,4.6,39.5
55446.0,20.2,17.3,3.8,41.3
109253.0,19.2,16.6,4.4,40.2
115505.0,17.4,16.1,3.5,37.0
48936.0,21.2,17.9,3.2,42.3
100812.0,16.5,16.7,3.3,36.5
67999.0,21.0,16.9,4.4,42.3
54212.0,14.4,18.9,4.0,37.3
72321.0,21.5,14.9,4.1,40.5
62380.0,15.6,17.3,3.5,36.4
83538.0,16.0,17.6,3.4,37.0
69140.0,17.8,16.3,3.9,38.0
105855.0,18.8,15.5,4.4,38.7
123104.0,15.5,16.4,4.4,36.3
80328.0,16.8,16.7,3.8,37.3
73645.0,17.5,18.4,3.2,39.1
78319.0,20.8,17.0,4.4,42.2
109253.0,19.2,16.6,4.4,40.2
49069.0,20.2,18.8,3.7,42.7
67088.0,22.4,16.8,4.3,43.5
99816.0,14.0,17.0,4.2,35.2
94459.0,17.6,15.7,4.6,37.9
114684.0,18.9,15.4,4.3,38.6
94382.0,17.3,17.7,3.3,38.3
73788.0,13.6,17.8,3.8,35.2
105871.0,16.3,16.7,2.9,35.9
122814.0,19.1,13.7,4.2,37.0
76835.0,19.5,13.6,3.8,36.9
68837.0,22.7,14.8,4.4,41.9
76227.0,16.5,17.2,3.3,37.0
63761.0,18.1,17.0,3.4,38.5
101731.0,21.9,13.3,2.2,37.400000000000006
68914.0,21.0,14.8,4.2,40.0
80328.0,16.8,16.7,3.8,37.3
48936.0,21.2,17.9,3.2,42.3
78319.0,20.8,17.0,4.4,42.2
119095.0,18.6,16.0,4.0,38.6
96131.0,15.8,16.1,3.4,35.300000000000004
46587.0,19.9,16.0,3.6,39.5
83385.0,21.1,16.9,4.4,42.4
60475.0,18.4,15.9,3.4,37.7
140201.0,15.8,14.6,4.6,35.0
81518.0,14.3,17.2,3.7,35.2
46886.0,16.2,18.2,4.0,38.4
82244.0,18.7,17.3,4.8,40.8
46794.0,26.4,14.8,5.0,46.2
40134.0,19.5,15.8,4.0,39.3
42990.0,19.4,16.8,3.3,39.5
109033.0,14.5,17.4,3.4,35.3
67153.0,20.3,16.0,4.5,40.8
48180.0,19.7,17.4,3.2,40.3
95445.0,19.5,15.8,4.3,39.6
65343.0,14.2,17.4,3.8,35.4
51481.0,23.6,16.8,4.6,45.00000000000001
53146.0,23.6,16.3,4.5,44.400000000000006
114300.0,16.8,14.8,4.8,36.4
103732.0,15.9,17.1,3.2,36.2
90996.0,22.9,13.6,3.9,40.4
103445.0,16.8,16.2,3.1,36.1
124535.0,12.8,18.1,4.8,35.7
87656.0,20.4,15.9,4.2,40.5
40342.0,15.7,18.2,3.9,37.8
60475.0,18.4,15.9,3.4,37.7
66113.0,22.4,15.0,4.5,41.9
51788.0,21.0,17.9,5.1,44.0
90263.0,17.7,18.1,3.8,39.6
76835.0,19.5,13.6,3.8,36.9
42990.0,19.4,16.8,3.3,39.5
50736.0,19.9,17.3,3.5,40.7
73788.0,13.6,17.8,3.8,35.2
133670.0,17.0,14.6,4.4,36.0
63395.0,22.5,16.7,4.7,43.900000000000006
105744.0,14.9,16.6,4.9,36.4
118284.0,15.2,16.5,4.7,36.4
63725.0,15.3,18.3,4.2,37.8
117447.0,14.9,16.5,4.7,36.1
72823.0,25.9,12.3,2.1,40.3
74649.0,14.7,16.8,3.6,35.1
89723.0,15.9,16.4,3.5,35.8
93461.0,19.7,17.4,4.0,41.1
63701.0,20.4,17.3,4.5,42.2
55395.0,21.5,16.8,2.6,40.9
72984.0,18.2,16.5,3.2,37.900000000000006
114684.0,18.9,15.4,4.3,38.6
51715.0,22.9,16.0,4.7,43.6
115558.0,18.1,14.3,4.4,36.8
96230.0,19.1,15.8,4.5,39.400000000000006
71779.0,13.9,17.7,3.7,35.300000000000004
71135.0,17.0,18.0,3.0,38.0
54710.0,15.2,19.2,3.9,38.3
131644.0,19.0,15.1,3.1,37.2
114386.0,17.9,15.1,4.3,37.3
40358.0,27.0,15.0,4.4,46.4
77640.0,18.3,16.2,4.9,39.4
113935.0,20.0,14.1,2.9,37.0
121809.0,14.1,16.6,5.2,35.900000000000006
80006.0,22.8,15.4,3.9,42.1
78781.0,21.7,16.5,4.5,42.7
62218.0,17.5,18.5,3.4,39.4
48750.0,24.6,16.1,5.2,45.900000000000006
57886.0,19.0,17.0,3.4,39.4
74649.0,14.7,16.8,3.6,35.1
100812.0,16.5,16.7,3.3,36.5
77981.0,19.4,17.1,4.4,40.9
102951.0,19.6,15.5,4.1,39.2
81518.0,14.3,17.2,3.7,35.2
109033.0,14.5,17.4,3.4,35.3
90832.0,15.7,16.7,3.8,36.2
115589.0,18.9,14.3,4.5,37.7
54885.0,25.8,14.4,3.7,43.900000000000006
44203.0,24.4,15.1,4.4,43.9
90266.0,17.0,18.3,2.7,38.0
66127.0,21.9,16.8,4.2,42.900000000000006
52069.0,15.2,19.7,3.4,38.3
60650.0,13.3,18.4,4.0,35.7
49848.0,15.8,17.2,4.0,37.0
87978.0,19.4,16.6,4.3,40.3
44760.0,24.2,16.4,4.6,45.2
71004.0,17.1,17.3,3.2,37.60000000000001
111403.0,18.3,16.8,4.3,39.4
42990.0,19.4,16.8,3.3,39.5
146874.0,14.6,16.5,4.2,35.300000000000004
46886.0,16.2,18.2,4.0,38.4
69571.0,12.6,20.9,3.5,37.0
69140.0,17.8,16.3,3.9,38.0
91507.0,19.9,16.4,4.5,40.8
87589.0,15.7,17.9,4.6,38.2
61248.0,23.2,15.4,4.6,43.2
100284.0,15.0,17.3,3.4,35.7
42990.0,19.4,16.8,3.3,39.5
118921.0,17.3,15.3,2.7,35.300000000000004
46596.0,19.8,17.4,3.5,40.7
46723.0,18.2,18.5,3.8,40.5
77022.0,17.5,17.3,4.8,39.6
63725.0,15.3,18.3,4.2,37.8
60697.0,20.4,17.1,3.0,40.5
76326.0,23.9,12.3,4.2,40.400000000000006
48139.0,19.5,18.2,3.4,41.1
41263.0,15.8,18.4,4.0,38.2
143625.0,14.7,16.2,4.2,35.1
95864.0,16.4,16.8,3.4,36.6
96089.0,17.7,16.6,3.2,37.5
76326.0,23.9,12.3,4.2,40.400000000000006
116671.0,17.5,16.4,4.5,38.4
146502.0,13.7,16.5,5.0,35.2
62640.0,17.7,17.8,3.4,38.9
118828.0,15.5,16.4,4.5,36.4
105648.0,15.5,17.6,2.8,35.9
59572.0,14.8,18.0,3.8,36.6
87725.0,14.4,17.6,3.6,35.6
71127.0,19.7,14.6,4.5,38.8
40342.0,15.7,18.2,3.9,37.8
72176.0,17.8,16.9,3.3,38.0
59951.0,17.6,18.0,3.3,38.9
66184.0,22.1,17.0,4.4,43.5
62315.0,24.7,12.0,5.1,41.8
87978.0,19.4,16.6,4.3,40.3
132536.0,15.5,16.3,4.1,35.9
135151.0,21.2,12.7,3.9,37.8
110541.0,18.5,15.8,3.9,38.2
102561.0,20.8,16.5,4.8,42.1
92101.0,16.6,17.0,3.4,37.0
90029.0,18.6,17.5,3.3,39.4
43254.0,16.5,17.9,3.8,38.2
114525.0,16.4,16.2,3.1,35.7
79788.0,14.7,18.6,4.1,37.4
84509.0,18.1,17.4,4.6,40.1
78781.0,21.7,16.5,4.5,42.7
90266.0,17.0,18.3,2.7,38.0
51240.0,15.4,17.6,4.0,37.0
126920.0,17.7,14.5,3.8,36.0
84582.0,19.0,17.2,3.3,39.5
57801.0,23.6,14.0,4.3,41.9
64012.0,14.4,16.8,3.9,35.1
70072.0,18.7,17.5,3.4,39.6
145509.0,14.9,15.9,4.3,35.1
49032.0,13.2,18.8,4.2,36.2
94992.0,19.3,16.1,4.4,39.8
146238.0,16.5,14.4,4.1,35.0
96267.0,15.2,17.0,3.4,35.6
85428.0,17.5,15.9,4.6,38.0
47685.0,21.8,16.2,3.7,41.7
49146.0,20.3,16.8,3.8,40.9
66363.0,19.6,16.6,3.7,39.900000000000006
96089.0,17.7,16.6,3.2,37.5
77940.0,21.4,15.4,4.4,41.2
64571.0,24.5,14.5,3.5,42.5
134903.0,16.5,15.2,3.9,35.6
132536.0,15.5,16.3,4.1,35.9
51481.0,23.6,16.8,4.6,45.00000000000001
80371.0,19.3,14.6,2.8,36.7
101788.0,15.6,17.0,3.2,35.800000000000004
59412.0,15.1,18.6,4.0,37.7
40038.0,16.9,18.0,3.9,38.8
96131.0,15.8,16.1,3.4,35.300000000000004
106896.0,19.2,15.4,4.0,38.6
48094.0,16.4,17.9,3.9,38.2
49637.0,24.3,15.5,4.4,44.2
73841.0,21.3,12.9,5.2,39.400000000000006
59285.0,19.4,18.0,3.6,41.0
103635.0,15.9,13.9,5.2,35.0
41748.0,15.7,18.4,4.1,38.2
96704.0,20.1,14.8,4.1,39.00000000000001
98214.0,18.8,16.1,4.5,39.400000000000006
70958.0,18.5,17.7,3.5,39.7
122360.0,16.1,16.9,4.2,37.2
62995.0,21.8,15.9,4.8,42.5
114386.0,17.9,15.1,4.3,37.3
109033.0,14.5,17.4,3.4,35.3
108808.0,15.1,18.3,1.8,35.2
53146.0,23.6,16.3,4.5,44.400000000000006
118324.0,17.6,15.6,4.1,37.3
44710.0,22.8,17.5,4.6,44.9
78319.0,20.8,17.0,4.4,42.2
129330.0,13.8,17.5,4.4,35.7
85026.0,15.1,16.7,3.3,35.099999999999994
71584.0,24.2,16.5,5.4,46.1
54459.0,14.3,18.8,3.8,36.9
72176.0,17.8,16.9,3.3,38.0
105871.0,16.3,16.7,2.9,35.9
44710.0,22.8,17.5,4.6,44.9
124607.0,13.5,17.3,5.0,35.8
113801.0,14.4,16.4,4.4,35.2
136085.0,15.2,15.3,4.7,35.2
42977.0,23.1,17.8,3.6,44.50000000000001
87310.0,21.9,14.8,4.5,41.2
54877.0,14.6,18.2,3.8,36.6
95220.0,15.9,17.5,2.8,36.2
106982.0,17.1,16.1,4.2,37.400000000000006
87406.0,16.5,16.6,3.4,36.5
59420.0,22.4,16.2,3.2,41.8
94143.0,18.8,16.3,3.8,38.9
54507.0,20.7,14.6,3.1,38.4
119634.0,14.6,17.8,3.6,36.0
80642.0,16.3,15.9,3.5,35.7
97303.0,15.8,16.5,3.6,35.9
68964.0,21.9,16.6,4.4,42.9
40730.0,22.0,17.2,3.5,42.7
58874.0,22.8,15.7,4.3,42.8
96704.0,20.1,14.8,4.1,39.00000000000001
82609.0,21.8,15.6,4.4,41.8
43313.0,16.5,18.6,4.0,39.1
135024.0,15.6,15.4,4.1,35.1
63920.0,14.0,17.3,4.1,35.4
60650.0,13.3,18.4,4.0,35.7
51526.0,15.2,17.5,3.8,36.5
41748.0,15.7,18.4,4.1,38.2
62190.0,27.2,13.1,3.6,43.9
131644.0,19.0,15.1,3.1,37.2
81518.0,14.3,17.2,3.7,35.2
74895.0,21.8,16.8,4.3,42.9
56415.0,17.5,18.3,3.6,39.4
85026.0,15.1,16.7,3.3,35.099999999999994
46828.0,16.1,18.0,4.0,38.1
68702.0,17.8,17.0,3.3,38.1
94382.0,17.3,17.7,3.3,38.3
100708.0,22.1,15.7,4.8,42.6
74363.0,21.5,16.5,4.2,42.2
60475.0,18.4,15.9,3.4,37.7
124492.0,16.1,16.6,4.5,37.2
70207.0,18.8,18.0,3.5,40.3
49929.0,13.2,19.3,3.8,36.3
147731.0,22.0,9.6,3.6,35.2
109590.0,20.1,16.7,5.1,41.9
139743.0,15.9,14.4,4.7,35.0
65275.0,23.3,15.3,5.3,43.9
52436.0,20.8,15.0,3.3,39.1
81377.0,13.2,17.9,3.9,35.0
147731.0,22.0,9.6,3.6,35.2
109033.0,14.5,17.4,3.4,35.3
80129.0,17.2,17.5,3.5,38.2
105818.0,18.2,15.8,4.4,38.4
120413.0,18.8,15.2,3.8,37.8
76131.0,16.8,18.8,4.5,40.1
90832.0,15.7,16.7,3.8,36.2
40648.0,14.3,17.7,4.2,36.2
68633.0,17.9,17.8,3.6,39.3
135151.0,21.2,12.7,3.9,37.8
61127.0,19.6,16.9,2.9,39.4
91507.0,19.9,16.4,4.5,40.8
82244.0,18.7,17.3,4.8,40.8
96968.0,17.5,15.9,4.6,38.0
109238.0,17.1,16.4,3.1,36.6
125441.0,16.0,15.7,4.1,35.8
114761.0,16.2,16.0,4.7,36.900000000000006
118990.0,14.2,17.5,4.3,36.0
113296.0,18.9,16.3,4.0,39.2
114297.0,19.4,14.8,4.7,38.900000000000006
77957.0,18.1,17.3,3.3,38.7
101788.0,15.6,17.0,3.2,35.800000000000004
61753.0,18.2,17.5,3.6,39.3
96484.0,14.2,17.1,3.7,35.0
121086.0,15.9,17.3,3.8,37.0
82578.0,19.7,16.0,4.7,40.400000000000006
46256.0,15.0,18.5,3.9,37.4
94990.0,17.5,15.2,2.7,35.400000000000006
63920.0,14.0,17.3,4.1,35.4
92449.0,18.4,17.3,3.9,39.6
46383.0,14.4,18.7,3.7,36.8
100284.0,15.0,17.3,3.4,35.7
87589.0,15.7,17.9,4.6,38.2
77022.0,17.5,17.3,4.8,39.6
101652.0,20.3,17.3,4.3,41.9
146402.0,14.8,15.5,4.7,35.0
57603.0,23.7,14.1,5.3,43.1
145509.0,14.9,15.9,4.3,35.1
42556.0,22.9,16.6,3.6,43.1
78781.0,21.7,16.5,4.5,42.7
100277.0,16.2,16.3,3.4,35.9
100089.0,16.3,16.5,3.3,36.1
76301.0,22.6,18.6,3.7,44.900000000000006
43860.0,26.5,15.2,4.5,46.2
102914.0,15.2,17.2,3.6,36.0
73841.0,21.3,12.9,5.2,39.400000000000006
93954.0,20.3,15.6,4.2,40.1
146502.0,13.7,16.5,5.0,35.2
94844.0,17.7,17.2,3.9,38.8
51696.0,15.6,17.7,4.0,37.3
76156.0,21.6,13.7,3.4,38.7
71204.0,17.4,17.7,3.6,38.7
124535.0,12.8,18.1,4.8,35.7
125428.0,17.7,15.6,2.1,35.4
74649.0,14.7,16.8,3.6,35.1
117668.0,19.1,16.8,4.5,40.400000000000006
118432.0,15.7,15.8,4.6,36.1
84230.0,18.5,16.9,4.5,39.9
109650.0,16.0,17.4,4.4,37.8
54885.0,25.8,14.4,3.7,43.900000000000006
135282.0,15.8,15.5,4.4,35.7
115631.0,14.9,18.2,3.4,36.5
42990.0,19.4,16.8,3.3,39.5
94120.0,16.5,17.6,3.3,37.4
42977.0,23.1,17.8,3.6,44.50000000000001
109238.0,17.1,16.4,3.1,36.6
118828.0,15.5,16.4,4.5,36.4
85428.0,17.5,15.9,4.6,38.0
116744.0,16.4,15.6,4.9,36.9
46886.0,16.2,18.2,4.0,38.4
79133.0,19.6,17.1,4.6,41.3
58207.0,15.9,17.3,3.7,36.900000000000006
122247.0,20.0,16.2,3.6,39.8
92101.0,16.6,17.0,3.4,37.0
95570.0,18.6,16.4,5.7,40.7
56237.0,20.4,18.2,3.4,41.99999999999999
56924.0,13.9,18.1,3.9,35.9
41686.0,28.8,15.2,4.6,48.6
99614.0,14.7,18.4,3.8,36.89999999999999
125428.0,17.7,15.6,2.1,35.4
77940.0,21.4,15.4,4.4,41.2
92449.0,18.4,17.3,3.9,39.6
132770.0,16.1,16.0,4.1,36.2
41290.0,16.1,18.5,3.9,38.5
59631.0,14.8,17.6,4.0,36.400000000000006
100708.0,22.1,15.7,4.8,42.6
72314.0,17.4,16.6,3.5,37.5
80542.0,16.9,17.2,3.2,37.3
40134.0,19.5,15.8,4.0,39.3
40730.0,22.0,17.2,3.5,42.7
61633.0,19.5,17.0,3.3,39.8
72973.0,13.1,17.8,4.3,35.2
122001.0,14.9,17.8,2.6,35.300000000000004
143625.0,14.7,16.2,4.2,35.1
95224.0,17.1,18.2,4.5,39.8
95823.0,14.9,17.2,3.7,35.800000000000004
90029.0,18.6,17.5,3.3,39.4
70933.0,16.5,17.9,3.5,37.9
48936.0,21.2,17.9,3.2,42.3
51526.0,15.2,17.5,3.8,36.5
42990.0,19.4,16.8,3.3,39.5
72314.0,17.4,16.6,3.5,37.5
45414.0,22.2,17.8,4.6,44.6
96000.0,19.7,16.4,4.4,40.49999999999999
87310.0,16.3,16.3,3.4,36.0
116149.0,16.6,16.9,4.4,37.9
68837.0,22.7,14.8,4.4,41.9
48936.0,21.2,17.9,3.2,42.3
107374.0,15.3,14.9,5.3,35.5
62315.0,24.7,12.0,5.1,41.8
55675.0,22.8,16.0,4.5,43.3
117911.0,18.6,16.4,3.1,38.1
57612.0,22.2,15.8,4.9,42.9
54213.0,18.9,16.6,3.4,38.9
72823.0,25.9,12.3,2.1,40.3
81377.0,13.2,17.9,3.9,35.0
124607.0,13.5,17.3,5.0,35.8
56156.0,14.1,17.9,4.2,36.2
63395.0,22.5,16.7,4.7,43.900000000000006
79224.0,20.9,13.8,3.5,38.2
130514.0,17.7,15.6,4.7,38.0
90069.0,21.9,14.9,3.9,40.7
123370.0,16.4,13.2,5.4,35.0
136085.0,15.2,15.3,4.7,35.2
113262.0,18.4,13.1,4.3,35.8
46794.0,26.4,14.8,5.0,46.2
44013.0,22.6,17.6,4.6,44.8
87981.0,19.7,13.8,2.9,36.4
77022.0,17.5,17.3,4.8,39.6
77640.0,18.3,16.2,4.9,39.4
119005.0,17.9,15.5,4.9,38.3
52818.0,13.6,18.3,4.1,36.0
108648.0,15.4,16.0,3.8,35.2
82578.0,19.7,16.0,4.7,40.400000000000006
51833.0,22.2,15.9,2.5,40.6
72176.0,17.8,16.9,3.3,38.0
124607.0,13.5,17.3,5.0,35.8
57641.0,16.0,15.7,3.7,35.4
91848.0,16.5,17.2,3.9,37.6
110136.0,20.1,15.1,4.6,39.8
47330.0,20.9,16.9,5.0,42.8
87656.0,20.4,15.9,4.2,40.5
68669.0,18.0,18.1,3.3,39.4
108283.0,15.3,16.7,3.8,35.8
88491.0,17.8,16.8,3.2,37.8
113935.0,20.0,14.1,2.9,37.0
77940.0,21.4,15.4,4.4,41.2
89089.0,17.3,16.9,3.3,37.5
108808.0,15.1,18.3,1.8,35.2
109253.0,19.2,16.6,4.4,40.2
67753.0,17.4,17.3,4.0,38.7
56237.0,20.4,18.2,3.4,41.99999999999999
64119.0,17.3,18.0,3.8,39.1
59078.0,22.9,15.8,4.5,43.2
49317.0,23.8,15.6,4.5,43.9
60433.0,17.8,16.6,3.9,38.3
76227.0,16.5,17.2,3.3,37.0
80542.0,16.9,17.2,3.2,37.3
53995.0,13.5,18.7,4.0,36.2
51678.0,20.3,17.5,3.1,40.9
49239.0,26.6,15.2,4.6,46.4
99990.0,18.7,15.4,4.4,38.5
92386.0,14.2,18.8,3.1,36.1
62315.0,24.7,12.0,5.1,41.8
48835.0,24.9,18.0,4.6,47.5
81452.0,16.7,17.2,3.2,37.1
49844.0,23.2,16.4,4.9,44.49999999999999
108648.0,15.4,16.0,3.8,35.2
146402.0,14.8,15.5,4.7,35.0
60650.0,13.3,18.4,4.0,35.7
87310.0,21.9,14.8,4.5,41.2
44710.0,22.8,17.5,4.6,44.9
123104.0,15.5,16.4,4.4,36.3
85501.0,15.6,17.3,3.5,36.4
81542.0,22.0,16.7,2.9,41.6
70562.0,17.5,17.9,3.4,38.8
64395.0,18.4,16.1,3.9,38.4
69976.0,14.5,18.1,3.6,36.2
77012.0,20.2,15.9,4.5,40.6
85428.0,17.5,15.9,4.6,38.0
108452.0,16.3,16.0,4.6,36.9
46723.0,18.2,18.5,3.8,40.5
90127.0,17.0,17.1,3.5,37.6
58207.0,15.9,17.3,3.7,36.900000000000006
75581.0,17.0,17.2,3.9,38.1
71584.0,24.2,16.5,5.4,46.1
48456.0,18.5,18.0,3.6,40.1
44710.0,22.8,17.5,4.6,44.9
94990.0,17.5,15.2,2.7,35.400000000000006
114525.0,16.4,16.2,3.1,35.7
130855.0,15.2,16.1,4.2,35.5
49844.0,23.2,16.4,4.9,44.49999999999999
47080.0,16.3,15.5,3.7,35.5
51880.0,15.8,17.2,3.8,36.8
69896.0,20.1,16.7,4.8,41.6
55869.0,19.6,18.3,3.4,41.3
80328.0,16.8,16.7,3.8,37.3
58384.0,18.8,17.0,3.6,39.4
118432.0,15.7,15.8,4.6,36.1
66113.0,22.4,15.0,4.5,41.9
109033.0,14.5,17.4,3.4,35.3
109355.0,18.9,14.8,4.2,37.900000000000006
98064.0,20.9,15.4,4.0,40.3
119267.0,17.5,14.1,4.7,36.3
41748.0,15.7,18.4,4.1,38.2
40134.0,19.5,15.8,4.0,39.3
64571.0,24.5,14.5,3.5,42.5
111682.0,18.9,15.2,4.3,38.39999999999999
57801.0,23.6,14.0,4.3,41.9
76227.0,16.5,17.2,3.3,37.0
113801.0,14.4,16.4,4.4,35.2
71004.0,17.1,17.3,3.2,37.60000000000001
95864.0,16.4,16.8,3.4,36.6
80887.0,21.9,15.3,5.1,42.3
96704.0,20.1,14.8,4.1,39.00000000000001
84582.0,19.0,17.2,3.3,39.5
46383.0,14.4,18.7,3.7,36.8
95515.0,18.9,15.6,4.0,38.5
116744.0,16.4,15.6,4.9,36.9
85197.0,19.9,17.2,4.2,41.3
102561.0,20.8,16.5,4.8,42.1
109988.0,13.9,17.3,3.8,35.0
71004.0,17.1,17.3,3.2,37.60000000000001
67407.0,22.7,16.7,4.5,43.9
47627.0,20.8,17.2,3.4,41.4
77012.0,20.2,15.9,4.5,40.6
118432.0,15.7,15.8,4.6,36.1
42556.0,22.9,16.6,3.6,43.1
108283.0,15.3,16.7,3.8,35.8
146238.0,16.5,14.4,4.1,35.0
66493.0,15.5,17.7,4.9,38.1
52283.0,19.0,17.7,3.6,40.3
115876.0,16.5,16.4,4.4,37.3
130213.0,16.6,14.6,3.8,35.0
57879.0,23.2,15.1,4.2,42.5
149508.0,15.3,15.9,4.1,35.300000000000004
119634.0,14.6,17.8,3.6,36.0
89134.0,17.2,16.7,3.3,37.2
80187.0,19.9,15.7,5.1,40.7
67999.0,21.0,16.9,4.4,42.3
143122.0,16.4,14.7,4.0,35.099999999999994
83064.0,15.7,18.4,3.2,37.3
130213.0,16.6,14.6,3.8,35.0
115505.0,17.4,16.1,3.5,37.0
95038.0,16.2,16.8,2.9,35.9
115589.0,18.9,14.3,4.5,37.7
77022.0,17.5,17.3,4.8,39.6
86351.0,13.1,18.3,3.8,35.2
99536.0,15.4,17.3,3.4,36.1
60697.0,20.4,17.1,3.0,40.5
120392.0,14.5,16.8,3.8,35.1
92774.0,18.4,15.7,4.9,38.99999999999999
41249.0,20.4,16.1,4.0,40.5
48656.0,15.1,17.9,4.2,37.2
67070.0,12.2,19.6,3.4,35.2
48094.0,16.4,17.9,3.9,38.2
46673.0,19.9,17.8,3.6,41.3
110984.0,16.1,15.6,4.4,36.1
65553.0,23.0,14.2,5.2,42.400000000000006
47444.0,15.9,18.6,4.0,38.5
56759.0,20.0,17.8,3.5,41.3
58510.0,15.3,18.1,4.0,37.400000000000006
59631.0,14.8,17.6,4.0,36.400000000000006
122814.0,19.1,13.7,4.2,37.0
73334.0,22.9,17.0,4.8,44.7
66564.0,21.7,15.4,4.8,41.9
56237.0,20.4,18.2,3.4,41.99999999999999
115631.0,14.9,18.2,3.4,36.5
83064.0,15.7,18.4,3.2,37.3
105061.0,19.5,15.4,4.6,39.5
44129.0,20.8,16.9,3.7,41.400000000000006
42990.0,19.4,16.8,3.3,39.5
109253.0,19.2,16.6,4.4,40.2
71418.0,17.2,16.6,2.8,36.6
74118.0,17.7,17.8,3.3,38.8
111403.0,18.3,16.8,4.3,39.4
85501.0,15.6,17.3,3.5,36.4
120392.0,14.5,16.8,3.8,35.1
108096.0,14.6,17.2,3.2,35.0
105855.0,18.8,15.5,4.4,38.7
81569.0,15.9,17.6,3.8,37.3
49929.0,13.2,19.3,3.8,36.3
116149.0,16.6,16.9,4.4,37.9
119198.0,17.9,15.1,4.2,37.2
99990.0,18.7,15.4,4.4,38.5
49437.0,16.1,15.7,4.2,36.0
53211.0,14.9,18.4,4.0,37.3
80187.0,19.9,15.7,5.1,40.7
52503.0,23.5,16.0,4.4,43.9
41341.0,20.1,19.0,3.0,42.1
109650.0,16.0,17.4,4.4,37.8
64395.0,18.4,16.1,3.9,38.4
49032.0,13.2,18.8,4.2,36.2
114525.0,16.4,16.2,3.1,35.7
123231.0,15.9,14.2,5.0,35.1
116800.0,16.0,15.0,4.2,35.2
97065.0,18.3,16.0,4.3,38.6
81251.0,18.0,17.0,3.3,38.3
87406.0,16.5,16.6,3.4,36.5
41830.0,18.7,16.2,4.2,39.1
77012.0,20.2,15.9,4.5,40.6
76062.0,16.4,18.7,3.9,38.99999999999999
51371.0,14.4,18.9,3.9,37.2
94382.0,17.3,17.7,3.3,38.3
58874.0,22.8,15.7,4.3,42.8
80589.0,20.4,16.9,4.3,41.6
116502.0,18.1,15.6,4.0,37.7
80006.0,22.8,15.4,3.9,42.1
54877.0,14.6,18.2,3.8,36.6
105855.0,18.8,15.5,4.4,38.7
75173.0,21.0,16.4,4.7,42.1
61753.0,18.2,17.5,3.6,39.3
51481.0,23.6,16.8,4.6,45.00000000000001
77238.0,14.9,18.2,3.8,36.9
89273.0,18.4,15.7,4.7,38.8
124492.0,16.1,16.6,4.5,37.2
141684.0,14.4,18.3,4.5,37.2
72984.0,18.2,16.5,3.2,37.900000000000006
119095.0,18.6,16.0,4.0,38.6
104078.0,18.4,16.3,4.3,39.0
64454.0,19.3,17.3,3.4,40.0
55966.0,18.1,17.3,4.3,39.7
58384.0,18.8,17.0,3.6,39.4
101586.0,19.9,14.5,4.5,38.9
51696.0,15.6,17.7,4.0,37.3
82609.0,21.8,15.6,4.4,41.8
49637.0,24.3,15.5,4.4,44.2
87656.0,20.4,15.9,4.2,40.5
119634.0,14.6,17.8,3.6,36.0
80328.0,16.8,16.7,3.8,37.3
145439.0,17.8,14.4,3.9,36.1
75173.0,21.0,16.4,4.7,42.1
66267.0,14.8,18.1,3.4,36.3
77269.0,22.7,15.7,4.4,42.8
82609.0,21.8,15.6,4.4,41.8
80642.0,16.3,15.9,3.5,35.7
65104.0,18.5,18.4,3.4,40.3
60078.0,18.5,18.1,3.4,40.0
40427.0,16.0,17.1,3.2,36.3
102951.0,19.6,15.5,4.1,39.2
77269.0,22.7,15.7,4.4,42.8
111203.0,16.5,14.6,4.7,35.800000000000004
135151.0,21.2,12.7,3.9,37.8
62995.0,21.8,15.9,4.8,42.5
121809.0,14.1,16.6,5.2,35.900000000000006
41725.0,22.2,16.1,3.5,41.8
56156.0,14.1,17.9,4.2,36.2
61072.0,21.0,17.3,4.4,42.7
78234.0,18.0,16.2,4.8,39.0
72984.0,18.2,16.5,3.2,37.900000000000006
95515.0,18.9,15.6,4.0,38.5
90127.0,17.0,17.1,3.5,37.6
51526.0,15.2,17.5,3.8,36.5
93824.0,17.9,15.7,2.9,36.49999999999999
59285.0,19.4,18.0,3.6,41.0
40038.0,16.9,18.0,3.9,38.8
92774.0,18.4,15.7,4.9,38.99999999999999
55912.0,17.6,18.2,3.8,39.6
48835.0,24.9,18.0,4.6,47.5
101239.0,17.0,15.0,3.7,35.7
46256.0,15.0,18.5,3.9,37.4
115505.0,17.4,16.1,3.5,37.0
44804.0,20.7,18.0,2.8,41.5
117668.0,19.1,16.8,4.5,40.400000000000006
118828.0,15.5,16.4,4.5,36.4
53849.0,18.3,17.3,3.4,39.0
76062.0,16.4,18.7,3.9,38.99999999999999
110984.0,16.1,15.6,4.4,36.1
91971.0,19.3,15.9,3.3,38.5
89499.0,20.0,16.6,4.4,41.0
118049.0,19.8,15.6,3.1,38.5
62150.0,20.9,16.9,3.0,40.8
55395.0,21.5,16.8,2.6,40.9
55395.0,21.5,16.8,2.6,40.9
109579.0,19.1,15.8,2.6,37.50000000000001
42838.0,21.4,17.0,3.3,41.7
130855.0,15.2,16.1,4.2,35.5
52575.0,16.5,17.7,3.3,37.5
124607.0,13.5,17.3,5.0,35.8
49032.0,13.2,18.8,4.2,36.2
73645.0,17.5,18.4,3.2,39.1
48094.0,16.4,17.9,3.9,38.2
83860.0,14.1,17.6,3.4,35.1
118324.0,17.6,15.6,4.1,37.3
132536.0,15.5,16.3,4.1,35.9
95435.0,19.0,16.1,4.0,39.1
74118.0,17.7,17.8,3.3,38.8
113801.0,14.4,16.4,4.4,35.2
108096.0,14.6,17.2,3.2,35.0
40134.0,19.5,15.8,4.0,39.3
98843.0,18.5,14.8,4.3,37.6
78319.0,20.8,17.0,4.4,42.2
44760.0,24.2,16.4,4.6,45.2
93824.0,17.9,15.7,2.9,36.49999999999999
41341.0,20.1,19.0,3.0,42.1
139754.0,16.7,15.1,4.0,35.8
40167.0,20.8,18.4,3.6,42.8
60078.0,18.5,18.1,3.4,40.0
41748.0,15.7,18.4,4.1,38.2
60275.0,13.9,17.7,3.7,35.300000000000004
56230.0,19.4,16.6,2.9,38.9
58510.0,15.3,18.1,4.0,37.400000000000006
46168.0,23.5,16.6,4.5,44.6
103635.0,15.9,13.9,5.2,35.0
56815.0,14.2,18.0,3.8,36.0
45089.0,16.5,17.5,3.8,37.8
96166.0,15.7,16.8,2.8,35.3
92520.0,20.1,16.1,4.5,40.7
57559.0,23.2,15.8,4.8,43.8
79638.0,21.6,16.9,4.4,42.9
67407.0,22.7,16.7,4.5,43.9
103445.0,16.8,16.2,3.1,36.1
77022.0,17.5,17.3,4.8,39.6
134903.0,16.5,15.2,3.9,35.6
135070.0,22.2,11.3,3.7,37.2
64454.0,19.3,17.3,3.4,40.0
105648.0,15.5,17.6,2.8,35.9
46168.0,23.5,16.6,4.5,44.6
123896.0,16.8,16.3,4.3,37.4
111682.0,18.9,15.2,4.3,38.39999999999999
85026.0,15.1,16.7,3.3,35.099999999999994
110274.0,22.3,14.1,4.4,40.8
41341.0,20.1,19.0,3.0,42.1
60228.0,14.8,18.7,4.0,37.5
71127.0,19.7,14.6,4.5,38.8
113935.0,20.0,14.1,2.9,37.0
109341.0,15.5,16.9,3.3,35.7
111682.0,18.9,15.2,4.3,38.39999999999999
132770.0,16.1,16.0,4.1,36.2
65630.0,17.8,17.2,3.7,38.7
40388.0,16.2,19.4,3.5,39.1
59282.0,22.9,16.1,4.9,43.9
103113.0,16.4,17.1,3.4,36.9
131644.0,19.0,15.1,3.1,37.2
69689.0,15.2,16.6,3.8,35.6
136085.0,15.2,15.3,4.7,35.2
90127.0,17.0,17.1,3.5,37.6
74854.0,14.1,17.3,3.6,35.0
90029.0,18.6,17.5,3.3,39.4
135282.0,15.8,15.5,4.4,35.7
49220.0,22.0,16.3,4.6,42.9
54885.0,25.8,14.4,3.7,43.900000000000006
104554.0,18.4,17.1,2.2,37.7
101389.0,17.6,16.5,4.7,38.8
110274.0,22.3,14.1,4.4,40.8
99990.0,18.7,15.4,4.4,38.5
62315.0,24.7,12.0,5.1,41.8
56924.0,13.9,18.1,3.9,35.9
58552.0,21.7,15.8,2.4,39.9
43313.0,16.5,18.6,4.0,39.1
85026.0,15.1,16.7,3.3,35.099999999999994
48835.0,24.9,18.0,4.6,47.5
93015.0,16.5,17.3,3.3,37.1
80187.0,19.9,15.7,5.1,40.7
92101.0,16.6,17.0,3.4,37.0
56055.0,18.3,17.3,3.8,39.4
45414.0,22.2,17.8,4.6,44.6
117447.0,14.9,16.5,4.7,36.1
84230.0,18.5,16.9,4.5,39.9
44593.0,25.8,15.8,4.4,46.0
40134.0,19.5,15.8,4.0,39.3
55675.0,22.8,16.0,4.5,43.3
47444.0,15.9,18.6,4.0,38.5
44804.0,20.7,18.0,2.8,41.5
56186.0,13.6,18.6,4.1,36.3
44804.0,20.7,18.0,2.8,41.5
71779.0,13.9,17.7,3.7,35.300000000000004
41830.0,18.7,16.2,4.2,39.1
103113.0,16.4,17.1,3.4,36.9
78781.0,21.7,16.5,4.5,42.7
58207.0,15.9,17.3,3.7,36.900000000000006
131087.0,16.1,16.5,2.9,35.5
123614.0,16.9,15.7,3.9,36.49999999999999
94961.0,17.2,17.3,3.5,38.0
77955.0,18.2,17.5,3.2,38.900000000000006
101788.0,15.6,17.0,3.2,35.800000000000004
111403.0,18.3,16.8,4.3,39.4
134903.0,16.5,15.2,3.9,35.6
73334.0,22.9,17.0,4.8,44.7
67106.0,17.6,18.1,3.6,39.3
145439.0,17.8,14.4,3.9,36.1
91843.0,18.2,16.6,4.4,39.2
80450.0,21.8,15.5,5.1,42.4
129330.0,13.8,17.5,4.4,35.7
91106.0,18.8,16.7,4.2,39.7
74363.0,21.5,16.5,4.2,42.2
81569.0,15.9,17.6,3.8,37.3
127179.0,18.3,15.0,3.9,37.2
74649.0,14.7,16.8,3.6,35.1
120528.0,17.5,16.2,3.0,36.7
97443.0,15.1,17.3,3.4,35.8
105844.0,19.0,15.0,4.0,38.0
119095.0,18.6,16.0,4.0,38.6
90832.0,15.7,16.7,3.8,36.2
103635.0,15.9,13.9,5.2,35.0
97065.0,18.3,16.0,4.3,38.6
103635.0,15.9,13.9,5.2,35.0
100284.0,15.0,17.3,3.4,35.7
109238.0,17.1,16.4,3.1,36.6
48483.0,19.0,18.7,3.7,41.400000000000006
135151.0,21.2,12.7,3.9,37.8
59867.0,18.2,16.6,3.4,38.2
93591.0,14.2,18.5,3.0,35.7
42727.0,18.6,16.0,3.6,38.2
58384.0,18.8,17.0,3.6,39.4
94120.0,16.5,17.6,3.3,37.4
81377.0,13.2,17.9,3.9,35.0
60009.0,15.4,19.2,3.8,38.4
67382.0,16.3,17.3,4.1,37.7
84143.0,16.6,17.0,3.3,36.9
130213.0,16.6,14.6,3.8,35.0
51696.0,15.6,17.7,4.0,37.3
53440.0,19.4,18.9,3.7,42.0
128744.0,16.5,14.9,4.1,35.5
54877.0,14.6,18.2,3.8,36.6
115860.0,17.6,15.3,4.5,37.400000000000006
89723.0,15.9,16.4,3.5,35.8
110901.0,12.9,17.4,5.3,35.599999999999994
98064.0,20.9,15.4,4.0,40.3
57641.0,16.0,15.7,3.7,35.4
120865.0,16.5,15.4,3.1,35.0
93461.0,19.7,17.4,4.0,41.1
57559.0,23.2,15.8,4.8,43.8
82609.0,21.8,15.6,4.4,41.8
49844.0,23.2,16.4,4.9,44.49999999999999
60547.0,15.8,16.1,3.9,35.800000000000004
108096.0,14.6,17.2,3.2,35.0
62380.0,15.6,17.3,3.5,36.4
100491.0,18.0,16.5,4.3,38.8
54877.0,14.6,18.2,3.8,36.6
143122.0,16.4,14.7,4.0,35.099999999999994
49544.0,22.6,16.7,4.7,44.0
109355.0,18.9,14.8,4.2,37.900000000000006
58775.0,15.4,16.7,3.7,35.800000000000004
48488.0,19.3,17.4,3.5,40.2
128534.0,16.7,14.8,4.6,36.1
64395.0,18.4,16.1,3.9,38.4
42556.0,22.9,16.6,3.6,43.1
126920.0,17.7,14.5,3.8,36.0
67106.0,17.6,18.1,3.6,39.3
94175.0,17.4,17.2,3.4,37.99999999999999
61852.0,14.4,17.1,3.7,35.2
109253.0,19.2,16.6,4.4,40.2
80887.0,21.9,15.3,5.1,42.3
114300.0,16.8,14.8,4.8,36.4
125441.0,16.0,15.7,4.1,35.8
41249.0,20.4,16.1,4.0,40.5
69732.0,24.1,14.6,4.4,43.1
108488.0,16.1,16.0,3.3,35.4
52069.0,15.2,19.7,3.4,38.3
62608.0,15.5,18.0,4.2,37.7
82578.0,19.7,16.0,4.7,40.400000000000006
123659.0,18.4,15.1,4.1,37.6
99614.0,14.7,18.4,3.8,36.89999999999999
84509.0,18.1,17.4,4.6,40.1
76181.0,18.6,15.8,5.0,39.400000000000006
101788.0,15.6,17.0,3.2,35.800000000000004
67900.0,16.9,17.4,4.1,38.4
84761.0,13.5,18.0,3.6,35.1
94175.0,17.4,17.2,3.4,37.99999999999999
67710.0,26.9,17.9,4.7,49.5
115860.0,17.6,15.3,4.5,37.400000000000006
76062.0,16.4,18.7,3.9,38.99999999999999
97303.0,15.8,16.5,3.6,35.9
66778.0,17.0,16.3,3.5,36.8
77238.0,14.9,18.2,3.8,36.9
68218.0,18.4,17.1,3.4,38.9
71204.0,17.4,17.7,3.6,38.7
82884.0,17.3,16.6,3.2,37.10000000000001
48483.0,19.0,18.7,3.7,41.400000000000006
113262.0,18.4,13.1,4.3,35.8
115589.0,18.9,14.3,4.5,37.7
113801.0,14.4,16.4,4.4,35.2
84967.0,17.5,17.1,4.3,38.9
67106.0,17.6,18.1,3.6,39.3
96131.0,15.8,16.1,3.4,35.300000000000004
69140.0,17.8,16.3,3.9,38.0
122814.0,19.1,13.7,4.2,37.0
58384.0,18.8,17.0,3.6,39.4
53887.0,14.2,18.8,3.8,36.8
86761.0,21.4,16.0,4.6,42.0
124299.0,16.6,16.1,2.9,35.6
47330.0,20.9,16.9,5.0,42.8
48094.0,16.4,17.9,3.9,38.2
71362.0,17.3,18.9,3.6,39.8
41341.0,20.1,19.0,3.0,42.1
100491.0,18.0,16.5,4.3,38.8
110901.0,12.9,17.4,5.3,35.599999999999994
59078.0,22.9,15.8,4.5,43.2
106982.0,17.1,16.1,4.2,37.400000000000006
110101.0,18.0,17.4,4.5,39.9
57612.0,22.2,15.8,4.9,42.9
55697.0,17.1,17.0,3.8,37.9
119267.0,17.5,14.1,4.7,36.3
84967.0,17.5,17.1,4.3,38.9
63529.0,17.5,16.5,3.6,37.6
102808.0,15.6,16.6,3.4,35.6
111682.0,18.9,15.2,4.3,38.39999999999999
114297.0,19.4,14.8,4.7,38.900000000000006
105404.0,17.7,15.1,3.2,36.0
87656.0,20.4,15.9,4.2,40.5
49929.0,13.2,19.3,3.8,36.3
96267.0,15.2,17.0,3.4,35.6
57801.0,23.6,14.0,4.3,41.9
94992.0,19.3,16.1,4.4,39.8
80187.0,19.9,15.7,5.1,40.7
49544.0,22.6,16.7,4.7,44.0
105844.0,19.0,15.0,4.0,38.0
102808.0,15.6,16.6,3.4,35.6
40342.0,15.7,18.2,3.9,37.8
62315.0,24.7,12.0,5.1,41.8
55446.0,20.2,17.3,3.8,41.3
128744.0,16.5,14.9,4.1,35.5
139740.0,17.4,14.3,4.7,36.4
72167.0,20.2,17.5,3.8,41.5
59980.0,22.3,17.8,4.5,44.6
94961.0,17.2,17.3,3.5,38.0
123428.0,14.7,17.1,4.1,35.9
89089.0,17.3,16.9,3.3,37.5
49220.0,22.0,16.3,4.6,42.9
103113.0,16.4,17.1,3.4,36.9
129343.0,17.8,14.3,4.0,36.1
74363.0,21.5,16.5,4.2,42.2
86626.0,16.6,15.9,3.2,35.7
58552.0,21.7,15.8,2.4,39.9
124535.0,12.8,18.1,4.8,35.7
55868.0,23.7,15.8,4.6,44.1
94175.0,17.4,17.2,3.4,37.99999999999999
98064.0,20.9,15.4,4.0,40.3
40098.0,26.9,16.9,4.6,48.4
75603.0,14.5,18.6,3.6,36.7
74363.0,21.5,16.5,4.2,42.2
60475.0,18.4,15.9,3.4,37.7
73841.0,21.3,12.9,5.2,39.400000000000006
108014.0,15.8,17.2,5.1,38.1
109590.0,20.1,16.7,5.1,41.9
91848.0,16.5,17.2,3.9,37.6
104791.0,15.9,16.5,3.2,35.6
54877.0,14.6,18.2,3.8,36.6
51284.0,18.9,15.6,3.9,38.4
56186.0,13.6,18.6,4.1,36.3
60228.0,14.8,18.7,4.0,37.5
118049.0,19.8,15.6,3.1,38.5
49220.0,22.0,16.3,4.6,42.9
55868.0,23.7,15.8,4.6,44.1
108283.0,15.3,16.7,3.8,35.8
69732.0,24.1,14.6,4.4,43.1
55868.0,23.7,15.8,4.6,44.1
41748.0,15.7,18.4,4.1,38.2
67536.0,19.1,16.8,2.3,38.2
114525.0,16.4,16.2,3.1,35.7
49109.0,15.4,18.0,3.9,37.3
75603.0,14.5,18.6,3.6,36.7
76062.0,16.4,18.7,3.9,38.99999999999999
116023.0,15.4,19.0,4.1,38.5
66901.0,16.3,17.4,3.8,37.5
66150.0,13.5,17.8,3.9,35.2
62218.0,17.5,18.5,3.4,39.4
51526.0,15.2,17.5,3.8,36.5
123104.0,15.5,16.4,4.4,36.3
52363.0,24.4,15.1,4.7,44.2
60475.0,18.4,15.9,3.4,37.7
94175.0,17.4,17.2,3.4,37.99999999999999
48456.0,18.5,18.0,3.6,40.1
120602.0,18.8,16.3,3.4,38.5
49929.0,13.2,19.3,3.8,36.3
78319.0,20.8,17.0,4.4,42.2
87589.0,15.7,17.9,4.6,38.2
69689.0,15.2,16.6,3.8,35.6
72314.0,17.4,16.6,3.5,37.5
56415.0,17.5,18.3,3.6,39.4
55671.0,22.8,15.7,4.3,42.8
102808.0,15.6,16.6,3.4,35.6
65409.0,20.4,16.8,4.5,41.7
103113.0,16.4,17.1,3.4,36.9
102808.0,15.6,16.6,3.4,35.6
114344.0,16.5,16.5,3.2,36.2
96230.0,19.1,15.8,4.5,39.400000000000006
64201.0,13.9,17.6,4.0,35.5
67536.0,19.1,16.8,2.3,38.2
56156.0,14.1,17.9,4.2,36.2
54459.0,14.3,18.8,3.8,36.9
62995.0,21.8,15.9,4.8,42.5
118324.0,17.6,15.6,4.1,37.3
61841.0,15.1,18.6,3.9,37.6
49032.0,13.2,18.8,4.2,36.2
110136.0,20.1,15.1,4.6,39.8
100793.0,16.7,17.2,4.6,38.5
84967.0,17.5,17.1,4.3,38.9
49370.0,15.3,17.9,3.8,37.0
123896.0,16.8,16.3,4.3,37.4
122814.0,19.1,13.7,4.2,37.0
75037.0,23.0,13.8,2.5,39.3
120413.0,18.8,15.2,3.8,37.8
101788.0,15.6,17.0,3.2,35.800000000000004
74118.0,17.7,17.8,3.3,38.8
78319.0,20.8,17.0,4.4,42.2
119351.0,17.3,16.2,4.4,37.9
124535.0,12.8,18.1,4.8,35.7
53995.0,13.5,18.7,4.0,36.2
64395.0,18.4,16.1,3.9,38.4
109254.0,17.9,15.2,4.2,37.3
87337.0,18.8,17.4,4.6,40.8
109126.0,14.4,17.6,3.0,35.0
96344.0,21.6,12.1,4.6,38.3
80923.0,21.5,16.7,4.3,42.5
48483.0,19.0,18.7,3.7,41.400000000000006
66637.0,12.7,19.1,3.8,35.6
79906.0,16.2,17.4,3.2,36.8
104272.0,18.0,15.0,3.9,36.9
71584.0,24.2,16.5,5.4,46.1
109341.0,15.5,16.9,3.3,35.7
96267.0,15.2,17.0,3.4,35.6
86858.0,19.2,14.8,4.6,38.6
93015.0,16.5,17.3,3.3,37.1
100089.0,16.3,16.5,3.3,36.1
51696.0,15.6,17.7,4.0,37.3
71127.0,19.7,14.6,4.5,38.8
65409.0,20.4,16.8,4.5,41.7
96968.0,17.5,15.9,4.6,38.0
76301.0,22.6,18.6,3.7,44.900000000000006
68949.0,18.0,17.6,3.2,38.8
92350.0,17.4,17.5,3.6,38.5
114684.0,18.9,15.4,4.3,38.6
141684.0,14.4,18.3,4.5,37.2
59980.0,22.3,17.8,4.5,44.6
53995.0,13.5,18.7,4.0,36.2
109238.0,17.1,16.4,3.1,36.6
45414.0,22.2,17.8,4.6,44.6
52436.0,20.8,15.0,3.3,39.1
120528.0,17.5,16.2,3.0,36.7
93954.0,20.3,15.6,4.2,40.1
63725.0,15.3,18.3,4.2,37.8
59631.0,14.8,17.6,4.0,36.400000000000006
63920.0,14.0,17.3,4.1,35.4
66564.0,21.7,15.4,4.8,41.9
127179.0,18.3,15.0,3.9,37.2
109341.0,15.5,16.9,3.3,35.7
50905.0,20.9,17.3,3.4,41.6
96000.0,19.7,16.4,4.4,40.49999999999999
44203.0,24.4,15.1,4.4,43.9
42043.0,20.8,17.6,3.6,42.00000000000001
70562.0,17.5,17.9,3.4,38.8
115631.0,14.9,18.2,3.4,36.5
67088.0,22.4,16.8,4.3,43.5
82471.0,14.3,18.1,3.2,35.60000000000001
77940.0,21.4,15.4,4.4,41.2
85501.0,15.6,17.3,3.5,36.4
66564.0,21.7,15.4,4.8,41.9
138958.0,17.5,14.5,3.8,35.8
89499.0,20.0,16.6,4.4,41.0
119323.0,21.7,15.7,3.1,40.5
67753.0,17.4,17.3,4.0,38.7
120413.0,18.8,15.2,3.8,37.8
116744.0,16.4,15.6,4.9,36.9
55671.0,22.8,15.7,4.3,42.8
79224.0,20.9,13.8,3.5,38.2
82609.0,21.8,15.6,4.4,41.8
124195.0,14.9,17.2,3.1,35.2
66778.0,17.0,16.3,3.5,36.8
41183.0,23.5,15.8,4.3,43.6
114386.0,17.9,15.1,4.3,37.3
63920.0,14.0,17.3,4.1,35.4
64571.0,24.5,14.5,3.5,42.5
74562.0,12.7,19.3,3.3,35.3
87978.0,19.4,16.6,4.3,40.3
62271.0,20.5,16.6,3.3,40.4
48936.0,21.2,17.9,3.2,42.3
90344.0,18.2,16.8,4.3,39.3
41290.0,16.1,18.5,3.9,38.5
41263.0,15.8,18.4,4.0,38.2
120413.0,18.8,15.2,3.8,37.8
115737.0,17.7,15.8,4.2,37.7
87337.0,18.8,17.4,4.6,40.8
52275.0,20.0,18.3,3.6,41.9
57641.0,16.0,15.7,3.7,35.4
89134.0,17.2,16.7,3.3,37.2
58775.0,15.4,16.7,3.7,35.800000000000004
45703.0,21.9,16.1,3.4,41.4
72256.0,20.0,16.4,4.6,41.0
118867.0,17.0,15.1,4.4,36.5
127401.0,17.1,15.6,5.1,37.8
59412.0,15.1,18.6,4.0,37.7
49211.0,15.2,17.9,3.8,36.89999999999999
126381.0,14.2,16.9,4.2,35.3
116611.0,17.0,15.4,4.5,36.9
49437.0,16.1,15.7,4.2,36.0
51296.0,20.5,17.6,3.5,41.6
118990.0,14.2,17.5,4.3,36.0
42546.0,21.1,17.7,3.7,42.5
49211.0,15.2,17.9,3.8,36.89999999999999
85501.0,15.6,17.3,3.5,36.4
52283.0,19.0,17.7,3.6,40.3
72167.0,20.2,17.5,3.8,41.5
69140.0,17.8,16.3,3.9,38.0
67407.0,22.7,16.7,4.5,43.9
104272.0,18.0,15.0,3.9,36.9
135151.0,21.2,12.7,3.9,37.8
91843.0,18.2,16.6,4.4,39.2
104078.0,18.4,16.3,4.3,39.0
82005.0,19.2,15.2,4.3,38.7
51481.0,23.6,16.8,4.6,45.00000000000001
117668.0,19.1,16.8,4.5,40.400000000000006
58510.0,15.3,18.1,4.0,37.400000000000006
58384.0,18.8,17.0,3.6,39.4
139740.0,17.4,14.3,4.7,36.4
49032.0,13.2,18.8,4.2,36.2
100812.0,16.5,16.7,3.3,36.5
118324.0,17.6,15.6,4.1,37.3
59412.0,15.1,18.6,4.0,37.7
76301.0,22.6,18.6,3.7,44.900000000000006
42977.0,23.1,17.8,3.6,44.50000000000001
76170.0,21.3,16.0,4.8,42.1
41341.0,20.1,19.0,3.0,42.1
62640.0,17.7,17.8,3.4,38.9
53146.0,23.6,16.3,4.5,44.400000000000006
84043.0,19.7,13.2,4.4,37.3
93912.0,19.3,16.0,4.2,39.5
89089.0,17.3,16.9,3.3,37.5
47330.0,20.9,16.9,5.0,42.8
53995.0,13.5,18.7,4.0,36.2
96000.0,19.7,16.4,4.4,40.49999999999999
143625.0,14.7,16.2,4.2,35.1
40388.0,16.2,19.4,3.5,39.1
95515.0,18.9,15.6,4.0,38.5
85187.0,20.2,16.4,4.5,41.1
114300.0,16.8,14.8,4.8,36.4
68837.0,22.7,14.8,4.4,41.9
52503.0,23.5,16.0,4.4,43.9
49069.0,20.2,18.8,3.7,42.7
119095.0,18.6,16.0,4.0,38.6
71366.0,17.9,17.8,3.4,39.1
94120.0,16.5,17.6,3.3,37.4
63920.0,14.0,17.3,4.1,35.4
118921.0,17.3,15.3,2.7,35.300000000000004
42332.0,24.9,15.5,4.6,45.0
90374.0,18.6,16.4,3.2,38.2
120392.0,14.5,16.8,3.8,35.1
92070.0,16.6,16.5,3.3,36.4
130290.0,14.9,18.4,5.2,38.5
71127.0,19.7,14.6,4.5,38.8
134240.0,17.9,13.7,3.9,35.5
84582.0,19.0,17.2,3.3,39.5
46673.0,19.9,17.8,3.6,41.3
72314.0,17.4,16.6,3.5,37.5
109355.0,18.9,14.8,4.2,37.900000000000006
69732.0,24.1,14.6,4.4,43.1
60697.0,20.4,17.1,3.0,40.5
124492.0,16.1,16.6,4.5,37.2
57886.0,19.0,17.0,3.4,39.4
40038.0,16.9,18.0,3.9,38.8
89089.0,17.3,16.9,3.3,37.5
90029.0,18.6,17.5,3.3,39.4
70644.0,16.4,17.4,3.9,37.7
69571.0,12.6,20.9,3.5,37.0
116100.0,16.3,16.5,4.3,37.1
99990.0,18.7,15.4,4.4,38.5
49848.0,15.8,17.2,4.0,37.0
140525.0,23.1,17.4,4.3,44.8
60800.0,12.4,19.0,4.0,35.4
145509.0,14.9,15.9,4.3,35.1
48139.0,19.5,18.2,3.4,41.1
116744.0,16.4,15.6,4.9,36.9
141135.0,16.6,14.4,4.3,35.3
43860.0,26.5,15.2,4.5,46.2
56003.0,19.3,17.1,3.2,39.60000000000001
111682.0,18.9,15.2,4.3,38.39999999999999
92055.0,17.1,15.7,3.1,35.9
94527.0,15.3,17.9,3.4,36.6
59420.0,22.4,16.2,3.2,41.8
62150.0,20.9,16.9,3.0,40.8
70326.0,18.8,17.2,3.6,39.6
67999.0,21.0,16.9,4.4,42.3
139743.0,15.9,14.4,4.7,35.0
62115.0,19.8,18.2,2.6,40.6
90069.0,21.9,14.9,3.9,40.7
88201.0,18.0,16.3,3.4,37.7
53440.0,19.4,18.9,3.7,42.0
109341.0,15.5,16.9,3.3,35.7
80129.0,17.2,17.5,3.5,38.2
110136.0,20.1,15.1,4.6,39.8
55675.0,22.8,16.0,4.5,43.3
105061.0,19.5,15.4,4.6,39.5
145509.0,14.9,15.9,4.3,35.1
51696.0,15.6,17.7,4.0,37.3
47444.0,15.9,18.6,4.0,38.5
48139.0,19.5,18.2,3.4,41.1
57612.0,22.2,15.8,4.9,42.9
64201.0,13.9,17.6,4.0,35.5
57879.0,23.2,15.1,4.2,42.5
41830.0,18.7,16.2,4.2,39.1
66127.0,21.9,16.8,4.2,42.900000000000006
119198.0,17.9,15.1,4.2,37.2
50736.0,19.9,17.3,3.5,40.7
61841.0,15.1,18.6,3.9,37.6
113262.0,18.4,13.1,4.3,35.8
103602.0,17.9,17.5,4.8,40.2
121304.0,16.1,16.6,4.3,37.0
77940.0,21.4,15.4,4.4,41.2
48750.0,24.6,16.1,5.2,45.900000000000006
82957.0,20.9,16.1,4.5,41.5
128744.0,16.5,14.9,4.1,35.5
142730.0,15.5,15.6,4.0,35.1
82578.0,19.7,16.0,4.7,40.400000000000006
105061.0,19.5,15.4,4.6,39.5
61753.0,18.2,17.5,3.6,39.3
110101.0,18.0,17.4,4.5,39.9
72973.0,13.1,17.8,4.3,35.2
114525.0,16.4,16.2,3.1,35.7
72984.0,18.2,16.5,3.2,37.900000000000006
85501.0,15.6,17.3,3.5,36.4
120119.0,14.9,16.2,4.8,35.9
124607.0,13.5,17.3,5.0,35.8
95038.0,16.2,16.8,2.9,35.9
106987.0,17.4,16.0,4.2,37.6
49109.0,15.4,18.0,3.9,37.3
69689.0,15.2,16.6,3.8,35.6
143407.0,17.5,15.3,4.0,36.8
117911.0,18.6,16.4,3.1,38.1
66150.0,13.5,17.8,3.9,35.2
87337.0,18.8,17.4,4.6,40.8
110136.0,20.1,15.1,4.6,39.8
47080.0,16.3,15.5,3.7,35.5
122814.0,19.1,13.7,4.2,37.0
84967.0,17.5,17.1,4.3,38.9
52363.0,24.4,15.1,4.7,44.2
90266.0,17.0,18.3,2.7,38.0
118432.0,15.7,15.8,4.6,36.1
58775.0,15.4,16.7,3.7,35.800000000000004
72321.0,21.5,14.9,4.1,40.5
129987.0,15.7,16.2,3.7,35.6
66113.0,22.4,15.0,4.5,41.9
65105.0,17.2,16.4,3.1,36.7
66267.0,14.8,18.1,3.4,36.3
49211.0,15.2,17.9,3.8,36.89999999999999
103113.0,16.4,17.1,3.4,36.9
109238.0,17.1,16.4,3.1,36.6
139743.0,15.9,14.4,4.7,35.0
93710.0,18.8,16.3,4.2,39.3
51526.0,15.2,17.5,3.8,36.5
65630.0,17.8,17.2,3.7,38.7
74363.0,21.5,16.5,4.2,42.2
147731.0,22.0,9.6,3.6,35.2
94120.0,16.5,17.6,3.3,37.4
136085.0,15.2,15.3,4.7,35.2
67088.0,22.4,16.8,4.3,43.5
105186.0,18.3,13.5,5.1,36.9
135282.0,15.8,15.5,4.4,35.7
86858.0,19.2,14.8,4.6,38.6
84043.0,19.7,13.2,4.4,37.3
92914.0,22.6,14.6,4.0,41.2
113935.0,20.0,14.1,2.9,37.0
87220.0,16.8,16.3,3.4,36.5
67999.0,21.0,16.9,4.4,42.3
58874.0,22.8,15.7,4.3,42.8
92774.0,18.4,15.7,4.9,38.99999999999999
93954.0,20.3,15.6,4.2,40.1
40167.0,20.8,18.4,3.6,42.8
120614.0,16.6,16.3,3.3,36.2
84967.0,17.5,17.1,4.3,38.9
66127.0,21.9,16.8,4.2,42.900000000000006
105871.0,16.3,16.7,2.9,35.9
56237.0,20.4,18.2,3.4,41.99999999999999
52575.0,16.5,17.7,3.3,37.5
102808.0,15.6,16.6,3.4,35.6
57612.0,22.2,15.8,4.9,42.9
45414.0,22.2,17.8,4.6,44.6
62315.0,24.7,12.0,5.1,41.8
48180.0,19.7,17.4,3.2,40.3
89017.0,15.6,19.5,3.3,38.4
58384.0,18.8,17.0,3.6,39.4
44251.0,20.5,17.4,3.4,41.3
52069.0,15.2,19.7,3.4,38.3
82609.0,21.8,15.6,4.4,41.8
86626.0,16.6,15.9,3.2,35.7
43977.0,21.6,16.8,3.1,41.50000000000001
98843.0,18.5,14.8,4.3,37.6
62047.0,17.7,19.6,4.0,41.3
101788.0,15.6,17.0,3.2,35.800000000000004
44120.0,23.9,16.2,4.8,44.89999999999999
66127.0,21.9,16.8,4.2,42.900000000000006
95515.0,18.9,15.6,4.0,38.5
107374.0,15.3,14.9,5.3,35.5
91507.0,19.9,16.4,4.5,40.8
46383.0,14.4,18.7,3.7,36.8
66778.0,17.0,16.3,3.5,36.8
99529.0,14.7,17.4,3.5,35.599999999999994
60228.0,14.8,18.7,4.0,37.5
68669.0,18.0,18.1,3.3,39.4
78781.0,21.7,16.5,4.5,42.7
109126.0,14.4,17.6,3.0,35.0
41725.0,22.2,16.1,3.5,41.8
145509.0,14.9,15.9,4.3,35.1
101389.0,17.6,16.5,4.7,38.8
110984.0,16.1,15.6,4.4,36.1
120528.0,17.5,16.2,3.0,36.7
55707.0,18.3,17.5,2.9,38.7
93015.0,16.5,17.3,3.3,37.1
83860.0,14.1,17.6,3.4,35.1
55697.0,17.1,17.0,3.8,37.9
61753.0,18.2,17.5,3.6,39.3
108737.0,16.3,16.5,3.1,35.9
107610.0,19.9,15.1,4.2,39.2
94459.0,17.6,15.7,4.6,37.9
110541.0,18.5,15.8,3.9,38.2
41748.0,15.7,18.4,4.1,38.2
62640.0,17.7,17.8,3.4,38.9
116611.0,17.0,15.4,4.5,36.9
40648.0,14.3,17.7,4.2,36.2
99816.0,14.0,17.0,4.2,35.2
72984.0,18.2,16.5,3.2,37.900000000000006
43313.0,16.5,18.6,4.0,39.1
80589.0,20.4,16.9,4.3,41.6
72167.0,20.2,17.5,3.8,41.5
77269.0,22.7,15.7,4.4,42.8
121304.0,16.1,16.6,4.3,37.0
119005.0,17.9,15.5,4.9,38.3
48483.0,19.0,18.7,3.7,41.400000000000006
115558.0,18.1,14.3,4.4,36.8
89017.0,15.6,19.5,3.3,38.4
145509.0,14.9,15.9,4.3,35.1
87978.0,19.4,16.6,4.3,40.3
99536.0,15.4,17.3,3.4,36.1
81377.0,13.2,17.9,3.9,35.0
66870.0,13.6,18.1,4.0,35.7
119267.0,17.5,14.1,4.7,36.3
91843.0,18.2,16.6,4.4,39.2
87725.0,14.4,17.6,3.6,35.6
107322.0,19.6,15.2,3.8,38.6
56924.0,13.9,18.1,3.9,35.9
111682.0,18.9,15.2,4.3,38.39999999999999
51284.0,18.9,15.6,3.9,38.4
65343.0,14.2,17.4,3.8,35.4
106896.0,19.2,15.4,4.0,38.6
52871.0,17.2,17.2,3.6,38.0
66267.0,14.8,18.1,3.4,36.3
48180.0,19.7,17.4,3.2,40.3
82851.0,21.9,13.6,4.5,40.0
53849.0,18.3,17.3,3.4,39.0
70644.0,16.4,17.4,3.9,37.7
62315.0,24.7,12.0,5.1,41.8
