basari_sirasi,ayt_edebiyat,ayt_cografya1,toplam_net,ayt_tarih1,ayt_tarih2,ayt_cografya2,ayt_felsefe,ayt_din
94.0,22.5,5.1,41.39,2.88,4.77,2.78,2.92,0.44
82.0,22.5,5.3,41.96,2.15,3.34,5.38,0.0,3.29
200.0,22.7,5.9,42.050000000000004,7.1,0.42,4.63,0.0,1.3
670.0,21.6,4.9,41.79,0.0,4.72,1.85,3.87,4.85
163.0,22.8,5.4,37.92,0.0,2.11,2.27,2.3,3.04
455.0,21.4,5.7,44.61999999999999,4.72,0.0,7.03,4.27,1.5
277.0,21.7,5.0,37.120000000000005,3.41,2.26,2.27,0.6,1.88
172.0,22.3,5.0,35.620000000000005,0.09,2.32,2.19,0.0,3.72
286.0,21.7,5.6,38.07999999999999,3.01,1.09,2.0,3.65,1.03
473.0,22.4,4.5,41.07,6.69,0.87,2.14,2.02,2.45
239.0,22.6,4.8,40.96000000000001,6.26,1.88,1.95,0.64,2.83
132.0,22.6,5.8,44.93000000000001,8.39,5.1,1.53,0.0,1.51
305.0,22.2,4.8,44.37,6.5,3.36,3.51,2.33,1.67
271.0,22.1,5.0,46.550000000000004,7.79,2.98,0.52,4.63,3.53
329.0,21.9,5.5,44.8,4.0,5.22,3.0,2.93,2.25
651.0,21.4,4.8,38.24,0.0,3.98,1.21,2.4,4.45
302.0,22.3,4.9,35.76,0.43,2.02,1.43,0.38,4.3
436.0,21.5,5.5,47.74,8.88,5.19,0.71,2.83,3.13
256.0,22.4,4.7,37.480000000000004,2.12,0.42,3.16,1.34,3.34
330.0,22.1,5.0,33.910000000000004,1.41,0.0,3.97,0.53,0.9
524.0,21.1,5.4,43.58,6.05,3.56,3.34,4.05,0.08
425.0,21.8,4.8,47.51,6.59,5.61,4.06,0.0,4.65
340.0,22.2,5.2,35.46,0.0,1.35,1.51,2.14,3.06
164.0,22.5,5.7,46.16,3.27,4.28,2.19,3.65,4.57
630.0,21.7,4.8,33.5,1.84,1.19,1.47,0.0,2.5
433.0,21.6,4.4,29.339999999999996,0.72,0.0,1.04,0.61,0.97
715.0,21.0,5.7,38.96,5.67,1.67,2.72,0.2,2.0
311.0,22.3,5.0,36.67,3.51,1.48,1.97,1.53,0.88
477.0,21.5,4.9,45.17,6.03,3.77,2.76,4.38,1.83
970.0,20.4,5.6,43.51,3.16,3.88,2.69,1.78,6.0
403.0,21.5,4.4,40.019999999999996,2.28,3.98,6.15,1.65,0.06
478.0,21.5,4.6,38.150000000000006,0.0,5.16,2.97,0.0,3.92
672.0,20.8,5.3,41.45,5.83,2.33,2.78,0.0,4.41
414.0,21.6,4.5,41.150000000000006,4.51,3.43,4.45,0.0,2.66
491.0,22.2,4.8,36.44,2.7,0.3,2.21,1.41,2.82
742.0,22.6,5.5,46.230000000000004,4.03,4.4,5.46,1.95,2.29
609.0,22.1,4.5,41.08,0.83,0.0,5.15,7.05,1.45
541.0,22.1,4.8,42.67000000000001,0.0,2.66,5.31,4.28,3.52
509.0,21.5,5.5,39.73,0.0,2.45,1.49,6.47,2.32
529.0,21.6,4.6,34.62,4.0,2.69,0.62,0.28,0.83
557.0,21.8,4.6,44.730000000000004,7.06,3.38,0.83,3.24,3.82
662.0,21.4,5.5,47.769999999999996,5.21,4.78,5.79,2.36,2.73
2083.0,20.8,3.9,42.71,6.81,0.0,5.95,3.85,1.4
643.0,21.9,4.5,36.169999999999995,0.0,0.0,2.76,2.73,4.28
1205.0,20.8,5.7,42.61,2.59,2.1,5.42,0.0,6.0
515.0,21.6,4.4,46.51,5.59,6.21,0.0,6.07,2.64
654.0,21.4,4.8,40.74,4.86,3.84,2.92,1.08,1.84
977.0,20.8,5.3,44.08,5.93,2.12,3.93,0.55,5.45
691.0,21.4,4.2,41.17,0.78,3.55,2.03,4.67,4.54
658.0,20.8,5.0,35.92999999999999,1.52,0.0,4.97,1.55,2.09
689.0,21.2,5.3,42.830000000000005,4.66,2.36,2.02,4.6,2.69
768.0,20.8,4.8,43.760000000000005,5.58,0.0,2.16,5.76,4.66
765.0,20.1,4.3,37.07,3.15,0.53,3.2,3.75,2.04
973.0,19.9,5.1,38.52,3.43,0.0,6.06,2.69,1.34
845.0,21.4,4.5,47.35,7.56,5.88,2.91,3.1,2.0
795.0,21.4,4.6,44.73,5.64,3.62,6.22,2.39,0.86
683.0,20.9,4.3,34.22,0.0,3.92,3.1,1.0,1.0
814.0,20.7,4.5,41.43,2.73,4.24,2.83,3.06,3.37
1278.0,21.7,4.8,43.169999999999995,4.33,4.37,2.8,0.0,5.17
756.0,21.2,4.6,54.47,7.97,4.6,5.54,4.61,5.95
829.0,21.6,4.3,39.800000000000004,6.04,1.61,0.0,3.69,2.56
1589.0,20.1,5.6,44.040000000000006,3.28,4.94,1.59,2.53,6.0
879.0,20.3,4.3,40.86,6.47,3.56,0.21,5.76,0.26
970.0,21.3,4.2,48.980000000000004,6.39,5.47,6.7,1.89,3.03
1340.0,19.0,5.1,40.730000000000004,3.96,7.01,1.67,2.88,1.11
1169.0,21.4,4.3,38.32,7.06,0.02,2.32,0.0,3.22
1123.0,21.0,4.4,40.730000000000004,6.57,1.55,3.88,2.24,1.09
1458.0,21.0,4.5,39.92999999999999,6.22,1.83,3.4,0.0,2.98
1135.0,21.5,4.9,35.86,1.98,3.34,0.5,0.83,2.81
1388.0,21.2,5.2,41.46999999999999,3.7,4.6,0.43,4.79,1.55
1362.0,21.1,4.5,38.86,0.0,3.66,4.62,4.98,0.0
1180.0,21.5,4.6,35.66,2.08,0.0,4.11,0.0,3.37
1128.0,20.7,5.5,38.519999999999996,4.05,0.0,3.43,1.9,2.94
1191.0,21.1,4.8,36.620000000000005,5.07,2.74,2.91,0.0,0.0
1262.0,21.2,4.3,30.450000000000003,0.0,0.71,1.09,1.64,1.51
1689.0,20.3,5.4,42.71,3.08,3.76,5.21,1.25,3.71
1389.0,20.5,4.5,38.77,2.64,2.86,0.0,6.35,1.92
1270.0,21.0,4.8,33.53,1.06,0.66,2.09,1.4,2.52
1448.0,20.1,5.1,35.52,2.41,2.76,0.63,1.08,3.44
1240.0,21.5,4.5,36.23,2.15,1.44,0.0,2.95,3.69
1284.0,21.3,4.4,30.870000000000005,0.0,1.12,2.18,0.0,1.87
1741.0,20.7,5.3,31.960000000000004,2.66,0.0,0.67,1.78,0.85
1142.0,21.0,4.8,37.339999999999996,6.13,0.0,0.0,2.47,2.94
1292.0,20.0,4.4,31.330000000000002,0.0,0.1,3.62,1.28,1.93
1867.0,18.9,4.8,42.68000000000001,2.19,3.78,3.95,5.32,3.74
1447.0,20.6,4.5,37.349999999999994,1.13,2.5,4.6,0.0,4.02
1319.0,20.2,4.1,38.92999999999999,4.63,2.86,0.91,2.51,3.72
1663.0,20.6,5.2,38.84,0.36,3.93,4.55,1.57,2.63
972.0,21.1,3.9,36.45,2.21,0.98,2.86,0.66,4.74
1343.0,20.0,4.3,36.04,3.72,2.51,0.81,3.91,0.79
2012.0,19.9,5.1,40.32,5.56,4.02,2.64,0.29,2.81
1417.0,20.0,4.3,42.69,0.42,7.89,2.36,4.51,3.21
1387.0,21.1,4.3,40.48,4.79,2.46,1.45,4.62,1.76
1746.0,19.6,4.8,44.75,4.05,8.28,4.46,0.58,2.98
1779.0,21.1,4.6,35.830000000000005,3.05,4.34,0.0,0.5,2.24
1406.0,21.5,4.4,42.58,4.06,4.59,4.13,0.0,3.9
1316.0,20.8,5.3,39.93000000000001,3.29,0.92,5.23,0.0,4.39
1619.0,20.9,4.4,39.93,5.55,4.4,2.82,0.0,1.86
1414.0,21.5,4.4,46.47,7.86,4.06,0.94,4.46,3.25
933.0,20.7,5.2,50.169999999999995,6.89,3.36,7.23,4.88,1.91
975.0,20.6,4.5,42.58,6.72,0.0,2.9,4.01,3.85
1430.0,20.1,3.5,39.120000000000005,4.28,3.74,2.23,0.0,5.27
2708.0,18.5,5.0,35.739999999999995,6.81,0.0,2.16,2.3,0.97
1819.0,20.4,4.4,39.49999999999999,1.46,0.04,4.98,7.43,0.79
1522.0,21.0,4.5,34.66,1.44,0.0,3.18,2.67,1.87
1890.0,19.9,5.3,42.00999999999999,2.27,4.91,5.9,2.48,1.25
1520.0,21.1,4.5,44.15,0.72,2.87,4.38,5.86,4.72
1527.0,20.5,4.2,45.56999999999999,8.74,2.1,4.87,1.3,3.86
2017.0,19.5,5.2,36.61,2.4,1.78,0.95,3.82,2.96
1091.0,21.2,3.9,43.31,4.07,4.73,2.69,2.56,4.16
1584.0,20.9,4.3,38.220000000000006,1.57,6.04,0.88,2.14,2.39
1389.0,20.7,5.5,43.38999999999999,6.89,0.42,3.48,3.4,3.0
1559.0,21.0,4.4,39.849999999999994,5.49,2.65,0.66,3.28,2.37
1662.0,21.3,4.3,45.35000000000001,6.07,0.0,8.2,0.96,4.52
991.0,21.8,5.5,40.07,5.09,1.9,0.86,1.97,2.95
1027.0,20.2,4.2,36.940000000000005,2.48,2.87,0.1,5.28,1.81
1711.0,21.5,4.8,42.58,6.06,4.94,2.38,0.64,2.26
1908.0,20.1,5.0,40.6,5.31,1.91,3.8,4.17,0.31
1512.0,20.9,4.4,34.57,4.63,1.45,2.42,0.77,0.0
1715.0,20.1,4.4,39.589999999999996,1.71,2.68,6.26,0.0,4.44
2604.0,19.0,5.1,31.770000000000003,0.0,3.22,2.35,0.0,2.1
1722.0,20.6,4.3,33.50000000000001,1.73,4.17,1.39,1.31,0.0
1719.0,20.7,3.8,40.17,3.41,0.45,5.63,1.09,5.09
2425.0,19.0,6.0,41.42999999999999,3.73,5.46,2.85,2.59,1.8
1608.0,20.4,4.5,31.92,0.44,0.0,4.26,0.92,1.4
1803.0,21.0,4.0,39.339999999999996,4.54,0.86,0.54,4.27,4.13
2785.0,18.9,5.3,43.15999999999999,7.81,5.34,0.0,2.19,3.62
1657.0,22.0,4.3,42.31999999999999,2.25,4.56,4.79,0.01,4.41
1812.0,21.1,3.3,31.950000000000003,3.32,2.3,1.49,0.44,0.0
2102.0,20.9,5.1,36.93,3.55,3.64,0.31,0.99,2.44
1671.0,20.9,4.4,33.99999999999999,1.32,2.53,4.8,0.05,0.0
1939.0,20.4,4.3,37.900000000000006,3.61,4.75,4.46,0.0,0.38
3136.0,19.5,5.0,38.86000000000001,0.28,1.25,4.78,4.23,3.82
2155.0,21.4,4.5,46.93,6.23,3.2,3.85,3.61,4.14
1954.0,20.9,4.5,38.24,2.55,1.39,5.51,0.0,3.39
2770.0,19.5,5.0,32.17,2.43,0.0,0.94,2.95,1.35
1900.0,19.8,4.4,43.84,4.88,2.95,3.92,1.98,5.91
1990.0,19.5,4.4,36.58,2.62,2.32,1.27,3.51,2.96
2929.0,18.5,4.8,41.14,3.12,3.8,2.0,2.92,6.0
2271.0,20.4,4.5,46.99999999999999,3.13,8.35,4.3,1.64,4.68
2134.0,21.0,4.7,38.97,0.8,7.24,3.24,0.51,1.48
3269.0,20.1,4.7,43.16,3.08,5.23,3.87,2.16,4.02
2143.0,20.6,4.2,36.410000000000004,4.3,2.3,2.62,2.39,0.0
2255.0,20.0,4.4,31.69,1.6,2.17,1.54,0.0,1.98
2149.0,20.7,4.4,36.64,0.78,5.84,2.24,1.16,1.52
2267.0,20.1,4.2,43.010000000000005,2.83,4.05,3.54,5.61,2.68
3923.0,18.8,5.3,40.01,3.22,3.18,4.44,2.99,2.08
1993.0,21.2,3.9,31.419999999999995,2.22,0.0,1.29,0.0,2.81
2353.0,19.7,3.3,29.6,0.19,4.31,0.82,0.0,1.28
3894.0,17.5,5.3,38.379999999999995,4.02,3.04,0.78,4.02,3.72
2450.0,20.8,4.5,40.10000000000001,1.99,4.93,5.48,1.02,1.38
2374.0,20.2,4.1,37.38999999999999,3.22,3.26,2.63,0.91,3.07
3094.0,19.9,5.4,36.47999999999999,6.43,2.05,1.0,0.3,1.4
2429.0,20.5,4.3,48.00000000000001,7.52,5.95,1.7,4.56,3.47
2182.0,16.9,6.0,43.39,8.1,4.98,1.05,2.26,4.1
4465.0,20.6,4.6,41.92,3.87,0.18,4.1,4.97,3.6
2437.0,21.1,4.1,33.800000000000004,0.73,1.94,4.67,0.89,0.37
4087.0,19.4,4.9,34.379999999999995,2.58,0.36,2.14,1.63,3.37
2372.0,21.0,4.4,40.8,3.42,5.68,2.53,3.4,0.37
2465.0,20.2,4.0,40.26,6.98,2.38,1.4,4.61,0.69
2906.0,19.4,5.2,39.01,3.6,1.86,4.99,2.63,1.33
1568.0,20.5,2.5,40.47,6.12,3.06,5.49,0.14,2.66
2468.0,21.5,6.0,39.48,3.13,2.99,2.9,2.7,0.26
3497.0,17.0,6.0,35.690000000000005,4.39,1.5,4.09,0.87,1.84
2653.0,18.9,4.0,36.54,4.9,0.86,2.53,2.88,2.47
2793.0,18.7,4.0,37.629999999999995,1.15,2.24,4.95,3.03,3.56
3558.0,19.8,5.0,31.990000000000002,0.55,2.25,0.97,0.55,2.87
3447.0,20.6,4.6,34.050000000000004,0.0,3.13,3.32,0.0,2.4
2967.0,20.9,3.4,34.26,0.0,2.98,3.28,2.39,1.31
5397.0,17.2,4.9,38.160000000000004,5.41,0.71,7.04,0.0,2.9
2793.0,21.6,4.6,35.85,1.45,0.64,2.9,1.6,3.06
2995.0,20.2,4.4,39.78,4.67,2.34,2.38,4.05,1.74
4798.0,17.9,4.7,34.129999999999995,2.16,4.99,2.4,0.11,1.87
2706.0,20.2,4.3,36.81000000000001,5.74,1.88,2.38,1.02,1.29
3042.0,20.3,4.0,34.77,0.23,0.0,4.95,3.27,2.02
2456.0,19.7,5.1,36.919999999999995,4.31,0.0,3.02,4.79,0.0
3022.0,20.6,4.4,45.5,3.55,7.81,6.46,0.11,2.57
3221.0,19.8,4.3,36.510000000000005,0.92,3.36,5.29,0.0,2.84
6043.0,18.4,5.0,40.050000000000004,8.15,4.06,0.59,2.04,1.81
3225.0,20.5,4.4,42.440000000000005,0.0,5.21,3.95,4.53,3.85
3242.0,20.5,4.3,38.7,1.35,1.7,3.98,3.03,3.84
4387.0,19.5,5.0,39.15,5.24,2.92,2.23,1.78,2.48
1878.0,20.2,-0.2,39.38,5.55,1.58,4.47,3.47,4.31
3330.0,21.5,3.5,39.599999999999994,4.08,2.04,1.28,4.84,2.36
3969.0,15.5,4.8,28.950000000000003,2.97,0.88,0.51,0.53,3.76
3831.0,20.2,4.3,36.5,2.59,1.25,5.58,0.64,1.94
3353.0,20.0,4.0,32.910000000000004,0.53,3.53,1.57,2.41,0.87
7535.0,17.9,5.1,40.76,2.33,2.71,3.33,4.64,4.75
4159.0,17.3,3.5,33.74,0.0,2.16,3.06,3.89,3.83
3400.0,19.4,5.1,42.81999999999999,9.22,1.66,5.02,0.0,2.42
13150.0,16.8,3.9,35.94,6.02,4.46,0.93,0.0,3.83
3942.0,20.0,4.5,31.17,0.94,0.58,0.18,1.85,3.12
3470.0,19.9,4.2,33.56,4.68,0.0,1.37,0.25,3.16
6831.0,17.7,4.8,28.84,0.0,1.2,1.25,0.0,3.89
2028.0,20.2,5.1,36.74,1.51,1.89,3.2,2.38,2.46
3523.0,18.2,4.9,35.49,3.93,1.41,2.38,0.74,3.93
1563.0,20.9,5.5,39.78,3.72,2.95,0.6,0.11,6.0
2349.0,18.1,4.1,41.410000000000004,8.96,3.32,3.56,0.0,3.37
3578.0,18.0,4.6,39.14,6.08,3.97,1.68,3.36,1.45
9839.0,15.2,4.6,32.419999999999995,0.0,0.95,5.42,3.11,3.14
6247.0,19.6,4.7,47.86,3.67,6.48,4.35,3.94,5.12
3638.0,19.2,4.2,43.419999999999995,4.95,3.04,4.58,2.55,4.9
4105.0,18.6,4.7,38.18000000000001,1.35,6.26,1.92,1.07,4.28
6969.0,20.2,4.6,31.79,2.12,0.95,0.0,2.09,1.83
3664.0,20.3,4.5,36.620000000000005,3.3,2.16,3.98,0.0,2.38
5244.0,17.0,4.6,30.43,0.58,2.98,1.46,1.63,2.18
3356.0,20.4,4.3,41.31999999999999,5.38,3.18,2.92,2.55,2.59
3682.0,19.7,3.9,40.31,1.3,3.4,3.84,4.95,3.22
5196.0,20.8,5.6,43.75,4.27,3.71,3.71,5.14,0.52
4436.0,19.3,4.1,32.4,3.18,4.02,0.95,0.0,0.85
3821.0,19.3,4.2,39.29,1.84,4.28,3.93,4.23,1.51
4201.0,19.1,5.0,37.010000000000005,4.98,2.55,1.7,2.2,1.48
2223.0,21.2,4.1,37.66,2.62,3.4,4.22,0.21,1.91
4056.0,16.9,3.6,28.150000000000002,1.89,1.47,0.0,2.78,1.51
16098.0,19.8,4.7,41.57,7.64,3.5,3.71,0.29,1.93
4056.0,20.1,4.2,30.02,0.0,3.18,0.0,0.0,2.54
4090.0,19.8,4.1,37.34,5.31,0.82,1.85,2.87,2.59
6201.0,18.2,4.9,37.230000000000004,5.78,3.21,2.74,2.4,0.0
7963.0,18.7,3.8,33.21,3.4,0.31,4.05,0.64,2.31
4185.0,19.3,4.1,38.92000000000001,4.93,4.34,2.84,2.09,1.32
7173.0,19.5,4.9,40.48,3.31,3.61,4.4,1.83,2.93
4886.0,20.3,3.8,39.64,3.62,1.89,4.35,2.72,2.96
4364.0,20.2,3.5,41.03999999999999,4.82,2.65,2.99,3.83,3.05
5218.0,17.0,5.1,41.92,5.66,4.86,5.75,3.05,0.5
5695.0,20.4,4.1,34.44,2.23,3.71,4.0,0.0,0.0
4388.0,20.1,3.9,33.69,3.31,0.0,0.26,3.89,2.23
6906.0,18.9,4.9,32.26,4.94,0.57,0.0,0.0,2.95
10831.0,19.9,4.2,43.9,2.97,7.18,5.33,2.09,2.23
4520.0,19.3,3.3,40.2,6.61,2.74,2.06,3.08,3.11
4786.0,19.1,5.0,40.10000000000001,2.78,3.64,3.93,2.13,3.52
5560.0,20.2,4.2,41.94,5.58,0.09,6.66,2.92,2.29
4539.0,20.0,4.1,34.01,2.56,0.0,1.1,3.29,2.96
5405.0,19.3,5.1,36.55999999999999,2.76,3.36,2.55,2.41,1.08
5687.0,18.2,4.4,41.06,3.13,4.83,3.98,2.46,4.06
4910.0,20.4,3.5,38.97,2.99,0.0,6.16,0.0,5.92
7338.0,17.8,5.0,45.25000000000001,6.66,5.45,3.1,4.11,3.13
8743.0,19.1,4.2,34.62,2.07,1.72,4.73,2.8,0.0
4993.0,18.6,3.9,35.81,5.8,0.0,6.07,0.0,1.44
8229.0,18.2,4.9,40.33,9.75,1.54,0.12,3.04,2.78
6168.0,19.2,4.8,36.72,4.03,0.78,2.7,4.13,1.08
4639.0,19.1,4.3,38.080000000000005,5.58,0.0,3.69,5.03,0.38
5192.0,20.5,3.6,32.73,3.88,1.43,1.52,0.81,0.99
10481.0,16.3,5.0,41.5,8.07,2.97,3.05,2.95,3.16
6110.0,20.1,4.4,39.96,4.21,4.33,2.05,1.81,3.06
5250.0,18.9,4.1,37.56,3.89,3.67,0.37,2.49,4.14
12652.0,18.0,5.0,36.07,6.4,0.98,1.46,2.99,1.24
8245.0,19.8,4.1,38.72,0.76,2.98,1.74,3.58,5.76
5384.0,18.7,3.6,38.440000000000005,5.03,3.76,1.45,2.64,3.26
9311.0,16.3,4.4,36.11,3.52,5.65,4.02,1.75,0.47
5873.0,19.7,4.2,37.019999999999996,3.71,0.9,1.86,3.73,2.92
5430.0,19.8,4.0,37.78,1.94,4.22,2.34,0.74,4.74
7914.0,19.4,4.8,38.4,4.11,0.0,2.2,3.91,3.98
5256.0,20.2,4.3,42.01,5.84,1.44,1.44,5.06,3.73
5574.0,20.0,3.7,40.019999999999996,6.79,2.88,3.34,1.97,1.34
8093.0,19.3,5.1,34.13999999999999,2.45,2.56,2.66,2.07,0.0
10851.0,17.8,3.5,41.7,7.16,1.45,0.64,5.59,5.56
5638.0,19.2,2.8,41.51,4.9,5.81,4.9,1.5,2.4
8404.0,16.9,4.6,38.18,0.57,3.52,5.24,2.52,4.83
8183.0,19.7,4.2,32.599999999999994,3.95,1.04,0.0,0.0,3.71
5791.0,19.2,4.1,35.23,2.08,0.0,2.2,4.69,2.96
10270.0,17.1,4.7,40.28000000000001,6.95,5.48,2.32,2.38,1.35
6835.0,19.1,5.1,35.97,0.0,0.59,4.39,5.31,1.48
5941.0,20.2,4.0,33.559999999999995,3.81,0.04,2.29,2.93,0.29
13479.0,17.3,4.5,33.46,3.3,4.37,0.49,2.27,1.23
9947.0,19.1,4.0,33.82,5.16,0.0,2.45,0.45,2.66
5947.0,19.3,3.7,37.06,3.69,3.16,3.08,4.13,0.0
6158.0,18.2,5.2,42.2,3.87,4.26,3.21,3.19,4.27
24502.0,18.9,3.9,40.959999999999994,7.2,0.0,1.45,4.23,5.28
5999.0,20.6,4.1,39.699999999999996,4.4,1.81,4.25,0.0,4.54
12052.0,20.0,4.6,38.88000000000001,5.71,1.77,0.46,3.93,2.41
9090.0,18.2,4.3,36.85,2.74,1.53,4.01,2.6,3.47
6060.0,17.5,3.9,37.300000000000004,0.94,1.65,5.44,5.67,2.2
8662.0,16.9,4.8,36.75,3.62,3.22,4.28,2.39,1.54
9005.0,19.6,4.2,31.53,0.0,1.95,0.25,0.77,4.76
6174.0,19.6,3.9,35.56,3.02,4.71,2.81,1.34,0.18
9118.0,18.0,4.8,36.97,1.46,5.5,4.25,2.48,0.48
9139.0,19.8,4.1,42.94,8.94,2.7,6.23,0.99,0.18
6380.0,19.6,4.1,40.64,4.23,3.98,2.97,2.75,3.01
11196.0,17.6,4.9,40.31,8.07,1.51,2.52,2.25,3.46
7190.0,20.0,4.3,37.67,2.67,5.17,0.0,2.69,2.84
6451.0,19.1,3.8,41.040000000000006,4.29,4.98,3.13,2.15,3.59
15584.0,16.7,4.9,37.99,2.18,5.56,4.3,0.0,4.35
9679.0,19.1,4.4,34.29,1.57,0.61,3.96,2.28,2.37
6513.0,19.0,4.4,27.31,0.65,0.0,2.69,0.0,0.57
8808.0,16.2,4.4,36.58,5.76,3.82,0.27,2.48,3.65
13632.0,19.2,4.0,37.25,3.55,0.0,4.1,3.03,3.37
6549.0,20.1,3.7,35.87,4.17,0.9,2.52,2.25,2.23
9052.0,18.8,5.3,35.29,1.89,0.0,2.61,2.9,3.79
13311.0,19.8,4.2,43.86999999999999,5.65,4.05,4.05,2.11,4.01
6602.0,19.2,4.1,36.54,0.14,5.56,1.14,2.75,3.65
14799.0,17.5,4.7,30.529999999999998,1.95,0.0,2.22,0.0,4.16
10106.0,19.6,3.9,34.82,2.83,3.73,3.75,0.0,1.01
6655.0,18.7,3.9,29.54,0.98,4.35,0.03,0.0,1.58
13797.0,19.4,4.9,38.900000000000006,4.42,2.74,1.99,3.14,2.31
4334.0,20.2,4.4,38.260000000000005,2.88,1.55,2.92,2.49,3.82
6694.0,18.1,4.3,44.51,7.97,4.49,2.25,3.26,4.14
12534.0,18.0,4.7,35.85000000000001,4.56,3.24,2.52,0.7,2.13
16717.0,15.9,4.2,35.15000000000001,3.96,4.19,4.86,1.2,0.84
6858.0,18.3,2.6,36.17,4.25,1.7,1.91,3.11,4.3
7341.0,19.9,5.3,34.82,2.18,2.91,0.0,1.03,3.5
4762.0,19.6,3.8,37.51,2.69,4.01,3.15,0.83,3.43
6915.0,18.9,4.5,37.080000000000005,1.87,0.6,1.35,4.01,5.85
11597.0,19.0,4.3,34.93,2.57,1.64,0.75,5.77,0.9
16080.0,19.0,3.9,36.0,0.0,4.52,5.3,1.7,1.58
7092.0,18.4,3.2,36.489999999999995,3.27,0.61,5.96,3.32,1.73
10666.0,18.0,5.0,39.86,2.35,2.68,2.82,5.6,3.41
16819.0,19.4,4.1,42.56,5.69,1.53,5.93,2.47,3.44
7134.0,18.9,4.3,38.86000000000001,5.57,4.54,3.15,0.38,2.02
12982.0,18.2,4.4,33.760000000000005,2.88,0.0,2.01,2.09,4.18
15562.0,20.3,4.7,38.08,7.8,0.45,2.46,0.0,2.37
7306.0,17.5,4.0,39.0,2.85,1.94,7.3,3.83,1.58
8614.0,18.9,5.7,38.53,1.48,2.82,4.64,2.4,2.59
7858.0,19.6,4.2,40.07000000000001,4.76,1.69,2.13,4.92,2.77
7582.0,18.2,4.0,39.99,7.93,4.11,1.96,0.93,2.86
12544.0,17.9,4.9,38.91,3.44,1.48,5.27,4.22,1.7
14524.0,19.7,3.7,39.28999999999999,3.47,3.33,3.12,0.0,5.97
7590.0,18.2,4.1,38.96999999999999,8.94,0.98,5.75,1.0,0.0
14319.0,16.5,4.8,42.58,4.26,4.88,5.14,2.39,4.61
10981.0,19.4,4.2,40.599999999999994,7.0,3.74,4.55,0.0,1.71
7598.0,18.5,4.0,33.93,7.84,0.0,1.33,0.0,2.26
9372.0,15.0,4.9,29.999999999999996,3.79,0.0,4.2,0.0,2.11
10225.0,19.8,4.3,36.37,4.41,2.31,2.32,2.72,0.51
7630.0,18.4,3.8,29.839999999999996,3.96,0.0,2.47,0.24,0.97
10597.0,17.3,5.2,35.96,3.31,2.38,3.36,2.82,1.59
11978.0,18.6,4.0,34.33,8.19,0.84,0.85,0.0,1.85
7967.0,18.7,4.6,39.66,6.09,3.43,3.29,0.73,2.82
10365.0,17.2,4.9,35.21,7.27,1.23,0.0,2.37,2.24
11567.0,19.6,4.4,37.26,0.31,3.18,1.58,3.37,4.82
8031.0,18.9,3.7,38.33,3.2,2.64,5.5,0.0,4.39
19276.0,17.6,5.1,30.5,0.45,1.38,1.07,0.0,4.9
11385.0,19.9,4.1,38.65,0.0,4.14,3.86,2.35,4.3
8130.0,19.2,3.8,33.74,0.41,4.01,2.06,0.0,4.26
11620.0,17.4,4.8,39.57,5.36,2.47,5.38,2.35,1.81
14784.0,18.3,4.4,38.85,3.52,3.39,2.63,3.46,3.15
8267.0,18.3,3.3,32.769999999999996,5.47,1.24,2.61,0.0,1.85
8070.0,18.4,4.5,43.13,5.59,3.27,4.81,3.77,2.79
11873.0,20.4,3.8,35.83,5.7,3.01,0.38,1.72,0.82
8294.0,17.3,2.7,35.269999999999996,2.94,3.86,3.32,1.17,3.98
12835.0,15.8,5.1,30.039999999999996,1.07,3.43,2.06,1.42,1.16
6023.0,20.8,3.5,40.56,4.14,4.65,2.55,0.82,4.1
8409.0,15.4,4.0,29.619999999999997,1.66,0.0,3.42,1.13,4.01
11480.0,19.0,4.8,32.47,2.4,0.37,4.25,0.0,1.65
20794.0,18.1,4.2,38.57,0.94,4.38,2.93,3.51,4.51
8726.0,18.8,4.4,37.67,4.81,0.0,3.95,1.3,4.41
10155.0,17.3,5.7,47.17,10.0,3.53,2.68,3.63,4.33
9039.0,19.8,4.4,40.82000000000001,0.59,5.51,5.96,1.92,2.64
8782.0,19.4,4.6,44.24,10.0,0.0,0.49,3.75,6.0
17731.0,15.2,4.7,35.63999999999999,2.43,4.95,4.31,3.89,0.16
22367.0,19.6,3.7,32.58,3.57,1.49,2.04,1.2,0.98
8899.0,19.2,3.9,34.93,2.82,5.2,3.57,0.0,0.24
11616.0,18.4,4.9,44.489999999999995,8.14,5.22,3.42,1.54,2.87
9088.0,18.1,4.5,38.62,3.57,2.69,1.79,5.68,2.29
9090.0,18.4,3.3,37.18,6.26,0.0,5.76,0.0,3.46
12996.0,16.5,5.1,33.52,2.32,1.01,2.55,2.81,3.23
13391.0,19.2,4.1,41.55,7.43,2.83,2.95,2.63,2.41
9239.0,18.9,3.8,33.849999999999994,2.79,1.22,1.43,4.89,0.82
14264.0,17.0,4.6,36.52,1.67,3.7,4.05,1.29,4.21
10263.0,20.1,4.3,33.32,1.13,2.26,4.71,0.0,0.82
9243.0,19.1,3.8,34.870000000000005,3.93,1.91,2.54,2.35,1.24
24396.0,15.7,5.3,40.790000000000006,7.48,4.25,2.74,3.2,2.12
12514.0,19.2,4.5,35.440000000000005,3.83,3.74,2.31,0.0,1.86
9347.0,19.0,3.7,37.33,0.0,7.28,1.66,5.69,0.0
12391.0,17.6,4.8,41.010000000000005,5.07,0.0,3.98,6.45,3.11
11391.0,19.6,4.1,33.150000000000006,6.3,1.17,0.3,0.0,1.68
9521.0,19.3,3.8,42.39,5.53,2.82,2.22,5.06,3.66
12546.0,18.2,5.1,42.07,9.39,1.47,3.96,0.0,3.95
15530.0,19.4,4.2,30.86,0.8,0.0,2.31,2.76,1.39
9639.0,19.4,3.8,36.67999999999999,3.67,1.27,4.13,2.15,2.26
12110.0,18.1,4.6,38.57,6.12,0.86,5.28,0.0,3.61
16194.0,19.6,4.1,36.22,0.0,0.0,4.65,3.84,4.03
9736.0,19.3,3.9,29.96,0.0,2.94,0.0,1.93,1.89
13564.0,17.7,4.7,47.19,5.68,1.99,6.96,6.38,3.78
16615.0,18.5,3.9,36.14000000000001,2.85,4.23,3.22,1.34,2.1
9758.0,17.8,3.9,31.81,3.71,2.22,2.96,1.22,0.0
15566.0,18.3,4.9,33.43,3.7,3.33,2.23,0.97,0.0
15694.0,19.5,4.1,33.41,1.8,1.61,2.65,0.84,2.91
9831.0,19.1,3.8,27.67,1.74,0.89,0.02,1.35,0.77
14281.0,17.9,4.8,36.28,0.0,4.24,3.46,3.25,2.63
17694.0,18.1,4.1,35.010000000000005,1.66,3.19,2.26,2.92,2.78
9848.0,18.8,4.0,37.16,5.49,2.63,0.95,2.5,2.79
15666.0,17.1,4.6,37.28,5.22,0.0,4.26,1.7,4.4
13904.0,16.8,3.4,27.59,0.82,0.0,4.45,0.62,1.5
10139.0,18.1,3.4,27.65,2.03,0.96,1.15,0.7,1.31
14919.0,15.7,4.8,34.4,4.23,1.87,2.39,2.51,2.9
15901.0,19.0,4.0,31.43,0.0,0.0,3.9,2.84,1.69
10317.0,19.1,4.1,43.66000000000001,7.82,3.38,2.03,2.89,4.34
16942.0,16.0,4.4,36.39,4.92,4.66,3.45,0.26,2.7
6753.0,19.6,4.1,37.17,0.71,3.25,2.97,4.4,2.14
10367.0,18.2,3.6,38.41,1.71,4.66,4.12,2.87,3.25
24514.0,16.7,4.8,31.090000000000003,0.0,1.8,4.45,0.42,2.92
20595.0,18.6,3.9,35.5,4.99,0.67,3.22,2.82,1.3
10568.0,20.3,3.4,39.92000000000001,4.39,2.69,4.92,3.7,0.52
22380.0,16.4,4.5,38.69,6.1,7.07,2.47,1.0,1.15
39025.0,19.5,4.3,41.03,4.48,5.0,2.41,1.57,3.77
10620.0,23.0,3.3,45.440000000000005,6.48,2.63,4.67,3.94,1.42
13183.0,18.0,5.4,41.290000000000006,1.36,6.12,4.16,2.02,4.23
18560.0,19.0,4.2,38.49,1.65,1.08,3.49,3.46,5.61
10823.0,18.9,3.9,34.79999999999999,2.36,4.9,3.12,0.0,1.62
15117.0,17.3,5.1,37.93,2.96,1.68,5.39,2.8,2.7
16012.0,19.2,4.0,36.92999999999999,4.57,2.09,1.18,2.09,3.8
10883.0,18.8,3.7,35.28,0.42,3.46,4.71,3.65,0.54
14717.0,16.8,4.4,33.68,1.47,2.93,3.11,1.62,3.35
19038.0,19.4,4.1,30.869999999999997,0.97,2.52,0.0,1.95,1.93
11141.0,19.0,3.9,33.17,0.8,1.05,4.47,2.93,1.02
16617.0,17.8,4.8,33.88,3.14,2.15,0.25,1.1,4.64
17622.0,19.3,4.5,41.17999999999999,2.22,6.75,4.02,2.29,2.1
11658.0,19.2,3.9,40.98,8.27,0.0,4.59,2.06,2.96
18381.0,16.7,4.7,40.4,3.41,5.32,1.53,3.16,5.58
9866.0,22.6,3.9,36.95,0.0,2.77,3.11,0.82,3.75
11747.0,19.5,4.4,41.379999999999995,7.4,4.08,0.0,0.0,6.0
16988.0,17.4,5.0,41.17999999999999,8.26,4.33,1.62,0.19,4.38
16634.0,19.3,4.2,37.589999999999996,4.58,2.82,0.79,4.17,1.73
11925.0,19.0,3.9,38.83,3.38,1.05,6.24,1.0,4.26
21027.0,16.9,4.8,42.04,8.65,3.79,3.62,0.34,3.94
21413.0,19.9,4.0,36.33,3.32,2.0,0.86,2.02,4.23
12044.0,18.8,3.6,37.620000000000005,3.97,2.62,3.66,2.47,2.5
32093.0,12.4,4.7,34.13,3.95,4.14,4.24,0.0,4.7
7943.0,19.8,4.1,42.02,6.17,4.39,5.86,0.0,1.7
12061.0,18.9,3.8,33.32,1.26,3.44,3.47,2.3,0.15
25731.0,15.2,4.9,31.880000000000003,5.22,0.48,2.63,1.19,2.26
23749.0,18.9,4.2,34.4,6.16,0.0,0.66,4.29,0.19
12182.0,19.0,3.4,36.550000000000004,3.73,1.53,2.43,3.58,2.88
14192.0,19.0,4.5,38.97999999999999,4.58,4.79,2.94,1.76,1.41
6612.0,21.1,4.3,40.350000000000016,6.72,0.77,3.99,1.2,2.27
12396.0,20.0,4.3,37.39,5.01,0.9,3.25,3.93,0.0
25952.0,17.2,4.9,37.470000000000006,4.88,1.34,3.85,0.99,4.31
23511.0,19.8,3.7,37.65,4.16,0.0,5.84,1.4,2.75
12542.0,17.5,4.1,32.35,4.82,0.0,1.61,2.31,2.01
16211.0,17.5,5.3,36.620000000000005,3.43,3.43,4.05,2.91,0.0
22348.0,19.5,4.4,37.050000000000004,3.6,1.76,4.31,2.7,0.78
12597.0,18.0,3.9,34.03999999999999,3.82,0.0,4.51,1.9,1.91
20799.0,17.4,5.2,38.31999999999999,2.84,3.34,1.26,3.09,5.19
64395.0,16.1,3.9,40.43000000000001,5.24,3.62,4.43,5.01,2.13
12667.0,19.8,4.4,31.17,0.0,4.2,1.9,0.0,0.87
20123.0,19.5,4.4,39.839999999999996,4.64,0.0,6.15,1.93,3.22
23476.0,17.9,4.0,31.039999999999992,2.51,2.31,1.17,0.0,3.15
12709.0,19.7,3.1,33.38,2.56,0.27,1.33,1.96,4.46
16256.0,16.3,4.5,30.93,0.68,2.34,2.83,2.8,1.48
20025.0,19.5,4.1,41.03,4.71,3.0,3.35,3.5,2.87
13045.0,18.7,3.7,45.86,10.0,1.34,4.69,1.43,6.0
17312.0,17.1,4.7,36.34,2.76,5.61,0.0,1.73,4.44
21528.0,18.8,4.1,43.50000000000001,3.39,6.38,4.88,3.56,2.39
13084.0,18.5,3.9,28.899999999999995,3.2,0.45,0.97,0.63,1.25
18728.0,16.9,4.8,36.3,7.04,0.0,0.74,4.23,2.59
21451.0,19.0,4.0,45.18,7.45,5.72,3.2,1.91,3.9
13166.0,19.1,3.8,40.73000000000001,7.12,1.23,5.07,2.57,1.84
19178.0,16.9,4.4,37.63999999999999,5.41,4.41,1.95,2.34,2.23
23217.0,17.1,3.7,34.120000000000005,4.0,2.76,0.94,2.39,3.23
13198.0,18.4,3.4,32.39,0.0,2.62,4.32,2.5,1.15
17192.0,17.2,4.9,38.55,7.75,2.33,2.96,1.18,2.23
21546.0,17.7,3.7,32.099999999999994,3.86,2.38,1.73,2.73,0.0
13273.0,17.0,4.6,35.230000000000004,1.12,3.7,3.32,3.52,1.97
26353.0,16.4,4.7,34.47,4.19,0.0,5.55,0.0,3.63
21543.0,19.6,4.8,35.02,3.32,3.47,2.06,0.0,1.77
13405.0,14.7,2.9,32.01,2.13,0.0,5.13,3.41,3.74
19321.0,16.6,4.6,34.830000000000005,2.79,1.21,5.64,3.59,0.4
22221.0,18.1,3.9,28.03,0.25,1.84,2.03,0.39,1.52
13514.0,18.6,3.8,42.18000000000001,5.76,1.98,2.92,5.73,3.39
18873.0,17.8,4.5,32.73,1.17,3.54,4.89,0.23,0.6
20210.0,19.3,4.1,38.3,8.92,3.35,0.0,1.97,0.66
13611.0,19.6,3.3,32.650000000000006,1.64,5.83,0.87,1.18,0.23
24740.0,19.7,3.8,34.99,4.24,2.05,3.08,0.0,2.12
13659.0,18.0,3.5,39.690000000000005,1.51,5.69,2.94,3.84,4.21
17561.0,17.1,4.9,37.92,2.67,5.31,1.84,3.53,2.57
21552.0,19.5,4.0,38.3,3.8,0.0,6.5,0.0,4.5
13730.0,18.6,3.7,41.9,3.74,5.54,5.69,1.81,2.82
18751.0,17.9,4.7,35.46,4.05,1.82,2.73,1.47,2.79
24966.0,19.5,3.9,37.269999999999996,5.47,3.47,2.78,2.15,0.0
13745.0,18.4,3.6,32.65,0.0,0.64,3.2,2.97,3.84
20160.0,17.4,5.0,35.370000000000005,2.3,0.98,5.74,0.0,3.95
25538.0,18.4,3.2,25.61,0.91,0.0,0.28,2.82,0.0
13929.0,18.8,3.7,40.63,2.51,3.39,3.64,7.71,0.88
21032.0,16.4,4.3,27.479999999999997,0.0,0.0,2.72,0.0,4.06
35162.0,18.7,3.7,32.62,2.79,1.65,3.31,0.0,2.47
13953.0,19.2,4.2,33.95,0.0,0.0,5.12,1.35,4.08
22723.0,14.5,5.0,37.980000000000004,3.98,4.0,3.85,1.31,5.34
46587.0,16.0,3.6,43.28,8.34,5.44,0.97,5.59,3.34
14164.0,15.4,3.3,32.129999999999995,2.88,2.25,4.75,0.0,3.55
17699.0,13.1,4.6,29.48,4.69,2.15,0.83,1.17,2.94
13551.0,19.2,4.0,33.65,0.0,2.86,3.45,0.0,4.14
14414.0,18.3,3.7,37.040000000000006,4.3,3.76,3.74,2.93,0.31
25181.0,16.6,4.8,34.870000000000005,3.78,2.07,2.87,3.16,1.59
11921.0,19.1,4.1,32.870000000000005,6.43,1.64,0.0,1.52,0.08
14422.0,16.1,3.8,27.020000000000003,4.21,1.14,0.31,0.0,1.46
59282.0,16.1,4.9,33.160000000000004,2.89,0.0,3.61,2.17,3.49
23695.0,19.5,3.8,39.14000000000001,7.3,0.0,2.16,2.6,3.78
14786.0,19.0,4.0,32.11,1.4,1.44,2.53,1.06,2.68
20567.0,17.4,4.5,35.07,2.21,1.1,3.71,3.37,2.78
20734.0,18.8,4.0,36.23,5.93,0.0,1.17,1.49,4.84
15043.0,19.2,3.7,32.75,1.98,2.12,4.53,1.22,0.0
18317.0,17.0,4.8,28.590000000000003,2.69,3.84,0.26,0.0,0.0
24833.0,18.8,3.9,32.419999999999995,4.42,0.39,0.74,2.24,1.93
15308.0,17.5,2.8,24.080000000000002,0.0,0.0,0.28,0.98,2.52
24427.0,19.2,4.0,32.71,0.55,1.98,1.94,1.51,3.53
15492.0,18.5,4.0,41.46000000000001,6.91,4.57,3.54,0.59,3.35
22378.0,17.0,4.7,37.85,2.57,6.3,1.41,1.29,4.58
53440.0,18.9,3.7,46.109999999999985,9.09,3.41,3.66,3.48,3.87
15646.0,19.0,3.2,42.93999999999999,6.63,5.77,4.37,1.66,2.31
19664.0,17.7,4.3,36.73,1.49,2.26,1.54,4.15,5.29
30011.0,19.2,4.3,35.16,4.85,0.49,2.11,1.84,2.37
16017.0,17.6,3.7,31.35,1.97,0.0,2.64,5.44,0.0
23727.0,19.0,4.7,34.87,0.0,2.27,5.91,0.31,2.68
27807.0,17.1,3.3,35.88,4.8,4.33,2.12,2.19,2.04
16193.0,18.5,3.9,41.23,3.85,5.16,4.89,2.79,2.14
23212.0,15.1,4.7,36.519999999999996,3.88,1.74,4.42,2.96,3.72
33542.0,18.8,4.3,34.160000000000004,1.39,0.0,5.15,3.18,1.34
16238.0,18.3,3.2,35.23,2.55,4.11,3.61,1.34,2.12
20530.0,17.5,4.8,36.93000000000001,5.43,2.61,3.34,0.09,3.16
25940.0,18.8,4.1,29.62,1.26,0.14,1.84,0.0,3.48
16929.0,18.7,3.8,28.36,0.72,0.37,0.0,0.0,4.77
22769.0,17.0,4.5,35.18,3.57,2.98,4.75,0.09,2.29
29791.0,20.6,3.9,39.730000000000004,0.0,5.86,3.57,4.71,1.09
16986.0,18.4,3.3,27.580000000000002,1.0,1.48,1.92,0.11,1.37
28064.0,14.9,5.0,29.269999999999996,0.23,2.74,1.81,3.49,1.1
23890.0,18.1,3.8,43.31,8.57,3.78,2.01,5.28,1.77
17246.0,18.1,3.4,35.88,0.42,5.11,5.64,0.0,3.21
35445.0,15.1,4.5,35.559999999999995,7.9,1.37,2.06,2.33,2.3
28872.0,17.1,4.0,41.290000000000006,7.82,2.2,2.16,4.74,3.27
17552.0,17.9,3.9,35.2,7.98,3.05,2.31,0.06,0.0
20949.0,17.4,4.7,31.659999999999997,0.0,3.76,1.29,1.95,2.56
28886.0,17.7,3.8,35.839999999999996,2.84,2.22,4.21,2.42,2.65
17557.0,18.4,3.0,32.2,2.53,0.0,0.0,4.44,3.83
22700.0,17.0,4.6,33.800000000000004,3.24,2.15,2.96,1.64,2.21
48094.0,17.9,3.9,39.89,2.13,1.03,7.65,5.19,2.09
17867.0,19.8,3.7,36.41,3.35,4.45,1.53,0.0,3.58
22942.0,17.9,4.6,40.81999999999999,7.0,7.66,2.16,1.5,0.0
35044.0,19.2,3.7,39.480000000000004,8.01,0.09,2.87,2.45,3.16
17935.0,18.1,3.0,35.57000000000001,4.28,5.21,3.31,0.0,1.67
25016.0,16.6,5.0,38.42999999999999,7.51,4.04,2.73,1.33,1.22
60009.0,19.2,3.8,40.440000000000005,3.19,7.34,2.43,1.45,3.03
18038.0,18.4,4.2,43.599999999999994,2.29,4.21,5.98,2.93,5.59
17982.0,17.8,5.0,36.85,1.77,1.72,5.81,1.9,2.85
22388.0,18.0,3.4,33.65,6.12,1.62,2.05,0.0,2.46
18337.0,19.7,3.4,38.45,4.43,1.08,3.43,2.74,3.67
33932.0,19.0,5.4,38.199999999999996,1.48,2.15,3.4,3.79,2.98
5778.0,16.5,3.5,34.43,3.55,1.22,2.85,3.89,2.92
18764.0,17.5,4.8,36.169999999999995,1.25,8.64,2.16,0.0,1.82
12796.0,11.8,6.0,22.75,3.12,0.11,0.06,0.0,1.66
26010.0,20.8,4.8,33.24,2.58,2.96,0.0,0.35,1.75
18963.0,15.9,4.1,39.720000000000006,4.89,2.21,7.42,3.39,1.81
26195.0,17.8,3.8,38.96000000000001,3.88,4.43,3.29,3.2,2.56
27287.0,19.1,4.5,30.96,0.0,2.18,3.11,1.16,0.91
19494.0,18.4,4.0,31.779999999999998,2.57,1.95,4.34,0.52,0.0
25022.0,16.6,5.0,32.33,2.93,3.04,0.42,1.18,3.16
33437.0,18.0,3.8,30.630000000000003,0.0,0.0,5.12,0.0,3.71
19536.0,18.0,3.5,33.09,3.78,4.35,1.07,0.0,2.39
25407.0,18.8,4.5,42.63,2.43,5.94,4.79,3.99,2.18
33670.0,17.9,4.1,40.69,7.18,3.34,4.15,2.38,1.64
36314.0,19.6,4.2,41.18,4.02,0.93,5.82,2.88,3.73
20485.0,18.8,3.4,33.83,3.15,3.3,2.35,0.88,1.95
32520.0,18.0,4.8,33.410000000000004,3.19,3.62,2.91,0.0,0.89
29773.0,19.0,4.0,41.64,7.11,0.0,6.26,5.0,0.27
20567.0,18.6,3.6,38.42,6.8,3.09,3.44,2.17,0.72
27712.0,17.1,4.6,37.52000000000001,0.85,3.8,2.32,3.26,5.59
17678.0,20.8,4.5,43.11,4.67,3.8,2.22,3.28,3.84
20760.0,17.5,4.3,27.849999999999998,2.06,1.06,1.38,0.59,0.96
35621.0,18.5,3.9,34.63,2.09,1.1,5.73,1.09,2.22
21116.0,18.6,3.5,35.61,5.76,0.88,3.36,0.87,2.64
26586.0,16.5,4.8,40.040000000000006,6.43,4.08,5.85,2.04,0.34
20170.0,16.8,3.9,35.54,3.92,4.47,2.68,0.0,3.77
21272.0,17.3,2.5,33.79,2.68,0.0,3.55,5.25,2.51
33271.0,18.3,4.6,33.98,2.5,0.44,1.77,3.32,3.05
32985.0,18.5,3.8,33.42,1.66,0.86,4.1,2.76,1.74
21410.0,18.0,3.9,35.26,1.23,2.3,2.25,1.68,5.9
27255.0,16.1,4.5,30.61,2.06,4.82,1.23,0.0,1.9
23324.0,18.4,4.2,35.12,2.33,4.09,2.38,1.37,2.35
21484.0,18.4,2.9,32.269999999999996,1.68,1.32,1.05,6.46,0.46
38266.0,14.0,4.8,33.04,2.79,4.48,3.12,2.39,1.46
31633.0,19.6,4.1,38.18000000000001,3.39,5.94,1.46,0.45,3.24
21681.0,17.7,3.1,38.94,5.26,6.33,2.21,3.54,0.8
25161.0,18.7,4.6,44.209999999999994,4.22,6.32,4.8,2.36,3.21
27051.0,18.0,4.2,31.29,4.91,0.0,0.99,0.0,3.19
21857.0,18.1,3.4,42.68,7.99,1.86,1.75,5.8,3.78
33759.0,17.7,4.4,36.87,2.91,3.16,1.79,1.63,5.28
33736.0,18.7,4.2,30.139999999999997,0.52,0.0,2.06,3.94,0.72
22055.0,17.9,3.2,37.45,5.45,2.61,1.67,1.59,5.03
26950.0,14.1,4.9,31.93,4.05,2.39,0.33,1.68,4.48
37495.0,18.7,3.8,37.67,4.0,2.24,1.87,3.33,3.73
22112.0,18.2,3.0,34.81,1.78,2.06,3.6,3.54,2.63
32585.0,15.9,4.4,33.64,3.9,1.11,3.46,0.0,4.87
39769.0,15.0,3.8,29.69,4.93,4.18,0.0,0.26,1.52
22709.0,16.4,3.4,31.669999999999995,5.09,0.83,3.72,0.0,2.23
26892.0,17.5,4.8,43.769999999999996,3.42,5.66,4.39,5.51,2.49
34346.0,19.3,4.5,39.080000000000005,3.62,3.03,2.72,5.13,0.78
23096.0,17.9,3.8,32.2,2.8,3.73,1.5,1.89,0.58
29836.0,18.0,4.5,33.25,1.44,1.06,1.84,3.28,3.13
34194.0,18.1,4.2,34.64,5.56,1.8,2.33,1.72,0.93
23105.0,18.6,4.0,33.62,4.86,0.08,2.58,1.03,2.47
37604.0,17.2,4.6,35.690000000000005,6.32,3.74,3.06,0.0,0.77
26772.0,19.1,4.3,40.49,4.46,6.56,5.12,0.95,0.0
23365.0,19.3,3.9,29.089999999999996,0.02,2.33,0.48,0.0,3.06
26412.0,18.7,4.0,38.4,5.33,0.0,2.16,5.88,2.33
23420.0,18.0,3.5,39.13,3.81,3.0,5.13,1.45,4.24
37956.0,16.8,4.9,31.820000000000004,3.41,1.06,4.17,0.0,1.48
29824.0,18.7,3.7,34.78,3.1,1.79,3.43,0.98,3.08
23926.0,18.8,3.6,41.870000000000005,6.44,0.0,3.21,5.32,4.5
35838.0,17.8,3.8,27.69,2.25,0.0,2.57,1.27,0.0
23940.0,17.7,3.6,37.60000000000001,4.81,2.85,3.27,1.27,4.1
30319.0,17.0,5.0,43.73,5.01,4.94,5.07,0.71,6.0
40388.0,19.4,3.5,33.77,1.41,4.08,2.17,1.31,1.9
24082.0,17.1,4.2,34.64,0.76,0.69,6.03,1.54,4.32
27134.0,17.8,4.6,39.53,6.2,4.43,2.36,1.93,2.21
35752.0,18.4,3.9,32.029999999999994,1.83,4.06,3.05,0.17,0.62
24202.0,18.3,3.8,38.14,5.18,3.12,3.17,2.93,1.64
30052.0,16.0,4.4,34.59,0.44,2.75,4.05,3.99,2.96
21769.0,18.5,4.2,38.93,0.0,3.67,4.92,1.64,6.0
24280.0,18.6,4.2,35.169999999999995,1.4,4.11,0.8,4.33,1.73
67407.0,16.7,4.5,41.22,4.52,4.16,4.45,1.81,5.08
35238.0,17.4,3.8,37.72,6.66,3.52,3.47,0.0,2.87
24522.0,16.6,3.6,29.550000000000004,0.15,2.07,2.92,2.62,1.59
46794.0,14.8,5.0,29.130000000000003,2.02,1.95,5.15,0.21,0.0
34188.0,19.8,3.9,45.61,3.96,5.07,4.32,4.51,4.05
24543.0,18.7,3.9,36.65,1.42,3.19,3.1,0.79,5.55
31270.0,17.5,4.6,37.13999999999999,5.27,1.13,5.01,2.8,0.83
41249.0,16.1,4.0,38.28,3.93,3.41,6.86,3.47,0.51
25347.0,17.4,2.9,35.66,4.48,2.16,4.41,3.1,1.21
30574.0,17.1,5.1,38.01,2.75,2.86,5.08,2.07,3.05
15884.0,19.3,4.2,37.510000000000005,3.94,1.95,6.33,1.34,0.45
25471.0,17.5,3.9,30.58,3.53,0.1,0.84,0.31,4.4
52363.0,15.1,4.7,36.78,4.46,4.21,0.63,4.73,2.95
36096.0,17.8,4.1,32.39,1.26,2.06,2.0,1.66,3.51
26062.0,18.2,3.7,42.6,3.61,4.33,4.81,5.17,2.78
32135.0,15.9,4.5,38.60999999999999,4.31,3.04,2.42,3.83,4.61
37541.0,18.5,3.9,29.969999999999995,0.0,1.38,5.17,1.02,0.0
26208.0,18.1,3.9,39.71,9.11,1.48,1.67,0.0,5.45
31550.0,16.4,4.5,44.440000000000005,6.84,6.88,1.84,4.16,3.82
38298.0,18.0,3.8,32.26,2.69,0.59,5.85,0.0,1.33
26643.0,18.6,3.5,41.26,4.73,4.03,4.6,2.94,2.86
33164.0,16.6,4.5,42.790000000000006,8.05,0.94,3.5,4.47,4.73
46383.0,18.7,3.7,38.870000000000005,1.75,4.49,3.88,3.97,2.38
26848.0,17.8,2.8,33.480000000000004,3.73,1.53,5.04,0.0,2.58
30467.0,17.8,4.8,38.3,4.36,3.93,3.9,0.35,3.16
62608.0,18.0,4.2,34.34,4.29,1.94,2.02,2.25,1.64
27335.0,17.8,5.5,31.009999999999998,0.0,1.73,2.04,2.45,1.49
30134.0,19.8,4.8,42.74000000000001,3.68,6.01,6.91,1.27,0.27
42932.0,20.2,4.0,35.46,2.41,0.0,1.3,4.53,3.02
28117.0,16.9,3.3,31.55,4.04,0.0,4.83,2.34,0.14
49220.0,16.3,4.6,31.229999999999997,1.79,2.64,1.81,3.78,0.31
38514.0,17.2,3.9,31.75,1.97,0.87,4.02,1.12,2.67
28155.0,18.6,3.6,32.95,2.16,2.94,0.37,2.65,2.63
38395.0,16.6,4.7,34.33,2.38,3.96,1.58,2.62,2.49
40648.0,17.7,4.2,36.99999999999999,6.48,2.16,2.98,0.0,3.48
28294.0,18.1,3.6,35.93,2.5,2.35,3.22,4.12,2.04
66127.0,16.8,4.2,36.19,2.38,2.88,2.23,2.42,5.28
39338.0,18.4,4.0,34.41,3.15,4.36,0.0,1.53,2.97
28382.0,18.5,3.5,33.010000000000005,1.26,4.08,1.32,1.85,2.5
36972.0,16.4,4.7,34.19,5.02,3.46,4.36,0.0,0.25
41263.0,18.4,4.0,38.019999999999996,4.65,0.81,6.48,2.74,0.94
28668.0,17.7,3.6,31.85,1.49,2.27,0.85,1.12,4.82
34834.0,16.5,4.6,28.4,1.58,0.0,3.95,1.27,0.5
41290.0,18.5,3.9,34.79,4.29,0.47,2.15,1.12,4.36
28789.0,18.3,3.7,33.19,7.26,2.17,0.12,1.14,0.5
36180.0,15.3,4.5,32.78,3.42,1.42,3.82,1.94,2.38
79788.0,18.6,4.1,33.260000000000005,2.09,1.24,0.69,4.19,2.35
29219.0,18.0,3.5,36.559999999999995,3.64,1.58,1.7,4.27,3.87
61773.0,18.1,4.5,35.3,2.25,1.22,4.71,1.9,2.62
54710.0,19.2,3.9,37.96,2.99,2.03,5.27,0.0,4.57
29403.0,18.3,3.3,30.87,2.91,2.42,3.94,0.0,0.0
38348.0,18.1,5.3,36.53000000000001,4.4,0.22,5.52,1.22,1.77
49929.0,19.3,3.8,35.769999999999996,4.28,1.16,4.18,0.0,3.05
29475.0,18.9,2.5,38.11,5.33,3.12,0.0,4.61,3.65
33670.0,17.4,4.4,34.24999999999999,1.57,0.0,3.36,4.9,2.62
35666.0,19.4,4.9,38.18000000000001,7.98,1.43,1.2,1.82,1.45
29695.0,18.4,3.8,28.799999999999997,0.0,0.19,3.29,0.72,2.4
34300.0,15.4,4.6,36.17,6.04,6.31,2.93,0.89,0.0
44852.0,17.2,4.1,34.239999999999995,5.09,2.71,3.66,0.0,1.48
29746.0,16.2,3.9,32.92,2.51,1.06,4.23,4.17,0.85
31453.0,19.6,4.3,43.32000000000001,8.51,0.0,4.5,3.13,3.28
29968.0,17.2,4.2,40.35,2.61,3.37,3.69,5.36,3.92
45414.0,17.8,4.6,38.449999999999996,8.29,1.68,3.0,3.04,0.04
17270.0,21.2,3.5,38.51,2.04,1.28,4.38,1.64,4.47
30154.0,12.8,3.0,27.89,2.02,4.69,2.28,1.09,2.01
57559.0,15.8,4.8,30.73,2.34,1.27,3.89,0.0,2.63
197465.0,13.6,3.4,30.459999999999997,3.7,4.1,0.01,4.38,1.27
30403.0,16.5,3.4,32.839999999999996,4.45,2.35,0.0,3.24,2.9
48750.0,16.1,5.2,32.06,4.06,1.82,3.55,0.0,1.33
234590.0,10.6,3.6,33.01,3.38,3.94,4.03,1.97,5.49
30421.0,16.1,4.8,41.11,6.34,2.26,7.07,1.85,2.69
110274.0,14.1,4.4,40.34,8.7,6.02,3.06,2.63,1.43
29016.0,18.2,4.3,33.779999999999994,1.74,2.12,1.64,5.27,0.51
31337.0,15.6,3.8,30.229999999999997,0.0,3.7,3.34,0.0,3.79
110136.0,15.1,4.6,31.97,4.42,0.0,5.32,2.32,0.21
33420.0,19.2,4.2,43.61,6.62,5.31,3.75,2.85,1.68
31354.0,18.4,3.7,37.699999999999996,3.23,2.17,2.93,2.34,4.93
49721.0,16.8,4.6,43.28,4.02,5.37,5.2,1.91,5.38
44596.0,17.0,4.0,35.89,2.01,3.97,3.49,1.03,4.39
31849.0,17.7,2.9,39.14,6.73,3.17,2.28,4.57,1.79
41183.0,15.8,4.3,30.540000000000003,2.95,4.54,0.0,1.69,1.26
32952.0,18.8,4.0,36.50000000000001,3.39,0.0,4.33,2.28,3.7
32305.0,16.6,3.5,34.17,5.69,0.37,2.23,4.67,1.11
51715.0,16.0,4.7,38.93,6.07,2.55,3.99,2.18,3.44
41830.0,16.2,4.2,37.459999999999994,2.06,4.99,3.47,4.54,2.0
32608.0,16.0,3.1,30.3,3.16,0.53,3.72,2.43,1.36
57603.0,14.1,5.3,36.980000000000004,7.39,1.35,3.35,4.25,1.24
43254.0,17.9,3.8,32.14,3.16,2.86,0.43,1.58,2.41
33447.0,17.8,3.6,37.18,4.06,1.14,5.54,1.68,3.36
39504.0,15.6,4.4,35.03,3.42,1.07,3.34,4.11,3.09
46886.0,18.2,4.0,32.44,4.11,1.25,3.14,0.0,1.74
33660.0,16.9,3.5,47.57999999999999,8.69,6.88,4.26,2.05,5.3
40358.0,15.0,4.4,32.51,3.39,4.21,0.7,3.63,1.18
38752.0,18.2,3.2,38.36,0.84,6.39,5.36,2.4,1.97
33677.0,14.5,5.4,36.989999999999995,5.24,4.06,2.82,1.71,3.26
62315.0,12.0,5.1,31.34,5.62,0.97,3.97,0.28,3.4
42727.0,16.0,3.6,40.900000000000006,10.0,2.32,2.07,1.59,5.32
33818.0,16.1,4.3,31.310000000000002,2.89,1.91,2.56,1.6,1.95
38046.0,15.4,4.7,33.480000000000004,2.01,0.97,3.73,1.6,5.07
35297.0,17.6,3.9,36.39,5.97,1.48,4.07,1.27,2.1
34177.0,19.1,4.1,31.710000000000004,1.21,0.25,3.69,0.61,2.75
57879.0,15.1,4.2,36.370000000000005,2.53,4.08,2.38,5.91,2.17
35015.0,19.0,3.8,34.089999999999996,3.75,4.86,0.04,2.64,0.0
34333.0,17.0,3.6,37.99999999999999,10.0,1.06,2.57,2.15,1.62
57612.0,15.8,4.9,28.18,3.06,1.14,2.42,0.07,0.79
46256.0,18.5,3.9,31.519999999999996,1.32,4.09,2.49,0.0,1.22
34343.0,18.2,3.4,41.97,8.4,3.29,2.32,3.43,2.93
44120.0,16.2,4.8,34.46,4.1,2.49,3.34,1.17,2.36
46014.0,18.3,3.8,29.88,2.84,1.56,0.74,0.94,1.7
34545.0,17.6,3.6,32.220000000000006,1.75,0.33,3.73,2.01,3.2
44760.0,16.4,4.6,36.61,7.23,0.76,1.91,0.84,4.87
41748.0,18.4,4.1,33.89,2.95,0.0,1.61,5.98,0.85
45089.0,17.5,3.8,28.47,0.0,1.18,1.74,1.43,2.82
35363.0,17.1,3.6,26.290000000000003,0.0,1.31,4.28,0.0,0.0
44203.0,15.1,4.4,20.74,1.24,0.0,0.0,0.0,0.0
27406.0,19.1,4.1,32.84,0.0,0.0,5.33,0.0,4.31
36052.0,18.0,3.9,29.65,0.0,0.03,2.18,3.88,1.66
53669.0,17.4,4.7,32.92,6.42,0.69,2.44,1.2,0.07
49032.0,18.8,4.2,34.89,3.46,0.0,2.67,3.08,2.68
36631.0,19.3,5.0,43.620000000000005,3.01,6.32,3.79,2.71,3.49
62436.0,14.6,4.4,31.15,0.0,4.51,2.07,3.18,2.39
40038.0,18.0,3.9,39.78,6.88,3.48,4.43,2.14,0.95
37126.0,18.4,3.7,39.89,8.05,1.31,5.86,1.49,1.08
51481.0,16.8,4.6,35.24,2.36,3.1,1.44,5.13,1.81
49211.0,17.9,3.8,41.93,10.0,0.88,2.75,3.25,3.35
37157.0,17.2,3.4,38.51,7.03,4.27,0.36,6.25,0.0
46168.0,16.6,4.5,38.28,5.06,0.86,5.53,0.92,4.81
55785.0,17.6,3.4,42.2,6.4,4.38,0.36,4.86,5.2
37655.0,17.6,4.2,35.910000000000004,5.94,0.16,3.97,2.41,1.63
44710.0,17.5,4.6,32.620000000000005,0.63,3.3,3.95,0.96,1.68
60800.0,19.0,4.0,44.919999999999995,6.08,4.19,2.58,4.74,4.33
37795.0,15.9,3.2,34.53,4.62,2.65,2.66,4.1,1.4
73672.0,17.0,4.9,33.660000000000004,1.98,0.0,5.09,2.17,2.52
52575.0,17.7,3.3,32.38,2.44,0.83,2.73,2.67,2.71
38028.0,16.4,3.6,35.86,3.01,3.34,5.99,3.52,0.0
41686.0,15.2,4.6,28.939999999999998,0.22,3.22,3.35,0.0,2.35
20752.0,18.3,3.9,38.94,3.74,1.02,2.8,4.41,4.77
38246.0,16.3,4.0,32.519999999999996,1.9,0.0,1.92,4.66,3.74
66564.0,15.4,4.8,34.79,2.03,4.08,1.84,2.91,3.73
45155.0,19.4,4.2,41.67,6.57,4.63,0.0,2.77,4.1
38702.0,19.0,2.7,38.74999999999999,7.47,3.76,0.12,1.58,4.12
65553.0,14.2,5.2,25.08,4.3,0.0,0.0,0.63,0.75
50520.0,18.7,3.9,39.73,2.44,6.14,3.73,0.0,4.82
38705.0,17.5,3.4,33.489999999999995,2.95,3.43,0.92,3.74,1.55
44593.0,15.8,4.4,41.650000000000006,3.71,5.24,3.96,4.79,3.75
98909.0,19.0,4.0,43.93,5.42,3.43,5.45,1.73,4.9
39017.0,17.5,3.4,35.519999999999996,8.15,1.14,3.1,2.23,0.0
36785.0,18.7,4.1,36.16,2.37,4.74,1.38,1.84,3.03
39034.0,16.3,3.0,28.059999999999995,0.65,3.17,3.01,0.0,1.93
61397.0,16.3,4.3,33.370000000000005,1.89,2.91,2.12,1.6,4.25
51526.0,17.5,3.8,35.22,3.25,4.48,2.33,0.0,3.86
39244.0,17.4,3.5,29.54,3.95,0.85,2.05,0.45,1.34
49317.0,15.6,4.5,41.83,7.7,4.67,3.11,4.58,1.67
28368.0,17.8,3.9,33.93,0.0,5.55,3.28,1.43,1.97
39660.0,16.7,3.5,28.74,2.97,1.35,3.47,0.0,0.75
64704.0,16.3,4.6,31.409999999999997,3.79,3.73,1.57,0.0,1.42
51371.0,18.9,3.9,38.82999999999999,0.0,4.97,3.61,5.44,2.01
40167.0,18.4,3.6,42.57999999999999,4.01,5.91,4.35,4.3,2.01
44013.0,17.6,4.6,34.85,3.77,3.59,0.78,2.96,1.55
51696.0,17.7,4.0,33.19,5.28,0.13,3.04,1.68,1.36
40730.0,17.2,3.5,29.04,1.79,2.86,0.32,1.0,2.37
50666.0,14.6,4.5,37.03,7.25,0.0,4.17,3.0,3.51
23889.0,19.0,4.3,38.120000000000005,3.01,1.94,3.06,1.43,5.38
41341.0,19.0,3.0,39.519999999999996,5.54,3.33,0.88,3.55,4.22
51863.0,15.9,4.4,30.370000000000005,1.01,2.87,2.32,0.0,3.87
51880.0,17.2,3.8,34.47,3.66,0.72,4.09,1.3,3.7
41725.0,16.1,3.5,27.59,1.54,1.0,0.0,4.23,1.22
42332.0,15.5,4.6,27.84,1.78,0.17,0.33,3.01,2.45
53211.0,18.4,4.0,37.269999999999996,3.85,0.87,4.09,4.12,1.94
42043.0,17.6,3.6,32.480000000000004,0.0,5.03,3.66,0.67,1.92
52503.0,16.0,4.4,35.73,6.7,3.22,0.86,0.84,3.71
43313.0,18.6,4.0,37.62,4.75,3.43,4.36,0.0,2.48
42546.0,17.7,3.7,37.879999999999995,3.05,0.0,6.54,3.35,3.54
76170.0,16.0,4.8,34.160000000000004,3.86,3.95,0.0,1.19,4.36
55697.0,17.0,3.8,40.92,6.71,2.16,4.01,3.58,3.66
42556.0,16.6,3.6,28.76,2.77,0.86,2.23,2.11,0.59
49239.0,15.2,4.6,26.84,1.3,1.45,2.74,1.09,0.46
64012.0,16.8,3.9,30.759999999999998,4.22,1.28,1.64,0.0,2.92
42838.0,17.0,3.3,28.700000000000003,0.0,2.44,3.09,0.0,2.87
62190.0,13.1,3.6,39.36,6.87,3.07,3.21,5.64,3.87
76062.0,18.7,3.9,34.58,4.3,1.72,2.25,0.4,3.31
42977.0,17.8,3.6,32.080000000000005,4.9,1.61,2.9,1.12,0.15
40098.0,16.9,4.6,30.830000000000005,2.85,1.19,2.44,1.6,1.25
66267.0,18.1,3.4,39.67,7.41,2.61,2.87,2.46,2.82
42990.0,16.8,3.3,26.700000000000003,0.0,1.84,1.5,1.75,1.51
65275.0,15.3,5.3,33.24,7.56,1.77,0.0,0.0,3.31
56481.0,17.5,3.8,33.54,5.13,1.33,2.28,1.59,1.91
43977.0,16.8,3.1,30.32,0.0,0.83,0.88,6.86,1.85
49637.0,15.5,4.4,34.18,2.54,0.0,2.21,5.09,4.44
40342.0,18.2,3.9,36.25,2.97,0.0,4.86,2.47,3.85
44129.0,16.9,3.7,32.959999999999994,2.02,1.24,4.44,0.74,3.92
62995.0,15.9,4.8,42.28,8.2,4.6,5.04,1.5,2.24
56815.0,18.0,3.8,41.86000000000001,0.76,3.96,0.73,9.33,5.28
44251.0,17.4,3.4,33.48,1.28,3.08,3.55,3.34,1.43
55675.0,16.0,4.5,42.7,6.5,7.59,1.78,4.19,2.14
45192.0,18.6,4.1,36.44,0.0,3.63,3.93,2.35,3.83
44804.0,18.0,2.8,34.68,7.45,0.0,3.51,0.15,2.77
51788.0,17.9,5.1,37.25,2.01,6.35,1.89,1.52,2.48
58775.0,16.7,3.7,38.04,6.05,0.0,4.92,4.29,2.38
45703.0,16.1,3.4,29.470000000000002,0.0,2.74,3.6,2.2,1.43
43860.0,15.2,4.5,33.9,0.05,4.34,2.93,3.42,3.46
27248.0,16.8,4.3,36.470000000000006,3.95,0.0,7.56,0.34,3.52
46596.0,17.4,3.5,35.839999999999996,3.37,6.79,3.78,0.47,0.53
71584.0,16.5,5.4,37.9,7.1,0.91,0.8,3.48,3.71
54877.0,18.2,3.8,30.31,3.67,1.29,0.54,0.0,2.81
46673.0,17.8,3.6,28.870000000000005,1.39,3.53,2.55,0.0,0.0
53146.0,16.3,4.5,31.750000000000004,1.34,3.49,1.01,4.3,0.81
60275.0,17.7,3.7,26.52,0.0,0.49,3.08,0.0,1.55
47627.0,17.2,3.4,29.6,1.71,5.32,0.0,0.92,1.05
57484.0,15.9,4.5,28.529999999999998,1.59,2.9,3.64,0.0,0.0
54212.0,18.9,4.0,35.519999999999996,2.9,3.39,2.39,0.0,3.94
47685.0,16.2,3.7,36.08,7.48,3.14,0.63,2.01,2.92
48835.0,18.0,4.6,33.96,3.48,1.98,2.98,1.41,1.51
54459.0,18.8,3.8,33.78,3.13,1.7,2.07,1.01,3.27
48139.0,18.2,3.4,33.879999999999995,3.43,4.17,0.0,2.06,2.62
56473.0,16.1,4.6,35.480000000000004,4.76,4.11,1.28,2.32,2.31
49109.0,18.0,3.9,32.379999999999995,0.0,1.56,3.56,5.02,0.34
48180.0,17.4,3.2,33.73,2.86,3.15,2.46,1.37,3.29
59078.0,15.8,4.5,43.59,6.59,8.35,1.21,2.69,4.45
56156.0,17.9,4.2,41.71999999999999,4.74,2.31,4.78,3.91,3.88
48456.0,18.0,3.6,29.400000000000006,0.51,3.03,1.73,1.21,1.32
63701.0,17.3,4.5,40.459999999999994,9.28,0.0,4.27,1.67,3.44
49802.0,19.1,3.9,40.13,6.09,0.96,3.66,2.56,3.86
48483.0,18.7,3.7,29.059999999999995,0.0,2.43,0.33,3.33,0.57
61072.0,17.3,4.4,39.14,0.71,3.29,4.69,5.41,3.34
61852.0,17.1,3.7,33.17,0.0,0.89,4.49,4.02,2.97
48488.0,17.4,3.5,39.8,5.1,1.59,3.9,4.1,4.21
55671.0,15.7,4.3,30.189999999999998,1.06,0.0,1.96,1.88,5.29
55615.0,17.7,4.0,28.63,1.37,0.18,2.09,1.34,1.95
48715.0,16.7,3.8,34.989999999999995,0.0,5.4,3.51,3.83,1.75
57801.0,14.0,4.3,32.78,3.59,2.5,3.44,3.91,1.04
33608.0,18.6,3.8,34.71,0.73,1.39,2.16,5.49,2.54
48936.0,17.9,3.2,36.48,6.87,3.27,1.45,1.24,2.55
80187.0,15.7,5.1,34.41,5.41,0.81,3.17,2.13,2.09
47444.0,18.6,4.0,32.81,5.72,0.0,0.0,1.34,3.15
49069.0,18.8,3.7,46.28,4.84,5.21,3.61,5.99,4.13
67088.0,16.8,4.3,40.60000000000001,3.21,4.28,4.98,1.95,5.08
47080.0,15.5,3.7,29.540000000000003,2.41,2.25,1.69,3.58,0.41
49146.0,16.8,3.8,40.64,4.78,2.97,5.47,0.82,6.0
68837.0,14.8,4.4,35.470000000000006,0.0,3.91,5.33,4.01,3.02
65343.0,17.4,3.8,34.1,2.73,1.79,2.0,1.68,4.7
50736.0,17.3,3.5,35.59,9.4,1.89,3.46,0.0,0.04
58874.0,15.7,4.3,30.58,4.56,0.01,1.87,0.38,3.76
59572.0,18.0,3.8,43.52,8.54,3.25,5.19,0.0,4.74
50905.0,17.3,3.4,34.879999999999995,6.77,2.11,0.98,0.0,4.32
55868.0,15.8,4.6,30.160000000000004,2.62,2.03,1.68,0.01,3.42
49848.0,17.2,4.0,30.269999999999996,1.5,0.0,3.17,1.66,2.74
51284.0,15.6,3.9,36.27,6.35,2.85,1.55,2.1,3.92
82244.0,17.3,4.8,33.71000000000001,0.07,3.99,4.89,1.64,1.02
63725.0,18.3,4.2,39.81999999999999,5.93,4.69,3.9,0.0,2.8
51296.0,17.6,3.5,40.36,5.07,2.59,4.77,4.43,2.4
63395.0,16.7,4.7,34.21,3.89,0.0,3.6,1.87,3.45
68675.0,17.2,4.1,34.56999999999999,5.02,0.54,5.06,1.58,1.07
51335.0,17.0,3.4,37.4,2.43,3.74,3.82,3.65,3.36
47330.0,16.9,5.0,33.45,6.94,0.0,2.11,0.0,2.5
40427.0,17.1,3.2,39.82,10.0,3.42,2.92,0.0,3.18
24350.0,18.7,4.1,36.410000000000004,0.0,3.49,4.38,3.25,2.49
51678.0,17.5,3.1,32.730000000000004,3.27,2.65,0.26,2.21,3.74
82578.0,16.0,4.7,34.87,0.21,3.69,5.33,1.88,3.06
41243.0,18.5,4.1,40.269999999999996,1.53,4.63,6.42,2.55,2.54
51833.0,15.9,2.5,32.75,6.09,1.69,3.1,1.51,1.96
82851.0,13.6,4.5,34.43,3.95,2.28,1.56,2.79,5.75
82476.0,20.2,3.8,36.93,7.19,1.31,1.16,2.17,1.1
52069.0,19.7,3.4,30.349999999999998,3.63,0.39,3.2,0.0,0.03
49844.0,16.4,4.9,34.13,2.55,2.91,3.98,0.1,3.29
52818.0,18.3,4.1,29.699999999999996,1.88,3.49,0.0,0.0,1.93
52275.0,18.3,3.6,32.24,1.13,3.69,3.36,0.0,2.16
66184.0,17.0,4.4,43.66,3.24,2.9,5.89,7.59,2.64
59631.0,17.6,4.0,34.61,0.0,5.34,1.41,1.75,4.51
52283.0,17.7,3.6,24.71,0.0,0.0,3.41,0.0,0.0
59980.0,17.8,4.5,34.75,1.69,3.73,4.91,1.93,0.19
66284.0,16.0,3.7,31.689999999999998,2.65,3.11,2.54,0.0,3.69
52436.0,15.0,3.3,25.65,0.52,0.0,2.2,2.82,1.81
61248.0,15.4,4.6,34.19,4.08,5.32,1.99,0.0,2.8
53995.0,18.7,4.0,27.86,0.36,0.0,0.04,0.0,4.76
53849.0,17.3,3.4,35.57,0.0,4.94,4.92,2.86,2.15
78234.0,16.2,4.8,35.27,4.73,4.71,1.54,0.0,3.29
72317.0,18.6,3.0,40.56,6.78,2.59,5.15,3.05,1.39
54213.0,16.6,3.4,29.92,1.42,2.77,1.89,0.32,3.52
72321.0,14.9,4.1,29.830000000000002,5.17,1.86,0.44,0.89,2.47
52871.0,17.2,3.6,30.860000000000003,3.19,0.61,2.95,0.96,2.35
54507.0,14.6,3.1,32.5,3.01,3.84,0.0,4.24,3.71
85428.0,15.9,4.6,39.449999999999996,1.36,4.76,5.48,6.23,1.12
46723.0,18.5,3.8,34.89,1.14,1.72,2.58,4.82,2.33
54885.0,14.4,3.7,28.840000000000003,4.35,1.87,1.54,1.6,1.38
77499.0,13.0,5.7,34.0,2.25,5.1,3.52,1.1,3.33
57641.0,15.7,3.7,30.36,2.5,2.87,0.0,3.62,1.97
55395.0,16.8,2.6,36.14000000000001,6.01,1.35,4.4,1.02,3.96
73841.0,12.9,5.2,39.830000000000005,3.37,5.33,5.05,5.31,2.67
59967.0,18.8,4.1,35.84,3.94,3.39,1.67,1.85,2.09
55446.0,17.3,3.8,38.08,7.47,1.2,2.64,2.29,3.38
73997.0,15.4,4.1,33.67,6.0,1.37,0.94,3.04,2.82
66513.0,17.5,4.0,39.010000000000005,5.68,6.31,0.0,1.02,4.5
55707.0,17.5,2.9,35.06,0.51,7.25,0.19,4.22,2.49
67999.0,16.9,4.4,27.599999999999998,0.0,0.01,0.0,3.06,3.23
66637.0,19.1,3.8,32.84,1.44,2.82,0.0,3.81,1.87
55869.0,18.3,3.4,34.18,4.38,3.97,3.45,0.0,0.68
74895.0,16.8,4.3,30.29,0.0,0.0,2.84,5.42,0.93
60332.0,18.4,3.4,33.449999999999996,1.18,0.0,2.89,4.73,2.85
55912.0,18.2,3.8,36.209999999999994,3.4,1.4,5.22,2.12,2.07
58568.0,15.2,3.3,33.18,3.84,2.21,2.77,3.2,2.66
62931.0,17.6,3.6,39.760000000000005,3.18,7.36,3.56,0.45,4.01
55966.0,17.3,4.3,34.91,1.02,2.02,4.41,3.67,2.19
67153.0,16.0,4.5,39.4,3.13,7.7,0.72,2.95,4.4
65289.0,17.8,3.8,40.73,5.93,5.27,2.76,2.0,3.17
56003.0,17.1,3.2,33.76,5.6,0.0,5.43,1.1,1.33
65409.0,16.8,4.5,39.690000000000005,5.89,5.54,1.38,3.68,1.9
63450.0,18.4,4.0,30.39,0.16,1.73,3.67,1.26,1.17
56055.0,17.3,3.8,39.07,5.96,1.5,4.08,2.76,3.67
69896.0,16.7,4.8,42.35,10.0,0.74,2.24,3.79,4.08
56579.0,18.9,3.9,39.849999999999994,7.36,0.0,2.62,1.07,6.0
56230.0,16.6,2.9,33.72,2.84,3.28,2.49,4.7,0.91
79224.0,13.8,3.5,29.200000000000003,2.0,2.26,3.4,2.69,1.55
60228.0,18.7,4.0,32.64,0.0,1.88,5.05,0.63,2.38
56237.0,18.2,3.4,37.06999999999999,4.24,2.26,4.4,2.58,1.99
37670.0,17.2,4.7,38.31,7.99,0.0,4.64,0.0,3.78
62668.0,18.5,3.8,33.15,4.66,0.15,4.61,0.0,1.43
56415.0,18.3,3.6,30.51,4.4,0.72,2.9,0.0,0.59
75473.0,16.7,4.3,40.84,3.03,3.63,3.85,4.65,4.68
60650.0,18.4,4.0,31.060000000000002,1.23,1.09,0.51,2.71,3.12
56438.0,18.1,3.5,37.81,8.74,0.0,4.26,0.0,3.21
72256.0,16.4,4.6,36.17,5.62,3.97,4.81,0.2,0.57
81377.0,17.9,3.9,31.25,3.41,1.83,0.44,1.73,2.04
56759.0,17.8,3.5,31.31,2.25,3.36,2.22,0.83,1.35
49544.0,16.7,4.7,32.23,0.0,2.51,1.72,3.69,2.91
75596.0,17.9,3.8,34.43,0.73,2.16,6.24,3.6,0.0
57886.0,17.0,3.4,34.65,3.37,0.0,3.37,4.96,2.55
66113.0,15.0,4.5,36.41,6.9,2.13,3.74,0.0,4.14
56186.0,18.6,4.1,36.910000000000004,6.53,1.97,3.78,0.0,1.93
58384.0,17.0,3.6,41.96000000000001,6.19,6.73,0.59,1.85,6.0
77640.0,16.2,4.9,39.650000000000006,8.73,1.59,3.06,2.39,2.78
68438.0,18.6,4.3,36.54,4.52,0.0,6.28,1.3,1.54
58552.0,15.8,2.4,30.810000000000002,4.03,0.0,7.21,0.0,1.37
68946.0,15.2,4.7,30.93,1.24,2.28,2.94,2.04,2.53
40134.0,15.8,4.0,34.23,5.95,0.0,2.45,1.56,4.47
58698.0,16.5,3.1,39.36,5.16,2.2,3.48,7.51,1.41
90069.0,14.9,3.9,31.75,1.49,2.56,4.9,2.42,1.58
77238.0,18.2,3.8,37.67,0.0,6.66,2.98,1.65,4.38
59420.0,16.2,3.2,33.04,5.59,2.63,0.73,3.31,1.38
54871.0,18.1,4.2,40.019999999999996,4.34,6.3,2.58,0.0,4.5
58510.0,18.1,4.0,33.080000000000005,2.96,2.16,4.53,0.01,1.32
59616.0,17.3,3.4,32.25,4.42,4.22,2.91,0.0,0.0
76360.0,15.6,4.8,38.370000000000005,6.62,1.37,3.71,3.46,2.81
48656.0,17.9,4.2,41.15,4.36,3.79,1.89,7.52,1.49
59867.0,16.6,3.4,30.089999999999996,2.22,2.01,1.49,0.0,4.37
86858.0,14.8,4.6,33.48,4.45,2.66,2.17,2.79,2.01
77030.0,18.6,4.2,41.690000000000005,0.0,6.71,2.55,3.63,6.0
59951.0,18.0,3.3,35.5,3.57,6.22,0.0,1.48,2.93
68964.0,16.6,4.4,35.93,5.94,1.09,3.53,2.54,1.83
67604.0,18.0,3.9,38.230000000000004,3.88,8.4,0.06,0.06,3.93
60078.0,18.1,3.4,32.91,3.76,1.31,3.3,2.83,0.21
80589.0,16.9,4.3,34.61,6.04,2.51,2.76,0.0,2.1
67070.0,19.6,3.4,33.39,0.19,4.67,0.0,2.16,3.37
60433.0,16.6,3.9,34.44,2.77,0.57,6.16,0.0,4.44
77022.0,17.3,4.8,37.040000000000006,4.42,4.63,1.26,3.28,1.35
70581.0,16.3,4.5,39.44,5.36,2.1,5.89,1.37,3.92
60475.0,15.9,3.4,34.01,2.31,2.41,3.8,5.12,1.07
81900.0,17.1,5.0,27.78,0.0,2.88,0.5,0.0,2.3
76214.0,17.6,4.0,37.01,4.22,1.74,4.81,2.42,2.22
60697.0,17.1,3.0,36.11,5.27,3.67,3.22,2.72,1.13
79638.0,16.9,4.4,33.22,0.0,3.07,5.58,2.03,1.24
111410.0,16.5,3.8,28.880000000000003,0.93,0.23,2.55,1.07,3.8
61127.0,16.9,2.9,35.989999999999995,4.1,5.0,1.45,2.95,2.69
80887.0,15.3,5.1,32.82,0.31,3.46,4.74,1.87,2.04
70819.0,19.6,3.8,36.11000000000001,6.36,2.05,4.18,0.06,0.06
61244.0,16.1,3.2,31.68,3.8,2.58,3.35,1.52,1.13
69732.0,14.6,4.4,27.25,3.3,2.27,0.0,0.0,2.68
77979.0,18.8,4.1,33.440000000000005,2.53,2.0,3.74,0.0,2.27
61313.0,17.2,3.6,36.94,5.83,4.98,2.78,0.0,2.55
68914.0,14.8,4.2,33.29,4.81,2.86,0.89,2.12,3.61
59412.0,18.6,4.0,34.599999999999994,0.8,5.99,3.41,1.01,0.79
61633.0,17.0,3.3,42.29,4.94,4.11,3.31,5.37,4.26
94995.0,14.7,4.5,33.28,4.32,2.01,2.06,1.14,4.55
61582.0,18.9,4.0,39.12,3.1,2.36,4.01,3.99,2.76
61753.0,17.5,3.6,49.989999999999995,9.34,10.23,4.54,2.59,2.19
98214.0,16.1,4.5,37.120000000000005,0.0,6.09,2.52,5.96,1.95
53887.0,18.8,3.8,34.010000000000005,2.43,1.14,2.64,2.46,2.74
61828.0,16.9,4.1,36.419999999999995,0.0,2.08,3.86,5.55,3.93
94143.0,16.3,3.8,30.740000000000002,0.0,1.63,1.84,4.24,2.93
56924.0,18.1,3.9,41.09,5.95,2.79,1.86,6.11,2.38
74854.0,17.3,3.6,33.61,2.25,4.7,2.47,2.0,1.29
62047.0,19.6,4.0,36.92,4.74,2.06,2.23,2.29,2.0
61952.0,18.7,4.7,40.230000000000004,7.74,4.51,1.38,1.5,1.7
74649.0,16.8,3.6,40.300000000000004,8.58,5.37,2.53,2.77,0.65
62115.0,18.2,2.6,36.910000000000004,3.42,2.74,3.1,3.65,3.2
95570.0,16.4,5.7,35.48,1.54,0.0,6.85,0.96,4.03
69571.0,20.9,3.5,42.099999999999994,4.19,4.78,1.8,3.81,3.12
62150.0,16.9,3.0,32.339999999999996,8.9,0.62,2.15,0.0,0.77
73334.0,17.0,4.8,45.08,5.11,4.41,5.76,6.1,1.9
68666.0,18.1,4.0,34.88,2.59,3.91,1.3,0.0,4.98
62218.0,18.5,3.4,37.92999999999999,4.7,3.15,4.64,0.8,2.74
77981.0,17.1,4.4,38.79,5.32,2.23,5.41,0.43,3.9
63920.0,17.3,4.1,34.209999999999994,2.36,2.4,5.9,0.66,1.49
62271.0,16.6,3.3,35.28,6.15,2.79,2.44,1.59,2.41
82957.0,16.1,4.5,36.040000000000006,1.98,5.31,1.92,5.46,0.77
70324.0,18.1,3.6,31.18,2.57,0.49,2.98,0.63,2.81
62640.0,17.8,3.4,37.43,5.82,2.82,1.07,3.31,3.21
74363.0,16.5,4.2,33.209999999999994,0.35,2.81,4.83,0.0,4.52
69503.0,17.8,4.0,37.089999999999996,1.02,3.37,4.7,1.87,4.33
62649.0,17.1,3.9,32.44,1.02,0.0,2.81,3.78,3.83
86761.0,16.0,4.6,31.21,2.08,0.0,5.09,0.2,3.24
66150.0,17.8,3.9,36.16,4.01,3.09,3.39,3.97,0.0
63391.0,17.9,3.6,35.17,5.75,0.53,3.14,2.78,1.47
77752.0,16.0,4.4,28.57,2.23,0.48,1.37,1.87,2.22
70769.0,18.9,4.0,32.81,3.05,1.44,1.07,2.33,2.02
63529.0,16.5,3.6,27.790000000000003,2.79,0.0,2.44,0.0,2.46
84967.0,17.1,4.3,29.95,4.2,0.0,2.15,0.25,1.95
49370.0,17.9,3.8,35.46,0.0,7.11,4.19,0.0,2.46
63761.0,17.0,3.4,28.9,2.58,1.59,1.76,0.0,2.57
91813.0,15.6,4.7,31.159999999999997,2.89,2.56,2.54,2.83,0.04
60547.0,16.1,3.9,34.75,5.03,3.18,3.93,0.87,1.74
64119.0,18.0,3.8,40.57,8.22,4.32,0.0,3.01,3.22
87589.0,17.9,4.6,39.31,1.32,4.4,1.39,5.18,4.52
76572.0,17.8,3.6,36.830000000000005,5.66,0.14,4.5,0.03,5.1
64454.0,17.3,3.4,30.970000000000002,3.69,2.2,1.51,2.36,0.51
83385.0,16.9,4.4,37.62,6.47,2.59,1.6,4.19,1.47
74106.0,17.8,3.7,35.800000000000004,2.82,3.52,3.26,3.35,1.35
64571.0,14.5,3.5,31.22,2.29,1.29,4.47,3.34,1.83
75173.0,16.4,4.7,32.11,3.38,3.17,1.81,0.21,2.44
68248.0,18.7,3.9,36.65,1.46,4.2,3.28,1.32,3.79
65104.0,18.4,3.4,31.31,0.01,4.35,2.37,1.8,0.98
80923.0,16.7,4.3,36.97,3.72,0.25,3.82,3.21,4.97
69862.0,17.7,4.0,31.850000000000005,2.69,0.62,0.01,4.94,1.89
65105.0,16.4,3.1,40.120000000000005,5.74,5.51,4.59,2.59,2.19
92934.0,15.0,4.5,28.01,2.61,1.73,0.85,3.14,0.18
60913.0,17.6,3.8,33.4,3.92,2.06,0.65,1.82,3.55
65630.0,17.2,3.7,35.97,3.13,0.0,6.04,2.61,3.29
104272.0,15.0,3.9,30.96,5.42,0.0,2.53,2.01,2.1
83886.0,17.6,4.0,41.24000000000001,5.19,3.04,4.57,3.88,2.96
66363.0,16.6,3.7,32.83,0.0,3.05,3.46,3.01,3.01
80450.0,15.5,5.1,39.78000000000001,5.84,6.18,0.0,3.03,4.13
71133.0,13.3,3.4,30.919999999999998,4.52,4.1,2.45,1.31,1.84
66493.0,17.7,4.9,36.18000000000001,0.0,4.63,3.37,3.38,2.2
103804.0,15.0,3.9,33.38,7.1,0.0,2.98,1.86,2.54
75278.0,16.1,4.0,35.19,1.41,3.79,5.46,0.0,4.43
66778.0,16.3,3.5,29.140000000000004,4.37,3.17,0.39,0.0,1.41
76181.0,15.8,5.0,35.400000000000006,4.53,1.15,5.33,1.89,1.7
71123.0,17.9,3.8,34.66,1.01,4.8,3.13,3.08,0.94
67106.0,18.1,3.6,36.32,8.72,0.0,4.05,0.0,1.85
84509.0,17.4,4.6,38.919999999999995,6.48,5.26,0.83,1.98,2.37
75545.0,17.3,4.8,36.720000000000006,0.82,2.44,3.02,5.07,3.27
67382.0,17.3,4.1,38.32,4.05,3.29,5.05,1.64,2.89
76326.0,12.3,4.2,25.93,3.74,0.39,0.0,2.15,3.15
78237.0,16.8,4.0,35.76,6.13,0.0,3.98,2.02,2.83
67536.0,16.8,2.3,39.730000000000004,5.82,6.55,5.34,0.0,2.92
76131.0,18.8,4.5,36.81,1.1,4.89,3.1,1.77,2.65
62380.0,17.3,3.5,39.51,4.65,2.98,5.55,1.55,3.98
62711.0,17.2,3.5,31.98,2.23,3.02,0.51,4.84,0.68
67753.0,17.3,4.0,36.7,0.0,4.61,2.23,4.9,3.66
82005.0,15.2,4.3,37.99,5.93,1.89,4.3,3.48,2.89
79518.0,16.9,4.0,29.38,2.87,1.87,1.63,0.05,2.06
67900.0,17.4,4.1,34.14000000000001,4.24,0.55,0.55,3.85,3.45
95515.0,15.6,4.0,35.75000000000001,7.99,1.38,3.12,0.77,2.89
81548.0,20.0,4.0,39.370000000000005,2.1,3.57,3.28,4.08,2.34
67943.0,16.9,3.9,38.05,7.85,2.79,3.11,0.0,3.5
98060.0,15.2,4.7,34.83,4.02,3.52,2.5,4.01,0.88
71750.0,17.2,3.6,38.09,9.14,1.84,3.09,1.64,1.58
68218.0,17.1,3.4,29.599999999999998,2.27,0.41,2.45,0.0,3.97
77269.0,15.7,4.4,35.190000000000005,3.86,4.35,2.45,1.98,2.45
80714.0,18.1,3.8,41.660000000000004,6.2,2.37,5.61,4.23,1.35
68633.0,17.8,3.6,30.990000000000002,5.81,0.0,0.0,1.21,2.57
92520.0,16.1,4.5,41.760000000000005,5.39,4.67,6.55,1.46,3.09
73788.0,17.8,3.8,38.830000000000005,5.09,1.85,2.1,4.18,4.01
68669.0,18.1,3.3,37.38,2.16,3.95,3.4,3.91,2.56
89019.0,16.8,4.3,32.54,2.0,1.78,2.97,4.37,0.32
107160.0,17.3,3.8,41.400000000000006,2.82,5.63,4.82,3.15,3.88
68702.0,17.0,3.3,39.05,3.08,3.63,5.1,5.5,1.44
77940.0,15.4,4.4,37.16,2.49,4.12,7.11,1.98,1.66
103440.0,18.6,4.1,31.110000000000003,1.87,0.0,4.68,0.34,1.52
68740.0,16.6,3.6,28.960000000000004,1.42,1.55,1.32,1.02,3.45
68300.0,17.4,5.0,40.08,5.01,4.47,4.75,0.0,3.45
69557.0,18.2,3.9,31.17,1.02,2.12,2.12,1.17,2.64
68778.0,18.0,3.4,37.44,0.0,3.22,5.33,5.71,1.78
78319.0,17.0,4.4,30.9,3.34,1.56,2.07,0.64,1.89
68244.0,19.2,3.7,40.15,3.76,6.17,0.99,2.44,3.89
68949.0,17.6,3.2,29.88,1.59,2.06,1.14,0.33,3.96
77012.0,15.9,4.5,28.629999999999995,3.0,0.0,0.97,0.0,4.26
58889.0,12.7,3.7,29.759999999999998,0.76,5.93,0.0,6.27,0.4
69140.0,16.3,3.9,34.629999999999995,3.5,4.34,3.95,0.0,2.64
103635.0,13.9,5.2,35.11000000000001,7.24,4.12,1.14,0.5,3.01
84579.0,18.4,4.2,40.709999999999994,5.73,2.92,3.19,3.04,3.23
69764.0,18.8,3.4,37.660000000000004,8.2,0.0,4.14,2.41,0.71
78385.0,16.9,5.0,35.28,3.29,3.82,3.71,0.93,1.63
71349.0,18.2,3.7,35.67,3.7,5.57,2.48,2.02,0.0
70072.0,17.5,3.4,34.65,0.0,4.08,3.19,2.91,3.57
89778.0,16.0,4.7,35.01,4.65,0.0,4.06,1.74,3.86
64201.0,17.6,4.0,43.17,5.44,8.04,5.46,0.95,1.68
70207.0,18.0,3.5,39.75,5.77,1.69,3.45,3.76,3.58
85197.0,17.2,4.2,34.17,3.87,2.09,2.05,1.95,2.81
74825.0,17.5,4.1,33.650000000000006,4.39,4.68,1.32,0.31,1.35
70326.0,17.2,3.6,35.56,3.1,2.44,1.73,4.6,2.89
89499.0,16.6,4.4,35.46,5.14,4.36,1.78,0.0,3.18
75324.0,17.7,3.7,32.519999999999996,2.67,0.0,3.08,3.48,1.89
70562.0,17.9,3.4,33.42,1.14,2.46,2.56,4.33,1.63
82404.0,16.0,4.4,36.49999999999999,4.6,3.25,5.58,1.23,1.44
69689.0,16.6,3.8,30.520000000000003,2.57,2.82,1.28,0.0,3.45
70644.0,17.4,3.9,37.24999999999999,3.68,2.25,0.0,4.15,5.87
113935.0,14.1,2.9,35.23,1.74,2.99,4.75,3.91,4.84
72798.0,18.0,4.1,40.32,4.99,2.39,2.51,7.09,1.24
70933.0,17.9,3.5,36.809999999999995,1.22,1.45,6.88,2.98,2.88
102895.0,15.7,4.6,37.96999999999999,7.7,3.16,0.0,2.44,4.37
58207.0,17.3,3.7,35.9,6.64,2.17,3.3,2.65,0.14
70958.0,17.7,3.5,35.93,3.19,2.51,3.23,4.09,1.71
87337.0,17.4,4.6,45.26,9.87,1.29,2.83,3.82,5.45
66870.0,18.1,4.0,35.08,7.15,0.1,1.68,1.72,2.33
71004.0,17.3,3.2,28.39,2.8,0.0,0.16,2.21,2.72
110984.0,15.6,4.4,35.32,6.57,1.12,3.6,0.65,3.38
89176.0,17.4,4.0,37.31,6.44,1.18,4.09,0.0,4.2
71135.0,18.0,3.0,31.2,2.99,2.59,3.99,0.0,0.63
76410.0,19.1,3.8,38.56,5.04,1.99,4.31,2.8,1.52
71204.0,17.7,3.6,30.430000000000003,2.73,0.44,0.0,3.84,2.12
91106.0,16.7,4.2,36.06999999999999,6.42,3.7,3.75,0.0,1.3
61841.0,18.6,3.9,32.669999999999995,3.26,1.65,1.76,2.27,1.23
71362.0,18.9,3.6,40.440000000000005,2.44,2.73,5.48,5.05,2.24
118990.0,17.5,4.3,35.02,5.7,1.66,3.85,0.99,1.02
77616.0,18.0,4.0,35.28,0.0,2.74,3.89,2.78,3.87
71366.0,17.8,3.4,34.260000000000005,6.4,1.3,2.7,0.0,2.66
85165.0,15.8,4.4,34.36000000000001,0.87,2.96,1.94,4.13,4.26
73379.0,12.2,3.1,27.799999999999994,5.35,2.81,1.04,0.08,3.22
71403.0,14.9,2.4,29.08,3.26,1.84,1.43,3.92,1.33
95224.0,18.2,4.5,30.740000000000002,0.77,0.0,2.41,1.58,3.28
90671.0,15.4,3.9,38.16,9.17,2.05,1.72,3.34,2.58
71418.0,16.6,2.8,28.96,2.41,2.97,0.58,0.68,2.92
71127.0,14.6,4.5,33.379999999999995,3.47,2.28,2.51,4.33,1.69
69976.0,18.1,3.6,35.13,3.36,1.17,1.99,4.12,2.79
71832.0,15.8,3.6,28.460000000000004,2.61,1.57,2.45,1.67,0.76
89273.0,15.7,4.7,37.3,6.41,4.25,3.14,0.0,3.1
86351.0,18.3,3.8,35.230000000000004,3.64,0.0,5.29,2.09,2.11
72167.0,17.5,3.8,30.080000000000002,3.27,0.5,1.6,2.78,0.63
93461.0,17.4,4.0,32.64,3.42,0.0,1.96,2.03,3.83
79393.0,18.3,3.8,36.8,5.31,0.0,2.03,1.86,5.5
72176.0,16.9,3.3,33.589999999999996,6.57,1.99,0.45,3.5,0.88
84230.0,16.9,4.5,36.87,4.27,0.18,7.45,0.03,3.54
78303.0,18.1,4.2,35.52,2.78,4.11,3.62,2.71,0.0
72230.0,12.3,3.6,29.060000000000002,5.73,0.0,2.31,3.09,2.03
97738.0,14.5,3.5,24.21,0.0,0.0,2.02,1.43,2.76
72992.0,17.1,3.2,38.54,3.45,1.31,3.55,4.74,5.19
72314.0,16.6,3.5,40.00000000000001,8.1,3.29,2.18,2.2,4.13
92449.0,17.3,3.9,36.12,3.09,4.61,1.57,1.54,4.11
75382.0,17.0,4.2,31.790000000000003,3.58,1.09,1.14,1.98,2.8
72823.0,12.3,2.1,24.259999999999994,2.56,2.76,1.58,0.97,1.99
158571.0,11.8,4.8,30.64,2.21,3.22,4.48,2.93,1.2
85052.0,16.7,4.1,32.22,1.54,4.0,4.11,1.01,0.76
72836.0,18.0,2.9,34.16,0.37,3.56,2.64,2.41,4.28
51240.0,17.6,4.0,30.340000000000003,3.67,2.28,0.73,0.0,2.06
72984.0,16.5,3.2,35.48,3.22,0.58,4.02,6.69,1.27
119267.0,14.1,4.7,25.64,0.0,0.89,1.6,4.27,0.08
80949.0,17.4,3.9,36.97,4.84,3.39,4.78,2.66,0.0
73645.0,18.4,3.2,36.04,6.49,2.49,2.7,1.03,1.73
95445.0,15.8,4.3,36.77,6.07,3.11,3.82,1.59,2.08
85334.0,17.7,3.8,33.32,1.5,3.6,3.51,1.52,1.69
74118.0,17.8,3.3,41.2,6.26,4.48,3.2,4.42,1.74
93710.0,16.3,4.2,28.75,1.6,1.75,4.9,0.0,0.0
91875.0,21.5,4.8,34.85,4.0,0.01,0.0,3.12,1.42
75037.0,13.8,2.5,35.51,2.81,3.06,3.22,5.36,4.76
102561.0,16.5,4.8,37.63999999999999,4.34,6.44,3.05,0.66,1.85
83381.0,17.3,3.9,40.29999999999999,4.04,6.72,1.89,2.01,4.44
75581.0,17.2,3.9,39.35999999999999,5.17,0.33,4.18,3.39,5.19
100491.0,16.5,4.3,41.99999999999999,5.55,5.26,4.69,1.12,4.58
95007.0,14.2,4.0,33.25,4.23,4.26,1.61,2.25,2.7
75603.0,18.6,3.6,31.18,0.0,0.43,3.01,0.69,4.85
97656.0,16.0,4.4,30.959999999999997,3.13,0.13,3.35,1.82,2.13
85511.0,18.6,3.7,37.2,3.05,2.28,0.96,4.76,3.85
76156.0,13.7,3.4,28.219999999999995,6.22,0.02,0.06,3.28,1.54
82095.0,14.9,3.7,33.46,2.86,4.94,2.29,1.06,3.71
81880.0,17.9,3.7,41.040000000000006,4.78,5.11,2.19,4.95,2.41
76227.0,17.2,3.3,30.47,0.0,4.22,0.0,3.84,1.91
87474.0,15.8,4.5,29.84,2.23,1.18,0.0,5.79,0.34
121086.0,17.3,3.8,36.51,2.39,3.34,6.85,0.0,2.83
76301.0,18.6,3.7,34.6,3.21,2.42,0.32,2.52,3.83
67710.0,17.9,4.7,39.040000000000006,7.32,1.23,1.6,3.02,3.27
74348.0,17.9,4.3,37.25,1.2,1.19,4.68,3.72,4.26
76667.0,16.5,2.6,38.08,4.11,1.73,6.01,4.55,2.58
124535.0,18.1,4.8,34.760000000000005,0.91,4.36,2.19,1.93,2.47
75713.0,17.2,3.8,38.02,2.46,5.42,5.9,0.0,3.24
76914.0,16.5,3.6,33.38,2.22,3.08,3.48,1.48,3.02
87656.0,15.9,4.2,32.92,5.83,2.24,3.9,0.14,0.71
80100.0,17.9,3.8,39.86999999999999,6.59,2.26,2.86,1.87,4.59
77714.0,17.4,3.2,35.529999999999994,5.73,4.18,2.83,0.0,2.19
90344.0,16.8,4.3,32.870000000000005,2.75,1.35,1.05,4.42,2.2
85310.0,18.5,3.7,39.12,4.25,0.34,4.46,3.94,3.93
77955.0,17.5,3.2,48.93,8.88,6.03,5.82,3.58,3.92
94783.0,15.9,4.3,29.809999999999995,1.06,1.39,3.26,1.43,2.47
84134.0,18.4,3.9,38.699999999999996,3.83,3.79,5.03,0.63,3.12
77957.0,17.3,3.3,30.56,5.87,0.0,1.7,2.33,0.06
83567.0,16.8,4.4,40.57,5.28,1.68,4.55,3.49,4.37
74562.0,19.3,3.3,34.32,4.82,0.0,0.59,0.97,5.34
78477.0,17.4,3.3,36.730000000000004,3.32,3.33,6.79,2.59,0.0
96344.0,12.1,4.6,33.46,7.9,5.12,2.97,0.19,0.58
46828.0,18.0,4.0,31.580000000000002,3.38,1.28,3.48,0.09,1.35
79271.0,16.3,3.3,29.27,3.18,0.09,3.45,2.13,0.82
106272.0,16.4,3.7,38.510000000000005,5.3,5.78,2.67,2.81,1.85
79698.0,16.6,3.4,35.17,3.54,2.66,4.3,0.92,3.75
82609.0,15.6,4.4,33.88,3.26,2.86,2.49,1.59,3.68
83682.0,17.4,3.8,33.89999999999999,5.43,2.72,0.97,2.5,1.08
79906.0,17.4,3.2,41.16,3.03,7.19,3.28,3.44,3.62
81569.0,17.6,3.8,40.38,3.24,3.01,4.45,5.88,2.4
80006.0,15.4,3.9,33.81,0.72,1.59,6.59,0.0,5.61
114218.0,14.8,4.5,35.11000000000001,4.23,3.95,5.08,0.96,1.59
89439.0,17.1,3.9,36.68000000000001,6.22,0.41,2.08,5.66,1.31
80105.0,17.4,3.6,31.52,3.46,2.21,1.7,0.56,2.59
98064.0,15.4,4.0,31.869999999999997,1.71,3.67,2.33,2.18,2.58
79297.0,17.5,4.0,37.43,6.08,1.8,4.01,0.68,3.36
80129.0,17.5,3.5,33.4,3.37,0.97,5.29,0.73,2.04
91843.0,16.6,4.4,33.79,2.31,1.79,4.03,2.96,1.7
90410.0,16.6,4.2,35.730000000000004,3.99,5.43,4.2,0.0,1.31
80371.0,14.6,2.8,23.509999999999998,4.76,0.0,0.0,0.0,1.35
81460.0,18.1,3.8,35.690000000000005,3.58,3.68,2.71,2.02,1.8
80542.0,17.2,3.2,28.389999999999997,1.47,2.76,1.95,0.87,0.94
97065.0,16.0,4.3,30.319999999999997,1.86,0.61,3.24,3.73,0.58
79630.0,16.7,3.6,31.23,0.0,2.21,1.9,4.34,2.48
80642.0,15.9,3.5,31.34,6.2,2.56,0.85,0.46,1.87
123428.0,17.1,4.1,38.870000000000005,6.96,3.77,3.87,3.07,0.0
85601.0,17.3,3.5,34.18,2.74,5.06,2.81,1.06,1.71
81251.0,17.0,3.3,31.93,5.14,2.97,1.67,0.0,1.85
92774.0,15.7,4.9,37.28,1.81,1.63,4.49,5.88,2.87
84699.0,17.6,3.6,36.870000000000005,3.17,2.27,1.95,2.78,5.5
81452.0,17.2,3.2,36.58,3.57,1.95,4.53,1.77,4.36
93912.0,16.0,4.2,39.48,6.39,3.54,4.77,0.47,4.11
89624.0,16.3,4.2,38.98,6.06,0.86,5.1,4.13,2.33
81518.0,17.2,3.7,35.120000000000005,3.22,4.35,3.74,0.0,2.91
85964.0,15.1,5.3,30.75,0.78,3.09,4.57,0.56,1.35
72973.0,17.8,4.3,36.6,1.74,3.01,2.79,4.07,2.89
81542.0,16.7,2.9,35.339999999999996,3.47,3.87,5.8,1.38,1.22
109650.0,17.4,4.4,39.279999999999994,3.28,4.2,2.64,4.43,2.93
49437.0,15.7,4.2,39.99,5.67,1.57,4.96,2.99,4.9
81072.0,18.1,3.9,33.83,0.62,2.94,3.72,1.33,3.22
82884.0,16.6,3.2,34.0,3.07,2.37,0.0,5.67,3.09
96230.0,15.8,4.5,30.87,0.89,2.04,1.57,3.53,2.54
86468.0,18.9,4.0,34.36,1.91,3.95,1.35,3.54,0.71
83064.0,18.4,3.2,31.73,3.23,1.92,2.91,0.0,2.07
100793.0,17.2,4.6,35.519999999999996,4.59,1.63,4.13,0.0,3.37
84141.0,17.3,3.4,32.599999999999994,4.54,1.88,2.38,0.0,3.1
83337.0,14.9,3.8,34.699999999999996,4.84,2.83,1.74,1.74,4.85
133222.0,16.1,4.7,36.24000000000001,3.73,2.71,4.12,2.47,2.41
85235.0,18.2,3.8,45.77,7.02,4.04,6.69,4.17,1.85
83538.0,17.6,3.4,40.39000000000001,7.87,3.95,2.24,3.34,1.99
102231.0,16.2,4.4,34.56,0.0,5.46,5.53,0.0,2.97
78875.0,16.1,4.3,26.89,1.88,0.0,0.0,2.06,2.55
83860.0,17.6,3.4,33.9,2.21,1.98,2.84,3.48,2.39
105186.0,13.5,5.1,38.199999999999996,9.66,5.74,0.79,1.55,1.86
83108.0,18.5,3.9,32.51,1.98,2.88,0.22,4.58,0.45
84143.0,17.0,3.3,30.53,3.94,0.56,2.11,0.14,3.48
96000.0,16.4,4.4,37.2,0.85,5.24,3.21,3.49,3.61
71779.0,17.7,3.7,31.96,4.88,0.0,2.09,1.26,2.33
84582.0,17.2,3.3,30.87,2.0,3.21,0.0,3.57,1.59
95518.0,16.7,4.8,32.26,5.89,3.58,0.0,0.0,1.29
76835.0,13.6,3.8,24.729999999999997,1.5,0.0,2.01,1.85,1.97
85026.0,16.7,3.3,36.980000000000004,4.21,5.23,0.92,5.95,0.67
96968.0,15.9,4.6,27.69,1.51,0.0,2.53,0.75,2.4
85955.0,18.1,4.0,39.71,2.0,6.28,4.75,2.97,1.61
85501.0,17.3,3.5,24.09,0.61,0.07,1.63,0.0,0.98
87978.0,16.6,4.3,33.800000000000004,3.34,0.0,4.92,1.87,2.77
65242.0,17.4,4.0,30.83,0.23,5.17,0.0,3.19,0.84
89467.0,14.4,3.3,28.49,2.11,2.66,2.91,0.0,3.11
86626.0,15.9,3.2,36.190000000000005,2.34,6.26,2.69,3.66,2.14
113911.0,14.5,4.6,34.43,7.81,0.62,4.8,2.1,0.0
89431.0,17.1,3.9,39.42,4.23,0.89,1.91,6.78,4.61
86973.0,17.6,3.3,33.510000000000005,9.11,0.0,0.16,0.0,3.34
102951.0,15.5,4.1,34.440000000000005,0.0,2.8,5.09,3.0,3.95
71156.0,15.7,4.1,28.519999999999996,0.56,0.27,5.36,1.41,1.12
86991.0,12.8,3.7,25.650000000000002,0.0,5.12,2.27,0.0,1.76
136000.0,12.3,3.9,27.120000000000005,0.78,2.08,2.64,0.96,4.46
77363.0,17.4,3.8,37.989999999999995,4.17,2.82,3.31,3.14,3.35
87220.0,16.3,3.4,27.85,3.78,1.81,0.0,0.67,1.89
113663.0,15.3,4.7,36.199999999999996,5.04,8.71,0.9,0.0,1.55
86680.0,18.0,3.9,43.349999999999994,5.99,4.69,3.16,2.65,4.96
87310.0,16.3,3.4,29.049999999999997,5.0,0.31,2.08,0.19,1.77
101389.0,16.5,4.7,33.21,0.39,1.95,2.78,2.02,4.87
96947.0,16.7,3.8,39.44,8.68,5.17,0.87,2.75,1.47
87336.0,16.3,3.2,35.550000000000004,6.77,5.09,0.46,3.53,0.2
85532.0,17.9,4.0,37.71,6.69,0.0,2.56,1.85,4.71
94631.0,16.4,3.7,33.64,4.61,2.02,2.17,0.22,4.52
87406.0,16.6,3.4,23.59,0.15,0.0,0.0,0.59,2.85
94459.0,15.7,4.6,31.899999999999995,4.56,0.89,1.32,1.97,2.86
104985.0,17.4,3.7,39.81,6.26,0.0,5.28,4.22,2.95
87725.0,17.6,3.6,38.230000000000004,5.63,4.21,3.68,0.14,3.37
84043.0,13.2,4.4,34.129999999999995,8.79,1.31,3.36,0.63,2.44
83450.0,17.6,3.9,31.009999999999998,1.86,0.0,1.77,2.3,3.58
87981.0,13.8,2.9,27.649999999999995,0.0,1.72,4.35,1.32,3.56
94844.0,17.2,3.9,30.04,2.98,1.2,0.39,1.55,2.82
84013.0,18.2,3.9,43.089999999999996,6.25,4.71,4.78,0.0,5.25
88201.0,16.3,3.4,32.629999999999995,4.09,4.03,3.83,0.0,0.98
109819.0,16.3,4.3,36.830000000000005,7.99,0.67,2.34,3.28,1.95
109916.0,17.5,3.8,34.5,3.41,1.14,1.63,3.42,3.6
88491.0,16.8,3.2,27.12,3.07,0.36,2.68,0.84,0.17
91507.0,16.4,4.5,28.66,1.12,1.62,2.52,0.0,2.5
66958.0,17.5,4.0,35.419999999999995,2.23,0.0,5.77,2.8,3.12
72776.0,15.9,3.8,29.91,4.09,1.59,2.98,0.0,1.55
88572.0,15.7,3.9,24.72,2.52,0.0,0.1,0.27,2.23
87232.0,17.4,3.7,31.27,2.63,1.21,3.5,1.64,1.19
89017.0,19.5,3.3,32.83,0.0,4.74,1.24,0.0,4.05
101652.0,17.3,4.3,36.669999999999995,4.51,3.16,4.81,1.68,0.91
124904.0,17.1,3.8,36.9,5.5,1.4,4.92,2.08,2.1
89089.0,16.9,3.3,32.78,0.92,5.29,0.0,3.05,3.32
93954.0,15.6,4.2,38.050000000000004,1.05,4.95,2.64,5.16,4.45
93016.0,18.6,3.7,36.96,5.87,0.0,4.94,0.0,3.85
89134.0,16.7,3.3,35.7,3.28,2.37,3.86,4.86,1.33
105844.0,15.0,4.0,29.11,1.48,0.72,5.23,0.83,1.85
81366.0,18.5,3.9,43.28,10.0,4.91,5.86,0.0,0.11
89723.0,16.4,3.5,37.89,8.07,2.18,3.53,0.36,3.85
108452.0,16.0,4.6,31.680000000000003,4.8,0.0,2.37,1.35,2.56
161918.0,16.5,3.5,29.81,1.06,0.86,1.83,1.49,4.57
90029.0,17.5,3.3,33.49,1.66,2.8,1.46,4.32,2.45
92914.0,14.6,4.0,34.56,7.91,1.1,1.21,2.53,3.21
92051.0,18.2,3.9,28.7,2.55,0.37,1.07,0.58,2.03
90127.0,17.1,3.5,30.89,3.65,2.5,0.0,0.0,4.14
106000.0,17.0,4.1,36.83,4.49,4.38,2.09,1.33,3.44
86277.0,16.6,3.8,33.540000000000006,2.34,4.53,0.0,3.18,3.09
90263.0,18.1,3.8,30.470000000000006,1.73,2.21,2.46,0.0,2.17
109253.0,16.6,4.4,39.15,5.49,2.51,1.71,3.23,5.21
97157.0,17.2,4.5,34.15,0.0,0.54,5.41,3.45,3.05
90266.0,18.3,2.7,36.370000000000005,3.03,2.22,6.06,2.77,1.29
113801.0,16.4,4.4,28.849999999999998,0.66,0.0,4.81,0.26,2.32
93355.0,17.1,3.8,34.18,3.45,1.13,2.52,0.97,5.21
90374.0,16.4,3.2,32.19,0.83,2.46,5.14,3.77,0.39
90323.0,16.9,4.5,34.21,4.22,3.04,2.23,0.62,2.7
75920.0,15.8,3.9,31.81,2.5,2.72,1.37,1.0,4.52
90832.0,16.7,3.8,36.42,2.86,4.17,3.38,2.6,2.91
108246.0,17.3,5.7,43.160000000000004,6.55,3.02,1.43,3.63,5.53
94826.0,18.8,4.1,34.089999999999996,2.34,4.13,1.31,2.46,0.95
91848.0,17.2,3.9,28.939999999999998,4.83,2.11,0.9,0.0,0.0
111403.0,16.8,4.3,29.92,0.0,0.89,3.09,1.0,3.84
88837.0,16.4,4.0,30.669999999999998,1.83,3.3,1.71,2.75,0.68
91859.0,16.9,3.6,33.48,5.66,0.97,0.0,1.49,4.86
119005.0,15.5,4.9,39.51999999999999,6.9,1.58,6.11,2.91,1.62
96272.0,16.6,2.9,29.93,0.0,5.54,1.51,1.5,1.88
91971.0,15.9,3.3,28.12,2.71,2.8,3.36,0.05,0.0
154766.0,13.5,5.3,42.86000000000001,6.44,4.64,5.91,6.31,0.76
111063.0,16.1,3.1,30.550000000000004,5.06,0.0,0.0,4.44,1.85
92055.0,15.7,3.1,28.7,5.67,0.0,2.82,0.78,0.63
109590.0,16.7,5.1,42.8,6.27,5.09,5.49,3.08,1.07
92754.0,17.4,3.6,29.819999999999997,1.5,1.33,0.5,2.59,2.9
92070.0,16.5,3.3,35.489999999999995,5.11,2.82,2.47,2.06,3.23
98843.0,14.8,4.3,25.93,1.0,1.62,3.88,0.0,0.33
98413.0,16.9,3.5,36.839999999999996,3.18,1.22,6.12,1.89,4.03
92101.0,17.0,3.4,34.44,5.08,1.63,5.13,0.0,2.2
111682.0,15.2,4.3,30.45,3.5,2.66,1.77,1.45,1.57
82357.0,17.2,3.3,38.88,4.84,0.0,5.75,4.12,3.67
92103.0,16.0,3.0,35.309999999999995,3.76,4.93,3.9,0.0,3.72
109537.0,16.4,4.3,37.95,2.48,8.42,1.34,2.8,2.21
102663.0,18.0,3.7,32.55,2.49,1.23,2.41,0.0,4.72
92350.0,17.5,3.6,30.610000000000003,4.8,2.35,0.34,0.64,1.38
112794.0,16.7,4.1,34.88,2.89,1.81,4.3,3.06,2.02
86006.0,19.1,4.0,33.29,4.58,1.63,1.88,0.0,2.1
92386.0,18.8,3.1,36.55,1.16,5.87,1.79,1.99,3.84
109355.0,14.8,4.2,27.02,0.0,1.52,4.38,1.35,0.77
106205.0,17.5,3.4,31.900000000000002,4.19,0.0,3.08,1.62,2.11
92479.0,17.9,3.7,37.62,5.61,3.16,2.64,0.67,3.94
95435.0,16.1,4.0,40.21,9.24,5.33,2.36,0.0,3.18
76686.0,18.4,4.0,36.57999999999999,5.1,2.76,2.12,0.22,3.98
92863.0,16.9,3.1,41.11,7.77,4.44,2.9,3.24,2.76
97852.0,17.8,3.7,33.91,4.43,1.83,2.78,0.87,2.5
93015.0,17.3,3.3,31.220000000000002,2.87,3.2,2.6,1.0,0.95
110541.0,15.8,3.9,38.14,5.26,4.28,3.01,3.94,1.95
97102.0,17.8,4.0,39.47,4.5,2.59,2.12,2.88,5.58
93070.0,17.4,3.4,38.0,2.5,0.0,5.97,2.73,6.0
115876.0,16.4,4.4,29.409999999999997,0.0,0.0,4.32,1.34,2.95
94793.0,16.4,3.5,35.39,3.78,5.07,4.14,1.17,1.33
93403.0,15.6,3.0,34.220000000000006,6.4,3.64,3.99,0.0,1.59
111203.0,14.6,4.7,32.33,4.1,3.18,0.0,3.56,2.19
91044.0,19.2,4.0,36.629999999999995,3.95,5.59,3.32,0.08,0.49
93591.0,18.5,3.0,36.19,4.6,0.32,4.9,1.23,3.64
98885.0,17.8,4.1,35.620000000000005,3.48,5.51,1.1,3.63,0.0
94285.0,20.2,3.8,26.25,0.88,0.0,0.11,0.19,1.07
93751.0,16.0,2.8,37.62,7.97,1.8,3.4,0.29,5.36
113296.0,16.3,4.0,33.650000000000006,0.0,5.08,4.18,0.03,4.06
99885.0,15.0,3.6,35.32000000000001,2.02,5.65,3.47,1.1,4.48
93824.0,15.7,2.9,33.019999999999996,5.19,2.43,3.54,2.36,0.9
115589.0,14.3,4.5,25.75,1.47,0.06,3.09,2.33,0.0
91146.0,17.3,3.6,36.28,6.2,3.68,2.53,1.5,1.47
94120.0,17.6,3.3,44.919999999999995,6.85,8.27,3.78,1.82,3.3
111495.0,16.8,4.3,39.260000000000005,9.55,0.36,2.88,2.92,2.45
116272.0,18.2,3.8,35.93000000000001,2.74,3.06,2.38,3.41,2.34
94175.0,17.2,3.4,31.169999999999998,1.17,2.24,2.13,2.94,2.09
124272.0,17.2,3.7,31.289999999999996,3.84,2.38,1.88,1.61,0.68
94382.0,17.7,3.3,36.309999999999995,7.7,3.5,0.87,2.69,0.55
98928.0,17.7,4.0,38.300000000000004,3.12,4.16,4.69,0.0,4.63
94527.0,17.9,3.4,33.92999999999999,3.26,3.18,2.43,3.39,0.37
113463.0,14.7,4.1,29.55,1.78,2.85,1.29,1.55,3.28
102631.0,17.5,4.0,31.56,3.25,3.13,0.13,3.13,0.42
94961.0,17.3,3.5,39.2,1.8,0.21,2.98,7.41,6.0
101375.0,14.4,3.9,25.54,2.64,0.65,0.0,0.16,3.79
91109.0,9.8,2.9,29.36,6.01,0.0,1.87,4.81,3.97
94990.0,15.2,2.7,33.11,2.49,4.66,3.87,1.74,2.45
94686.0,13.4,4.2,36.36,5.01,4.05,3.15,3.22,3.33
88819.0,17.6,3.9,41.97,9.55,3.23,2.46,1.26,3.97
95038.0,16.8,2.9,30.930000000000003,0.87,3.77,2.08,1.03,3.48
128534.0,14.8,4.6,39.86000000000001,5.78,6.3,3.66,1.59,3.13
96491.0,16.8,3.4,32.83,4.66,4.82,0.78,0.0,2.37
95220.0,17.5,2.8,33.64,5.55,4.14,1.23,0.71,1.71
119323.0,15.7,3.1,34.199999999999996,1.06,2.4,5.93,3.06,2.95
89557.0,18.8,3.1,34.32,6.72,3.7,0.0,1.15,0.85
95438.0,16.7,3.8,31.89,3.6,1.16,0.66,3.31,2.66
121809.0,16.6,5.2,27.02,0.0,0.28,4.45,0.0,0.49
103305.0,18.0,4.0,35.27,3.69,0.91,3.6,2.2,2.87
95823.0,17.2,3.7,41.18,5.39,5.26,5.2,4.26,0.17
116149.0,16.9,4.4,30.599999999999998,2.15,0.3,1.94,1.86,3.05
90257.0,17.3,3.9,31.779999999999994,2.63,3.58,1.31,0.3,2.76
95864.0,16.8,3.4,27.880000000000003,3.35,2.6,0.0,0.0,1.73
109254.0,15.2,4.2,34.58,7.65,0.0,2.5,3.29,1.74
92823.0,18.6,3.5,36.17,6.52,0.69,3.73,2.53,0.6
96064.0,16.3,2.6,35.95000000000001,4.05,2.14,6.19,2.93,1.74
107374.0,14.9,5.3,43.029999999999994,5.0,5.64,5.43,2.75,4.01
95374.0,16.6,3.7,30.44,3.8,0.0,4.03,0.72,1.59
96089.0,16.6,3.2,26.790000000000003,0.0,4.44,1.1,0.02,1.43
107610.0,15.1,4.2,44.0,9.9,4.27,5.18,2.56,2.79
86580.0,17.8,4.0,31.0,2.04,2.36,0.43,2.35,2.02
96131.0,16.1,3.4,28.59,0.0,2.07,3.18,0.38,3.46
125947.0,15.9,4.4,34.81,4.2,4.16,1.35,0.78,4.02
82985.0,16.5,3.8,32.6,2.2,1.29,4.37,0.0,4.44
96166.0,16.8,2.8,36.480000000000004,5.58,2.25,5.99,0.0,3.06
110901.0,17.4,5.3,37.769999999999996,6.85,4.79,0.94,2.1,0.39
93977.0,17.4,3.8,26.07,2.08,0.0,1.56,0.19,1.04
96267.0,17.0,3.4,33.42,1.87,2.48,3.84,2.81,2.02
106987.0,16.0,4.2,25.789999999999996,0.49,0.0,2.33,0.95,1.82
241543.0,15.1,2.7,28.92,0.77,5.93,2.17,0.0,2.25
96484.0,17.1,3.7,33.52,8.14,0.27,0.0,1.36,2.95
101586.0,14.5,4.5,28.69,5.67,0.0,0.95,1.96,1.11
88757.0,14.4,4.8,26.67,2.55,0.0,4.24,0.68,0.0
97087.0,18.5,3.9,31.119999999999997,7.85,0.0,0.0,0.79,0.08
139740.0,14.3,4.7,41.31999999999999,6.18,3.83,2.58,6.08,3.65
93424.0,17.0,4.0,29.2,0.22,1.88,3.33,1.96,0.81
97140.0,16.7,3.5,31.990000000000002,5.28,3.76,1.02,0.0,1.73
117447.0,16.5,4.7,28.290000000000003,0.0,1.89,2.08,1.3,1.82
101570.0,16.8,4.0,33.27,3.37,6.84,0.0,0.05,2.21
97303.0,16.5,3.6,24.6,0.0,0.0,0.0,4.07,0.43
130250.0,15.4,4.6,32.6,1.9,1.93,2.96,2.43,3.38
96780.0,17.5,3.6,35.650000000000006,2.2,3.11,3.6,3.61,2.03
97443.0,17.3,3.4,32.23,1.09,3.65,4.88,0.0,1.91
105330.0,17.2,4.5,35.660000000000004,3.1,3.65,1.93,1.97,3.31
103133.0,18.6,3.9,32.83,1.72,1.04,4.62,1.65,1.3
98619.0,17.8,3.4,34.97,2.25,0.56,4.96,0.0,6.0
117016.0,16.4,4.1,34.64,7.94,1.9,1.17,0.75,2.38
101320.0,18.8,3.1,37.09,1.28,2.93,4.99,1.26,4.73
98683.0,14.9,3.4,34.75,2.57,3.99,4.57,1.93,3.39
90996.0,13.6,3.9,34.449999999999996,1.37,4.88,2.43,2.83,5.44
96215.0,15.8,3.2,33.09,4.73,0.0,2.5,2.58,4.28
98800.0,15.6,3.6,28.189999999999998,5.49,0.0,0.44,3.06,0.0
113262.0,13.1,4.3,31.24,4.07,3.3,0.95,4.2,1.32
103227.0,18.1,3.6,34.620000000000005,3.11,0.0,0.73,4.95,4.13
99342.0,15.6,3.1,29.79,3.14,3.61,2.68,0.0,1.66
115737.0,15.8,4.2,34.4,3.47,3.57,2.51,2.77,2.08
128566.0,15.4,3.0,42.25,8.41,0.0,6.76,4.29,4.39
99517.0,16.2,3.6,37.059999999999995,3.45,3.2,4.0,2.92,3.69
120721.0,14.4,4.5,33.14,6.46,2.64,0.01,2.11,3.02
96684.0,17.6,3.8,36.019999999999996,4.52,2.33,2.3,2.21,3.26
99529.0,17.4,3.5,37.74999999999999,4.15,3.16,4.22,4.34,0.98
116100.0,16.5,4.3,31.74,0.28,4.85,1.91,1.0,2.9
107189.0,17.4,3.8,33.77,3.33,4.24,1.2,2.59,1.21
99536.0,17.3,3.4,34.55,1.79,4.11,4.22,0.0,3.73
123614.0,15.7,3.9,30.749999999999996,4.39,3.22,3.54,0.0,0.0
92419.0,16.0,3.0,33.94,3.34,3.35,4.56,0.0,3.69
99614.0,18.4,3.8,44.3,7.35,2.72,1.61,7.9,2.52
140282.0,14.7,4.0,30.299999999999997,4.72,3.15,0.19,0.0,3.54
88880.0,18.9,4.2,28.439999999999998,0.98,2.87,1.49,0.0,0.0
99835.0,15.7,2.9,37.239999999999995,4.06,6.64,4.04,2.75,1.15
108014.0,17.2,5.1,34.849999999999994,4.23,1.83,0.0,3.08,3.41
98205.0,17.7,3.8,35.43,3.66,3.26,1.64,3.08,2.29
98308.0,17.7,3.6,42.279999999999994,8.2,1.54,3.05,3.75,4.44
113228.0,17.5,3.9,33.89,3.04,2.6,1.54,3.14,2.17
112559.0,17.5,3.6,29.38,1.7,2.92,0.06,0.0,3.6
99961.0,14.8,3.4,34.379999999999995,0.0,4.79,2.3,4.32,4.77
103602.0,17.5,4.8,38.85999999999999,5.66,4.76,2.33,3.3,0.51
72573.0,17.6,4.0,39.67,4.79,2.5,4.69,3.99,2.1
100011.0,16.9,3.7,29.359999999999996,5.29,0.0,0.11,3.36,0.0
133761.0,15.8,4.4,30.470000000000006,1.44,3.08,2.58,0.0,3.17
105316.0,17.9,4.2,33.55,4.55,0.0,0.76,1.0,5.14
100041.0,15.2,2.1,25.560000000000002,0.0,1.0,1.18,4.3,1.78
106982.0,16.1,4.2,34.4,3.84,2.0,3.03,4.47,0.76
99404.0,17.9,3.5,32.1,2.39,0.1,3.64,4.13,0.44
100089.0,16.5,3.3,36.09,2.23,2.43,5.44,2.11,4.08
109030.0,17.2,3.8,34.42,5.05,4.89,0.0,0.1,3.38
100239.0,17.4,3.4,38.29,4.73,5.0,2.24,1.84,3.68
118324.0,15.6,4.1,36.879999999999995,5.42,3.04,1.89,4.65,2.18
97147.0,16.4,3.3,26.19,1.98,0.0,2.23,2.28,0.0
100277.0,16.3,3.4,43.019999999999996,10.0,3.04,1.37,2.91,6.0
115860.0,15.3,4.5,38.870000000000005,6.07,2.36,4.99,1.38,4.27
120667.0,16.2,4.1,33.28999999999999,2.89,3.51,1.6,1.99,3.0
100284.0,17.3,3.4,33.230000000000004,1.35,3.39,3.57,0.0,4.22
105818.0,15.8,4.4,36.31,3.25,4.22,4.05,3.59,1.0
100009.0,16.9,3.5,34.48,3.33,1.12,1.42,4.37,3.84
100812.0,16.7,3.3,31.53,2.82,2.07,3.73,1.88,1.03
105061.0,15.4,4.6,33.21,2.57,5.04,1.85,2.28,1.47
96463.0,17.7,3.8,33.82,1.18,4.06,0.23,4.25,2.6
101731.0,13.3,2.2,30.370000000000005,5.42,0.85,3.86,0.0,4.74
100708.0,15.7,4.8,36.669999999999995,5.31,5.34,0.79,3.44,1.29
99702.0,17.8,3.8,44.27,1.85,6.0,6.11,4.88,3.83
101788.0,17.0,3.2,31.56,0.09,5.55,4.59,1.13,0.0
142739.0,14.5,4.7,39.61,6.46,4.18,1.63,3.97,4.17
93023.0,17.4,3.8,40.22,9.16,3.67,3.07,1.04,2.08
101794.0,15.2,3.0,44.4,8.63,3.23,5.57,3.52,5.25
141262.0,14.0,4.4,29.439999999999998,3.04,2.57,2.33,0.0,3.1
106818.0,17.5,3.9,36.029999999999994,8.04,0.0,0.06,2.43,4.1
102412.0,16.0,3.3,34.98,4.79,2.78,0.0,2.47,5.64
107322.0,15.2,3.8,32.9,5.29,2.1,4.28,0.0,2.23
107876.0,17.0,3.8,33.489999999999995,1.52,4.77,0.4,0.0,6.0
102808.0,16.6,3.4,35.7,0.07,5.56,2.66,3.25,4.16
115130.0,14.7,4.4,32.480000000000004,0.0,7.44,1.04,3.84,1.06
108505.0,17.3,3.8,37.87,3.15,5.48,2.55,1.04,4.55
102914.0,17.2,3.6,33.32000000000001,0.76,2.17,1.71,3.88,4.0
122158.0,15.6,4.3,39.15,4.78,3.2,3.08,3.9,4.29
119722.0,16.7,3.6,37.74,2.24,2.47,5.15,3.45,4.13
102925.0,16.5,3.2,44.49,8.47,4.33,6.21,2.13,3.65
106896.0,15.4,4.0,35.089999999999996,1.72,1.54,3.31,5.2,3.92
106034.0,18.1,3.8,33.72,2.84,1.83,0.68,2.85,3.62
102976.0,15.6,2.8,30.48,1.39,1.0,5.74,1.4,2.55
119351.0,16.2,4.4,29.369999999999997,3.26,0.0,1.7,1.41,2.4
110063.0,18.3,4.1,37.620000000000005,4.05,2.87,1.74,4.29,2.27
103113.0,17.1,3.4,30.55,5.82,1.1,3.13,0.0,0.0
119095.0,16.0,4.0,26.84,0.0,2.62,0.68,0.0,3.54
123496.0,17.2,3.8,36.98,2.96,2.08,6.44,1.61,2.89
103445.0,16.2,3.1,34.14,6.44,1.95,3.36,3.09,0.0
74462.0,17.2,4.0,33.099999999999994,2.51,2.22,1.08,5.08,1.01
103578.0,12.8,4.4,30.460000000000004,1.77,5.5,3.51,0.21,2.27
146502.0,16.5,5.0,30.85,0.54,4.24,1.14,0.71,2.72
106547.0,18.2,3.6,31.199999999999996,2.32,0.0,3.17,1.58,2.33
103642.0,18.4,3.4,36.24,0.17,6.84,4.15,1.29,1.99
116023.0,19.0,4.1,33.64,0.0,1.41,3.09,3.02,3.02
107098.0,18.1,4.1,37.120000000000005,2.98,1.31,2.16,4.69,3.78
103732.0,17.1,3.2,30.11,0.06,1.13,3.22,1.01,4.39
121304.0,16.6,4.3,36.43000000000001,2.26,3.62,3.23,3.2,3.22
82471.0,18.1,3.2,37.290000000000006,0.52,3.63,2.94,6.95,1.95
104554.0,17.1,2.2,30.04,2.7,3.66,1.84,0.0,2.54
140525.0,17.4,4.3,37.559999999999995,4.7,2.04,0.31,5.58,3.23
90143.0,17.4,3.7,35.87,4.67,0.08,2.35,4.03,3.64
99566.0,17.9,3.7,36.769999999999996,4.32,3.29,4.5,2.6,0.46
108050.0,18.4,4.1,36.42,3.35,0.34,2.17,4.68,3.38
104698.0,16.5,3.4,35.00999999999999,7.0,3.58,0.65,2.01,1.87
124607.0,17.3,5.0,29.45,4.05,2.43,0.65,0.02,0.0
110974.0,17.0,4.1,37.099999999999994,6.79,2.26,4.11,0.0,2.84
104791.0,16.5,3.2,32.05,5.56,0.0,4.23,0.6,1.96
122360.0,16.9,4.2,29.609999999999996,5.43,0.0,0.41,0.93,1.74
119767.0,17.0,3.7,37.349999999999994,4.29,5.09,2.19,2.54,2.54
105404.0,15.1,3.2,25.33,4.11,0.0,0.87,1.56,0.49
87310.0,14.8,4.5,25.400000000000002,1.53,0.47,1.26,0.0,2.84
97931.0,17.0,3.7,32.15,2.78,0.34,3.21,3.14,1.98
105648.0,17.6,2.8,31.03,2.22,1.87,2.13,1.42,2.99
114684.0,15.4,4.3,30.810000000000002,0.0,0.24,5.42,2.53,2.92
123828.0,14.7,3.2,35.83,7.01,2.1,2.2,4.54,2.08
105806.0,17.5,3.6,39.43000000000001,4.25,1.5,6.99,3.81,1.78
115640.0,16.7,3.9,37.120000000000005,6.21,4.82,2.72,1.78,0.99
105871.0,16.7,2.9,29.34,4.16,0.76,1.39,1.14,2.29
123659.0,15.1,4.1,34.440000000000005,2.6,5.87,4.53,0.0,2.24
102323.0,16.8,3.7,28.26,0.0,3.14,1.65,0.17,2.8
106349.0,15.4,2.9,31.98,4.39,2.68,3.15,2.44,1.02
147311.0,15.0,4.9,34.64,7.05,2.59,1.24,0.55,3.31
115204.0,17.3,3.7,38.98,3.22,4.4,5.46,2.01,2.89
106365.0,16.1,3.1,29.270000000000003,1.47,2.28,2.48,0.69,3.15
135905.0,15.8,4.7,32.35,1.09,0.0,2.69,5.06,3.01
96398.0,16.9,4.0,39.239999999999995,2.7,3.44,1.74,5.7,4.76
106543.0,16.9,3.8,24.71,0.0,0.2,1.12,0.44,2.25
147444.0,15.2,4.8,37.199999999999996,5.01,2.7,2.8,3.64,3.05
99107.0,18.2,3.8,45.03,8.41,2.28,4.86,2.95,4.53
106679.0,17.9,3.0,31.4,0.77,0.0,2.96,2.14,4.63
126381.0,16.9,4.2,34.91,4.66,2.0,0.43,4.02,2.7
102773.0,17.8,3.6,35.23,3.74,2.86,0.36,4.02,2.85
108777.0,18.2,3.3,39.300000000000004,4.18,2.53,4.24,3.57,3.28
107589.0,16.9,3.0,43.739999999999995,4.36,4.74,7.05,3.05,4.64
123565.0,15.9,4.6,24.55,0.0,0.53,3.13,0.04,0.35
103643.0,15.3,4.1,24.889999999999997,0.0,3.11,0.0,0.98,1.4
108000.0,15.3,2.8,22.750000000000004,0.1,0.9,2.6,0.0,1.05
127401.0,15.6,5.1,32.89,1.95,5.3,0.46,1.05,3.43
115181.0,17.2,3.7,31.43,1.47,0.46,2.0,5.49,1.11
108096.0,17.2,3.2,39.96,5.11,0.28,6.85,5.74,1.58
128744.0,14.9,4.1,33.27,2.74,2.36,3.25,2.34,3.58
115082.0,17.5,4.3,44.6,10.0,3.27,3.4,3.34,2.79
108220.0,18.4,3.6,43.58,3.47,6.62,2.57,4.79,4.13
152205.0,16.1,4.9,37.74,6.19,0.0,3.68,4.35,2.52
103235.0,18.0,3.9,42.18000000000001,4.88,5.37,3.27,4.09,2.67
108283.0,16.7,3.8,32.77,0.0,2.53,1.21,4.19,4.34
122635.0,16.6,4.9,26.97,0.0,0.0,0.0,2.76,2.71
101012.0,17.6,3.8,38.28,3.85,3.53,2.88,3.78,2.84
108488.0,16.0,3.3,41.15,6.51,5.82,1.37,4.22,3.93
118264.0,15.6,4.2,29.480000000000004,0.3,0.14,3.53,4.55,1.16
82454.0,17.4,3.8,43.84,5.94,4.0,4.87,3.45,4.38
108495.0,16.2,3.0,37.11,5.0,3.21,3.32,3.95,2.43
140201.0,14.6,4.6,27.369999999999997,1.27,5.22,0.66,0.53,0.49
109696.0,17.2,3.3,28.51,0.0,2.19,2.31,2.17,1.34
108647.0,15.8,3.1,30.499999999999996,3.34,2.08,4.51,1.13,0.54
126757.0,14.7,4.1,37.919999999999995,6.02,1.9,4.75,2.26,4.19
95778.0,15.5,3.6,33.4,3.65,1.43,1.59,5.07,2.56
108648.0,16.0,3.8,31.21,0.21,3.13,3.39,0.0,4.68
138949.0,13.5,4.3,31.469999999999995,1.11,4.42,2.63,1.24,4.27
119815.0,17.6,3.6,33.980000000000004,3.62,2.3,4.34,0.0,2.52
108652.0,16.6,3.7,39.9,6.81,4.86,3.73,1.35,2.85
126920.0,14.5,3.8,33.230000000000004,1.96,4.72,6.08,0.54,1.63
124549.0,15.4,3.6,28.069999999999997,0.0,0.24,1.75,1.81,5.27
108737.0,16.5,3.1,38.199999999999996,5.22,2.54,1.95,3.95,4.94
96704.0,14.8,4.1,28.48,2.36,0.67,2.21,0.0,4.34
118903.0,16.8,2.9,34.16,4.6,0.13,3.61,1.29,4.83
108808.0,18.3,1.8,28.5,2.12,3.9,0.0,1.09,1.29
123370.0,13.2,5.4,36.830000000000005,4.39,4.71,2.78,4.13,2.22
106517.0,17.7,3.9,36.93,6.14,3.4,3.65,0.0,2.14
109033.0,17.4,3.4,34.68,1.45,1.84,2.23,3.76,4.6
123104.0,16.4,4.4,30.45,2.78,0.0,1.32,1.86,3.69
105009.0,17.4,3.9,39.18,4.57,4.04,3.84,3.38,2.05
109126.0,17.6,3.0,29.919999999999998,3.31,3.22,1.3,1.49,0.0
127179.0,15.0,3.9,28.89,2.74,3.15,4.1,0.0,0.0
104830.0,16.9,4.0,30.650000000000002,3.29,2.69,0.0,2.85,0.92
109190.0,16.8,3.1,31.770000000000003,2.77,2.42,4.79,0.91,0.98
118828.0,16.4,4.5,29.58,0.0,5.43,1.95,0.57,0.73
124593.0,17.4,3.8,30.64,3.83,0.0,1.55,2.97,1.09
109238.0,16.4,3.1,29.179999999999996,0.0,4.75,0.33,3.83,0.77
94992.0,16.1,4.4,36.64,0.4,5.6,3.45,4.65,2.04
111877.0,17.6,3.7,35.48,4.41,1.79,3.75,3.76,0.47
109341.0,16.9,3.3,29.55,4.04,0.0,1.28,0.0,4.03
107420.0,19.3,3.8,32.96,0.0,0.0,3.87,0.97,5.02
109579.0,15.8,2.6,32.620000000000005,2.26,2.54,3.02,6.15,0.25
122888.0,14.5,3.9,30.299999999999994,0.0,4.51,1.36,2.47,3.56
117249.0,16.9,3.7,32.32,4.21,1.43,4.89,0.7,0.49
109988.0,17.3,3.8,30.160000000000004,1.42,2.35,3.28,0.0,2.01
129343.0,14.3,4.0,36.0,3.15,4.53,2.06,3.48,4.48
124888.0,17.1,4.2,31.65,1.35,1.99,3.22,3.79,0.0
110449.0,16.0,3.1,28.05,2.88,2.71,0.0,1.66,1.7
114386.0,15.1,4.3,26.21,1.51,0.48,1.97,2.62,0.23
104472.0,17.5,3.8,37.49,3.32,4.24,4.1,0.0,4.53
110569.0,16.6,3.1,35.78,7.97,1.61,4.22,1.38,0.9
130855.0,16.1,4.2,38.37,4.36,3.44,6.29,1.65,2.33
107025.0,19.1,2.9,29.85,3.47,0.0,0.84,0.62,2.92
110729.0,14.4,3.8,43.41,2.27,6.76,5.39,5.88,4.91
130272.0,16.1,4.5,30.5,2.06,2.53,2.92,0.05,2.34
85744.0,16.4,3.8,30.549999999999997,1.36,0.0,4.7,0.93,3.36
110955.0,10.5,3.2,23.03,2.71,2.73,0.61,0.0,3.28
114300.0,14.8,4.8,33.31,1.48,1.96,2.1,3.42,4.75
96214.0,18.1,3.5,38.45,1.26,4.09,4.78,4.22,2.5
111056.0,17.5,3.0,34.04,0.75,3.13,2.89,3.49,3.28
116502.0,15.6,4.0,32.86,4.41,4.42,1.26,0.0,3.17
121838.0,16.8,3.0,23.67,0.34,0.0,1.27,2.26,0.0
111193.0,16.2,2.4,34.94,3.46,1.67,4.85,3.22,3.14
109936.0,17.6,3.7,39.629999999999995,0.0,5.37,3.12,4.18,5.66
111637.0,15.2,3.0,34.93,3.45,4.62,3.34,5.32,0.0
114761.0,16.0,4.7,41.769999999999996,4.23,9.24,4.29,3.05,0.26
109143.0,16.9,3.6,39.25,4.82,1.01,5.68,3.48,3.76
111848.0,16.7,3.5,30.18,1.22,0.57,2.84,2.53,2.82
118432.0,15.8,4.6,37.64,8.24,0.17,2.22,4.58,2.03
101890.0,16.7,3.9,31.31,2.32,0.0,4.63,0.67,3.09
111995.0,15.6,3.1,31.939999999999998,1.73,0.22,4.86,4.85,1.58
127989.0,15.9,4.6,33.4,2.39,3.91,2.17,2.48,1.95
124339.0,16.0,3.7,27.699999999999996,0.22,0.0,3.88,3.25,0.65
112056.0,15.5,2.9,31.93,6.41,1.86,1.41,0.0,3.85
119198.0,15.1,4.2,35.32,7.08,3.0,0.0,1.74,4.2
116372.0,16.9,3.8,36.16,0.61,4.61,3.52,1.89,4.83
89417.0,18.0,3.9,40.089999999999996,7.71,4.61,2.15,2.86,0.86
124519.0,17.1,3.6,36.650000000000006,6.82,1.22,3.19,1.2,3.52
112387.0,16.6,3.1,33.0,5.34,2.82,2.7,2.05,0.39
118867.0,15.1,4.4,35.45,7.17,2.23,1.67,0.17,4.71
105166.0,16.9,3.5,34.65,3.25,4.23,2.18,0.12,4.47
112481.0,17.0,3.1,31.890000000000004,5.3,0.34,2.49,0.38,3.28
121544.0,17.2,3.7,33.01,5.25,3.74,3.12,0.0,0.0
113086.0,16.5,3.4,34.9,5.59,2.43,1.43,1.72,3.83
121449.0,15.1,3.9,34.47,4.23,2.75,4.54,1.35,2.6
94721.0,15.6,3.2,31.73,2.54,0.8,5.87,1.66,2.06
113126.0,15.8,3.2,27.490000000000002,0.48,0.0,4.55,0.0,3.46
143361.0,12.2,4.3,27.089999999999996,3.38,1.24,1.59,0.72,3.66
113090.0,18.0,4.6,42.650000000000006,3.02,4.4,3.16,5.78,3.69
113411.0,13.6,2.5,24.740000000000002,2.3,3.59,0.75,1.99,0.01
118284.0,16.5,4.7,31.93,4.87,0.0,4.62,0.0,1.24
121228.0,18.1,3.6,40.03,7.17,1.9,3.33,3.22,2.71
114086.0,16.8,3.2,34.06,0.0,3.42,4.42,2.53,3.69
132536.0,16.3,4.1,33.54,2.67,2.16,2.45,3.46,2.4
114326.0,16.6,3.6,28.21,0.37,2.16,0.88,3.61,0.99
114344.0,16.5,3.2,29.909999999999997,5.34,1.2,0.54,0.0,3.13
113375.0,16.1,3.8,28.040000000000003,1.91,1.64,0.18,3.79,0.62
110528.0,17.7,3.7,27.22,0.0,1.33,4.3,0.0,0.19
114398.0,17.0,2.5,26.9,0.0,0.34,2.52,0.75,3.79
115715.0,15.8,4.0,33.93000000000001,5.15,1.76,1.26,2.96,3.0
112271.0,16.3,3.4,29.52,3.44,2.19,1.54,0.63,2.02
114525.0,16.2,3.1,36.25,8.02,1.02,2.61,1.13,4.17
116671.0,16.4,4.5,37.61,6.34,3.35,1.12,4.76,1.14
120042.0,18.6,3.4,39.0,4.0,4.76,4.06,3.12,1.06
114752.0,17.2,3.2,32.56,3.57,0.72,4.53,1.01,2.33
136226.0,15.8,3.7,38.730000000000004,3.71,3.71,6.24,3.23,2.34
163041.0,13.3,3.4,24.040000000000003,0.8,0.0,2.99,1.32,2.23
115558.0,14.3,4.4,33.970000000000006,5.17,1.32,1.48,4.19,3.11
125665.0,16.5,4.4,32.12,2.85,2.83,3.02,0.83,1.69
115631.0,18.2,3.4,32.9,0.0,4.64,0.64,2.19,3.83
139695.0,15.4,4.7,35.83,0.14,2.23,3.95,3.41,6.0
110954.0,16.6,3.6,29.150000000000006,0.0,2.5,1.11,1.51,3.83
115870.0,15.6,3.3,38.449999999999996,3.65,5.34,3.67,2.65,4.24
125441.0,15.7,4.1,27.969999999999995,0.57,3.56,0.45,3.59,0.0
113806.0,17.8,3.6,41.820000000000014,8.69,2.59,2.95,4.17,2.02
116283.0,14.8,3.8,31.830000000000002,6.94,0.0,3.25,1.84,1.2
114297.0,14.8,4.7,31.900000000000002,0.19,3.26,3.65,3.35,1.95
118310.0,17.5,3.4,31.999999999999996,2.51,4.16,0.11,0.51,3.81
112107.0,18.2,4.1,27.880000000000003,0.62,0.1,1.48,0.92,2.46
117312.0,17.9,3.0,32.94,3.27,3.65,2.85,0.07,2.2
123996.0,15.9,5.1,28.060000000000002,0.67,1.16,2.64,0.0,2.59
103310.0,17.1,3.6,32.26,2.65,3.45,5.46,0.0,0.0
117407.0,16.1,3.0,33.730000000000004,4.35,0.0,3.85,2.98,3.45
127615.0,16.6,4.4,34.43,1.02,0.95,5.24,2.96,3.26
122372.0,17.7,3.6,40.779999999999994,3.18,6.79,2.25,3.23,4.03
117766.0,16.9,3.4,28.84,2.49,3.42,0.99,0.0,1.64
134903.0,15.2,3.9,30.990000000000002,5.77,0.0,2.17,2.53,1.42
108587.0,17.0,4.3,32.03,0.05,2.29,3.04,1.12,4.23
117768.0,13.6,2.5,36.85,5.29,6.57,3.17,2.24,3.48
179385.0,13.0,3.8,32.8,1.11,3.15,5.3,0.93,5.51
119115.0,18.8,3.7,35.11,0.0,3.45,4.48,4.25,0.43
117888.0,14.9,3.0,31.859999999999996,3.86,2.9,3.28,0.06,3.86
130640.0,16.4,4.6,33.72,0.0,4.31,1.62,4.98,1.81
141366.0,18.2,3.5,39.99,4.67,3.42,1.51,3.87,4.82
117911.0,16.4,3.1,41.629999999999995,3.03,4.53,6.9,4.34,3.33
141038.0,16.4,4.5,31.42,3.09,1.12,2.28,0.96,3.07
126159.0,17.3,2.8,30.310000000000002,1.59,1.25,3.38,2.99,1.0
117915.0,16.4,3.5,29.449999999999996,0.0,4.23,1.18,0.47,3.67
122247.0,16.2,3.6,32.980000000000004,5.57,1.35,3.53,0.0,2.73
116422.0,16.3,3.4,33.45,7.09,2.04,1.76,0.0,2.86
118049.0,15.6,3.1,32.38,4.19,3.63,1.39,0.0,4.47
158240.0,16.5,4.8,35.13,3.93,2.82,4.36,2.17,0.55
101118.0,18.8,4.2,37.42,0.0,2.02,5.14,4.08,3.18
118339.0,18.5,3.6,30.840000000000003,3.62,1.05,0.93,0.39,2.75
162126.0,16.3,5.4,44.31,8.65,5.15,7.0,0.0,1.81
112473.0,15.9,3.4,39.50000000000001,9.4,4.56,1.2,0.42,4.62
118408.0,16.1,3.3,30.95,2.04,2.14,3.63,0.09,3.65
135024.0,15.4,4.1,32.15,4.2,0.0,4.3,2.89,1.26
114513.0,16.5,3.8,39.68000000000001,5.44,4.63,4.22,1.43,3.66
118489.0,14.0,2.8,26.3,0.0,2.13,4.81,0.6,1.96
146238.0,14.4,4.1,29.57,3.77,2.66,0.0,3.24,1.4
121036.0,18.2,3.9,31.470000000000002,2.58,0.01,3.77,0.89,2.12
118717.0,17.2,3.3,32.36,4.0,0.0,1.81,2.12,3.93
132770.0,16.0,4.1,34.35,6.58,0.76,5.18,0.0,1.73
128620.0,17.0,4.3,40.74,3.7,4.99,6.39,1.92,2.44
118921.0,15.3,2.7,24.53,0.12,0.28,0.5,2.13,3.5
148816.0,15.7,4.8,32.339999999999996,3.58,2.3,2.93,0.96,2.07
124798.0,17.4,3.4,34.86,6.68,1.56,3.86,0.09,1.87
119408.0,17.0,3.4,29.009999999999998,0.02,2.35,1.24,1.12,3.88
138958.0,14.5,3.8,27.91,2.9,4.98,0.0,0.54,1.19
124748.0,16.0,3.6,25.81,0.0,3.4,2.32,0.0,0.49
119410.0,16.1,3.6,35.620000000000005,5.19,4.22,1.52,1.5,3.49
120119.0,16.2,4.8,33.449999999999996,2.68,1.47,2.48,1.38,4.44
121524.0,17.3,3.8,39.739999999999995,3.7,5.77,3.62,0.97,4.58
119449.0,17.0,3.0,30.0,2.38,0.0,3.31,2.42,1.89
136035.0,14.9,4.2,37.36,9.51,2.37,1.89,3.04,1.45
135369.0,17.5,3.6,34.68,1.71,4.83,0.55,4.39,2.1
119634.0,17.8,3.6,34.64,2.84,4.24,2.75,0.0,3.41
143407.0,15.3,4.0,27.600000000000005,2.6,1.16,1.6,0.17,2.77
119834.0,16.8,3.2,31.37,2.71,0.98,3.9,1.46,2.32
119727.0,14.8,2.5,30.290000000000003,1.12,0.0,5.44,2.95,3.48
133670.0,14.6,4.4,38.059999999999995,8.64,3.14,2.44,1.33,3.51
125051.0,16.6,3.6,40.480000000000004,5.04,4.77,4.98,3.39,2.1
119770.0,16.3,3.7,39.57000000000001,5.57,3.19,3.11,5.04,2.66
134240.0,13.7,3.9,25.359999999999996,3.42,0.0,3.97,0.0,0.37
165570.0,15.2,3.5,30.21,3.78,2.26,2.32,1.75,1.4
119900.0,18.0,5.0,39.61,3.0,4.48,1.77,4.39,2.97
127031.0,17.6,3.8,36.07,4.76,4.89,0.0,0.63,4.39
120051.0,17.0,3.3,30.700000000000003,1.66,2.17,1.0,3.64,1.93
138278.0,16.1,4.2,30.57,2.04,3.51,2.32,0.79,1.61
114991.0,16.6,3.6,28.970000000000002,0.0,1.64,0.0,3.95,3.18
120130.0,16.1,3.4,33.81,3.55,2.07,6.16,0.65,1.88
141363.0,16.0,4.2,42.23,3.64,5.67,4.0,5.62,3.1
127746.0,17.0,3.2,24.95,0.0,0.01,2.78,0.24,1.72
120392.0,16.8,3.8,28.220000000000006,0.85,2.39,1.26,1.79,1.33
153730.0,16.7,4.4,39.16,5.21,4.77,3.75,0.5,3.83
122007.0,16.2,3.3,40.18000000000001,6.67,7.31,2.04,2.66,2.0
120528.0,16.2,3.0,38.8,6.43,1.56,5.78,3.23,2.6
99816.0,17.0,4.2,32.099999999999994,0.62,0.09,0.65,5.17,4.37
120602.0,16.3,3.4,35.089999999999996,5.68,1.95,0.1,3.45,4.21
153184.0,13.6,4.6,30.72,2.6,1.67,1.34,4.11,2.8
148660.0,17.3,3.8,35.400000000000006,2.49,4.04,2.0,3.91,1.86
120614.0,16.3,3.3,24.84,0.0,0.04,1.05,2.52,1.63
99990.0,15.4,4.4,33.129999999999995,4.24,2.27,0.0,6.82,0.0
113506.0,17.7,3.8,31.98,4.53,0.79,1.88,2.18,1.1
120660.0,16.3,3.3,36.900000000000006,4.2,2.8,5.6,2.82,1.88
140894.0,16.1,4.0,31.890000000000004,3.71,1.68,0.0,1.35,5.05
121305.0,17.5,3.6,41.7,5.67,2.71,2.51,5.17,4.54
120865.0,15.4,3.1,38.39000000000001,7.17,2.92,4.67,2.06,3.07
116669.0,19.0,3.9,36.67,2.82,0.65,2.9,3.13,4.27
121644.0,16.9,3.0,28.119999999999997,0.0,2.97,0.0,1.71,3.54
132156.0,12.8,3.4,33.050000000000004,7.06,4.25,3.78,0.95,0.81
114163.0,17.5,3.5,37.55,7.64,0.03,2.66,0.22,6.0
121814.0,17.6,3.7,39.32000000000001,7.2,1.91,4.26,2.81,1.84
123231.0,14.2,5.0,30.67,3.91,1.87,2.07,0.85,2.77
122001.0,17.8,2.6,40.06,5.72,0.0,5.19,4.35,4.4
116375.0,17.9,3.8,39.150000000000006,3.58,6.46,2.74,4.07,0.6
122196.0,17.0,3.2,32.14,4.04,2.78,1.34,2.38,1.4
144425.0,16.1,4.5,32.900000000000006,2.97,3.06,2.84,2.59,0.84
124671.0,18.3,4.0,42.7,3.9,6.47,3.96,3.03,3.04
122211.0,17.0,2.5,28.07,3.59,0.23,1.43,1.15,2.17
113756.0,17.4,3.8,33.85,2.86,3.55,2.07,1.54,2.63
122541.0,16.1,3.4,30.09,1.35,3.8,1.13,3.04,1.27
149626.0,15.3,4.7,34.06,2.88,4.15,3.56,2.13,1.34
112143.0,18.8,4.1,41.26,6.77,1.87,3.72,0.0,6.0
122617.0,12.3,4.4,30.410000000000004,0.76,4.12,6.07,0.0,2.76
152861.0,16.8,5.2,38.690000000000005,5.08,3.62,3.09,2.38,2.52
156596.0,15.6,3.9,36.129999999999995,0.44,2.99,3.32,7.4,2.48
122897.0,17.9,2.9,34.86,0.16,2.57,2.48,5.19,3.66
135070.0,11.3,3.7,21.83,4.7,1.3,0.0,0.0,0.83
116547.0,17.2,3.9,35.44,3.18,0.0,4.57,3.5,3.09
122935.0,16.0,3.1,31.300000000000004,4.14,1.87,2.96,3.23,0.0
131047.0,15.9,4.1,33.49,4.36,2.8,3.27,0.0,3.06
123317.0,16.7,4.1,27.83,1.7,0.0,2.82,1.12,1.39
123009.0,16.5,3.1,36.83,4.08,4.36,3.77,1.87,3.15
105744.0,16.6,4.9,38.04,1.02,2.35,5.88,5.39,1.9
127792.0,15.8,3.6,35.800000000000004,2.64,5.12,4.46,1.95,2.23
123295.0,16.1,3.5,26.430000000000003,0.52,3.41,2.42,0.0,0.48
141135.0,14.4,4.3,26.85,1.21,0.22,0.0,4.89,1.83
114306.0,18.0,3.7,40.86,2.28,4.69,4.54,3.69,3.96
123320.0,16.1,3.5,33.86,5.0,0.54,2.95,2.29,3.48
124705.0,15.8,4.5,44.26,4.6,5.92,4.88,4.94,3.62
124862.0,16.5,3.6,36.42,10.0,0.0,2.43,3.32,0.57
123367.0,16.8,3.4,40.239999999999995,6.64,4.16,5.55,0.23,3.46
127667.0,19.0,3.9,41.04,6.16,0.0,3.17,2.81,6.0
123789.0,15.4,3.2,38.620000000000005,6.79,1.44,1.83,5.8,4.16
158583.0,16.7,5.0,30.099999999999998,0.0,2.17,1.74,3.35,1.14
130243.0,16.6,3.8,34.61,6.17,1.01,0.0,2.81,4.22
124195.0,17.2,3.1,35.22,4.49,3.09,5.02,0.0,2.32
143122.0,14.7,4.0,33.89,2.8,5.19,2.61,3.29,1.3
93207.0,15.8,3.6,31.91,3.56,1.11,0.0,3.11,4.73
124299.0,16.1,2.9,40.089999999999996,10.0,3.32,2.79,0.4,4.58
155236.0,16.0,4.5,42.41,6.8,3.52,5.9,3.98,1.71
114918.0,16.8,3.8,30.869999999999997,1.34,3.56,0.0,2.04,3.33
124481.0,15.4,3.2,31.560000000000002,7.33,0.0,2.94,0.0,2.69
157567.0,15.0,4.4,28.709999999999997,4.33,1.57,0.82,0.06,2.53
117536.0,16.1,4.0,37.27,3.82,5.36,4.75,1.5,1.74
125092.0,16.1,3.7,45.400000000000006,7.98,3.35,6.24,2.86,5.17
123896.0,16.3,4.3,39.2,7.43,2.47,2.9,3.31,2.49
120096.0,17.5,3.7,31.059999999999995,4.67,0.0,2.33,1.21,1.65
125285.0,17.3,3.2,36.67,2.72,0.6,4.98,4.13,3.74
145509.0,15.9,4.3,39.529999999999994,4.83,5.88,3.74,1.76,3.12
114839.0,17.7,3.7,26.11,3.38,0.0,1.33,0.0,0.0
125298.0,16.5,3.1,32.67,4.16,2.47,2.03,3.62,0.79
172307.0,15.0,4.4,30.750000000000004,0.71,3.96,0.78,4.55,1.35
125674.0,19.5,3.9,41.129999999999995,2.35,3.02,4.53,2.19,5.64
125362.0,16.4,3.0,35.33,2.03,2.46,2.3,5.05,4.09
130536.0,15.5,5.0,31.64,4.13,2.84,2.52,1.44,0.21
130994.0,16.9,3.7,31.709999999999997,2.83,1.81,4.73,0.79,0.95
125428.0,15.6,2.1,29.2,3.32,0.53,3.49,1.32,2.84
177586.0,15.9,4.9,40.050000000000004,2.98,5.05,5.36,4.44,1.42
121306.0,18.2,3.8,36.08,1.94,3.8,0.83,3.96,3.55
125664.0,16.3,3.4,33.50000000000001,7.4,2.05,1.26,0.55,2.54
141659.0,16.6,4.3,36.99,5.16,0.06,2.61,6.58,1.68
113360.0,16.7,3.6,39.25,0.0,2.38,8.95,5.12,2.5
125668.0,15.1,3.2,36.330000000000005,0.0,7.67,4.37,3.93,2.06
150399.0,14.6,4.4,34.28,0.58,2.71,0.31,7.15,4.53
96344.0,17.5,3.9,35.279999999999994,5.84,1.02,5.0,0.44,1.58
125960.0,15.3,3.1,35.64000000000001,1.53,3.95,7.49,3.31,0.96
155294.0,14.9,4.3,31.26,3.62,7.77,0.0,0.67,0.0
128688.0,16.9,3.8,27.14,3.62,0.0,1.2,0.0,1.62
126002.0,16.4,3.0,35.870000000000005,6.27,4.59,0.96,3.38,1.27
139754.0,15.1,4.0,28.200000000000003,1.35,4.3,0.77,1.35,1.33
132585.0,17.5,3.7,32.26,1.49,4.79,2.62,1.46,0.7
126096.0,16.4,3.1,31.33,4.06,2.68,2.06,0.86,2.17
142730.0,15.6,4.0,30.320000000000004,4.98,2.3,1.82,0.0,1.62
125840.0,15.6,4.0,36.21,3.39,3.18,1.06,3.08,5.9
126776.0,15.6,2.7,29.480000000000004,2.82,1.72,2.01,2.96,1.67
130213.0,14.6,3.8,33.89,3.92,5.4,3.45,0.0,2.72
114946.0,17.7,3.2,36.78,4.51,4.85,4.95,0.5,1.07
126986.0,14.8,3.1,31.060000000000002,0.0,3.96,4.29,1.66,3.25
130514.0,15.6,4.7,39.36,2.54,6.01,4.48,2.15,3.88
105708.0,16.1,3.8,32.03,4.02,0.39,5.31,0.0,2.41
127228.0,14.8,3.0,27.75,2.33,3.56,1.67,1.36,1.03
152664.0,14.9,4.5,33.56,1.44,3.14,3.54,3.11,2.93
126427.0,18.4,3.6,35.92,8.73,1.54,2.39,1.07,0.19
127257.0,16.1,2.9,39.910000000000004,8.47,2.3,2.59,3.84,3.71
124492.0,16.6,4.5,37.040000000000006,0.0,6.48,3.58,0.53,5.35
128979.0,17.3,3.9,29.08,0.77,0.0,4.4,0.94,1.77
127269.0,17.0,3.0,30.61,2.55,3.19,4.29,0.0,0.58
143625.0,16.2,4.2,31.72,3.07,2.62,0.75,1.97,2.91
121795.0,16.9,3.8,33.34,3.6,0.64,2.08,1.67,4.65
127339.0,15.0,2.7,37.15,2.84,1.18,5.23,4.2,6.0
147253.0,16.7,4.0,41.39,1.12,6.48,6.12,3.68,3.29
127591.0,16.5,4.3,36.190000000000005,5.46,2.0,3.33,4.01,0.59
116744.0,15.6,4.9,36.76,5.57,4.63,0.73,2.25,3.08
104719.0,17.2,4.1,33.349999999999994,4.18,2.58,1.68,2.55,1.06
127661.0,16.2,3.2,32.39,0.85,2.25,3.66,1.87,4.36
144011.0,16.9,4.6,35.73,2.23,0.66,5.02,3.46,2.86
120919.0,17.3,3.8,43.77,7.93,3.29,6.56,3.19,1.7
127716.0,16.5,3.2,38.7,7.27,1.68,4.81,3.57,1.67
153400.0,15.5,4.9,31.060000000000002,3.28,1.44,3.2,0.96,1.78
113629.0,18.0,4.0,34.56,6.42,0.0,1.76,2.06,2.32
127753.0,17.3,3.4,29.250000000000004,3.83,1.16,1.94,1.62,0.0
135886.0,13.7,4.6,29.409999999999997,3.46,1.22,2.57,0.0,3.86
126650.0,17.5,3.7,34.54,3.59,3.03,4.14,0.0,2.58
127827.0,16.5,3.4,35.96,3.57,1.66,4.06,4.13,2.64
148186.0,15.3,4.1,27.51,0.0,3.37,2.71,0.0,2.03
134852.0,17.7,3.7,30.869999999999997,4.91,2.02,0.0,0.0,2.54
127867.0,17.0,3.2,31.529999999999998,5.01,2.38,3.02,0.38,0.54
145439.0,14.4,3.9,34.67000000000001,5.46,4.69,4.88,0.0,1.34
128461.0,16.7,3.6,32.06,1.63,0.48,5.91,0.0,3.74
128397.0,17.5,2.9,30.34,3.68,2.41,1.32,0.0,2.53
133177.0,17.6,4.7,37.300000000000004,5.93,2.72,3.25,0.0,3.1
119882.0,17.4,3.7,36.59,1.36,2.51,4.32,1.35,5.95
128616.0,15.4,3.3,34.32,3.17,4.11,5.21,2.42,0.71
135282.0,15.5,4.4,38.519999999999996,6.93,1.75,1.56,2.59,5.79
119481.0,15.2,3.4,33.93999999999999,8.29,0.49,4.25,0.4,1.91
128680.0,15.0,3.6,35.57,6.9,2.61,4.89,1.93,0.64
165917.0,13.7,4.4,26.700000000000003,0.0,1.17,3.76,3.67,0.0
130329.0,16.9,3.3,32.91,1.4,5.17,0.42,2.08,3.64
128888.0,16.0,3.5,39.6,8.05,5.7,1.47,3.0,1.88
149508.0,15.9,4.1,36.269999999999996,2.41,4.79,3.76,2.51,2.8
135672.0,17.6,3.7,35.72,4.89,2.84,4.28,0.0,2.41
129127.0,16.2,2.9,30.939999999999998,4.04,0.0,2.37,3.25,2.18
148160.0,14.8,3.9,28.449999999999996,0.99,0.83,2.75,2.03,3.15
127556.0,15.9,3.8,36.64,10.0,0.24,2.72,1.46,2.52
129317.0,18.1,2.3,28.410000000000004,4.09,0.0,0.67,0.0,3.25
143021.0,13.9,3.9,33.83,2.07,4.13,4.57,3.19,2.07
132231.0,19.3,3.8,36.47,5.86,3.81,1.23,0.23,2.24
129499.0,15.5,3.0,29.32,3.04,4.52,0.52,1.41,1.33
129330.0,17.5,4.4,38.31,5.11,0.02,3.9,4.04,3.34
124860.0,18.9,3.7,37.309999999999995,6.18,2.06,3.23,2.17,1.07
129526.0,17.2,3.0,43.18,7.74,3.33,6.6,2.1,3.21
138661.0,16.4,5.0,35.419999999999995,5.2,2.89,2.47,2.63,0.83
132845.0,16.0,3.9,40.48,6.45,3.87,5.85,0.87,3.54
129687.0,13.8,3.1,29.920000000000005,3.08,5.21,3.08,0.17,1.48
111672.0,14.6,3.9,29.279999999999994,0.86,1.4,3.08,3.02,2.42
145286.0,16.2,4.4,36.010000000000005,1.72,3.25,3.16,4.08,3.2
129987.0,16.2,3.7,25.71,1.93,2.59,0.69,0.6,0.0
106329.0,13.8,4.1,30.419999999999995,0.49,0.0,5.71,1.56,4.76
134199.0,17.7,3.8,38.68,3.8,4.02,2.21,2.55,4.6
130263.0,15.3,2.9,32.14,0.23,5.16,6.59,0.0,1.96
146874.0,16.5,4.2,35.93,3.56,0.4,3.72,4.38,3.17
119212.0,15.6,3.9,34.91,5.11,2.75,3.68,1.54,2.33
130290.0,18.4,5.2,34.05,1.63,0.0,1.96,1.81,5.05
200933.0,11.7,4.9,34.980000000000004,2.3,5.94,4.85,2.5,2.79
122779.0,16.9,3.4,27.029999999999998,0.04,2.64,0.0,4.05,0.0
130601.0,16.2,3.1,32.63,6.09,3.09,2.0,0.0,2.15
150369.0,15.6,4.4,35.85,5.75,4.23,3.2,0.93,1.74
124954.0,16.3,3.2,43.94,5.54,4.64,4.69,5.88,3.69
130610.0,14.9,2.2,33.94,4.27,0.0,3.33,5.9,3.34
155922.0,16.2,5.0,37.790000000000006,5.15,1.26,2.98,4.0,3.2
122876.0,17.0,3.5,43.67,5.86,4.95,3.77,6.85,1.74
113875.0,17.7,3.9,35.39999999999999,0.0,3.54,5.42,4.84,0.0
130927.0,16.1,3.2,26.0,2.16,0.39,0.0,0.0,4.15
101239.0,15.0,3.7,36.07,6.66,0.0,6.77,1.42,2.52
112967.0,18.4,3.7,34.01,1.79,1.52,3.89,1.76,2.95
131087.0,16.5,2.9,37.419999999999995,6.82,3.58,3.17,0.72,3.73
110101.0,17.4,4.5,39.900000000000006,8.36,1.45,2.29,0.88,5.02
136461.0,16.6,4.0,35.6,2.89,4.21,5.05,0.45,2.4
131299.0,15.7,3.1,41.550000000000004,7.89,3.57,1.88,4.49,4.92
151195.0,15.3,4.3,31.01,1.33,5.73,1.01,0.34,3.0
119409.0,17.2,3.7,29.85,1.67,1.16,3.43,2.69,0.0
131357.0,16.2,3.1,42.36,6.61,2.22,4.76,5.76,3.71
155628.0,15.6,4.1,25.85,0.16,0.11,2.03,3.85,0.0
110916.0,17.8,3.8,31.28,0.0,0.0,4.58,0.85,4.25
131571.0,16.3,3.5,31.41,0.0,0.0,6.27,1.75,3.59
170262.0,15.3,4.5,36.59,7.14,0.86,0.18,3.98,4.63
146338.0,16.1,3.5,38.61,4.66,4.26,2.84,2.41,4.84
131644.0,15.1,3.1,26.91,0.0,0.76,5.56,1.58,0.81
151765.0,14.8,4.1,38.309999999999995,3.6,4.29,4.9,4.0,2.62
112862.0,16.3,3.7,32.44,3.72,2.17,0.2,1.88,4.47
131899.0,15.4,3.3,36.35,6.13,5.68,4.71,0.0,1.13
153642.0,14.2,4.5,26.13,0.0,0.64,1.07,3.92,1.8
137936.0,16.6,3.6,36.50000000000001,8.57,1.95,3.72,1.61,0.45
131965.0,16.3,2.9,38.62,4.66,4.74,1.97,4.15,3.9
151640.0,15.3,3.9,27.959999999999997,3.42,0.88,0.96,0.12,3.38
126818.0,16.2,3.6,40.449999999999996,5.39,5.88,4.59,3.75,1.04
132056.0,17.6,2.1,31.000000000000004,5.19,0.0,2.39,2.88,0.84
132429.0,15.8,4.2,35.71,5.85,3.92,2.2,1.69,2.05
130176.0,16.7,3.2,35.010000000000005,2.99,1.41,5.53,2.16,3.02
132245.0,18.1,3.6,37.160000000000004,4.89,3.92,3.78,0.55,2.32
136085.0,15.3,4.7,32.35,0.62,0.66,6.66,0.66,3.75
121565.0,14.9,3.6,29.83,3.18,2.95,2.34,0.0,2.86
132246.0,15.2,2.3,26.779999999999998,1.15,0.0,3.68,1.55,2.9
130445.0,16.8,3.6,37.31,5.33,2.35,5.34,0.74,3.15
132365.0,16.0,3.3,37.5,3.13,6.51,4.93,2.14,1.49
136856.0,15.9,3.9,40.160000000000004,5.3,1.75,6.32,5.38,1.61
183110.0,15.8,3.3,33.79,10.0,0.62,2.52,1.0,0.55
132695.0,15.6,4.0,34.74,4.2,1.85,0.65,5.21,3.23
115505.0,16.1,3.5,31.560000000000002,1.51,4.02,1.44,1.91,3.08
123833.0,17.2,3.7,34.81999999999999,3.76,1.29,3.01,2.59,3.27
132786.0,16.0,3.0,37.81999999999999,5.33,3.66,2.92,2.26,4.65
143275.0,16.2,4.7,35.99,2.3,5.27,2.24,0.0,5.28
137913.0,17.1,3.6,35.540000000000006,3.67,0.78,1.76,3.53,5.1
132852.0,14.0,2.9,28.88,2.09,0.9,3.02,5.53,0.44
144495.0,17.5,4.9,36.62,0.0,2.34,4.85,1.77,5.26
132632.0,17.3,3.6,33.11,3.57,2.45,1.61,2.18,2.4
133051.0,15.3,2.9,28.82,0.04,1.58,2.59,0.73,5.68
155295.0,15.5,5.0,27.429999999999996,0.0,1.24,0.84,3.11,1.74
113824.0,14.4,3.3,31.469999999999995,4.6,5.08,2.87,0.0,1.22
133670.0,16.8,2.7,33.69,7.9,3.09,0.0,1.99,1.21
156000.0,14.8,4.8,35.92,5.91,2.37,2.12,2.95,2.97
126240.0,17.2,3.7,27.48,0.0,1.32,2.06,1.6,1.6
134002.0,16.8,3.4,40.06,1.1,6.9,4.79,2.5,4.57
154464.0,15.2,4.1,33.599999999999994,0.0,5.91,4.14,2.7,1.55
124298.0,17.1,4.0,29.96,3.89,1.46,1.96,0.56,0.99
134020.0,16.6,3.1,30.580000000000002,2.66,4.29,2.12,0.82,0.99
153982.0,14.5,4.7,27.88,3.91,0.16,4.28,0.0,0.33
138393.0,17.8,3.9,41.99999999999999,7.71,1.65,2.52,5.02,3.4
134199.0,15.9,3.6,37.17,4.36,4.47,2.0,3.99,2.85
154659.0,16.0,4.1,40.26,3.04,2.77,3.13,6.05,5.17
124208.0,16.2,3.5,32.06999999999999,4.2,6.29,1.72,0.16,0.0
134225.0,17.6,2.5,36.8,2.71,6.03,4.27,0.53,3.16
119443.0,17.3,3.9,35.099999999999994,0.59,0.0,6.02,2.72,4.57
134361.0,15.9,3.2,36.0,4.63,2.07,4.68,4.34,1.18
140123.0,16.3,4.1,28.56,2.55,0.0,4.57,0.13,0.91
127403.0,17.3,3.6,38.89,5.97,3.96,3.44,3.14,1.48
135027.0,15.6,3.1,41.589999999999996,8.77,5.9,0.18,3.49,4.55
159585.0,15.3,4.6,41.23,6.69,8.06,4.19,1.25,1.14
133315.0,17.1,3.9,41.37,10.0,4.63,3.4,0.55,1.79
135038.0,17.2,3.2,27.16,0.0,0.0,2.02,3.6,1.14
152159.0,17.0,4.6,31.03,5.23,2.97,0.86,0.25,0.12
117443.0,17.6,3.9,35.31,3.46,4.39,2.99,1.56,1.41
135063.0,16.7,3.2,41.50999999999999,5.63,1.18,5.7,4.87,4.23
177770.0,14.4,4.4,34.150000000000006,2.28,2.66,3.2,2.69,4.52
138300.0,17.1,3.7,30.839999999999996,1.72,0.18,1.92,1.29,4.93
135088.0,16.7,3.4,23.95,1.32,0.0,0.5,1.33,0.7
157230.0,14.3,4.5,33.61,4.1,0.86,3.68,3.33,2.84
134940.0,18.1,3.0,35.6,3.51,3.23,1.75,2.04,3.97
135669.0,16.5,3.1,31.710000000000004,4.0,0.44,3.28,3.02,1.37
146402.0,15.5,4.7,41.11000000000001,7.03,7.01,4.77,1.18,0.92
128282.0,16.2,3.8,28.25,0.0,0.27,2.39,2.37,3.22
135863.0,16.3,3.2,33.47,3.77,0.56,4.92,2.55,2.17
150140.0,12.7,4.8,35.61,5.16,3.33,2.63,2.25,4.74
140334.0,17.3,3.6,32.5,3.65,4.08,1.44,1.2,1.23
136024.0,16.6,3.4,40.5,4.0,3.62,6.38,1.24,5.26
156208.0,14.8,4.0,29.31,0.3,3.31,1.3,5.45,0.15
113974.0,13.6,4.2,35.019999999999996,2.11,5.52,6.11,2.8,0.68
136070.0,10.5,3.4,32.410000000000004,4.08,8.08,0.0,2.25,4.1
181700.0,9.3,4.2,25.12,3.69,3.11,0.81,3.24,0.77
132594.0,17.0,3.4,34.57,4.19,4.42,1.14,2.27,2.15
136387.0,14.6,2.9,36.61,3.03,2.96,1.5,7.89,3.73
142155.0,13.0,4.3,36.449999999999996,7.69,6.72,3.12,1.08,0.54
130152.0,17.1,4.0,34.29,2.26,3.31,4.94,1.21,1.47
136644.0,17.5,3.1,32.35,4.93,0.0,5.03,0.7,1.09
131282.0,15.0,4.2,34.419999999999995,3.68,2.89,4.56,1.36,2.73
100375.0,14.4,2.9,26.79,2.44,0.63,2.9,3.13,0.39
136746.0,16.5,2.3,30.200000000000003,1.77,0.89,2.87,4.12,1.75
187281.0,15.1,5.1,36.78,1.66,3.6,4.69,2.83,3.8
131556.0,15.4,3.8,29.409999999999997,0.0,2.97,2.24,3.84,1.16
136975.0,14.9,2.6,32.09,2.22,3.78,1.8,2.51,4.28
140914.0,14.3,4.6,32.60999999999999,4.54,0.56,2.42,2.48,3.71
132378.0,17.2,3.7,31.81,6.48,1.36,1.46,0.0,1.61
137146.0,17.5,3.2,36.35,5.46,2.18,2.86,5.15,0.0
166921.0,16.5,4.4,33.17,0.0,3.98,0.64,5.06,2.59
139367.0,16.9,3.8,31.52,2.35,0.83,2.66,0.0,4.98
137397.0,16.0,3.0,33.00000000000001,0.0,0.19,6.58,4.49,2.74
150905.0,15.1,4.2,33.02,5.6,0.91,1.3,3.85,2.06
66901.0,17.4,3.8,36.449999999999996,3.77,1.68,5.97,0.0,3.83
137846.0,16.4,3.0,31.11,2.19,3.99,0.0,1.12,4.41
191637.0,12.5,4.5,29.2,5.9,0.0,3.55,0.0,2.75
145889.0,16.6,3.8,31.9,3.22,2.0,4.2,2.08,0.0
138215.0,16.3,2.3,32.540000000000006,6.06,0.0,1.85,0.03,6.0
160420.0,17.9,4.4,35.15,3.1,2.06,3.0,4.3,0.39
117032.0,16.5,3.7,36.6,1.83,2.25,3.94,5.4,2.98
138392.0,15.0,3.3,30.480000000000004,2.46,2.81,2.92,0.91,3.08
171216.0,15.7,4.4,36.3,7.41,2.32,0.0,4.1,2.37
144160.0,17.0,3.9,33.89999999999999,3.63,2.74,1.04,3.29,2.3
138827.0,16.5,3.3,27.03,4.7,2.52,0.0,0.01,0.0
157568.0,15.7,3.6,26.700000000000003,0.84,0.37,1.05,1.92,3.22
109033.0,16.8,3.5,33.99,3.06,2.92,1.98,2.29,3.44
138867.0,15.2,3.4,30.209999999999994,2.16,2.54,2.77,3.42,0.72
165715.0,14.0,4.6,34.06,2.5,3.03,6.47,0.0,3.46
138570.0,12.2,3.9,22.65,3.35,0.83,0.0,1.52,0.85
138966.0,15.4,2.4,30.919999999999998,2.61,3.32,4.97,0.86,1.36
146423.0,15.2,4.3,35.50999999999999,6.18,4.01,1.25,2.23,2.34
338690.0,13.3,3.5,24.88,0.0,2.7,2.38,1.93,1.07
139018.0,13.6,2.6,39.25,7.97,6.36,5.63,0.0,3.09
144799.0,8.6,3.7,22.58,2.79,0.0,3.55,1.61,2.33
137690.0,17.6,3.8,34.28,4.4,0.27,1.19,3.61,3.41
139247.0,16.8,3.2,30.49,0.0,1.13,2.76,3.29,3.31
160700.0,16.7,4.2,37.940000000000005,2.28,3.25,5.95,0.0,5.56
145684.0,17.2,3.5,38.97,8.51,4.04,1.6,1.73,2.39
139827.0,16.6,3.5,35.35,7.01,0.04,4.09,1.33,2.78
160890.0,16.0,4.1,27.490000000000002,0.31,0.8,1.37,2.4,2.51
144101.0,17.0,4.0,34.25,4.48,2.26,0.87,1.72,3.92
140519.0,15.3,2.3,24.600000000000005,3.71,0.0,2.1,0.35,0.84
148637.0,15.5,4.5,38.25,1.4,5.74,1.33,4.03,5.75
132515.0,18.1,3.8,31.430000000000003,0.72,4.62,0.0,3.71,0.48
140665.0,15.7,3.1,38.42,5.18,7.03,0.1,2.99,4.32
160657.0,15.9,4.4,34.86,2.12,2.05,2.42,4.27,3.7
155373.0,15.0,3.3,28.29,2.17,2.87,3.18,0.03,1.74
141090.0,16.3,3.7,35.849999999999994,6.8,3.79,0.0,4.21,1.05
182578.0,17.1,2.9,35.589999999999996,5.5,0.51,3.49,3.83,2.26
141309.0,18.4,3.4,31.08,3.95,2.84,0.0,2.19,0.3
157798.0,15.1,5.1,33.43,5.61,0.0,4.33,0.29,3.0
103692.0,13.5,2.4,26.83,1.57,2.47,2.09,2.76,2.04
141414.0,18.2,3.5,43.31999999999999,9.09,0.75,4.9,4.51,2.37
206054.0,14.4,5.3,34.94,2.4,3.15,3.54,6.01,0.14
144277.0,17.3,3.7,35.72,5.44,0.38,1.16,3.04,4.7
141612.0,15.6,3.3,33.51,0.0,3.1,3.51,5.31,2.69
159654.0,15.8,4.0,33.900000000000006,5.71,2.98,5.1,0.0,0.31
139827.0,17.4,3.7,33.99,1.03,2.2,3.16,3.62,2.88
141630.0,16.1,2.8,35.440000000000005,5.24,0.98,5.84,1.13,3.35
162272.0,15.5,4.2,33.93,1.27,4.0,2.88,2.55,3.53
153672.0,17.6,3.6,34.2,1.64,3.92,3.95,1.81,1.68
141667.0,16.5,2.9,32.03,0.0,1.59,4.97,1.58,4.49
154121.0,16.4,3.6,29.78,2.0,0.19,2.44,4.43,0.72
142047.0,15.8,2.9,42.45,3.48,3.19,5.21,6.69,5.18
153056.0,17.7,4.3,37.39,3.5,6.1,0.0,4.6,1.19
123753.0,17.1,4.2,34.24000000000001,4.4,2.19,2.83,2.45,1.07
142301.0,14.5,2.7,27.11,3.67,1.07,0.0,2.59,2.58
117894.0,12.8,4.9,37.160000000000004,5.28,3.31,6.4,1.33,3.14
150401.0,17.8,4.1,40.36,1.27,4.8,4.83,4.85,2.71
131986.0,16.6,3.8,33.120000000000005,2.63,2.3,2.44,2.26,3.09
142575.0,15.4,3.2,35.84,2.88,4.14,2.46,6.11,1.65
161317.0,15.9,4.4,37.470000000000006,6.81,1.51,4.3,1.24,3.31
153006.0,16.1,3.7,32.93,0.0,2.39,3.62,4.05,3.07
142665.0,18.9,3.5,33.94,4.52,3.49,1.07,0.19,2.27
171409.0,13.4,4.3,31.679999999999996,5.56,1.72,4.56,0.0,2.14
141779.0,13.4,3.0,25.759999999999994,4.4,0.88,0.0,2.24,1.84
142929.0,10.7,4.2,27.33,1.74,1.29,6.29,2.83,0.28
182677.0,17.0,3.3,35.45,7.21,1.33,3.33,1.24,2.04
134586.0,18.6,4.0,32.25000000000001,1.35,2.3,4.8,0.0,1.2
143328.0,15.3,2.5,25.31,3.91,1.88,1.72,0.0,0.0
139743.0,14.4,4.7,29.55,0.48,1.11,4.09,3.47,1.3
166725.0,15.3,3.2,26.730000000000004,1.6,5.17,0.1,1.36,0.0
143465.0,17.3,2.3,24.73,1.77,0.0,3.36,0.0,0.0
293616.0,14.9,4.0,31.79,5.73,3.57,2.62,0.83,0.14
154939.0,16.4,3.5,27.110000000000003,1.12,1.3,1.17,0.0,3.62
143488.0,16.9,2.9,29.249999999999996,0.27,3.36,1.28,2.95,1.59
162618.0,17.0,4.2,32.4,3.04,1.26,3.2,2.85,0.85
119092.0,15.7,3.7,35.730000000000004,5.09,0.54,7.58,0.45,2.67
143514.0,14.0,2.6,34.93,3.12,2.4,5.36,3.91,3.54
177590.0,12.0,4.8,24.12,1.68,2.4,0.64,0.0,2.6
124362.0,12.8,3.6,32.53,4.6,1.55,2.94,3.69,3.35
144227.0,11.0,3.1,21.89,1.04,0.96,2.38,1.47,1.94
258344.0,14.5,4.7,35.970000000000006,1.6,5.66,4.44,2.26,2.81
139419.0,17.1,3.5,35.71,3.86,2.46,4.45,1.42,2.92
144380.0,15.9,3.0,38.67,4.46,3.97,4.62,1.19,5.53
165165.0,15.8,4.2,35.0,3.24,1.69,3.6,3.6,2.87
200407.0,16.2,4.4,36.129999999999995,3.79,6.79,2.18,0.36,2.41
144387.0,14.8,3.0,26.080000000000005,3.3,0.14,2.12,1.01,1.71
206493.0,15.8,5.1,34.69,3.42,2.38,3.21,2.37,2.41
137214.0,16.8,3.7,37.87,5.63,3.79,4.7,1.39,1.86
144491.0,16.1,2.9,27.470000000000002,5.42,0.0,0.37,0.61,2.07
164267.0,15.9,4.5,32.24,0.0,1.62,3.95,2.44,3.83
139779.0,17.8,3.6,29.680000000000007,0.8,0.28,3.32,3.53,0.35
145169.0,17.1,2.5,27.460000000000004,4.28,0.12,0.75,1.12,1.59
161329.0,13.2,3.0,24.710000000000004,1.12,1.39,0.78,3.28,1.94
162211.0,16.5,4.2,38.74,4.95,4.98,3.94,1.39,2.78
145534.0,15.0,1.7,25.840000000000003,1.35,1.03,0.2,2.55,4.01
164853.0,17.0,5.3,37.87,4.77,3.81,2.55,1.23,3.21
138763.0,16.5,3.6,34.11,5.11,1.98,4.13,0.0,2.79
146037.0,14.7,2.8,26.02,2.77,0.0,3.49,1.92,0.34
171215.0,14.7,4.6,26.549999999999997,0.0,1.58,1.36,0.44,3.87
122366.0,16.8,3.6,36.400000000000006,7.55,2.8,3.65,0.05,1.95
146487.0,12.7,2.6,29.929999999999996,5.99,2.04,3.7,1.41,1.49
162848.0,15.4,4.9,27.180000000000003,1.26,0.0,3.46,0.0,2.16
115803.0,16.7,3.8,32.9,4.4,3.18,0.99,2.56,1.27
146534.0,15.3,3.1,30.62,1.57,3.77,2.88,0.73,3.27
175693.0,14.2,4.4,26.7,0.0,0.91,0.08,2.38,4.73
143173.0,16.4,3.4,27.799999999999997,0.47,3.11,0.0,1.25,3.17
146725.0,16.2,3.0,32.04,3.17,3.92,2.5,1.13,2.12
163257.0,15.4,4.4,34.31,3.69,3.48,4.54,0.24,2.56
145229.0,16.4,3.2,33.839999999999996,2.75,1.57,5.86,0.82,3.24
147123.0,17.5,3.8,28.310000000000006,0.67,3.23,0.87,2.08,0.16
152946.0,16.8,5.0,37.13,3.1,1.31,3.6,4.82,2.5
129470.0,16.0,3.9,34.559999999999995,4.29,1.47,2.41,4.87,1.62
147684.0,16.0,3.1,32.64,1.36,2.27,4.8,4.5,0.61
181356.0,14.5,4.5,36.480000000000004,5.33,5.28,2.35,0.5,4.02
140036.0,17.2,3.7,42.379999999999995,5.09,2.56,6.03,4.29,3.51
148128.0,15.4,3.1,30.44,6.42,0.17,3.25,0.22,1.88
177640.0,14.9,4.2,36.34,1.6,3.94,4.51,4.6,2.59
122357.0,16.0,3.7,38.04,5.23,6.23,2.27,1.55,3.06
148173.0,15.3,3.3,37.150000000000006,3.42,2.8,6.05,3.08,3.2
173749.0,14.3,4.3,27.87,1.13,1.5,2.74,1.85,2.05
150769.0,16.8,4.0,39.12,7.04,0.3,1.7,3.73,5.55
148501.0,15.3,3.6,35.85000000000001,4.77,1.93,2.55,4.29,3.41
164579.0,15.7,4.1,30.13,0.42,5.25,2.91,0.0,1.75
136023.0,17.1,3.7,36.74,3.41,0.0,6.56,2.97,3.0
149190.0,16.4,3.2,34.07,0.85,1.84,3.86,3.74,4.18
170289.0,16.0,4.4,33.879999999999995,0.0,1.68,5.52,2.17,4.11
139417.0,15.3,3.6,34.93,0.62,2.02,3.89,5.45,4.05
149477.0,14.0,2.9,28.250000000000004,2.03,3.07,2.96,2.19,1.1
143675.0,15.7,4.7,34.839999999999996,3.68,3.43,3.54,0.26,3.53
135697.0,17.3,3.6,34.84,0.0,2.63,5.17,3.44,2.7
149538.0,15.5,3.1,27.67,0.0,1.73,4.46,0.3,2.58
150050.0,15.9,4.4,32.53,3.26,0.85,3.35,3.13,1.64
141336.0,16.9,3.9,33.26,2.83,0.0,4.4,0.44,4.79
149553.0,16.1,2.9,34.49,4.62,3.49,1.26,2.42,3.7
153577.0,15.9,4.2,37.55,6.66,5.27,2.36,0.86,2.3
145421.0,18.2,4.5,37.24,0.0,5.92,2.44,4.15,2.03
149732.0,15.5,2.0,28.32,3.83,0.0,3.89,0.92,2.18
190522.0,14.3,4.2,34.65,10.0,2.72,0.72,1.52,1.19
138674.0,14.3,3.3,33.31,1.32,0.0,6.84,2.52,5.03
149747.0,13.3,2.7,27.740000000000002,0.96,3.31,3.58,0.0,3.89
135151.0,12.7,3.9,23.5,0.93,0.0,3.69,0.02,2.26
175223.0,15.7,4.1,33.949999999999996,3.65,1.9,4.86,0.0,3.74
149778.0,14.1,3.3,24.46,0.42,1.53,0.09,2.01,3.01
218132.0,14.5,4.6,27.900000000000002,2.98,0.0,1.34,2.0,2.48
153179.0,17.6,3.0,27.28,0.0,2.09,2.89,0.0,1.7
149931.0,15.8,3.1,28.09,0.0,2.32,4.45,1.18,1.24
149833.0,15.9,4.5,27.6,0.0,1.07,3.28,0.0,2.85
138110.0,18.2,3.8,42.02,4.37,2.87,4.69,3.45,4.64
150367.0,17.2,3.3,31.879999999999995,2.26,2.82,0.0,4.38,1.92
169420.0,15.9,4.1,37.16,4.81,3.98,3.87,3.24,1.26
140217.0,17.1,4.0,38.25000000000001,6.59,0.0,4.97,2.49,3.1
150587.0,15.5,3.1,29.249999999999996,1.74,1.11,3.7,1.83,2.27
185667.0,14.8,4.6,26.58,1.12,0.0,3.0,1.77,1.29
144401.0,17.3,3.8,31.740000000000002,1.61,0.73,0.64,4.78,2.88
150592.0,15.5,3.3,40.980000000000004,10.0,3.93,3.0,2.84,2.41
172759.0,15.3,4.0,29.74,6.11,0.81,0.09,1.47,1.96
55760.0,18.5,3.8,38.940000000000005,7.24,1.78,4.2,0.0,3.42
150840.0,17.5,-0.5,29.1,1.35,2.79,0.0,2.97,4.99
154688.0,15.9,3.2,36.68,6.11,3.61,3.65,3.88,0.33
151074.0,13.5,2.4,30.880000000000003,6.27,1.15,3.07,0.0,4.49
288577.0,12.1,4.6,27.39,3.53,3.73,0.51,0.49,2.43
127456.0,16.8,4.0,34.71,3.37,1.92,5.14,1.94,1.54
151149.0,16.0,3.0,32.68,5.95,0.0,1.95,2.2,3.58
152269.0,15.7,4.2,25.909999999999997,3.06,1.01,0.24,1.7,0.0
147524.0,14.8,3.5,39.11,5.45,2.61,5.28,3.18,4.29
151371.0,16.4,2.1,24.42,1.98,1.07,0.0,2.12,0.75
153966.0,16.5,5.1,38.46,0.85,5.21,2.94,6.14,1.72
141499.0,16.1,4.0,29.06,1.31,3.08,0.0,2.26,2.31
151393.0,14.8,3.2,30.110000000000003,2.32,2.6,3.73,0.66,2.8
172736.0,14.1,4.2,31.479999999999997,4.12,2.76,1.88,1.4,3.02
159003.0,16.7,3.4,32.61,4.36,0.0,3.29,0.0,4.86
151435.0,15.5,3.1,28.470000000000002,3.67,0.91,2.97,2.19,0.13
173430.0,14.5,4.6,34.980000000000004,1.88,1.51,4.98,5.52,1.99
190088.0,16.9,3.2,36.480000000000004,3.03,4.47,1.34,3.52,4.02
151681.0,14.2,3.2,24.05,1.88,0.0,2.08,0.0,2.69
193765.0,8.3,3.2,24.059999999999995,4.51,2.55,0.72,1.7,3.08
154673.0,17.0,3.0,32.67,0.0,2.82,2.39,1.46,6.0
152383.0,17.5,2.5,30.499999999999996,3.48,2.63,0.84,2.97,0.58
160627.0,14.6,4.7,35.54,3.61,4.33,4.57,0.9,2.83
142053.0,17.2,3.9,33.699999999999996,0.95,4.64,1.22,3.32,2.47
152629.0,15.2,3.0,31.700000000000003,3.16,3.17,2.35,3.89,0.93
173161.0,16.1,4.1,43.56,5.54,5.94,5.0,3.79,3.09
221745.0,16.5,3.6,37.690000000000005,0.46,5.29,3.69,3.19,4.96
152768.0,14.7,2.8,37.8,4.28,4.1,6.3,2.03,3.59
302413.0,14.6,4.2,30.910000000000004,3.91,1.28,3.6,1.92,1.4
158248.0,16.8,3.2,37.81,5.92,4.17,3.65,3.92,0.15
152805.0,13.1,2.1,28.720000000000002,0.0,1.26,3.24,5.63,3.39
163720.0,14.9,4.6,24.74,0.0,0.0,2.18,1.38,1.68
133182.0,16.6,3.8,31.36,5.22,1.67,4.07,0.0,0.0
152878.0,15.4,3.0,27.24,3.71,0.0,3.02,2.11,0.0
153262.0,15.7,4.3,34.81,4.53,4.78,2.03,0.45,3.02
147504.0,17.4,3.5,38.85,1.52,2.27,6.25,4.38,3.53
153287.0,14.9,3.1,35.260000000000005,10.0,0.29,4.38,2.14,0.45
148662.0,15.3,4.2,37.93,5.49,5.64,1.49,2.37,3.44
143837.0,16.3,3.5,34.29,4.86,2.1,2.2,0.84,4.49
153306.0,16.3,3.1,39.17000000000001,4.4,1.58,7.66,2.39,3.74
190279.0,15.6,4.7,40.98,6.5,3.47,2.07,6.27,2.37
163053.0,15.9,3.6,26.599999999999998,5.21,0.02,1.72,0.15,0.0
153767.0,14.5,3.2,30.489999999999995,5.85,1.31,1.99,0.76,2.88
164996.0,15.1,3.9,28.129999999999995,1.45,0.0,2.95,2.08,2.65
145796.0,17.0,3.3,29.380000000000003,1.6,1.54,2.64,1.73,1.57
153933.0,16.5,2.9,37.76,3.1,5.97,4.35,2.29,2.65
173923.0,15.3,4.2,40.51,3.63,6.03,6.52,1.29,3.54
153452.0,16.4,3.6,30.480000000000004,3.68,0.82,2.49,0.0,3.49
154219.0,15.2,2.9,30.439999999999998,1.59,4.26,2.62,0.78,3.09
164151.0,14.8,4.2,35.24,5.49,3.22,3.82,0.0,3.71
132780.0,16.8,3.6,31.02,1.68,1.81,3.06,0.0,4.07
154424.0,16.0,3.1,31.2,6.47,0.46,2.27,0.47,2.43
157396.0,15.6,4.0,35.839999999999996,3.38,2.88,3.76,2.44,3.78
142080.0,15.9,3.6,37.7,5.83,4.17,6.64,0.0,1.56
154463.0,16.1,3.1,37.410000000000004,7.29,4.24,3.5,1.98,1.2
169154.0,15.7,4.3,34.38,2.37,3.05,5.31,3.65,0.0
177594.0,16.8,3.7,32.61,3.28,7.09,0.0,0.0,1.74
154734.0,16.6,3.0,29.450000000000003,1.1,3.51,2.1,0.55,2.59
117668.0,16.8,4.5,32.49,3.52,0.0,0.0,3.13,4.54
155109.0,17.5,4.0,26.63,0.0,0.0,3.72,0.88,0.53
154814.0,15.9,3.8,34.089999999999996,1.3,7.61,1.63,2.87,0.98
160956.0,17.5,3.7,36.1,7.27,1.72,1.48,0.14,4.29
141970.0,16.6,3.7,33.71,3.17,1.81,3.25,2.33,2.85
155218.0,16.8,3.1,27.240000000000006,0.0,1.44,2.42,0.0,3.48
146514.0,16.7,3.6,42.89,6.51,5.85,2.65,2.8,4.78
155841.0,16.1,3.0,36.470000000000006,2.95,5.87,3.29,2.77,2.49
176157.0,15.0,4.5,30.35,0.41,4.32,2.57,1.07,2.48
125562.0,11.7,2.7,29.4,2.57,3.93,1.14,3.63,3.73
156435.0,12.2,2.9,24.729999999999997,0.0,2.62,3.47,0.0,3.54
147731.0,9.6,3.6,30.22,3.04,3.95,4.03,2.78,3.22
120172.0,18.3,3.5,33.46999999999999,3.9,1.65,0.4,1.67,4.05
156479.0,14.6,3.4,32.940000000000005,4.24,3.53,4.46,2.71,0.0
195140.0,12.5,4.1,29.48,6.25,3.23,1.81,0.43,1.16
138630.0,19.3,3.7,34.25,3.36,1.2,0.99,3.07,2.63
156652.0,14.6,3.4,33.86,2.65,4.14,3.25,1.84,3.98
193815.0,15.8,5.5,41.44,5.04,5.27,3.29,4.68,1.86
154139.0,17.6,3.8,39.59,5.46,5.11,4.02,1.58,2.02
156851.0,15.1,2.8,22.16,0.64,0.07,1.95,0.0,1.6
176972.0,15.6,4.1,45.11,7.97,3.78,5.61,4.44,3.61
130773.0,15.9,3.4,28.78,2.25,3.85,1.13,1.31,0.94
156945.0,14.6,2.7,38.16,8.58,6.69,1.43,4.16,0.0
183677.0,14.2,4.5,36.529999999999994,3.75,3.4,4.59,2.05,4.04
145428.0,16.5,3.5,34.53,6.03,2.16,3.64,0.01,2.69
157007.0,15.2,3.4,25.9,0.0,5.61,0.0,1.69,0.0
146188.0,15.4,4.1,34.96,3.69,5.04,0.18,4.3,2.25
133110.0,17.7,3.5,26.279999999999998,1.86,0.0,1.57,1.15,0.5
157335.0,16.3,3.1,30.660000000000004,2.48,1.66,2.23,1.48,3.41
178915.0,15.3,4.0,33.150000000000006,6.57,1.08,3.41,0.0,2.79
147385.0,17.5,3.8,34.92,6.02,0.0,2.41,0.51,4.68
157609.0,15.0,3.1,30.630000000000003,5.54,4.34,0.0,1.53,1.12
181591.0,15.0,4.3,28.73,4.15,0.0,3.45,0.02,1.81
151974.0,16.7,3.6,37.629999999999995,5.98,3.26,1.43,3.12,3.54
157669.0,16.2,2.6,30.93,2.2,2.38,4.85,0.53,2.17
175497.0,15.5,3.7,37.769999999999996,6.1,2.89,3.93,0.97,4.68
154158.0,14.8,3.6,29.350000000000005,4.43,4.76,0.0,0.07,1.69
158249.0,14.1,2.8,31.36,3.0,3.11,2.3,2.81,3.24
157061.0,15.1,4.8,34.959999999999994,2.67,2.29,1.72,2.38,6.0
152109.0,15.8,3.6,31.15,5.45,1.15,2.38,1.46,1.31
158340.0,14.9,3.3,29.22,4.56,3.69,0.0,0.0,2.77
188417.0,15.1,4.6,34.089999999999996,4.56,5.81,2.49,0.39,1.14
131841.0,16.7,3.3,28.279999999999998,0.99,0.65,4.37,0.95,1.32
158369.0,15.9,3.0,35.2,3.47,2.46,6.9,1.09,2.38
167430.0,15.9,4.1,30.7,3.91,0.76,4.58,1.27,0.18
145186.0,17.4,3.5,35.50999999999999,4.57,6.33,1.41,0.64,1.66
158668.0,15.8,3.2,30.36,1.88,0.5,4.34,3.61,1.03
195386.0,14.9,4.3,37.43,5.24,3.71,3.89,1.28,4.11
160910.0,14.2,3.9,26.61,1.14,1.1,2.19,1.38,2.7
158805.0,16.6,3.2,33.59,4.73,2.67,1.0,2.6,2.79
165072.0,14.3,4.2,34.43,5.22,4.46,1.86,3.83,0.56
155459.0,16.9,3.6,33.739999999999995,1.33,5.11,1.08,0.0,5.72
159307.0,16.0,2.3,31.169999999999998,3.84,3.02,2.06,3.95,0.0
141684.0,18.3,4.5,37.57000000000001,4.91,2.05,1.85,3.43,2.53
173324.0,16.5,3.6,30.35,0.0,3.42,2.08,3.19,1.56
159468.0,19.2,3.1,34.17999999999999,1.42,2.36,3.54,1.74,2.82
151263.0,16.5,3.8,36.92,3.91,3.93,1.27,4.43,3.08
159958.0,16.2,3.2,33.68,3.54,1.25,1.87,2.32,5.3
173653.0,15.5,4.4,36.8,4.73,1.52,6.09,0.9,3.66
155542.0,17.0,3.5,37.230000000000004,4.55,0.56,2.53,5.14,3.95
159995.0,15.4,3.0,36.15,0.86,2.75,3.14,6.62,4.38
176055.0,15.4,4.0,36.349999999999994,2.3,4.67,3.07,4.66,2.25
165420.0,11.3,2.8,28.870000000000005,4.53,4.33,3.14,0.17,2.6
160001.0,15.2,3.2,27.23,0.0,1.71,1.68,5.44,0.0
163967.0,16.9,5.0,38.03,6.88,2.83,3.81,0.28,2.33
150692.0,17.2,3.7,39.42,6.46,2.51,2.78,4.68,2.09
160276.0,16.5,3.1,30.970000000000002,3.45,1.12,2.6,0.15,4.05
180460.0,15.8,4.0,27.84,0.81,1.48,1.89,1.21,2.65
146024.0,15.6,3.4,33.82,4.0,6.93,0.21,0.0,3.68
160626.0,13.3,2.4,34.71000000000001,3.95,3.37,3.1,3.0,5.59
169528.0,14.4,4.5,31.52,2.48,0.0,4.24,3.37,2.53
139847.0,14.7,3.6,31.510000000000005,0.69,0.0,3.63,5.4,3.49
160664.0,12.1,2.3,19.52,2.48,0.0,0.0,1.66,0.98
159902.0,13.1,4.4,25.740000000000002,0.0,4.07,1.67,0.0,2.5
149221.0,17.1,3.8,41.14,1.85,3.81,5.24,3.72,5.62
160994.0,15.6,2.9,32.32,4.24,1.31,0.52,6.73,1.02
203649.0,15.0,4.3,33.08,5.11,0.0,2.99,4.31,1.37
167777.0,18.6,4.0,38.0,2.48,0.81,5.06,5.52,1.53
161002.0,12.4,3.0,23.310000000000006,4.59,0.69,0.21,2.32,0.1
240075.0,15.6,4.8,28.06,0.0,0.11,3.92,0.0,3.63
151249.0,17.3,3.2,24.92,0.88,0.71,0.44,0.0,2.39
161018.0,17.2,2.9,38.72,7.64,4.59,1.95,1.25,3.19
180952.0,15.5,4.1,28.55,3.12,0.86,2.72,0.64,1.61
143997.0,16.1,3.0,27.53,1.28,1.84,0.91,1.95,2.45
161103.0,15.6,3.6,25.86,0.0,0.0,2.35,0.0,4.31
159724.0,14.7,4.5,28.48,0.0,0.0,5.62,1.94,1.72
140592.0,17.1,3.6,37.14,4.22,2.47,4.5,5.12,0.13
158365.0,16.7,3.6,38.82000000000001,8.15,4.36,1.7,2.46,1.85
161843.0,15.5,3.1,35.040000000000006,2.3,3.53,4.31,3.74,2.56
183550.0,15.8,4.5,31.299999999999997,4.49,0.0,4.15,0.24,2.12
146775.0,16.2,4.1,32.809999999999995,8.37,0.01,3.48,0.65,0.0
162045.0,15.8,2.9,28.91,2.87,2.57,2.73,0.5,1.54
167057.0,15.6,5.1,37.690000000000005,5.65,4.42,2.92,0.77,3.23
188876.0,13.1,3.2,29.630000000000003,2.86,2.14,4.47,3.6,0.26
162062.0,14.0,3.8,34.96,7.29,3.0,3.18,0.0,3.69
162117.0,18.6,3.8,34.040000000000006,4.91,0.0,0.0,2.07,4.66
162104.0,18.0,3.6,35.330000000000005,3.78,0.48,3.38,3.38,2.71
161912.0,16.6,3.4,38.45,6.1,0.0,5.73,2.9,3.72
147798.0,16.5,3.6,29.44,2.6,2.09,1.3,1.29,2.06
162624.0,15.7,2.8,38.89,7.14,3.24,1.72,3.39,4.9
173582.0,14.0,4.1,29.720000000000006,0.0,2.24,7.14,0.57,1.67
156795.0,19.3,3.9,40.39,5.55,1.93,4.28,0.96,4.47
162761.0,14.3,3.4,37.35,7.69,2.14,4.02,3.99,1.81
179858.0,16.2,4.8,32.43,1.09,4.38,4.58,0.0,1.38
130337.0,14.9,3.6,33.69,1.47,2.98,1.91,5.98,2.85
162805.0,14.4,3.0,25.78,3.19,0.0,2.33,0.59,2.27
175125.0,14.9,4.4,28.960000000000004,2.6,4.46,0.0,0.0,2.6
173954.0,18.0,3.3,34.67,0.41,4.72,2.37,3.43,2.44
163164.0,14.5,2.9,31.179999999999993,2.29,2.48,5.35,2.83,0.83
238741.0,15.8,4.5,36.35,6.31,0.0,5.96,0.0,3.78
148411.0,16.0,4.0,35.9,6.44,1.77,4.0,1.8,1.89
163321.0,14.9,3.1,28.060000000000002,3.86,1.23,2.26,2.3,0.41
171187.0,13.9,4.2,29.34,1.31,2.77,2.19,2.84,2.13
149927.0,13.4,2.7,29.0,4.03,3.26,3.0,2.0,0.61
163769.0,14.5,3.2,29.129999999999995,1.27,0.82,3.97,2.36,3.01
212516.0,13.0,4.4,40.01,9.82,6.14,2.33,2.8,1.52
159068.0,16.6,3.6,36.660000000000004,6.69,1.83,6.21,0.0,1.73
164792.0,15.6,3.6,27.520000000000003,4.65,0.0,1.6,1.65,0.42
196584.0,10.8,4.1,31.46,6.1,3.24,4.77,0.0,2.45
157158.0,18.7,3.8,39.419999999999995,5.8,3.34,3.66,0.0,4.12
164966.0,15.9,3.0,32.26,4.08,3.87,1.24,2.24,1.93
186174.0,15.3,4.7,26.660000000000004,1.62,0.0,0.39,1.78,2.87
143269.0,16.1,3.3,28.300000000000004,0.15,4.26,2.05,2.23,0.21
165229.0,15.2,2.6,33.900000000000006,3.35,0.0,2.58,5.17,5.0
135269.0,14.2,3.9,39.7,5.37,3.86,2.56,4.47,5.34
165246.0,13.0,2.4,32.02,5.98,2.79,1.56,4.94,1.35
190650.0,13.6,4.2,31.3,6.84,6.21,0.0,0.0,0.45
150699.0,15.9,3.1,37.839999999999996,1.2,7.88,3.33,1.75,4.68
165517.0,15.1,3.4,33.82,2.32,3.43,2.23,3.37,3.97
181789.0,13.6,6.0,34.02,7.22,1.49,2.6,1.27,1.84
167347.0,15.5,4.2,29.29,0.0,5.9,1.09,0.65,1.95
165554.0,16.8,3.2,32.39,2.9,2.16,3.51,2.97,0.85
171019.0,15.8,4.5,36.550000000000004,5.2,5.14,1.88,0.68,3.35
141616.0,16.7,4.1,39.559999999999995,7.4,4.76,0.92,2.2,3.48
165876.0,15.5,2.9,31.169999999999998,0.0,4.89,1.13,3.52,3.23
195666.0,14.3,4.0,31.769999999999996,4.24,2.61,1.31,0.38,4.93
152348.0,17.2,3.7,32.73,2.34,2.89,3.82,0.0,2.78
166062.0,16.6,3.0,39.410000000000004,10.0,4.06,2.56,1.12,2.07
184886.0,15.8,4.2,38.14,7.56,2.66,1.95,3.37,2.6
151854.0,15.2,2.7,30.899999999999995,0.49,3.45,1.88,3.88,3.3
166235.0,14.7,3.1,28.640000000000004,2.64,0.48,2.92,2.49,2.31
183195.0,14.8,4.0,38.1,6.98,2.15,2.61,3.43,4.13
174280.0,16.9,3.4,29.54,0.0,1.44,1.83,2.43,3.54
166745.0,15.6,2.4,41.83,7.58,5.68,4.97,1.44,4.16
197532.0,14.1,4.6,36.43,1.98,5.13,2.96,2.82,4.84
187734.0,17.1,3.6,46.59,4.8,6.39,5.36,7.08,2.26
166874.0,17.1,2.4,35.64,3.89,3.43,2.13,2.42,4.27
189933.0,15.6,3.6,33.75,6.4,1.99,2.34,0.68,3.14
130119.0,18.8,4.0,42.63,7.15,1.66,4.46,2.68,3.88
166882.0,16.6,4.1,28.120000000000005,0.36,0.71,0.19,2.92,3.24
184106.0,16.2,4.4,34.76,4.47,3.76,2.41,3.52,0.0
80328.0,16.7,3.8,37.12,6.7,2.37,3.69,0.31,3.55
166889.0,11.6,2.8,26.58,3.21,5.4,1.64,0.0,1.93
257609.0,8.2,3.7,24.06,3.15,1.46,3.71,3.84,0.0
158060.0,16.7,3.5,30.45,1.27,2.58,1.01,2.3,3.09
166984.0,15.7,2.9,28.349999999999994,3.77,3.84,0.0,0.24,1.9
184198.0,15.3,3.9,36.23,4.04,2.13,1.25,6.59,3.02
161205.0,16.0,3.6,28.8,1.15,1.12,1.73,1.81,3.39
167193.0,14.7,3.2,30.82,3.55,3.34,3.19,0.0,2.84
154983.0,15.4,5.1,26.86,0.0,0.33,1.61,2.34,2.08
157264.0,17.2,3.6,36.93,2.87,4.31,2.61,0.34,6.0
167377.0,15.5,3.1,35.3,2.31,5.65,4.2,3.74,0.8
185718.0,15.4,4.3,29.86,0.0,1.77,3.97,0.96,3.46
179561.0,14.4,3.7,29.000000000000004,5.28,2.42,1.79,1.41,0.0
167520.0,15.5,3.7,24.25,2.55,0.0,0.0,2.39,0.11
152965.0,15.5,3.6,22.84,0.0,2.5,0.88,0.0,0.36
167600.0,14.5,2.4,25.569999999999997,0.47,6.15,0.0,0.0,2.05
179598.0,16.7,4.7,38.07999999999999,9.44,0.0,1.87,1.82,3.55
166080.0,15.7,3.9,35.17,8.0,3.36,0.39,0.64,3.18
167653.0,14.7,3.0,28.779999999999998,0.0,2.02,3.4,1.21,4.45
178758.0,14.6,3.8,32.41,0.22,6.9,3.35,1.74,1.8
152766.0,16.0,3.5,29.88,6.17,0.83,1.73,0.0,1.65
168086.0,14.9,2.8,32.57,1.5,5.01,2.87,2.54,2.95
200207.0,14.9,4.4,33.99,0.52,4.34,3.09,3.27,3.47
156548.0,16.6,3.5,38.620000000000005,4.71,3.21,5.52,3.97,1.11
168189.0,14.3,2.9,32.38,3.6,4.06,2.75,3.3,1.47
186584.0,15.0,4.0,34.79,2.73,4.1,1.72,2.02,5.22
179174.0,17.4,2.7,34.449999999999996,0.44,2.33,4.26,4.17,3.15
168287.0,17.7,3.6,39.28,3.07,3.73,4.29,3.47,3.42
207370.0,14.6,4.9,32.96,6.94,1.35,1.32,1.53,2.32
148735.0,16.3,3.6,30.320000000000004,2.32,5.43,1.69,0.98,0.0
168622.0,15.0,2.9,25.939999999999994,3.81,0.0,1.22,0.08,2.93
209416.0,14.1,4.3,33.69,2.11,3.17,4.98,3.39,1.64
166930.0,17.2,3.6,37.00000000000001,6.07,0.82,4.47,3.81,1.03
169609.0,12.3,1.9,31.960000000000004,3.61,6.39,3.78,2.63,1.35
167925.0,15.3,4.5,32.89,3.95,3.65,4.85,0.0,0.64
160090.0,16.9,3.7,38.11,2.71,3.0,3.65,5.83,2.32
169762.0,15.2,2.8,34.18,10.0,2.98,2.87,0.0,0.33
188860.0,15.7,4.0,29.27,0.86,2.28,1.52,3.4,1.51
127356.0,17.0,4.3,27.08,0.0,0.0,3.86,0.84,1.08
169774.0,9.3,1.9,28.000000000000004,3.13,2.85,7.64,2.38,0.8
233923.0,14.6,4.9,36.23,4.17,1.58,1.29,4.36,5.33
157506.0,15.5,3.8,37.300000000000004,5.33,2.88,4.16,2.88,2.75
170090.0,13.3,3.2,17.52,0.0,0.16,0.0,0.0,0.86
182338.0,11.4,3.9,32.09,5.06,3.28,3.42,0.1,4.93
165395.0,16.4,4.4,31.069999999999997,4.32,1.58,1.67,2.25,0.45
170140.0,14.2,3.0,38.410000000000004,6.51,3.49,0.04,5.86,5.31
155631.0,17.0,4.8,39.44,4.93,4.56,3.94,0.86,3.35
152072.0,16.0,3.6,34.64,7.69,3.03,0.0,0.0,4.32
170182.0,13.7,2.9,23.529999999999998,3.58,0.8,1.81,0.74,0.0
167434.0,14.5,4.3,30.09,2.14,1.47,1.66,1.83,4.19
172664.0,16.7,4.0,37.60999999999999,7.35,0.55,2.13,3.84,3.04
170241.0,11.8,2.3,28.720000000000006,4.44,0.85,2.85,3.44,3.04
174598.0,13.9,4.4,35.04,4.37,1.74,5.95,1.43,3.25
188165.0,15.2,3.0,26.399999999999995,2.81,0.45,2.79,0.29,1.86
170740.0,13.9,2.9,24.539999999999996,0.0,1.67,3.38,0.95,1.74
193187.0,12.3,4.9,32.7,5.95,2.51,4.95,0.0,2.09
142819.0,15.8,3.1,30.85,0.0,1.47,3.5,4.11,2.87
170743.0,15.8,2.8,34.21,4.17,3.01,3.0,2.99,2.44
218381.0,14.3,4.8,34.96,6.46,0.0,6.35,1.83,1.22
159932.0,15.4,3.1,30.029999999999998,2.81,0.0,3.87,2.58,2.27
170788.0,13.8,2.8,26.18,6.26,0.0,0.48,0.85,1.99
158868.0,14.5,4.0,32.12,4.65,2.05,4.51,1.02,1.39
158375.0,16.6,3.3,39.18000000000001,5.44,5.14,3.95,1.83,2.92
170809.0,16.4,2.9,34.74999999999999,3.27,2.54,4.18,2.95,2.51
188295.0,15.5,3.7,38.019999999999996,8.34,0.0,6.57,0.98,2.93
174084.0,16.7,3.5,26.64,2.36,0.5,1.51,0.0,2.07
170851.0,14.9,3.9,27.770000000000003,1.51,0.0,3.6,1.23,2.63
188400.0,17.0,4.4,38.91,7.5,2.27,2.77,0.0,4.97
161676.0,16.1,4.1,35.36,0.0,5.95,1.96,2.66,4.59
170883.0,16.7,2.7,35.49999999999999,4.11,4.47,3.47,0.0,4.05
151207.0,15.3,4.0,31.8,7.09,0.0,3.62,1.75,0.04
178636.0,18.0,3.2,38.36,2.9,4.84,2.16,3.06,4.2
170938.0,15.1,3.1,31.29,6.62,0.0,2.51,1.51,2.45
191175.0,15.2,4.4,28.020000000000003,3.12,2.46,0.14,1.12,1.58
166414.0,14.6,4.1,30.569999999999997,3.32,1.92,3.26,1.85,1.52
170987.0,15.8,2.4,35.68000000000001,7.01,5.48,1.62,1.92,1.45
197242.0,13.2,5.1,33.15,2.54,0.8,6.37,3.0,2.14
168810.0,17.4,3.9,37.04,5.83,4.98,1.08,1.42,2.43
171014.0,16.6,2.8,28.020000000000003,3.83,1.14,1.15,0.0,2.5
173912.0,16.6,4.2,36.26,2.72,2.95,5.04,1.4,3.35
148842.0,12.6,3.5,30.490000000000002,3.85,4.27,2.54,0.32,3.41
171275.0,13.3,1.4,30.46,4.2,4.09,4.9,1.85,0.72
220498.0,12.8,3.8,29.150000000000006,3.94,5.05,0.44,2.36,0.76
152870.0,13.7,2.9,37.28,3.26,7.32,2.27,2.73,5.1
171285.0,17.3,2.9,32.989999999999995,4.47,1.18,0.97,0.84,5.33
190355.0,15.7,5.1,37.690000000000005,4.44,0.03,6.3,2.52,3.6
163030.0,15.0,3.8,20.78,1.18,0.0,0.0,0.0,0.8
171487.0,12.8,2.9,32.65,3.22,2.39,6.89,1.22,3.23
199927.0,16.9,4.8,35.019999999999996,4.63,4.28,2.15,1.08,1.18
182526.0,17.7,3.2,33.58,5.94,0.8,0.95,1.46,3.53
171572.0,15.3,4.0,37.26,8.45,4.33,3.47,0.22,1.49
165249.0,17.3,4.9,39.760000000000005,5.78,2.4,2.92,4.38,2.08
225638.0,15.3,3.6,35.029999999999994,3.92,6.23,3.53,0.16,2.29
172475.0,16.0,3.5,34.35999999999999,6.08,2.86,3.21,0.73,1.98
237518.0,14.0,3.4,36.56,4.83,6.41,2.6,2.23,3.09
172788.0,14.9,3.5,29.89,1.69,1.47,1.39,2.91,4.03
192230.0,15.2,4.2,30.970000000000002,4.49,0.77,3.66,1.62,1.03
157208.0,19.0,4.2,38.04,3.69,5.93,2.72,2.45,0.05
172975.0,9.3,1.9,28.820000000000004,6.97,3.35,1.34,4.62,1.34
179652.0,12.0,4.6,27.31,0.58,1.65,1.57,4.69,2.22
160657.0,16.7,3.5,28.459999999999997,6.85,0.53,0.72,0.0,0.16
173538.0,16.5,3.3,36.730000000000004,5.5,3.48,0.18,3.11,4.66
210164.0,15.5,4.4,32.81999999999999,4.14,2.54,3.65,0.0,2.59
159841.0,17.0,3.6,38.33,3.76,5.79,0.38,5.12,2.68
173572.0,15.0,3.0,35.88,7.41,1.24,1.46,4.14,3.63
188629.0,14.9,4.2,28.720000000000002,5.92,1.07,0.0,2.39,0.24
161129.0,17.2,3.5,28.869999999999997,2.06,1.35,0.0,0.43,4.33
173661.0,15.7,2.9,36.79,2.68,6.3,3.14,3.43,2.64
190680.0,16.1,4.2,34.57,5.05,4.37,1.63,0.87,2.35
162418.0,17.1,4.0,29.19,0.0,1.29,2.25,1.34,3.21
173792.0,18.4,3.9,37.41,2.84,5.67,5.56,0.93,0.11
184554.0,11.8,5.3,35.26,7.6,2.7,2.93,0.81,4.12
203860.0,15.7,3.4,38.870000000000005,4.93,0.4,8.72,3.52,2.2
173966.0,15.3,2.8,31.590000000000003,5.41,1.25,1.3,2.28,3.25
170734.0,16.0,4.2,33.809999999999995,3.4,3.09,5.25,0.25,1.62
157743.0,14.5,4.0,34.26,3.36,5.97,3.82,0.0,2.61
174253.0,13.9,2.2,25.74,3.64,0.06,4.54,0.0,1.4
151593.0,16.8,3.0,23.7,0.0,0.0,1.54,1.47,0.89
174286.0,12.2,2.8,27.52,0.23,2.67,3.73,3.35,2.54
200383.0,11.9,4.3,36.38999999999999,7.51,4.81,4.96,1.16,1.75
147120.0,17.9,3.5,35.779999999999994,3.41,2.34,4.47,2.34,1.82
174337.0,15.5,2.8,27.91,3.37,0.15,1.65,3.43,1.01
177917.0,15.9,4.2,34.58,6.4,0.0,4.42,1.33,2.33
157369.0,16.0,3.6,45.09,9.02,4.98,5.5,4.31,1.68
174491.0,17.1,3.5,37.88,10.0,1.1,0.0,5.11,1.07
159732.0,16.7,3.6,38.58,8.76,1.78,3.73,2.04,1.97
174510.0,14.6,2.9,28.78,1.15,0.55,4.16,2.55,2.87
203162.0,14.2,4.6,30.9,2.3,2.79,0.0,2.82,4.19
170008.0,18.4,3.9,39.67999999999999,6.61,1.16,5.28,3.36,0.97
174528.0,14.3,3.1,33.31,9.11,0.0,1.15,1.8,3.85
199467.0,15.0,4.1,32.800000000000004,1.42,1.68,5.95,0.41,4.24
143421.0,16.1,3.6,35.78,6.53,2.9,5.15,0.0,1.5
174916.0,14.1,2.7,34.74,7.56,2.44,4.28,1.63,2.03
207798.0,13.7,4.4,33.37,5.53,0.47,3.15,4.41,1.71
145431.0,15.8,3.7,39.42,5.41,0.98,4.37,6.46,2.7
167586.0,15.2,3.9,34.26,4.17,3.31,6.79,0.0,0.89
153907.0,17.4,3.0,35.31,0.69,2.8,5.87,3.14,2.41
175334.0,17.1,3.3,39.67,4.85,4.94,0.08,4.4,5.0
231786.0,13.9,4.3,30.650000000000002,0.87,2.95,4.08,1.02,3.53
168099.0,16.3,3.7,39.129999999999995,3.09,0.58,7.76,4.69,3.01
175398.0,15.8,3.1,30.45,0.0,6.24,1.72,0.84,2.75
187063.0,15.8,4.3,36.14,7.04,0.0,3.0,0.0,6.0
188374.0,16.9,3.2,39.64,5.39,1.31,6.23,5.11,1.5
175402.0,15.1,3.7,36.150000000000006,5.86,1.19,3.28,1.82,5.2
197326.0,14.7,4.5,32.88,6.16,1.56,0.35,3.73,1.88
152250.0,18.3,3.2,33.15,2.35,3.36,3.08,0.91,1.95
175917.0,15.9,3.1,34.239999999999995,2.51,0.62,4.5,2.81,4.8
199603.0,16.3,5.3,32.86,2.63,1.52,0.0,2.39,4.72
158004.0,17.6,3.8,27.230000000000004,1.94,0.57,0.94,2.38,0.0
176423.0,16.8,3.2,42.69,10.0,1.2,5.7,2.64,3.15
123670.0,16.1,4.5,30.890000000000004,5.22,0.0,2.49,1.07,1.51
165077.0,16.7,3.5,31.889999999999997,6.68,1.67,0.22,1.57,1.55
177303.0,15.2,2.9,42.769999999999996,7.86,5.61,3.3,2.32,5.58
193962.0,15.4,3.9,36.88,4.48,2.83,3.62,2.08,4.57
161422.0,12.2,3.6,27.699999999999996,2.3,5.22,0.74,2.1,1.54
177690.0,16.1,3.0,26.6,3.6,0.81,2.27,0.69,0.13
207326.0,7.6,4.0,22.229999999999997,2.38,1.27,0.2,4.27,2.51
183188.0,15.4,4.1,30.94,0.19,1.53,2.15,5.19,2.38
177798.0,17.6,2.9,28.99,1.32,0.0,2.55,4.56,0.06
150626.0,12.9,3.8,30.919999999999998,3.25,1.9,4.73,0.88,3.46
230841.0,15.6,4.5,33.11,0.0,3.33,4.25,2.38,3.05
178144.0,16.5,3.5,36.0,2.52,5.76,1.89,0.0,5.83
173834.0,13.3,3.8,38.790000000000006,7.92,5.32,4.98,0.0,3.47
246932.0,13.4,4.0,21.0,0.0,0.0,0.0,0.86,2.74
178363.0,17.4,3.9,32.419999999999995,2.51,1.76,3.77,0.62,2.46
154074.0,16.6,3.6,33.86000000000001,2.89,4.12,2.45,1.16,3.04
161547.0,15.1,3.7,31.85,4.07,1.98,3.9,1.5,1.6
178730.0,16.6,3.1,34.660000000000004,4.49,0.0,6.69,0.0,3.78
199750.0,15.7,3.9,25.65,0.87,2.51,2.53,0.0,0.14
158572.0,16.3,3.7,30.86,0.6,3.15,4.31,0.0,2.8
179756.0,14.7,2.9,29.159999999999997,2.54,2.28,2.0,2.32,2.42
223074.0,14.5,4.5,26.46,3.44,0.06,2.43,0.0,1.53
178368.0,16.2,3.7,28.769999999999996,4.27,0.0,1.11,0.0,3.49
180202.0,15.0,3.0,39.73,3.75,4.42,5.45,4.74,3.37
194601.0,15.0,4.6,33.82,3.66,2.79,4.11,1.5,2.16
169035.0,16.1,3.8,32.59,2.21,5.09,0.0,0.79,4.6
180753.0,14.9,3.0,33.65,7.14,1.64,2.01,4.96,0.0
210739.0,15.9,4.6,35.96,2.31,1.48,5.3,1.97,4.4
170244.0,17.6,3.6,41.150000000000006,0.0,6.32,6.82,5.11,1.7
181261.0,17.1,2.8,39.77,4.1,3.2,5.34,3.63,3.6
198161.0,14.9,4.0,21.709999999999997,0.0,1.63,0.0,0.0,1.18
160693.0,16.0,3.8,29.32,2.61,0.28,2.86,3.31,0.46
181478.0,14.1,2.7,25.36,0.51,2.4,2.88,0.0,2.77
194244.0,14.1,4.1,35.800000000000004,1.69,2.87,6.56,3.41,3.07
177820.0,17.1,3.7,31.700000000000003,0.92,2.64,4.86,1.6,0.88
181522.0,16.1,3.2,29.599999999999998,2.27,2.52,4.34,1.04,0.13
199157.0,15.4,4.1,30.8,1.77,5.18,0.0,0.5,3.85
128910.0,16.6,3.0,38.63,4.69,2.85,4.83,3.73,2.93
181609.0,12.3,3.4,33.67,4.04,6.18,2.1,1.06,4.59
199117.0,14.4,4.8,32.43,5.36,5.58,0.7,0.0,1.59
153302.0,19.0,4.4,41.66,5.1,5.32,1.43,3.25,3.16
181661.0,13.1,3.3,29.24,2.06,4.01,1.25,4.21,1.31
185494.0,15.7,4.3,39.21,10.0,0.0,7.43,0.82,0.96
176093.0,17.5,3.6,28.35,0.44,1.24,0.0,2.91,2.66
181909.0,16.6,2.4,35.480000000000004,3.53,2.71,3.07,2.91,4.26
176102.0,18.7,3.4,32.34,0.07,2.63,0.94,1.62,4.98
182748.0,15.2,3.2,32.46,3.1,3.72,4.77,0.2,2.27
189103.0,15.2,4.3,37.63,6.4,1.1,4.91,1.91,3.81
147934.0,16.3,3.7,38.02,4.34,5.39,3.25,5.04,0.0
182897.0,14.4,2.9,34.49,7.46,1.72,0.32,1.69,6.0
203588.0,14.6,4.5,21.87,0.06,0.0,1.82,0.0,0.89
177253.0,13.1,3.6,28.369999999999997,5.72,2.63,0.89,1.0,1.43
182999.0,11.8,2.4,25.35,7.76,1.03,0.0,2.36,0.0
282987.0,14.5,3.7,27.279999999999998,2.13,1.21,2.61,1.22,1.91
192669.0,15.0,3.6,33.800000000000004,3.28,4.39,3.15,0.0,4.38
183905.0,8.4,3.3,32.78999999999999,8.53,0.97,1.83,4.21,5.55
205928.0,12.1,5.0,29.62,4.86,0.64,3.46,0.81,2.75
156857.0,16.2,3.5,35.84,5.29,1.08,6.36,1.53,1.88
183980.0,16.9,2.8,30.349999999999994,1.47,0.48,0.56,5.35,2.79
183325.0,12.2,3.0,29.16,2.58,5.82,2.52,0.7,2.34
161838.0,15.8,3.5,33.59,2.62,2.56,4.13,2.14,2.84
184105.0,14.3,2.7,24.2,1.74,0.0,0.93,1.57,2.96
221932.0,14.2,4.9,30.83,3.01,3.71,5.01,0.0,0.0
179447.0,16.4,3.7,40.4,5.66,2.27,2.74,4.99,4.64
184141.0,14.9,3.3,28.759999999999998,2.34,2.29,2.97,0.73,2.23
194845.0,15.6,4.3,30.24,3.86,1.13,0.0,4.41,0.94
187702.0,14.7,4.0,29.91,3.6,0.9,2.83,1.0,2.88
184742.0,16.0,3.5,35.85,7.3,6.18,0.0,2.64,0.23
204981.0,14.2,3.6,30.62,0.0,4.14,4.78,3.9,0.0
179972.0,15.0,3.5,37.89,3.99,0.0,3.81,7.3,4.29
185468.0,15.7,1.8,27.43,3.03,1.31,3.26,2.33,0.0
206594.0,15.4,4.9,29.080000000000002,2.18,1.74,0.3,1.33,3.23
161031.0,13.9,3.3,33.12,4.05,4.26,1.52,2.57,3.52
185602.0,14.6,2.9,26.32,1.79,0.0,2.92,0.01,4.1
184026.0,15.1,4.7,31.52,5.18,3.57,0.62,0.56,1.79
152699.0,18.9,3.5,33.99,3.29,3.51,2.81,0.77,1.21
186110.0,13.8,3.2,20.79,3.79,0.0,0.0,0.0,0.0
293994.0,13.1,4.6,30.519999999999996,3.18,2.24,1.58,3.49,2.33
170037.0,12.8,3.8,32.38,0.15,5.42,6.41,1.5,2.3
186731.0,13.3,3.0,34.0,4.08,5.4,4.42,0.0,3.8
184805.0,16.0,4.2,39.6,2.05,4.1,4.58,5.22,3.45
186897.0,14.6,2.4,38.54,8.57,1.58,2.67,7.11,1.61
220878.0,9.8,4.8,23.94,2.07,2.17,0.4,3.27,1.43
166037.0,17.2,3.3,34.08,4.38,3.25,3.85,0.01,2.09
187454.0,14.2,3.3,31.180000000000003,3.92,3.62,2.4,2.46,1.28
215274.0,13.6,4.1,32.25,4.82,2.78,4.43,1.01,1.51
187750.0,17.8,3.9,41.56999999999999,5.79,5.16,4.07,3.98,0.87
187803.0,12.3,2.2,28.83,1.94,0.22,6.35,2.32,3.5
237021.0,12.4,4.1,31.62,0.71,5.61,5.16,2.03,1.61
205458.0,16.1,3.9,29.549999999999997,4.61,0.66,2.77,0.47,1.04
188140.0,16.2,3.0,35.89,4.17,4.0,3.74,1.78,3.0
206729.0,13.8,4.5,37.39,8.98,3.48,3.59,0.83,2.21
175825.0,16.9,3.3,30.919999999999998,2.14,0.31,3.56,0.92,3.79
188600.0,12.9,2.6,31.419999999999998,5.97,3.2,3.97,0.0,2.78
207471.0,14.6,5.0,34.96000000000001,0.68,4.74,4.12,2.57,3.25
184557.0,14.9,3.5,28.299999999999997,5.06,0.56,2.55,0.17,1.56
188651.0,17.3,2.8,32.24,0.0,5.05,2.04,5.05,0.0
191791.0,15.8,4.2,34.13,2.93,1.16,2.52,3.44,4.08
173950.0,17.8,3.7,34.79,5.55,4.1,0.39,1.17,2.08
188812.0,11.9,2.7,33.61,6.38,5.35,2.2,0.0,5.08
188126.0,15.7,4.0,33.5,0.04,1.31,5.46,4.43,2.56
176232.0,16.8,3.6,36.87,4.54,2.22,4.78,1.88,3.05
189030.0,16.1,2.8,37.56,5.31,6.79,3.45,0.0,3.11
206330.0,15.1,4.0,35.150000000000006,6.09,4.14,2.73,1.75,1.34
163586.0,17.0,3.7,31.609999999999996,1.45,0.63,0.64,3.72,4.47
189170.0,15.2,2.9,29.819999999999997,6.03,0.81,0.0,2.0,2.88
224581.0,14.6,4.8,31.9,3.01,4.37,2.46,1.39,1.27
197686.0,14.6,3.5,37.480000000000004,6.62,1.35,1.45,5.32,4.64
189181.0,14.9,3.1,32.21,3.97,1.55,3.81,3.6,1.28
190643.0,14.0,4.0,24.9,0.66,2.01,0.0,0.83,3.4
154873.0,16.6,3.8,38.12,3.16,4.56,2.33,3.94,3.73
189436.0,14.5,3.2,34.11,8.33,3.34,1.54,0.0,3.2
223986.0,14.5,4.7,36.12,0.0,4.27,5.91,3.64,3.1
222192.0,16.8,3.7,31.890000000000004,2.05,2.13,2.8,4.15,0.26
189468.0,16.1,2.8,38.79,6.41,6.01,2.75,1.97,2.75
210803.0,15.8,4.2,39.08,4.07,5.22,4.69,2.42,2.68
164777.0,16.0,3.6,31.13,4.09,2.45,0.24,3.7,1.05
189602.0,15.4,2.9,36.279999999999994,3.17,3.15,5.54,2.83,3.29
229850.0,15.2,4.1,33.46,3.71,4.59,2.29,1.87,1.7
165213.0,15.7,3.7,30.549999999999997,4.09,2.35,0.61,0.72,3.38
189672.0,13.4,3.0,27.73,3.66,0.6,0.95,4.35,1.77
209435.0,13.4,4.4,35.949999999999996,8.11,1.41,2.15,2.54,3.94
205602.0,17.2,3.8,22.279999999999998,0.0,0.0,0.74,0.54,0.0
189880.0,15.9,3.6,29.92,2.32,4.07,0.0,0.0,4.03
211434.0,15.4,3.2,41.67,5.28,5.4,5.09,4.19,3.11
190900.0,16.3,3.4,28.68,2.97,1.35,0.0,0.94,3.72
207725.0,16.2,4.3,39.23,5.15,2.9,5.61,2.89,2.18
199849.0,15.2,3.2,29.54,4.7,0.42,3.92,0.0,2.1
191313.0,11.3,2.8,23.570000000000004,2.21,3.05,4.21,0.0,0.0
214464.0,15.4,4.5,31.06,2.88,2.46,1.8,1.22,2.8
180469.0,16.0,3.9,36.49,4.82,2.99,4.92,0.0,3.86
191342.0,15.4,2.9,33.04,3.13,3.25,4.16,1.66,2.54
209885.0,14.8,4.1,42.629999999999995,8.47,4.6,4.94,2.33,3.39
163507.0,17.2,3.7,37.459999999999994,8.3,2.88,4.22,0.0,1.16
191618.0,14.7,3.1,35.28,4.01,4.54,2.71,2.43,3.79
197726.0,15.4,3.8,26.650000000000002,3.14,0.0,3.27,0.17,0.87
161108.0,15.7,3.7,28.39,4.27,0.55,2.05,0.0,2.12
191640.0,13.9,2.7,21.840000000000003,0.0,1.75,0.0,0.0,3.49
221036.0,14.1,4.3,31.36,6.55,0.0,3.93,0.14,2.34
172627.0,16.4,3.8,34.86,4.74,4.34,2.64,1.59,1.35
192027.0,15.3,2.9,24.78,0.39,0.78,2.56,1.05,1.8
227091.0,14.7,4.2,33.67,4.36,1.28,1.64,2.42,5.07
223980.0,16.4,3.3,31.82,4.98,3.28,0.0,0.0,3.86
192755.0,15.3,3.2,29.64,4.52,1.66,0.93,4.03,0.0
192550.0,13.4,2.9,29.31,4.12,3.83,0.8,2.56,1.7
189168.0,16.1,4.2,31.090000000000003,0.0,0.11,3.05,4.03,3.6
192982.0,15.7,3.0,32.24,4.23,3.52,0.0,1.66,4.13
217990.0,12.9,3.9,33.22,6.72,1.14,3.48,1.9,3.18
196528.0,15.5,3.5,35.72999999999999,3.01,2.76,4.97,2.76,3.23
193326.0,14.1,2.6,31.19,4.75,4.21,0.0,2.8,2.73
180809.0,17.0,3.6,43.36000000000001,7.45,6.9,0.0,4.89,3.52
193357.0,15.7,3.4,30.709999999999997,6.01,1.13,2.4,0.0,2.07
200273.0,14.7,4.3,31.400000000000002,4.85,2.1,0.61,1.77,3.07
214812.0,17.6,4.2,33.300000000000004,2.98,4.39,2.29,1.84,0.0
193600.0,13.5,3.2,27.729999999999997,2.49,0.91,4.49,0.0,3.14
219823.0,13.5,4.2,25.849999999999998,4.0,2.34,0.0,0.16,1.65
207479.0,16.5,3.6,31.009999999999998,4.79,4.0,1.88,0.24,0.0
194493.0,14.7,2.8,27.8,3.53,4.64,0.0,0.0,2.13
170963.0,14.8,4.3,30.55,4.67,0.0,0.91,2.74,3.13
176543.0,14.4,4.5,32.28,6.37,3.87,1.01,0.29,1.84
194612.0,11.4,1.7,25.189999999999998,2.53,1.84,2.53,1.4,3.79
251888.0,9.5,3.6,25.12,2.15,3.6,4.15,0.0,2.12
181915.0,18.3,4.7,42.050000000000004,7.31,5.55,5.67,0.0,0.52
195033.0,15.1,2.4,42.290000000000006,7.87,6.94,2.59,2.43,4.96
204882.0,15.9,4.2,42.26,7.25,4.18,1.73,4.1,4.9
190041.0,18.3,3.8,38.96000000000001,3.69,2.33,4.18,4.14,2.52
195360.0,16.5,3.2,35.35,2.76,4.34,0.3,4.71,3.54
218554.0,15.8,4.5,38.6,4.59,5.89,3.48,1.1,3.24
591390.0,10.3,2.7,28.22,6.42,5.16,0.63,1.43,1.58
195607.0,8.8,1.7,24.03,2.02,4.8,3.34,0.0,3.37
165439.0,6.1,2.5,29.629999999999995,7.48,3.84,4.13,3.56,2.02
162817.0,14.2,4.0,28.340000000000003,2.23,2.6,1.87,2.85,0.59
195621.0,15.7,1.3,34.69,3.71,5.0,2.6,3.91,2.47
236281.0,14.9,4.4,27.99,2.49,0.0,0.52,3.71,1.97
172180.0,16.1,3.2,30.91,1.07,1.24,1.92,4.76,2.62
195767.0,15.0,3.5,35.440000000000005,5.8,5.28,0.87,3.63,1.36
255314.0,14.4,4.1,29.95,0.0,3.87,0.98,2.29,4.31
199073.0,15.8,3.8,34.470000000000006,6.17,4.75,1.07,0.78,2.1
196207.0,14.3,2.4,37.31,4.9,1.84,4.95,4.36,4.56
237522.0,15.7,4.1,40.9,4.77,3.83,6.16,2.66,3.68
167073.0,18.2,2.8,32.589999999999996,6.29,4.0,0.72,0.58,0.0
197011.0,15.1,2.1,27.59,0.0,1.37,6.12,0.0,2.9
231484.0,13.8,3.9,34.589999999999996,4.85,3.21,4.04,2.72,2.07
188774.0,16.5,3.5,34.28,4.42,2.92,3.3,2.32,1.32
197070.0,15.0,2.7,29.67,1.1,3.11,1.96,3.26,2.54
213573.0,16.3,4.0,36.28000000000001,4.48,2.82,2.49,3.77,2.42
167855.0,17.1,3.5,34.03,2.39,2.03,5.89,0.18,2.94
197369.0,15.0,2.9,31.129999999999995,4.56,2.2,0.0,4.36,2.11
167930.0,15.6,3.5,32.13,4.19,2.4,0.37,4.81,1.26
198716.0,13.4,2.5,23.62,0.0,1.03,2.22,2.42,2.05
229701.0,13.4,4.6,30.36,2.39,1.55,1.74,1.97,4.71
162314.0,15.7,3.3,28.55,0.69,1.41,3.4,2.74,1.31
198777.0,14.8,3.1,28.92,6.3,0.0,1.84,0.84,2.04
199477.0,15.6,4.3,30.919999999999998,3.95,0.5,2.45,1.28,2.84
184185.0,16.7,3.5,43.47,8.71,3.38,3.62,3.81,3.75
199036.0,15.5,2.9,28.28,3.75,2.64,0.39,0.0,3.1
216272.0,15.3,4.1,36.919999999999995,5.29,2.79,2.92,3.58,2.94
182958.0,15.1,4.6,39.97,2.16,5.96,3.89,6.32,1.94
199110.0,11.7,2.4,32.11,5.99,2.15,3.55,5.69,0.63
203782.0,15.0,4.3,28.460000000000004,2.25,0.51,5.24,0.56,0.6
197789.0,16.0,3.6,33.64,1.11,2.71,3.6,4.3,2.32
199145.0,14.8,3.0,26.229999999999997,1.38,0.0,1.54,3.81,1.7
215828.0,15.8,4.3,31.96,0.0,3.78,2.59,4.91,0.58
184241.0,15.5,3.5,23.87,0.0,1.92,0.0,2.87,0.08
199159.0,15.2,2.9,35.66,6.08,1.83,3.67,4.01,1.97
217439.0,15.2,3.9,29.25,2.23,0.6,1.03,2.63,3.66
169130.0,16.0,3.4,43.42999999999999,10.0,0.58,4.33,5.79,3.33
199354.0,14.7,2.7,32.129999999999995,3.18,2.1,1.22,6.23,2.0
237667.0,13.0,4.2,32.89,6.35,0.0,2.67,3.03,3.64
174102.0,16.1,3.8,29.590000000000003,0.74,2.48,2.03,3.57,0.87
199708.0,14.9,3.2,32.84,9.24,2.18,0.0,0.86,2.46
221560.0,14.7,4.9,29.870000000000005,3.53,0.0,3.05,0.0,3.69
180161.0,16.8,3.6,36.36,5.37,0.51,2.57,4.21,3.3
199993.0,14.7,2.8,35.1,4.17,4.0,2.75,4.75,1.93
242298.0,14.7,4.4,34.76,5.95,3.99,3.22,1.19,1.31
183736.0,17.8,3.5,31.91,4.64,1.11,2.06,1.79,1.01
200046.0,13.6,3.5,24.630000000000003,0.25,2.17,1.11,2.14,1.86
251459.0,14.9,3.6,35.43,5.5,3.09,0.0,4.0,4.34
176902.0,16.1,3.5,31.529999999999998,0.0,4.76,2.93,0.54,3.7
200575.0,15.3,3.1,37.480000000000004,5.12,4.36,3.57,5.29,0.74
212254.0,15.7,3.9,34.43,1.79,1.41,3.79,4.62,3.22
189064.0,14.8,3.7,36.61,7.87,3.82,0.0,3.56,2.86
200750.0,13.6,3.0,34.78,4.02,2.96,4.21,2.35,4.64
170632.0,12.7,4.3,28.98,0.17,1.8,7.55,1.58,0.88
199097.0,16.0,3.8,34.86,2.74,3.37,1.75,4.54,2.66
202150.0,15.5,3.1,33.61000000000001,6.6,0.16,3.79,2.86,1.6
234300.0,15.3,4.2,34.58,4.49,6.0,0.43,1.36,2.8
158783.0,15.5,4.3,35.72,5.54,4.89,1.09,1.29,3.11
202343.0,12.8,2.3,37.69,5.66,2.37,3.88,4.68,6.0
267264.0,11.9,5.1,34.03,3.48,4.07,4.2,2.21,3.07
188834.0,15.4,4.0,34.23,5.09,3.54,2.23,0.0,3.97
202512.0,15.8,2.9,33.730000000000004,4.07,0.63,1.8,2.78,5.75
214194.0,14.5,3.9,34.58,5.33,2.37,0.0,3.33,5.15
195992.0,17.8,3.7,28.849999999999998,0.0,1.27,1.86,3.89,0.33
202522.0,15.5,2.9,28.419999999999998,4.97,0.6,1.22,2.04,1.19
209291.0,14.4,4.5,31.98,2.21,0.81,2.77,4.17,3.12
291778.0,12.4,2.8,35.01,6.47,1.92,7.12,0.54,3.76
202702.0,13.2,3.0,29.38,4.23,2.59,1.43,2.52,2.41
331954.0,14.0,4.1,33.00000000000001,5.99,2.47,2.84,3.08,0.52
178044.0,14.2,3.9,28.289999999999996,3.49,0.0,2.55,3.42,0.73
202906.0,15.6,2.5,29.569999999999997,1.79,1.06,2.56,4.33,1.73
216090.0,13.4,4.3,35.620000000000005,4.94,1.64,6.11,2.6,2.63
217421.0,14.9,3.7,33.940000000000005,3.23,1.28,2.44,4.14,4.25
203373.0,16.5,2.7,35.76,2.76,5.75,3.81,2.33,1.91
219950.0,11.1,4.1,25.55,2.26,2.79,2.09,0.0,3.21
176620.0,15.9,3.5,27.490000000000002,0.54,3.42,1.37,0.0,2.76
203638.0,14.9,2.8,39.14000000000001,7.98,1.03,4.12,4.61,3.7
201425.0,15.0,4.2,29.86,2.6,0.73,3.18,1.99,2.16
170937.0,15.7,3.6,37.33,0.16,5.02,3.48,5.09,4.28
203813.0,15.1,2.9,28.97,3.75,1.65,1.26,0.0,4.31
237256.0,14.3,4.2,30.89,2.11,2.1,2.26,1.98,3.94
130856.0,16.9,4.0,40.160000000000004,6.19,5.95,3.16,1.46,2.5
204102.0,13.1,2.2,32.79,7.62,4.33,1.51,0.86,3.17
249763.0,12.8,3.8,30.450000000000003,4.43,0.0,5.11,1.51,2.8
204729.0,17.1,3.6,38.75,4.64,3.64,4.27,3.81,1.69
204548.0,15.3,3.5,37.34,4.71,5.68,0.24,5.38,2.53
259006.0,15.7,4.0,33.61,3.65,1.17,0.0,3.96,5.13
185045.0,14.8,2.9,33.28,5.37,3.13,4.23,2.04,0.81
204691.0,11.6,3.6,32.8,6.67,0.81,4.87,3.39,1.86
234991.0,15.0,5.3,31.82,3.74,2.44,2.32,0.0,3.02
190335.0,18.0,3.6,31.91,2.84,2.13,1.59,0.0,3.75
205117.0,13.5,3.1,28.830000000000002,5.48,1.95,1.65,0.87,2.28
218004.0,17.7,4.2,39.37,5.99,2.07,4.25,2.23,2.93
197391.0,14.6,3.8,27.06,3.82,2.16,0.79,1.68,0.21
205919.0,15.2,3.6,35.04,3.9,2.05,5.75,3.37,1.17
173760.0,17.1,3.5,29.669999999999998,1.29,3.95,2.2,0.0,1.63
206518.0,14.5,2.9,34.53,5.14,3.74,4.12,0.0,4.13
204414.0,15.5,4.7,33.56,6.53,2.55,2.14,1.26,0.88
184129.0,16.0,3.6,29.72,7.18,0.0,2.2,0.0,0.74
207074.0,14.5,2.7,31.269999999999996,0.85,4.7,3.76,1.99,2.77
240425.0,15.0,4.7,30.59,4.84,1.07,4.92,0.0,0.06
208887.0,15.6,4.0,34.27,2.57,3.49,5.72,0.0,2.89
207076.0,15.4,2.3,39.41,5.02,4.03,0.68,6.93,5.05
223197.0,13.8,4.9,25.05,0.0,0.0,5.58,0.77,0.0
188721.0,16.1,3.6,38.38,5.5,3.32,2.84,2.27,4.75
207234.0,15.4,3.3,23.54,4.08,0.0,0.47,0.0,0.29
241743.0,14.2,4.5,32.94,4.46,2.62,3.47,1.06,2.63
185377.0,15.5,3.6,38.61,8.15,4.53,1.2,0.86,4.77
207399.0,15.1,2.8,31.889999999999997,0.0,2.8,4.5,6.29,0.4
220805.0,14.0,4.4,41.68,3.06,5.5,4.58,4.14,6.0
178842.0,16.3,3.7,33.42,4.66,0.0,0.33,3.07,5.36
207688.0,15.5,2.9,35.92999999999999,4.87,3.4,4.31,3.62,1.33
219002.0,14.5,4.0,36.36,2.42,5.37,2.34,4.44,3.29
145091.0,14.8,3.0,29.630000000000003,4.77,1.76,1.36,0.0,3.94
207702.0,15.5,2.9,27.849999999999998,3.04,4.06,2.35,0.0,0.0
297432.0,13.2,4.6,29.429999999999996,4.72,0.0,3.0,2.18,1.73
215604.0,16.4,3.8,34.97,2.14,6.61,2.69,0.64,2.69
207923.0,15.6,2.2,31.08,4.96,0.0,4.88,1.83,1.61
212651.0,17.2,4.3,44.32000000000001,9.67,3.49,4.27,2.2,3.19
208181.0,16.9,3.7,38.11,1.39,2.4,4.73,5.06,3.93
223785.0,14.8,4.3,34.66,2.04,3.22,5.61,3.33,1.36
149426.0,15.3,3.6,35.69,3.49,6.54,3.28,0.0,3.48
208262.0,15.7,3.5,34.89,3.7,3.42,4.05,0.68,3.84
242856.0,14.6,4.1,28.42,0.0,4.34,1.3,1.6,2.48
198807.0,16.8,3.4,43.199999999999996,3.95,3.69,8.04,2.78,4.54
208443.0,15.5,3.0,31.1,7.21,2.17,2.31,0.0,0.91
231688.0,15.4,4.0,32.900000000000006,4.75,3.39,2.92,1.7,0.74
186768.0,14.9,3.6,31.479999999999997,8.91,1.17,2.22,0.0,0.68
208456.0,14.0,3.0,29.929999999999996,3.15,2.88,3.43,2.0,1.47
222294.0,13.4,4.1,29.86,0.0,2.2,4.34,2.74,3.08
178257.0,15.8,3.6,35.510000000000005,6.79,0.41,4.68,0.0,4.23
208787.0,12.3,2.6,33.04,8.26,3.53,3.14,1.13,2.08
214368.0,14.2,4.6,32.46,3.99,1.73,2.32,1.68,3.94
194072.0,15.9,3.4,28.79,0.0,0.45,2.79,3.0,3.25
208807.0,14.8,3.0,30.479999999999997,1.98,1.04,3.72,2.95,2.99
221950.0,14.9,4.8,28.189999999999998,0.0,0.0,3.74,0.72,4.03
189049.0,16.2,4.1,37.24,8.49,0.0,5.6,2.74,0.11
208933.0,17.3,2.6,31.330000000000002,4.61,0.0,3.18,3.64,0.0
223901.0,15.4,4.9,32.25,1.31,2.14,5.34,2.08,1.08
183887.0,17.0,3.4,35.35999999999999,6.34,1.35,4.18,0.66,2.43
209131.0,15.1,3.2,26.630000000000003,1.37,4.54,0.0,0.67,1.75
189967.0,16.0,4.1,38.019999999999996,5.76,2.26,3.0,0.9,6.0
227229.0,16.6,3.9,36.79,3.64,3.46,4.35,1.87,2.97
209223.0,15.7,3.1,29.46,2.97,1.38,4.87,0.05,1.39
238083.0,15.2,3.6,31.810000000000002,4.49,2.7,3.71,0.26,1.85
201788.0,16.9,3.4,34.669999999999995,0.64,3.35,5.04,2.58,2.76
219675.0,15.6,3.6,31.97,3.34,2.24,4.27,2.68,0.24
209695.0,14.2,3.1,33.17,5.43,4.11,0.44,2.33,3.56
213181.0,14.6,4.6,30.799999999999997,4.64,2.91,1.38,0.0,2.67
206176.0,15.0,3.1,27.35,0.67,2.72,0.0,2.72,3.14
209991.0,12.3,2.4,29.39,3.11,2.53,0.99,5.95,2.11
400120.0,14.3,2.5,28.28,3.85,0.51,3.2,0.91,3.01
210112.0,14.5,3.3,30.55,1.11,4.93,1.76,0.0,4.95
185420.0,8.3,4.6,27.0,5.53,1.12,3.64,2.95,0.86
185938.0,16.8,3.6,28.480000000000004,0.0,0.0,4.62,0.0,3.46
210172.0,16.5,3.3,35.32,0.0,0.0,6.23,3.55,5.74
249194.0,15.1,4.0,30.740000000000006,1.23,1.51,2.03,5.86,1.01
190072.0,15.7,3.5,28.419999999999998,3.95,0.0,0.72,0.26,4.29
210216.0,14.0,2.5,22.68,4.45,0.0,0.0,0.91,0.82
237680.0,14.1,4.3,36.15,3.06,3.48,3.36,5.63,2.22
180891.0,15.4,3.6,35.2,6.58,1.77,3.08,1.82,2.95
210224.0,13.5,2.5,32.94,4.56,1.96,3.56,2.44,4.42
178148.0,12.5,4.0,32.43,2.72,5.32,3.21,0.0,4.68
219655.0,15.4,3.1,35.54999999999999,5.51,3.08,3.22,2.69,2.55
210230.0,17.7,1.9,35.29,5.67,2.69,2.26,1.53,3.54
240780.0,14.7,4.1,29.189999999999998,4.9,1.35,3.49,0.0,0.65
199365.0,16.7,3.5,33.74999999999999,4.16,1.31,2.92,2.29,2.87
210515.0,15.0,3.1,27.32,0.89,3.88,1.27,2.5,0.68
228638.0,15.5,4.4,33.31,2.04,1.32,2.12,3.62,4.31
177780.0,17.4,3.6,29.15,1.71,0.58,4.13,0.0,1.73
210716.0,14.7,3.0,30.95,5.58,2.06,2.9,0.0,2.71
223194.0,14.9,4.0,28.539999999999996,2.86,2.47,1.93,1.4,0.98
202611.0,17.8,4.8,34.36,1.8,1.11,3.95,2.2,2.7
210764.0,12.7,1.3,24.369999999999997,1.59,4.79,1.59,0.77,1.63
241544.0,15.9,4.3,32.16,4.13,2.48,0.0,0.0,5.35
196914.0,16.2,3.6,30.64,2.17,0.0,3.62,2.03,3.02
211884.0,12.8,3.4,36.68,10.0,0.24,2.9,3.99,3.35
234780.0,15.6,4.2,38.370000000000005,6.4,1.49,5.8,0.0,4.88
187088.0,16.9,3.5,39.28999999999999,2.26,5.18,3.75,4.33,3.37
212004.0,15.9,2.7,37.8,7.27,1.51,3.21,2.41,4.8
226700.0,14.6,4.1,34.45,2.35,5.19,0.99,2.47,4.75
230665.0,13.0,3.3,30.439999999999998,4.24,1.2,4.54,0.0,4.16
212606.0,11.7,2.1,32.28,3.21,1.26,7.36,2.61,4.04
257151.0,13.4,4.8,27.43,2.54,0.0,1.86,4.51,0.32
199298.0,16.3,3.4,30.660000000000004,5.69,0.0,1.6,0.0,3.67
213438.0,15.0,2.9,30.46,4.82,2.69,4.32,0.63,0.1
238710.0,14.7,4.8,37.72,7.65,2.73,4.22,1.0,2.62
173658.0,16.0,3.7,33.01,2.55,0.0,2.19,3.9,4.67
213737.0,15.0,2.9,39.76,5.21,3.97,5.76,3.38,3.54
238806.0,13.6,4.4,23.669999999999998,1.7,1.82,0.0,2.15,0.0
201305.0,16.5,3.6,33.86,6.84,0.72,2.49,0.0,3.71
213750.0,15.1,2.8,37.12,5.25,0.02,8.26,3.3,2.39
207367.0,15.1,4.3,33.56,1.4,2.72,2.35,2.87,4.82
182672.0,15.9,3.8,32.8,4.82,4.36,0.0,2.07,1.85
214187.0,14.4,2.6,27.409999999999997,2.05,0.0,3.17,2.26,2.93
230132.0,13.7,4.9,37.5,5.01,2.19,5.36,1.73,4.61
198208.0,18.1,3.9,32.67,2.6,1.38,3.26,2.54,0.89
214407.0,13.0,2.1,30.46,5.99,4.64,2.53,1.11,1.09
300751.0,13.0,3.8,33.61000000000001,2.6,6.71,1.36,4.21,1.93
193972.0,14.0,3.6,27.2,0.0,2.58,1.29,3.44,2.29
214684.0,16.3,2.4,29.810000000000002,4.29,2.27,1.67,1.37,1.51
233563.0,15.2,4.0,31.82,4.48,3.28,2.87,0.0,1.99
132282.0,18.5,3.3,36.42,4.09,3.77,4.42,0.0,2.34
214934.0,14.3,2.4,31.63,7.39,2.13,3.39,2.02,0.0
244483.0,11.8,4.8,29.05,6.15,2.85,3.45,0.0,0.0
222759.0,15.9,3.7,34.44,1.43,4.08,2.68,2.75,3.9
215112.0,14.8,2.8,36.38,6.93,2.46,2.61,4.47,2.31
231410.0,15.3,4.3,32.79,7.47,1.41,1.26,0.0,3.05
203751.0,15.3,3.7,42.919999999999995,8.19,5.81,4.26,1.05,4.61
215182.0,16.6,2.6,36.56000000000001,6.67,1.73,3.26,1.0,4.7
216792.0,16.4,4.4,35.39,5.92,4.01,0.0,0.0,4.66
215201.0,14.7,3.8,33.230000000000004,2.1,1.26,3.93,3.79,3.65
215275.0,12.3,2.7,26.410000000000004,1.69,2.94,2.69,0.23,3.86
225915.0,15.1,5.3,36.47,3.88,4.16,2.88,3.48,1.67
180166.0,14.8,3.5,25.16,0.0,2.31,4.17,0.38,0.0
215396.0,13.3,3.5,33.02,2.08,5.42,3.16,1.15,4.41
251495.0,12.8,4.3,30.63,2.93,5.77,1.23,2.65,0.95
189016.0,15.9,4.1,35.49,7.38,4.44,2.29,1.38,0.0
215942.0,16.5,2.9,28.979999999999997,2.56,0.77,0.0,4.02,2.23
223150.0,12.7,5.1,30.529999999999998,5.71,1.15,3.1,2.29,0.48
198914.0,13.0,3.6,30.89,6.59,0.0,1.81,3.22,2.67
216544.0,13.2,2.8,27.6,5.37,1.73,2.87,0.0,1.63
218958.0,13.5,4.7,32.5,0.0,5.27,2.6,2.26,4.17
246645.0,15.8,3.8,34.339999999999996,6.11,2.23,0.83,3.92,1.65
216749.0,16.3,2.0,43.06,5.11,4.29,5.22,5.37,4.77
404918.0,10.9,4.8,24.38,0.02,0.0,3.6,0.36,4.7
204600.0,15.0,3.5,31.8,4.66,4.38,0.18,3.53,0.55
216765.0,14.1,2.6,29.419999999999998,2.91,3.84,0.87,2.26,2.84
250804.0,13.3,4.2,30.529999999999998,3.36,2.76,5.48,0.0,1.43
198262.0,16.6,3.7,30.48,3.97,5.07,1.12,0.0,0.02
217931.0,15.2,2.7,36.81,9.26,3.67,3.88,1.32,0.78
228947.0,15.2,3.9,36.09,3.02,3.49,4.36,3.13,2.99
186498.0,15.9,3.4,32.32,5.29,2.34,0.32,0.0,5.07
218028.0,15.6,3.1,36.72,1.58,1.89,6.76,3.57,4.22
260316.0,14.7,4.2,36.13,5.07,5.22,4.14,1.52,1.28
186492.0,14.8,4.2,34.339999999999996,5.78,1.19,0.68,6.53,1.16
218309.0,14.6,2.5,30.48,2.88,0.77,4.79,1.59,3.35
230588.0,14.8,4.4,33.34,4.55,1.25,6.24,0.73,1.37
163493.0,16.7,3.8,33.68,2.5,5.69,2.76,0.0,2.23
218419.0,14.7,2.8,26.909999999999997,0.0,2.81,4.1,2.5,0.0
244039.0,14.2,4.5,25.759999999999998,4.91,0.99,0.0,0.0,1.16
239378.0,14.4,3.4,32.11,2.15,7.22,1.3,3.3,0.34
218534.0,14.8,2.9,27.13,1.6,2.59,1.25,1.11,2.88
209098.0,13.3,4.6,33.26,0.0,2.47,4.8,2.09,6.0
233949.0,16.0,3.5,37.08,8.05,0.0,3.25,3.0,3.28
218644.0,15.1,2.7,25.849999999999998,0.0,1.77,1.83,4.45,0.0
186787.0,15.5,4.1,35.36,3.82,1.56,5.32,3.3,1.76
194156.0,12.3,3.3,22.58,3.29,2.61,0.49,0.59,0.0
219134.0,16.1,2.9,30.84,0.0,2.93,3.46,3.11,2.34
227180.0,13.5,5.0,28.840000000000003,4.94,0.57,0.55,2.96,1.32
193865.0,15.3,3.5,32.620000000000005,2.87,3.5,6.23,0.0,1.22
219821.0,13.5,2.9,34.9,4.17,4.2,4.92,1.86,3.35
252655.0,13.9,4.3,27.569999999999997,2.5,2.47,2.71,1.17,0.52
210383.0,15.8,4.1,33.14,5.89,1.9,1.45,3.33,0.67
220465.0,17.1,3.1,31.64,1.9,0.0,3.91,3.4,2.23
235246.0,17.5,4.3,40.51,0.0,4.07,6.13,3.72,4.79
198099.0,17.3,3.5,30.06,2.72,3.81,0.04,2.12,0.57
220486.0,14.3,2.4,26.25,3.74,0.67,0.0,1.61,3.53
236544.0,12.8,3.9,29.52,3.16,2.78,3.33,0.61,2.94
180038.0,15.1,3.5,21.970000000000002,0.0,0.0,1.41,0.09,1.87
220810.0,15.5,3.6,33.39,0.0,2.16,4.49,3.77,3.87
235809.0,14.7,4.3,34.33,4.05,4.88,1.74,0.0,4.66
182960.0,15.8,3.5,31.21,0.79,1.69,2.69,4.18,2.56
220932.0,14.2,3.1,38.15,6.77,3.32,4.87,2.61,3.28
217561.0,13.2,3.2,30.91,0.02,2.69,5.65,4.17,1.98
221172.0,15.2,2.8,28.65,2.15,3.27,2.28,2.37,0.58
250930.0,10.8,4.1,27.749999999999996,3.94,0.97,2.42,2.75,2.77
205947.0,17.0,4.1,35.53,3.15,3.83,1.17,5.25,1.03
221379.0,16.2,2.0,32.9,4.65,3.86,2.68,2.31,1.2
209983.0,7.4,3.7,16.6,0.31,2.25,0.99,1.9,0.05
216993.0,17.5,2.9,39.73,4.18,4.87,4.16,2.19,3.93
221455.0,12.7,3.6,25.900000000000002,0.3,0.0,2.44,1.39,5.47
234596.0,8.7,2.8,24.69,3.19,2.77,3.59,2.41,1.23
197420.0,16.0,3.8,36.74,5.79,0.19,5.09,3.63,2.24
221534.0,15.6,2.8,25.689999999999994,0.06,3.74,1.04,0.0,2.45
256471.0,14.3,4.4,31.530000000000005,3.68,1.26,4.37,1.41,2.11
180165.0,15.4,3.5,34.79,5.22,4.44,3.81,0.45,1.97
222077.0,13.5,2.6,28.9,0.04,1.03,4.76,2.48,4.49
254203.0,13.0,4.5,34.160000000000004,6.75,0.92,5.23,1.76,2.0
217112.0,15.0,3.3,33.83,2.43,2.4,5.56,2.06,3.08
222725.0,15.3,3.6,35.690000000000005,6.02,2.34,4.39,2.58,1.46
248117.0,10.8,4.9,33.27,6.83,0.0,3.57,3.78,3.39
229775.0,14.8,3.3,30.83,0.63,4.59,4.13,1.45,1.93
223153.0,12.9,3.3,29.419999999999998,0.0,5.13,0.9,5.23,1.96
243572.0,14.8,4.5,35.830000000000005,4.34,3.71,2.24,1.62,4.62
199512.0,16.1,3.9,34.54,4.41,0.0,3.16,4.24,2.73
223422.0,12.3,2.0,31.46,8.06,3.53,1.06,2.98,1.53
269021.0,11.8,4.2,27.96,4.12,4.79,2.03,0.82,0.2
208377.0,16.3,3.4,34.45,8.96,0.0,3.91,0.0,1.88
223431.0,16.7,3.0,38.61000000000001,3.44,1.86,3.74,5.66,4.21
237686.0,14.4,4.1,34.37,10.0,3.9,1.67,0.0,0.3
272395.0,17.8,4.3,33.279999999999994,5.33,1.31,1.2,1.56,1.78
224029.0,16.6,1.9,37.0,4.56,5.86,2.96,2.41,2.71
253173.0,13.8,4.0,33.879999999999995,5.61,2.81,5.89,1.55,0.22
214191.0,14.6,3.4,31.130000000000003,3.6,5.38,3.08,1.07,0.0
225298.0,13.6,2.7,32.17,3.63,4.47,1.78,3.16,2.83
251340.0,14.0,4.4,39.599999999999994,8.89,2.52,3.13,2.19,4.47
203537.0,12.8,3.8,29.000000000000004,0.99,2.05,2.78,2.98,3.6
225417.0,14.1,2.2,25.43,1.72,3.81,0.0,0.0,3.6
260024.0,13.7,4.9,29.15,3.58,0.0,1.93,1.38,3.66
193799.0,16.8,3.8,34.76,5.01,0.65,3.34,2.74,2.42
225428.0,15.5,3.0,30.55,3.52,2.03,2.2,4.3,0.0
280710.0,13.7,4.4,25.51,1.14,3.93,1.57,0.0,0.77
200534.0,16.0,3.3,30.249999999999996,0.0,1.99,3.08,0.0,5.88
226779.0,15.5,2.8,33.97,1.32,3.51,4.22,0.62,6.0
223559.0,15.4,4.0,30.049999999999997,1.75,2.38,3.38,0.0,3.14
254833.0,15.7,3.5,34.82,2.5,7.64,3.57,0.13,1.78
227093.0,14.3,2.2,40.64,9.84,3.39,6.35,2.25,2.31
234050.0,15.7,4.2,37.97,4.64,5.94,1.49,0.0,6.0
182187.0,9.5,1.4,24.62,0.84,5.65,2.89,2.54,1.8
227175.0,11.9,3.5,34.870000000000005,7.77,4.48,0.0,3.85,3.37
215114.0,13.8,4.3,34.99,4.42,1.39,6.68,0.0,4.4
221590.0,15.5,3.3,31.810000000000006,3.3,3.74,3.62,2.35,0.0
227286.0,15.1,2.5,30.230000000000004,4.28,3.41,0.99,1.53,2.42
243043.0,14.8,3.8,33.49,3.41,3.71,1.77,5.95,0.05
195145.0,16.4,3.7,42.19,5.31,3.27,2.77,7.43,3.31
227333.0,14.9,2.8,31.32,1.59,2.48,5.05,0.0,4.5
275500.0,14.0,4.0,31.5,2.67,2.58,0.94,3.34,3.97
314778.0,13.8,3.6,31.410000000000004,1.97,3.12,4.49,0.94,3.49
228017.0,14.3,2.6,38.07,3.45,2.98,3.61,7.25,3.88
199987.0,14.0,4.3,29.049999999999997,5.17,0.13,3.01,2.2,0.24
199943.0,15.9,3.4,30.8,5.3,0.0,3.23,0.61,2.36
228152.0,14.5,3.0,26.65,2.93,1.64,0.0,2.93,1.65
223751.0,15.8,4.1,39.66,7.6,3.84,4.39,3.55,0.38
228199.0,15.5,2.4,35.41,5.36,2.65,5.39,3.79,0.32
210669.0,18.5,3.9,35.62,7.91,0.55,1.84,1.62,1.3
228622.0,13.7,3.2,41.49999999999999,4.35,5.32,5.51,5.16,4.26
300334.0,12.2,4.5,25.26,1.82,1.89,1.71,0.86,2.28
174752.0,11.2,3.3,33.07,8.5,3.97,1.46,2.37,2.27
228869.0,17.9,2.0,32.05,4.74,0.56,0.93,3.81,2.11
231173.0,16.9,3.4,34.91,2.11,3.55,3.55,3.07,2.33
229280.0,10.8,4.2,21.560000000000002,0.43,1.27,3.69,0.0,1.17
272753.0,12.0,3.9,25.23,0.45,1.71,3.97,0.0,3.2
174011.0,16.9,3.8,30.57,1.48,0.65,2.29,1.6,3.85
230458.0,16.2,2.8,38.35,6.21,1.02,4.81,2.41,4.9
156980.0,15.5,3.9,30.869999999999997,4.3,0.97,0.0,2.73,3.47
212465.0,18.0,3.9,29.269999999999996,0.0,5.04,2.33,0.0,0.0
230778.0,15.5,4.2,33.02,4.44,4.87,2.15,0.0,1.86
223995.0,15.1,4.1,32.28,0.0,6.14,4.57,0.78,1.59
269833.0,15.7,3.4,34.46,3.38,3.1,2.42,3.01,3.45
230903.0,16.2,2.7,35.18,2.17,3.12,3.74,6.32,0.93
183014.0,16.3,3.8,35.43,3.06,3.37,0.71,5.01,3.18
286369.0,16.8,3.1,39.43000000000001,8.35,1.78,1.36,3.06,4.98
231105.0,16.0,3.1,35.099999999999994,3.58,2.76,5.7,2.03,1.93
211928.0,14.5,4.1,34.989999999999995,6.2,4.42,1.66,1.7,2.41
519771.0,13.5,2.9,30.620000000000005,3.24,0.64,3.42,3.3,3.62
231226.0,10.9,1.3,26.220000000000002,2.85,1.62,1.72,5.99,1.84
350362.0,12.3,4.3,25.290000000000003,3.37,0.0,3.76,1.56,0.0
203562.0,15.7,3.3,27.81,4.37,1.79,0.04,1.05,1.56
231429.0,14.3,2.7,31.669999999999998,3.27,2.53,3.66,3.01,2.2
294589.0,14.0,4.4,29.59,2.94,0.0,3.7,1.93,2.62
197591.0,15.9,3.6,27.31,0.56,1.7,0.0,2.55,3.0
232205.0,14.5,2.8,31.18,2.79,2.63,4.7,0.0,3.76
258798.0,14.4,4.5,32.88,3.5,1.57,4.3,3.58,1.03
227510.0,15.9,3.8,33.31,8.11,0.0,1.09,0.0,4.41
232661.0,14.1,3.3,31.51,5.67,5.7,0.6,0.0,2.14
192947.0,16.2,4.1,29.909999999999997,1.69,2.33,1.24,0.0,4.35
232922.0,13.4,5.1,28.959999999999997,0.0,0.0,4.38,1.02,5.06
328352.0,14.5,3.4,33.04,5.32,4.03,4.82,0.0,0.97
233350.0,18.3,3.1,33.08,6.68,0.98,4.02,0.0,0.0
303991.0,16.8,5.1,41.6,5.85,4.42,1.71,3.03,4.69
214913.0,16.5,3.6,40.11,7.62,4.6,3.54,1.44,2.81
233378.0,15.7,3.0,35.17999999999999,3.06,5.55,2.24,2.62,3.01
245658.0,14.9,4.1,35.559999999999995,6.5,0.99,1.9,1.17,6.0
196574.0,16.5,3.7,35.519999999999996,3.32,0.63,1.99,7.22,2.16
233799.0,14.7,3.3,25.51,3.03,1.51,0.0,1.88,1.09
302188.0,14.3,4.2,27.810000000000002,5.39,1.6,1.11,1.21,0.0
288748.0,13.0,3.2,32.14,5.34,0.83,3.93,3.59,2.25
234207.0,15.2,3.8,28.709999999999997,2.79,1.79,0.79,1.56,2.78
117887.0,16.8,3.6,33.120000000000005,4.69,2.5,1.11,1.9,2.52
234253.0,13.3,2.6,28.480000000000004,1.97,2.35,5.13,1.53,1.6
183237.0,13.2,4.2,28.75,3.14,3.28,1.51,0.0,3.42
234865.0,14.9,3.1,32.02,0.0,2.04,2.49,3.96,5.53
246903.0,15.6,3.8,28.48,0.1,1.6,3.79,1.85,1.74
281410.0,17.3,3.5,35.800000000000004,6.52,4.88,0.13,2.24,1.23
235268.0,16.5,2.6,33.65,0.68,3.13,6.51,2.61,1.62
233130.0,16.0,3.7,34.27,5.4,2.44,2.03,3.13,1.57
221234.0,16.1,3.6,34.27,4.49,1.7,3.65,3.53,1.2
236082.0,12.8,2.9,29.290000000000003,7.38,0.59,3.0,2.62,0.0
307237.0,13.7,4.4,26.179999999999996,2.26,1.15,0.0,3.01,1.66
199801.0,15.1,3.3,33.4,5.66,0.75,0.35,2.57,5.67
236156.0,13.5,3.0,30.169999999999998,0.25,5.22,4.63,1.47,2.1
263879.0,13.4,4.7,28.560000000000002,4.52,0.88,3.64,1.42,0.0
221388.0,16.9,3.2,33.879999999999995,0.0,4.83,3.15,4.14,1.66
236398.0,13.7,3.8,36.03,0.53,6.54,2.71,4.55,4.2
222094.0,15.8,4.0,32.33,2.29,2.5,3.25,2.49,2.0
236406.0,14.4,3.7,28.380000000000003,1.82,2.02,2.73,0.64,3.07
307480.0,13.5,3.6,30.110000000000003,0.0,4.5,3.24,2.2,3.07
212316.0,15.4,3.5,29.989999999999995,2.22,2.43,2.58,3.28,0.58
239070.0,14.8,2.3,29.470000000000002,2.69,0.0,2.54,2.64,4.5
270211.0,13.8,4.2,32.44,7.55,0.0,3.81,0.54,2.54
211200.0,16.3,3.8,36.42,4.52,4.28,1.52,2.92,3.08
239421.0,14.5,3.1,27.470000000000002,0.74,2.44,5.24,0.0,1.45
239663.0,15.1,4.0,29.29,0.0,4.26,2.55,0.23,3.15
201711.0,14.9,3.4,30.129999999999995,4.34,1.22,1.08,0.38,4.81
239444.0,14.0,3.0,28.290000000000003,0.0,1.87,3.48,4.49,1.45
215690.0,15.3,4.4,39.27000000000001,7.71,3.47,1.6,2.09,4.7
239701.0,16.7,2.4,37.269999999999996,3.58,4.11,3.87,2.17,4.44
240856.0,13.7,3.3,33.510000000000005,3.53,2.89,5.07,4.45,0.57
233521.0,15.2,4.2,35.540000000000006,1.82,0.0,5.24,5.81,3.27
239825.0,14.7,2.7,25.61,2.35,0.0,3.64,1.7,0.52
215588.0,16.2,3.6,37.419999999999995,3.52,3.22,4.82,2.12,3.94
240058.0,14.3,2.6,38.14,4.56,5.57,5.88,1.41,3.82
224779.0,15.6,4.3,32.73,3.01,3.09,2.46,3.23,1.04
212010.0,15.7,3.5,37.559999999999995,6.88,3.14,2.51,3.3,2.53
240254.0,13.9,3.1,31.11,3.53,0.0,6.86,3.06,0.66
309201.0,13.6,4.3,26.68,3.24,0.0,4.31,0.12,1.11
220508.0,17.2,2.4,28.779999999999998,1.19,3.02,4.79,0.0,0.18
240435.0,15.8,3.2,35.910000000000004,3.43,0.0,3.43,6.49,3.56
235328.0,17.3,4.0,31.560000000000002,0.0,2.44,1.67,1.81,4.34
231283.0,15.1,4.8,33.39,1.42,2.57,5.39,2.97,1.14
240539.0,16.9,3.4,37.74999999999999,8.36,0.54,5.54,1.89,1.12
249539.0,13.3,3.8,26.590000000000003,1.94,3.42,1.87,2.26,0.0
193594.0,15.6,3.6,31.040000000000003,4.57,0.0,1.12,3.28,2.87
240574.0,14.4,3.1,32.36,3.04,3.25,3.48,3.37,1.72
220814.0,15.9,3.4,40.81,8.22,1.4,6.42,4.03,1.44
240656.0,16.3,3.2,37.26,6.84,0.76,1.81,4.28,4.07
249797.0,16.6,3.6,33.260000000000005,5.21,1.6,3.06,0.24,2.95
203682.0,17.0,3.8,27.569999999999997,1.41,0.4,1.47,0.27,3.22
241307.0,14.8,3.2,36.54,5.7,1.59,5.35,5.5,0.4
266956.0,13.1,3.7,27.990000000000002,4.44,2.86,2.27,0.64,0.98
215297.0,17.0,3.8,30.450000000000003,2.1,3.44,1.1,3.01,0.0
241826.0,12.4,2.3,25.689999999999998,1.4,0.0,1.95,4.28,3.36
277163.0,16.2,3.4,38.83,6.47,2.28,3.36,2.67,4.45
209726.0,15.8,2.7,31.65,3.25,2.66,2.96,0.72,3.56
242327.0,16.8,2.8,27.250000000000004,1.92,3.77,1.05,0.48,0.43
345778.0,14.4,4.9,34.26,6.04,0.49,3.89,0.0,4.54
242331.0,18.0,3.0,37.33,3.67,2.65,2.02,4.94,3.05
274415.0,15.6,4.9,31.11,4.94,1.86,0.2,0.2,3.41
249377.0,9.9,3.7,21.240000000000002,2.63,0.0,3.51,0.0,1.5
242724.0,15.3,2.9,42.09,8.23,3.91,4.15,4.29,3.31
270375.0,15.8,3.6,31.820000000000004,2.39,5.07,1.8,0.0,3.16
375461.0,14.8,3.4,33.94,3.8,1.46,2.72,5.03,2.73
242769.0,15.2,2.8,34.62,5.58,2.74,2.59,2.36,3.35
220542.0,15.5,4.1,24.12,0.0,3.97,0.07,0.0,0.48
243069.0,15.6,4.0,38.87,6.07,3.93,3.48,4.03,1.76
243146.0,14.8,2.0,31.86,1.37,2.47,2.9,6.04,2.28
240998.0,14.9,3.8,35.07,4.39,5.01,0.77,2.92,3.28
364068.0,16.0,2.2,34.14,4.14,5.4,2.2,2.71,1.49
243664.0,15.8,4.9,35.13,2.98,5.3,4.92,0.0,1.23
166363.0,15.5,5.0,28.67,2.52,2.39,0.75,2.14,0.37
219435.0,14.8,3.6,32.49,1.43,2.72,3.44,3.1,3.4
244027.0,13.8,3.2,28.180000000000007,1.71,0.87,4.83,1.19,2.58
249689.0,14.3,4.8,31.130000000000003,3.22,2.66,2.39,1.46,2.3
213516.0,17.0,3.6,37.2,2.71,4.46,5.19,1.72,2.52
244224.0,15.2,3.2,28.269999999999996,3.04,1.2,1.3,2.38,1.95
255080.0,15.5,4.0,25.86,3.3,3.06,0.0,0.0,0.0
216013.0,15.4,3.2,31.830000000000002,0.0,6.39,3.25,0.0,3.59
244318.0,13.2,3.0,23.629999999999995,4.05,0.0,0.58,0.08,2.72
249091.0,14.6,4.5,37.50000000000001,6.53,1.03,7.41,1.49,1.94
217855.0,14.6,3.4,33.18,5.21,5.64,3.33,1.0,0.0
244381.0,13.7,2.8,28.349999999999998,2.9,2.5,2.08,1.87,2.5
277790.0,14.1,4.2,30.520000000000003,1.28,2.73,4.1,2.58,1.53
246212.0,16.3,3.5,29.43,0.0,3.18,4.61,0.0,1.84
208479.0,15.8,3.5,38.73,2.75,4.27,4.56,2.96,4.89
244505.0,14.0,2.8,25.380000000000003,4.37,2.67,0.89,0.65,0.0
288977.0,13.3,4.2,23.87,0.0,1.95,1.4,0.92,2.1
243294.0,13.4,3.2,33.160000000000004,4.69,4.58,4.06,2.89,0.34
244575.0,12.8,2.2,25.139999999999997,3.64,3.76,2.41,0.0,0.33
301124.0,13.7,3.5,36.309999999999995,7.43,0.0,6.79,1.16,3.73
211877.0,16.8,3.4,36.120000000000005,5.23,0.98,3.12,3.77,2.82
244590.0,16.4,2.0,28.09,2.37,3.54,2.89,0.0,0.89
227088.0,17.3,3.6,30.71,0.35,2.65,0.56,4.62,1.63
244830.0,16.2,2.4,39.36,5.48,4.11,1.53,6.79,2.85
237708.0,14.0,2.7,39.690000000000005,5.51,4.89,3.96,4.07,4.56
245156.0,17.7,3.3,36.81999999999999,3.48,3.52,6.16,2.66,0.0
293160.0,13.8,4.0,34.17,4.02,3.87,4.48,0.95,3.05
208618.0,15.0,3.5,24.28,2.5,0.21,1.89,0.0,1.18
246546.0,14.2,2.8,27.27,2.44,0.0,2.93,2.43,2.47
289370.0,13.8,4.3,29.060000000000002,2.88,0.0,2.2,2.21,3.67
240700.0,15.9,3.8,30.569999999999997,4.63,0.83,2.05,2.39,0.97
246936.0,16.0,3.3,35.05,5.11,3.91,0.29,3.5,2.94
271027.0,15.8,4.5,28.26,0.0,3.11,1.76,3.09,0.0
236924.0,13.0,3.6,27.3,1.43,2.87,2.49,1.36,2.55
247770.0,14.8,3.4,35.75,3.31,4.68,3.43,2.3,3.83
240166.0,16.0,3.4,25.81,1.71,1.0,0.56,1.76,1.38
247815.0,15.1,3.1,28.84,0.0,1.24,4.57,3.55,1.28
266643.0,14.6,4.0,35.42,5.27,3.66,0.22,2.47,5.2
240579.0,13.1,3.3,27.02,5.45,2.07,0.19,1.6,1.31
248006.0,12.4,2.8,27.849999999999998,5.72,3.33,1.04,2.56,0.0
201163.0,12.2,3.8,36.519999999999996,3.36,3.93,6.11,3.18,3.94
233391.0,14.4,3.2,38.05000000000001,7.12,2.14,1.76,3.84,5.59
248015.0,10.3,3.1,29.42,5.48,1.86,0.99,4.82,2.87
253161.0,13.9,4.2,28.76,1.84,4.8,1.93,0.0,2.09
216792.0,15.2,3.6,33.04,1.77,4.28,1.08,4.6,2.51
248391.0,14.4,2.7,31.840000000000003,5.11,7.0,1.3,0.25,1.08
272501.0,13.5,4.1,30.85,1.62,7.04,2.93,0.0,1.66
217905.0,14.2,3.9,29.32,6.08,0.18,1.9,1.03,2.03
249538.0,17.2,3.9,32.309999999999995,1.52,0.23,1.88,4.28,3.3
202417.0,13.8,4.8,33.03,6.59,3.72,2.71,1.15,0.26
241479.0,9.4,3.0,22.72,0.87,1.42,2.69,2.7,2.64
249548.0,17.1,3.1,25.29,0.0,2.02,0.0,0.15,2.92
254445.0,12.5,4.9,24.64,0.48,1.77,4.21,0.0,0.78
219255.0,14.6,4.4,40.46,2.62,4.02,4.05,5.19,5.58
249886.0,14.6,3.8,30.599999999999998,8.0,0.9,1.34,0.0,1.96
257006.0,11.7,4.0,34.95,5.26,3.58,5.96,3.24,1.21
230158.0,16.4,3.6,36.370000000000005,2.5,4.8,4.65,1.72,2.7
249891.0,15.2,2.9,32.96,2.27,3.42,4.35,3.31,1.51
262468.0,15.6,4.2,34.5,3.07,1.83,1.03,2.77,6.0
242306.0,14.4,3.3,33.42,2.95,0.82,2.6,3.35,6.0
249900.0,13.7,2.5,34.51,4.65,0.58,4.27,6.37,2.44
253313.0,14.7,4.5,27.55,0.0,0.0,4.16,1.59,2.6
229686.0,15.4,3.2,32.400000000000006,2.59,4.89,3.64,1.09,1.59
250583.0,14.9,2.8,24.66,0.0,4.04,1.53,0.5,0.89
237599.0,13.8,4.6,30.65,0.67,3.93,2.63,2.46,2.56
259266.0,15.6,3.8,32.26,1.83,3.35,0.72,3.89,3.07
250626.0,14.9,2.9,28.950000000000003,2.69,5.58,0.3,0.0,2.58
278914.0,14.5,3.3,32.09,0.4,5.28,4.34,1.1,3.17
255874.0,16.9,3.6,27.4,1.22,2.46,3.22,0.0,0.0
250895.0,11.6,3.2,28.18,3.18,0.0,1.92,5.07,3.21
231744.0,15.3,4.5,26.98,0.44,0.88,3.75,2.11,0.0
218591.0,16.2,3.9,28.45,2.84,0.31,1.64,0.76,2.8
251912.0,14.2,2.7,27.349999999999998,1.29,5.11,2.57,0.0,1.48
278427.0,14.7,4.4,32.24,6.55,1.15,2.35,2.12,0.97
227998.0,15.3,3.3,31.030000000000005,4.3,0.0,1.11,4.15,2.87
251993.0,15.4,1.1,32.68,2.99,7.98,3.4,0.0,1.81
258652.0,12.7,4.6,38.519999999999996,2.21,4.72,4.67,5.1,4.52
222115.0,14.6,3.5,25.220000000000002,3.98,0.17,2.88,0.09,0.0
252102.0,14.2,2.0,34.51,5.04,5.05,4.86,0.81,2.55
231013.0,16.6,3.8,36.13,4.61,4.83,1.2,1.94,3.15
252356.0,15.4,2.8,30.979999999999997,3.95,2.38,0.32,2.63,3.5
239555.0,14.2,3.4,28.83,1.21,2.78,3.15,0.84,3.25
210207.0,15.7,3.6,34.440000000000005,7.78,0.38,0.54,5.35,1.09
252480.0,14.8,3.0,27.310000000000002,0.16,1.95,4.89,0.05,2.46
286187.0,13.8,4.4,31.290000000000003,2.61,4.5,4.83,0.85,0.3
275786.0,15.6,3.3,37.3,6.49,3.31,1.49,3.18,3.93
252582.0,13.6,2.3,28.25,0.0,3.33,2.42,3.05,3.55
268523.0,12.6,4.1,28.84,0.82,0.44,2.63,2.7,5.55
196524.0,15.8,3.5,28.620000000000005,3.57,1.87,0.92,0.25,2.71
252761.0,13.0,3.2,29.990000000000002,5.87,1.32,4.03,0.0,2.57
298926.0,13.9,3.9,35.28,8.6,1.16,3.41,3.63,0.68
245841.0,15.4,3.5,37.31,8.05,0.0,5.85,1.99,2.52
252777.0,14.4,2.8,32.33,3.31,4.92,4.01,1.22,1.67
265440.0,14.9,4.4,37.54,5.89,3.65,0.79,3.52,4.39
241156.0,16.6,3.4,37.410000000000004,5.59,2.23,2.64,3.68,3.27
252957.0,13.8,3.5,26.03,3.09,4.09,0.7,0.85,0.0
261990.0,14.3,4.8,31.5,4.6,2.5,1.49,0.0,3.81
271601.0,15.1,3.0,32.43,1.1,4.12,2.15,3.57,3.39
253074.0,14.2,1.4,24.35,1.53,2.54,1.94,0.0,2.74
356020.0,13.1,3.9,35.51,6.12,4.2,5.18,2.21,0.8
252455.0,16.4,3.2,26.209999999999994,3.47,0.0,0.49,0.02,2.63
253634.0,14.9,2.3,27.290000000000003,0.1,3.59,3.17,2.24,0.99
270599.0,15.8,3.8,31.720000000000006,3.1,1.66,3.1,1.6,2.66
232148.0,15.1,3.6,28.639999999999997,0.0,1.81,3.09,0.22,4.82
253673.0,13.5,1.6,30.81,0.52,3.53,4.21,4.57,2.88
1599723.0,7.8,1.8,26.700000000000003,4.04,3.28,4.57,1.94,3.27
254415.0,15.0,2.5,30.11,2.79,0.6,1.54,3.48,4.2
346230.0,12.8,4.1,28.429999999999996,5.38,2.67,0.13,0.0,3.35
227425.0,12.6,3.4,35.14,4.32,3.05,2.23,4.38,5.16
254418.0,11.5,2.8,24.07,3.15,0.51,3.01,0.0,3.1
281848.0,12.9,4.4,34.0,4.8,0.71,2.68,6.54,1.97
254056.0,15.4,3.6,33.97,5.65,2.19,1.36,2.62,3.15
254532.0,14.7,2.7,27.019999999999996,1.37,1.45,0.09,2.9,3.81
290283.0,14.0,4.5,34.53,6.25,1.56,4.81,1.88,1.53
222179.0,15.1,3.6,32.68,4.22,1.62,3.76,3.04,1.34
254629.0,14.3,2.8,36.44,5.26,4.72,1.47,4.22,3.67
274012.0,13.2,4.2,28.989999999999995,2.38,0.99,2.51,2.11,3.6
235609.0,14.7,3.3,32.09,4.35,0.0,2.75,3.86,3.13
254687.0,14.2,2.8,32.39,7.5,3.47,3.52,0.9,0.0
237975.0,13.7,4.4,33.09,6.32,3.19,2.21,0.0,3.27
188687.0,16.8,4.0,37.71,4.1,4.49,2.0,3.67,2.65
254812.0,13.3,3.4,31.13,0.56,5.37,3.57,3.78,1.15
303909.0,12.8,4.5,29.02,3.89,1.59,4.33,0.15,1.76
213159.0,15.4,3.5,34.129999999999995,4.84,0.14,2.45,3.72,4.08
255330.0,13.6,2.6,39.239999999999995,9.85,3.1,4.11,3.14,2.84
291238.0,14.1,4.4,32.660000000000004,5.43,1.77,2.25,2.26,2.45
189327.0,15.1,3.4,36.69,2.85,5.54,2.68,2.23,4.89
255675.0,14.8,2.6,27.46,1.37,0.49,4.61,1.29,2.3
286900.0,14.3,4.7,30.880000000000003,2.92,0.0,1.35,3.22,4.39
244448.0,14.8,3.9,34.5,5.75,0.09,3.92,1.63,4.41
256174.0,12.9,1.8,23.87,3.36,2.76,0.32,1.02,1.71
236894.0,14.1,4.6,29.8,2.09,0.0,6.21,0.0,2.8
232478.0,14.2,3.6,33.38,7.96,2.96,0.89,1.21,2.56
256348.0,13.1,3.2,35.15,1.36,3.47,6.07,4.23,3.72
277350.0,7.7,2.6,25.38,0.0,3.89,5.85,3.25,2.09
196632.0,14.3,3.1,27.46,3.66,0.0,3.08,2.1,1.22
256778.0,14.9,2.7,31.280000000000005,3.1,2.34,3.76,0.0,4.48
292332.0,13.5,4.4,34.0,3.28,4.89,2.68,3.04,2.21
209922.0,14.0,3.6,27.95,6.13,4.22,0.0,0.0,0.0
257206.0,14.2,2.7,28.99,0.41,4.67,2.6,0.04,4.37
310132.0,13.1,4.3,37.099999999999994,4.79,3.69,4.57,3.56,3.09
254682.0,14.7,3.7,26.2,1.71,3.28,2.04,0.15,0.62
257657.0,13.2,2.3,29.91,4.2,2.77,3.73,0.0,3.71
262110.0,11.2,4.2,31.589999999999996,4.98,4.63,2.32,4.2,0.06
276732.0,14.2,4.0,30.13,0.0,3.56,0.09,4.58,3.7
257796.0,15.0,3.4,30.56,4.77,3.72,2.36,0.46,0.85
296432.0,13.6,3.7,31.32,0.68,5.9,2.69,3.92,0.83
289896.0,14.6,3.7,32.96,1.68,2.35,5.23,4.64,0.76
257853.0,15.2,2.5,29.9,4.0,5.18,2.25,0.0,0.77
280594.0,14.0,4.0,29.679999999999996,0.0,4.11,3.72,1.83,2.02
236515.0,13.3,3.6,28.26,0.26,4.22,2.59,1.48,2.81
258170.0,11.1,2.4,20.240000000000002,4.19,0.89,1.55,0.0,0.11
285499.0,12.7,4.7,29.419999999999998,2.5,3.04,6.06,0.0,0.42
224029.0,15.5,3.8,29.430000000000003,0.0,4.48,2.92,2.25,0.48
258804.0,14.2,1.7,29.83,0.81,2.79,5.37,2.6,2.36
290240.0,13.3,4.1,28.2,2.12,1.74,2.79,2.37,1.78
306891.0,12.2,3.9,37.419999999999995,4.2,5.06,5.86,0.57,5.63
258914.0,14.8,2.3,28.960000000000004,3.28,1.62,3.48,2.23,1.25
239778.0,16.6,3.7,37.39,5.13,4.09,4.21,2.03,1.63
258920.0,14.4,2.9,29.990000000000002,6.3,0.0,1.48,2.94,1.97
254536.0,15.5,3.8,27.07,0.0,0.0,2.09,1.82,3.86
245177.0,12.6,3.2,34.27,6.55,3.14,3.78,2.49,2.51
258972.0,12.0,2.4,27.099999999999998,3.06,3.26,3.39,0.72,2.27
299372.0,14.3,5.0,37.32,5.07,3.33,4.54,1.61,3.47
118295.0,9.2,4.8,22.56,1.1,2.14,0.78,3.68,0.86
258983.0,14.4,5.4,35.86,7.24,3.14,3.37,2.04,0.27
437686.0,11.0,4.8,28.41,1.28,1.68,4.88,3.14,1.63
205432.0,16.0,3.6,31.04,2.15,4.32,0.0,3.34,1.63
259024.0,13.5,3.0,30.689999999999998,5.01,2.93,0.98,3.02,2.25
273666.0,14.5,4.4,38.589999999999996,3.41,4.5,5.28,3.9,2.6
226640.0,16.1,3.6,37.95,4.69,1.95,3.8,4.58,3.23
259367.0,17.0,2.8,32.14,3.53,4.25,0.55,2.64,1.37
253720.0,15.1,3.6,30.93,2.09,1.01,3.41,2.93,2.79
257716.0,15.3,3.6,34.84,4.33,3.98,3.93,0.0,3.7
260293.0,13.9,3.0,25.109999999999996,2.97,1.7,0.16,1.41,1.97
287451.0,14.7,4.3,34.08,2.13,3.42,3.25,4.31,1.97
227799.0,15.5,3.6,29.580000000000002,1.07,1.81,0.66,4.03,2.91
260503.0,14.2,2.4,25.219999999999995,1.68,2.74,2.63,1.57,0.0
288071.0,12.6,4.5,31.909999999999997,6.2,1.47,4.02,2.63,0.49
251517.0,14.6,3.1,30.720000000000002,4.46,0.57,6.19,0.0,1.8
260994.0,13.8,3.2,26.569999999999997,0.46,3.08,3.15,0.0,2.88
320810.0,12.8,3.7,34.61,4.66,3.66,5.19,3.19,1.41
249111.0,16.4,3.4,37.19,2.97,2.89,3.7,4.02,3.81
261446.0,16.6,3.1,38.480000000000004,6.16,5.06,0.0,5.04,2.52
213906.0,13.0,2.7,29.1,1.14,3.01,4.21,1.5,3.54
261448.0,11.9,3.1,23.400000000000002,0.01,0.97,3.21,0.07,4.14
277477.0,14.0,4.8,43.2,6.56,2.74,6.15,5.59,3.36
233578.0,15.8,3.8,32.7,4.11,1.48,2.23,0.0,5.28
261742.0,14.9,2.5,34.01,5.26,3.61,4.56,1.91,1.27
286600.0,13.4,4.5,31.49,3.86,2.89,0.08,3.14,3.62
224589.0,15.2,3.5,26.560000000000002,2.35,0.22,2.8,2.49,0.0
261922.0,13.7,3.0,23.97,2.21,0.46,1.79,0.0,2.81
295745.0,13.7,4.4,28.350000000000005,4.87,0.26,1.63,0.87,2.62
228950.0,15.2,3.4,28.259999999999998,0.56,2.74,2.57,1.86,1.93
262129.0,12.5,0.4,27.620000000000005,5.16,0.69,0.93,2.93,5.01
262470.0,13.4,4.9,30.23,0.0,6.29,0.73,4.39,0.52
249639.0,12.5,3.9,31.299999999999997,3.27,1.25,4.02,0.74,5.62
263213.0,12.3,2.6,28.94,0.86,4.01,3.77,3.46,1.94
308456.0,10.7,4.3,27.650000000000002,2.84,3.32,2.86,3.26,0.37
238853.0,16.1,3.6,29.69,0.16,2.68,2.73,1.08,3.34
263273.0,15.5,2.7,37.41,6.38,2.79,2.64,3.92,3.48
352156.0,14.4,4.4,33.81,6.14,2.98,5.69,0.0,0.2
319146.0,14.5,3.5,33.95,3.44,3.97,4.57,1.33,2.64
263397.0,13.7,2.2,28.46,4.76,3.78,0.18,0.92,2.92
248790.0,14.3,4.2,37.08,4.9,4.38,4.75,4.51,0.04
220719.0,15.8,3.8,31.69,3.81,1.47,2.62,0.0,4.19
263672.0,14.1,2.6,32.94,8.78,2.13,0.71,3.14,1.48
330326.0,14.1,4.0,32.0,0.52,3.78,2.75,2.42,4.43
242510.0,13.3,3.2,34.82,3.61,4.92,3.41,3.59,2.79
264411.0,13.7,3.3,29.68,5.5,1.93,1.16,0.0,4.09
274648.0,14.1,3.9,30.849999999999998,1.52,5.54,3.15,0.0,2.64
300423.0,14.0,3.2,33.33,5.12,3.89,0.33,3.15,3.64
264690.0,14.1,2.6,30.15,0.83,4.58,2.01,0.68,5.35
329613.0,13.8,4.0,31.86,0.0,3.24,4.8,4.6,1.42
261552.0,13.2,3.4,29.449999999999996,4.98,2.9,1.15,3.82,0.0
265014.0,16.3,3.6,33.080000000000005,3.85,2.2,4.81,2.0,0.32
299484.0,16.0,3.9,32.46,3.84,1.85,0.33,3.93,2.61
225618.0,13.7,3.3,32.06,4.67,1.45,4.07,1.61,3.26
265044.0,11.9,2.5,36.26,7.18,3.61,5.61,3.33,2.13
290816.0,11.4,4.2,26.01,6.28,0.2,1.72,0.0,2.21
209505.0,16.0,3.9,35.3,3.44,3.55,4.39,1.47,2.55
265137.0,15.5,2.8,27.02,3.13,1.27,1.66,1.06,1.6
239709.0,17.5,4.2,39.32,3.82,5.16,4.67,2.94,1.03
213966.0,16.1,3.6,42.470000000000006,6.52,3.94,5.66,3.21,3.44
265310.0,16.4,3.2,32.82,6.54,2.37,0.0,1.7,2.61
314216.0,13.9,4.7,28.89,6.04,0.0,0.77,2.36,1.12
233811.0,16.9,3.8,39.44,3.92,5.12,4.01,1.54,4.15
265331.0,15.2,3.0,38.93000000000001,8.95,3.39,3.63,1.6,3.16
239694.0,15.5,4.2,34.97,5.95,0.82,2.62,2.45,3.43
238750.0,17.1,4.4,34.19,3.43,2.16,4.3,0.54,2.26
265334.0,13.8,3.4,29.67,0.25,0.96,6.3,0.47,4.49
291014.0,13.0,4.3,27.82,0.0,2.27,3.14,1.56,3.55
226732.0,16.2,3.6,32.76,5.92,0.65,2.72,0.0,3.67
265633.0,13.7,2.9,26.89,1.03,3.88,2.68,0.6,2.1
289274.0,14.0,4.3,35.06,4.16,4.47,0.57,3.42,4.14
294551.0,14.7,3.4,32.83,2.04,0.36,3.49,4.46,4.38
266932.0,13.4,2.8,29.26,3.96,1.19,5.97,1.94,0.0
216483.0,13.1,2.6,28.07,2.44,1.09,5.51,0.0,3.33
267069.0,16.1,2.7,34.699999999999996,5.92,3.54,4.04,0.0,2.4
298291.0,12.6,4.7,36.96,4.84,3.46,4.08,2.57,4.71
257178.0,16.0,3.8,28.18,0.07,2.21,0.8,3.15,2.15
267358.0,16.3,2.9,36.25,3.08,6.23,6.31,1.43,0.0
297585.0,12.0,4.9,37.419999999999995,9.4,4.58,3.51,0.0,3.03
216958.0,13.6,3.6,33.54,3.5,0.99,4.05,4.59,3.21
267375.0,12.0,2.6,33.55,7.1,4.57,1.86,2.04,3.38
296642.0,12.3,4.4,33.260000000000005,6.35,0.0,3.84,2.0,4.37
240186.0,15.3,3.5,31.630000000000003,3.12,4.92,3.08,0.55,1.16
267465.0,14.9,2.9,32.33,1.9,1.44,5.36,0.0,5.83
273740.0,14.8,3.9,30.6,2.46,0.0,3.87,2.02,3.55
259143.0,14.3,3.4,26.75,0.0,3.54,0.51,3.65,1.35
267523.0,14.2,2.9,31.119999999999997,4.15,0.81,2.92,2.17,3.97
254374.0,13.3,4.1,25.240000000000002,0.0,0.78,2.72,1.1,3.24
205954.0,15.8,2.8,29.12,3.59,4.49,0.8,0.12,1.52
267762.0,11.9,1.9,27.729999999999997,1.18,2.16,4.36,1.31,4.92
276126.0,10.9,3.7,31.22,3.96,4.9,2.72,0.78,4.26
260343.0,14.7,3.4,26.64,6.03,2.51,0.0,0.0,0.0
267933.0,14.3,3.0,36.400000000000006,6.08,2.8,5.97,1.35,2.9
287419.0,14.2,4.6,39.739999999999995,3.74,3.82,7.02,3.44,2.92
226428.0,17.1,4.2,34.33,5.99,2.88,1.07,0.0,3.09
268427.0,13.8,1.7,25.139999999999997,2.56,0.0,4.06,2.11,0.91
223286.0,14.7,5.5,35.18,1.57,3.12,2.24,3.33,4.72
252972.0,11.0,3.5,38.3,3.81,4.86,5.1,4.03,6.0
269129.0,4.0,0.0,15.139999999999999,2.56,3.16,2.8,1.17,1.45
584299.0,4.0,3.3,25.820000000000004,4.03,3.13,5.24,0.68,5.44
231859.0,15.6,4.0,28.880000000000003,0.0,4.4,1.43,1.26,2.19
269545.0,13.7,2.3,30.679999999999996,4.26,3.25,4.54,0.0,2.63
225685.0,14.3,3.6,35.17,6.37,2.5,1.82,3.04,3.54
269727.0,12.5,2.8,37.309999999999995,8.95,1.99,2.37,5.27,3.43
234963.0,11.9,3.9,26.419999999999998,1.11,1.17,3.94,2.84,1.56
267613.0,14.2,3.5,29.16,0.58,1.78,3.21,2.11,3.78
269764.0,13.8,3.1,33.64,1.55,2.23,5.71,4.7,2.55
289128.0,14.3,4.7,35.98,7.45,3.8,2.86,1.16,1.71
251076.0,14.8,3.7,36.8,8.05,3.36,1.59,3.8,1.5
270181.0,12.9,2.5,28.120000000000005,6.04,0.26,1.85,2.71,1.86
267523.0,13.7,4.5,32.879999999999995,3.39,3.0,4.17,1.33,2.79
244039.0,15.6,3.6,39.35,6.71,0.0,3.57,4.77,5.1
270388.0,13.5,3.6,37.24,5.31,4.19,2.94,5.4,2.3
298140.0,9.7,3.0,21.64,3.61,0.78,2.57,1.53,0.45
228722.0,15.6,3.6,29.07,3.01,0.57,1.78,0.24,4.27
270478.0,12.9,2.6,26.769999999999996,1.72,2.33,2.96,2.83,1.43
269320.0,15.4,3.8,33.55,5.84,0.0,3.19,0.0,5.32
237701.0,14.4,3.8,29.2,2.84,1.87,0.81,5.31,0.17
270723.0,14.2,2.6,36.49,7.89,2.64,2.95,3.31,2.9
264768.0,16.4,4.2,31.16,2.19,0.0,4.28,2.91,1.18
270271.0,15.7,3.2,29.34,5.04,0.62,1.75,3.03,0.0
270915.0,15.6,3.0,34.6,1.97,2.49,3.96,2.66,4.92
260148.0,15.7,4.2,35.77,8.13,1.14,3.45,0.69,2.46
256051.0,15.3,3.1,27.510000000000005,1.27,0.32,2.6,1.78,3.14
271110.0,12.5,3.0,27.29,4.0,0.0,3.65,2.23,1.91
296356.0,12.4,4.3,26.57,0.14,4.45,1.59,0.0,3.69
209733.0,15.1,3.4,32.22,6.11,1.92,4.77,0.92,0.0
271959.0,13.3,2.7,32.49,5.38,7.58,0.0,2.52,1.01
313058.0,12.5,4.2,30.159999999999997,4.45,3.77,1.83,1.49,1.92
235229.0,12.1,3.4,33.089999999999996,6.54,5.82,0.54,1.43,3.26
272019.0,14.3,2.9,30.52,6.7,1.67,3.05,1.9,0.0
283498.0,14.4,3.3,28.55,3.35,1.43,2.2,0.0,3.87
230488.0,16.1,3.7,34.92,3.28,6.34,0.15,3.6,1.75
272189.0,15.1,3.1,36.0,4.03,0.17,5.76,4.58,3.26
229567.0,14.6,3.4,40.879999999999995,6.04,4.43,5.68,3.32,3.41
272378.0,14.4,2.1,32.75,5.65,4.39,1.92,0.59,3.7
245658.0,13.6,3.4,30.71,3.95,2.32,1.8,2.04,3.6
272529.0,15.9,2.4,38.78,7.49,3.78,5.3,1.74,2.17
295254.0,13.1,4.3,25.13,0.0,0.0,2.73,3.03,1.97
227839.0,15.5,3.6,27.410000000000004,0.62,1.83,2.78,0.49,2.59
272681.0,13.8,2.6,24.36,0.81,3.25,0.43,0.98,2.49
312133.0,13.4,4.3,37.91,7.29,2.71,3.54,3.8,2.87
270843.0,15.5,3.3,34.84,4.9,0.71,3.77,5.1,1.56
273473.0,14.3,2.6,31.400000000000002,0.76,2.34,2.95,6.71,1.74
268032.0,15.2,4.1,31.33,5.21,1.96,2.68,0.0,2.18
323324.0,15.6,3.4,27.81,0.0,2.2,1.9,0.21,4.5
274350.0,15.1,2.9,30.94,1.46,1.71,3.69,5.34,0.74
251194.0,12.8,3.2,43.21,9.3,4.7,3.95,5.29,3.97
274537.0,17.3,2.7,31.900000000000002,0.16,0.93,4.14,4.26,2.41
217862.0,14.9,2.9,33.37,3.78,4.11,4.63,0.0,3.05
261358.0,15.7,3.4,32.3,1.4,4.42,2.73,2.75,1.9
274613.0,12.3,1.7,27.990000000000002,3.84,4.44,0.55,0.0,5.16
320929.0,11.4,4.7,24.0,1.63,1.05,2.36,0.0,2.86
234119.0,15.4,3.9,33.94,3.16,0.0,6.33,2.89,2.26
274731.0,14.0,3.1,32.0,5.29,4.69,0.0,4.57,0.35
318467.0,13.6,4.4,41.900000000000006,4.55,5.69,3.95,6.99,2.72
271052.0,13.6,3.3,35.97,4.09,3.78,5.54,3.17,2.49
274841.0,11.6,2.7,29.73,3.2,4.1,3.93,0.43,3.77
295937.0,13.7,4.8,26.31,1.71,2.51,0.41,1.52,1.66
262170.0,15.2,3.3,29.11,8.41,1.9,0.0,0.0,0.3
274935.0,13.6,3.9,35.61000000000001,4.03,4.66,3.51,1.85,4.06
274143.0,11.7,3.6,27.259999999999998,4.86,1.42,3.4,0.11,2.17
271599.0,11.9,3.5,27.19,4.46,1.8,1.29,0.55,3.69
274994.0,10.7,2.4,29.54,5.98,2.79,3.25,1.5,2.92
283031.0,13.7,4.9,30.880000000000003,0.74,0.0,2.76,5.24,3.54
248439.0,17.5,3.4,42.84,5.49,6.46,1.91,3.92,4.16
275086.0,16.1,2.5,31.790000000000003,1.56,3.76,1.8,1.43,4.64
283249.0,15.5,3.9,26.569999999999997,1.45,0.0,1.99,0.0,3.73
247236.0,16.7,4.0,31.47,2.33,5.05,0.0,0.58,2.81
275574.0,16.4,3.0,36.220000000000006,5.82,3.43,3.67,1.88,2.02
221843.0,17.1,2.8,33.27,5.9,0.34,0.0,4.71,2.42
276151.0,15.3,2.9,32.57,1.4,2.69,3.17,6.58,0.53
234201.0,17.4,4.9,36.3,4.22,0.0,4.53,3.77,1.48
261293.0,17.1,3.8,36.25,5.29,2.04,3.81,2.94,1.27
277133.0,17.2,3.6,31.13,0.0,3.94,2.22,2.7,1.47
283722.0,15.8,4.3,36.88,3.12,4.79,6.52,0.0,2.35
241200.0,15.1,3.9,28.99,0.66,3.81,3.61,1.54,0.37
277994.0,15.8,3.2,30.07,0.09,2.56,2.35,3.34,2.73
288083.0,14.1,4.3,33.089999999999996,7.25,2.23,1.2,0.16,3.85
264022.0,16.4,3.6,27.209999999999997,1.73,0.7,2.58,2.2,0.0
278050.0,15.3,2.8,27.970000000000002,6.09,0.36,2.48,0.94,0.0
247325.0,15.4,3.3,42.27,6.67,4.3,1.55,6.31,4.74
278259.0,13.5,2.8,30.13,6.23,3.58,2.05,1.97,0.0
321045.0,13.7,4.3,28.93,0.0,3.91,0.46,3.89,2.67
236815.0,14.9,3.4,22.439999999999998,0.0,1.04,0.65,0.0,2.45
278873.0,13.3,2.6,30.02,4.69,0.77,5.37,1.86,1.43
307732.0,14.0,4.4,29.099999999999998,0.6,0.07,1.22,2.81,6.0
243554.0,15.4,3.6,33.93000000000001,6.91,2.1,4.16,0.2,1.56
266145.0,15.4,3.8,36.65,3.68,3.87,1.68,4.58,3.64
279460.0,14.4,2.6,30.179999999999996,5.25,3.31,2.36,0.13,2.13
347049.0,13.0,4.4,37.269999999999996,2.33,4.18,3.66,6.78,2.92
258785.0,15.9,3.6,28.61,4.95,0.0,1.91,0.0,2.25
279653.0,12.4,2.5,33.07,4.98,5.15,3.23,1.16,3.65
236168.0,11.0,4.1,22.14,2.92,1.35,0.3,0.0,2.47
219823.0,16.0,3.7,35.199999999999996,3.38,0.0,4.5,3.32,4.3
279847.0,13.5,2.5,30.87,3.27,2.46,3.8,3.57,1.77
293584.0,13.8,4.4,24.430000000000007,0.0,0.01,1.39,0.8,4.03
257440.0,17.0,3.7,35.379999999999995,4.45,1.36,3.9,2.35,2.62
280385.0,15.4,3.1,26.78,0.0,2.83,2.19,0.0,3.26
280832.0,14.8,3.6,36.169999999999995,4.92,3.59,4.77,2.37,2.12
299273.0,14.7,3.5,25.95,4.18,2.32,0.84,0.0,0.41
280609.0,14.1,3.0,24.98,3.06,2.52,0.0,0.42,1.88
261399.0,14.2,4.2,35.76,4.35,2.29,2.58,3.72,4.42
241292.0,15.3,3.6,31.03,6.61,4.75,0.0,0.77,0.0
280876.0,14.7,2.3,28.14,2.24,2.64,2.7,0.09,3.47
296399.0,11.2,4.3,27.510000000000005,4.87,0.05,0.3,4.01,2.78
285406.0,14.8,3.9,34.349999999999994,2.17,3.82,3.87,4.07,1.72
280909.0,13.8,2.7,32.54,2.85,4.54,4.26,3.36,1.03
356384.0,13.6,4.0,31.5,4.27,4.68,2.54,1.64,0.77
201728.0,18.3,2.9,36.480000000000004,6.26,2.28,2.41,1.47,2.86
281470.0,16.3,2.7,26.370000000000005,0.67,2.67,0.76,0.0,3.27
328771.0,12.9,3.8,29.39,4.96,0.0,3.62,1.21,2.9
264009.0,14.4,4.3,30.939999999999998,0.0,5.8,0.0,2.61,3.83
282825.0,12.7,2.6,30.079999999999995,6.57,5.29,0.0,1.77,1.15
337647.0,12.3,3.4,27.46,3.3,0.0,5.87,2.59,0.0
281093.0,15.3,3.6,35.67000000000001,4.28,0.0,3.96,5.58,2.95
284385.0,13.5,2.6,33.790000000000006,8.0,1.64,2.23,2.58,3.24
298953.0,14.5,3.9,37.339999999999996,7.8,4.86,3.57,1.95,0.76
240683.0,9.6,2.6,24.14,0.06,4.18,3.0,2.94,1.76
284545.0,15.6,3.4,31.66,4.72,0.59,0.03,1.38,5.94
260013.0,15.6,3.1,32.379999999999995,3.36,4.67,1.9,1.64,2.11
284575.0,13.2,3.0,33.47,4.04,2.5,5.52,2.6,2.61
249499.0,14.1,4.0,32.46,3.57,4.36,3.34,0.83,2.26
232545.0,16.8,3.6,42.42,6.3,6.09,3.66,4.33,1.64
284962.0,14.4,3.0,26.410000000000004,2.55,3.12,1.42,0.0,1.92
354456.0,12.1,3.8,23.47,1.42,0.0,3.58,1.21,1.36
212535.0,15.9,4.4,35.839999999999996,7.79,4.78,0.44,0.64,1.89
284992.0,14.4,3.8,37.49,6.77,3.21,0.0,5.35,3.96
311432.0,11.5,4.2,34.239999999999995,6.29,1.75,1.24,3.99,5.27
261053.0,14.3,3.3,34.09,7.13,4.75,2.41,0.0,2.2
284994.0,13.5,2.7,23.2,2.82,0.0,0.65,2.32,1.21
316547.0,13.0,4.1,28.04,2.01,3.48,1.34,1.33,2.78
279076.0,15.4,3.4,39.38,7.54,5.08,2.48,2.38,3.1
285389.0,14.3,2.6,30.43,5.19,1.04,3.16,2.81,1.33
351697.0,12.3,4.5,30.040000000000003,4.09,0.94,0.0,3.58,4.63
252725.0,12.2,3.3,35.77,3.49,5.56,6.94,1.81,2.47
285723.0,11.0,2.3,28.830000000000002,4.2,4.15,3.21,0.87,3.1
311440.0,12.0,4.8,30.310000000000006,4.19,0.0,1.8,5.58,1.94
265078.0,15.4,3.6,38.53,10.0,2.07,3.78,1.06,2.62
286003.0,14.1,2.9,32.279999999999994,1.89,3.86,2.88,4.35,2.3
313200.0,14.5,4.3,30.04,2.89,3.74,3.06,0.0,1.55
1299318.0,9.6,3.4,20.1,0.0,0.26,3.35,1.73,1.76
286624.0,7.8,2.1,23.130000000000003,5.19,2.73,3.62,0.0,1.69
398940.0,7.6,4.1,23.93,2.19,2.45,4.43,0.51,2.65
240464.0,16.8,3.7,40.3,4.46,2.93,5.9,4.69,1.82
287423.0,12.4,2.7,30.009999999999998,1.13,3.5,4.77,3.08,2.43
259551.0,16.4,3.7,39.75,5.17,3.19,3.35,6.2,1.74
287810.0,15.6,2.9,36.85000000000001,6.63,3.08,5.41,2.42,0.81
297968.0,14.5,4.1,28.480000000000004,1.14,2.69,2.25,1.53,2.27
322065.0,15.1,3.3,31.959999999999997,3.44,0.83,4.1,3.41,1.78
287994.0,13.8,2.7,35.22,4.82,0.95,4.49,3.56,4.9
277140.0,14.7,4.3,29.83,4.71,0.0,1.47,0.0,4.65
270591.0,13.9,3.9,32.67,5.69,0.53,3.92,3.56,1.17
288027.0,12.6,3.5,23.919999999999998,2.58,1.43,3.51,0.3,0.0
320271.0,15.4,3.3,35.61,4.95,1.49,7.2,3.27,0.0
263795.0,14.0,3.7,25.17,2.76,1.34,0.0,1.05,2.32
288073.0,12.6,2.2,31.46,4.8,4.38,3.85,1.38,2.25
314745.0,12.5,3.9,21.020000000000003,1.26,0.3,1.19,0.82,1.05
236979.0,15.3,3.5,36.34,4.89,6.04,1.29,4.48,0.84
288529.0,13.5,2.7,30.599999999999994,5.42,0.27,2.93,1.99,3.79
332934.0,12.6,4.4,34.54,0.0,3.39,3.66,5.74,4.75
267457.0,14.5,3.6,32.13,6.53,3.51,1.47,0.0,2.52
288650.0,14.0,3.4,33.23,5.4,1.42,4.45,1.04,3.52
322028.0,14.1,4.4,30.35,2.22,4.23,1.37,0.0,4.03
255979.0,13.2,2.2,29.75,6.89,2.37,1.88,0.0,3.21
289362.0,14.8,2.1,32.2,5.07,2.05,5.25,0.0,2.93
250928.0,14.4,3.6,23.57,0.4,0.0,2.98,0.0,2.19
289852.0,13.9,2.7,31.770000000000003,0.0,2.49,6.45,2.74,3.49
263814.0,14.9,4.3,31.97,1.14,3.72,3.88,1.3,2.73
282224.0,13.5,3.2,31.740000000000002,1.39,4.07,5.57,0.44,3.57
290068.0,12.3,2.8,32.82,5.66,3.82,3.86,1.65,2.73
293832.0,13.7,4.5,33.96,2.37,5.91,4.98,0.0,2.5
257972.0,14.9,3.5,20.409999999999997,1.0,0.47,0.0,0.54,0.0
290168.0,14.1,2.8,39.849999999999994,10.0,3.89,3.87,1.89,3.3
285291.0,14.3,4.2,23.19,0.18,3.1,0.0,0.0,1.41
358361.0,12.4,3.3,26.770000000000003,4.23,0.0,4.35,0.0,2.49
290379.0,11.4,2.9,23.44,3.6,4.86,0.68,0.0,0.0
287288.0,16.2,3.6,35.0,8.07,1.29,0.91,4.0,0.93
290465.0,13.5,2.7,29.77,0.05,0.93,4.0,2.59,6.0
317565.0,13.9,4.3,28.2,1.22,1.0,3.09,1.82,2.87
247859.0,15.0,3.7,34.4,3.03,1.57,3.11,6.89,1.1
290644.0,12.3,2.5,26.990000000000002,3.0,2.87,3.42,0.58,2.32
333205.0,13.3,4.3,32.11,5.86,3.72,3.86,0.0,1.07
246108.0,14.8,3.2,34.08,2.42,1.06,2.58,4.18,5.84
290753.0,10.8,2.1,32.32,7.15,5.38,4.93,0.0,1.96
305268.0,13.5,4.1,30.970000000000002,0.0,1.76,7.04,3.25,1.32
214482.0,13.3,3.1,28.180000000000003,1.02,0.0,5.32,2.96,2.48
291021.0,15.5,2.3,24.630000000000003,0.11,0.14,3.73,1.64,1.21
376867.0,12.9,4.2,29.14,3.16,1.49,3.1,3.08,1.21
255002.0,14.8,3.6,24.960000000000004,0.36,2.33,1.54,0.67,1.66
291698.0,13.9,1.7,26.830000000000002,7.07,0.04,2.79,0.76,0.57
280512.0,15.6,3.8,31.849999999999998,4.4,2.19,2.52,1.77,1.57
260055.0,13.5,2.9,26.809999999999995,5.7,0.9,2.23,0.24,1.34
292043.0,13.7,2.6,31.03,0.83,3.19,5.75,1.84,3.12
286048.0,13.9,4.1,32.4,4.42,4.26,2.48,0.36,2.88
235215.0,16.2,3.6,36.36,3.51,3.94,4.7,1.61,2.8
292478.0,14.6,2.8,34.48,6.41,0.31,5.87,0.72,3.77
359653.0,13.3,4.5,32.93000000000001,1.25,3.7,4.17,0.01,6.0
267291.0,16.6,3.4,36.42,5.61,1.18,4.93,3.09,1.61
292570.0,13.8,3.1,35.160000000000004,0.0,6.65,5.78,2.23,3.6
261662.0,14.8,4.2,32.480000000000004,1.2,2.1,3.91,2.99,3.28
254629.0,16.3,3.6,26.930000000000003,0.0,2.83,1.64,1.41,1.15
293273.0,15.8,3.4,36.31,7.71,1.72,3.59,1.45,2.64
265236.0,16.8,4.3,32.87,2.73,4.16,3.68,0.8,0.4
232096.0,15.2,3.5,32.91,1.8,5.52,2.31,1.3,3.28
293818.0,14.2,3.1,30.769999999999996,2.67,5.26,0.63,3.89,1.02
379934.0,13.4,4.5,35.98,2.43,7.1,1.24,3.55,3.76
268102.0,16.2,4.0,36.75,0.0,0.94,4.08,5.97,5.56
294001.0,12.8,1.9,29.67,6.78,1.12,3.49,0.43,3.15
252528.0,12.5,3.5,29.77,4.71,3.13,3.12,1.5,1.31
294348.0,16.2,3.8,30.5,1.49,1.15,4.65,3.21,0.0
278442.0,15.3,4.6,37.96,4.22,5.36,3.68,0.77,4.03
264387.0,15.2,3.7,33.029999999999994,3.83,3.59,0.0,3.38,3.33
294715.0,13.4,2.5,30.570000000000004,1.84,4.72,3.8,1.78,2.53
321843.0,12.2,4.6,39.96,9.46,5.35,3.33,4.31,0.71
246969.0,12.8,3.3,32.31,3.87,1.81,3.15,3.16,4.22
294803.0,12.5,2.6,24.26,1.38,3.13,0.96,2.21,1.48
352541.0,11.8,4.6,35.82,6.35,4.92,2.97,1.99,3.19
256371.0,17.6,3.4,32.1,4.6,1.33,0.9,1.21,3.06
295428.0,17.0,3.0,27.0,0.0,1.07,3.24,1.15,1.54
285075.0,14.7,3.4,33.42999999999999,2.04,9.11,1.11,1.88,1.19
268665.0,15.5,4.0,36.21,4.29,6.64,4.57,0.0,1.21
296021.0,15.5,3.4,31.060000000000002,0.74,6.08,2.39,0.51,2.44
286445.0,13.8,4.3,31.92,4.06,4.63,1.19,0.46,3.48
293169.0,16.0,3.3,35.57,0.62,1.62,5.04,5.67,3.32
297659.0,15.3,3.1,36.64,3.46,3.25,3.25,4.46,3.82
260421.0,15.5,4.0,31.73,1.44,3.14,3.97,3.68,0.0
291134.0,17.8,2.9,33.26,4.52,5.47,1.14,0.88,0.55
297992.0,12.8,1.9,30.94,6.27,6.37,0.0,2.64,0.96
298984.0,14.7,3.7,33.82,5.07,2.82,4.19,0.15,3.19
298115.0,15.3,2.6,26.060000000000002,3.89,0.0,1.4,0.0,2.87
251545.0,15.1,3.1,31.72,3.57,2.62,4.88,0.93,1.52
298483.0,12.7,2.4,24.77,5.31,0.22,1.37,1.78,0.99
845867.0,8.7,3.5,28.44,4.37,3.32,5.78,0.0,2.77
299121.0,13.6,2.9,38.24,8.3,6.58,0.43,1.0,5.43
482439.0,10.4,4.1,24.18,0.59,0.0,5.68,0.0,3.41
246573.0,12.9,3.0,28.189999999999998,2.78,4.23,0.59,1.36,3.33
299468.0,15.1,3.1,30.169999999999998,0.86,0.54,5.39,2.07,3.11
285632.0,14.9,3.7,31.79,3.25,5.27,0.97,0.0,3.7
262563.0,17.0,4.6,33.56,0.3,2.06,4.58,5.02,0.0
299641.0,16.7,2.8,35.03,4.34,5.22,1.83,2.07,2.07
288939.0,13.3,3.4,26.699999999999996,5.35,1.4,1.96,1.21,0.08
286554.0,13.6,3.5,35.46,5.37,2.19,4.23,3.57,3.0
300837.0,12.7,3.0,36.480000000000004,6.76,1.69,3.78,2.91,5.64
322410.0,13.1,4.4,28.46,0.75,1.6,2.72,3.25,2.64
255786.0,14.4,3.6,28.04,3.26,0.34,3.21,2.25,0.98
300885.0,11.8,2.3,26.79,9.41,0.52,0.0,0.0,2.76
322958.0,14.6,3.9,32.03,1.74,2.18,3.24,1.89,4.48
279960.0,16.4,3.5,33.95,2.21,3.42,3.16,4.26,1.0
301462.0,14.1,2.8,30.4,2.75,0.57,5.04,2.14,3.0
294884.0,16.6,3.3,38.620000000000005,8.7,1.41,0.55,3.7,4.36
302023.0,14.6,2.6,36.50999999999999,6.37,4.47,3.01,4.02,1.44
308431.0,15.6,3.7,27.290000000000003,6.01,0.0,0.69,0.0,1.29
281996.0,14.5,3.2,27.18,0.0,2.73,3.8,0.0,2.95
302057.0,14.0,2.8,27.540000000000003,0.0,0.43,3.78,5.48,1.05
311520.0,14.6,4.0,32.92,1.73,2.62,6.1,1.83,2.04
330579.0,14.7,3.5,34.64,6.26,3.63,1.23,1.79,3.53
302435.0,13.9,2.3,42.809999999999995,9.35,6.06,1.06,4.14,6.0
277492.0,14.3,3.8,27.970000000000002,2.87,0.0,3.3,2.52,1.18
260279.0,16.2,3.9,29.770000000000003,3.19,0.0,3.92,0.51,2.05
303050.0,14.1,3.3,31.44,2.16,4.69,4.48,2.05,0.66
105477.0,15.8,5.2,39.029999999999994,6.03,3.93,1.23,2.72,4.12
251778.0,14.6,3.1,32.55,2.59,0.78,3.68,5.34,2.46
303158.0,13.1,2.7,30.7,4.74,1.92,5.22,0.24,2.78
334556.0,12.9,4.2,27.900000000000002,0.0,3.51,2.41,0.42,4.46
343123.0,13.7,3.4,23.68,1.03,1.45,3.32,0.0,0.78
303448.0,12.7,2.7,31.039999999999996,2.81,3.65,5.84,0.0,3.34
309718.0,13.6,4.3,28.13,7.02,0.0,0.96,0.29,1.96
274303.0,16.0,3.2,28.13,3.14,1.31,2.0,0.0,2.48
304439.0,14.4,2.6,28.22,3.34,4.06,3.18,0.54,0.1
376382.0,14.4,4.1,33.64,4.72,3.53,2.56,1.77,2.56
267226.0,14.9,4.1,37.72,2.64,1.77,5.65,4.87,3.79
304460.0,13.0,2.8,32.589999999999996,9.35,2.31,0.38,2.99,1.76
372890.0,11.3,4.5,22.930000000000003,1.28,0.0,1.64,0.43,3.78
325943.0,15.6,3.4,30.99,3.86,3.33,1.39,0.0,3.41
304788.0,15.1,2.4,28.150000000000002,2.34,4.15,0.0,0.0,4.16
265763.0,14.8,2.7,34.77,3.98,5.81,3.75,1.06,2.67
305149.0,15.0,3.2,24.51,4.65,0.0,0.0,0.0,1.66
319818.0,15.4,3.2,27.990000000000006,1.73,4.03,0.0,0.94,2.69
307993.0,12.0,3.2,34.28,6.88,1.23,4.6,2.62,3.75
305213.0,14.3,2.8,28.130000000000003,0.12,5.07,2.18,2.96,0.7
284597.0,14.1,3.4,38.76,2.61,3.2,7.0,4.68,3.77
305887.0,12.5,2.7,32.099999999999994,4.97,3.11,2.77,4.05,2.0
316450.0,14.5,4.2,30.61,5.66,0.0,1.55,2.96,1.74
271163.0,14.6,3.4,31.439999999999998,5.35,1.2,2.49,0.0,4.4
305934.0,13.4,2.7,29.889999999999997,1.8,4.54,5.1,1.2,1.15
307362.0,15.0,4.2,30.299999999999997,1.47,2.08,3.01,1.8,2.74
214930.0,14.3,2.9,24.75,0.85,0.0,4.9,1.72,0.08
306691.0,12.3,3.4,26.810000000000002,3.35,0.96,4.29,0.57,1.94
258082.0,15.2,3.6,26.17,3.05,0.0,2.48,0.0,1.84
307442.0,13.4,3.4,25.679999999999996,0.83,1.56,2.93,2.91,0.65
360498.0,12.5,4.1,29.95,3.59,5.24,0.0,2.62,1.9
284697.0,15.4,3.3,32.92,0.0,4.89,1.86,5.01,2.46
307586.0,14.4,2.0,32.11,4.62,0.25,4.16,1.78,4.9
302150.0,14.6,4.2,27.840000000000003,3.57,0.32,1.89,0.46,2.8
272818.0,11.6,3.5,29.65,5.48,3.11,1.77,2.11,2.08
307589.0,10.7,2.8,30.659999999999997,3.34,5.47,6.72,1.63,0.0
310192.0,12.3,5.1,26.150000000000002,3.74,0.0,0.88,2.1,2.03
241295.0,17.1,2.6,33.31,3.98,4.02,2.11,3.46,0.04
308597.0,13.4,2.9,30.310000000000002,0.0,1.18,5.92,3.67,3.24
327841.0,14.8,4.3,22.51,0.96,0.21,1.18,0.0,1.06
297760.0,15.9,3.6,28.81,0.33,0.59,2.37,3.37,2.65
308821.0,14.3,2.9,29.419999999999998,1.2,5.81,2.23,0.53,2.45
310621.0,15.2,3.9,32.599999999999994,3.67,3.81,2.44,1.1,2.48
273711.0,14.7,3.5,32.08,4.01,3.14,3.56,1.5,1.67
309381.0,13.1,2.5,24.06,0.0,2.31,3.79,0.0,2.36
346939.0,12.1,4.1,25.88,1.53,0.0,2.59,5.56,0.0
299463.0,15.8,3.6,29.159999999999997,3.27,0.63,3.36,0.33,2.17
309655.0,14.8,3.1,30.370000000000005,0.62,3.96,4.25,0.7,2.94
312588.0,14.8,3.6,28.850000000000005,2.19,1.26,1.78,1.41,3.81
297974.0,16.8,3.7,34.29,2.22,3.35,2.17,4.37,1.68
310434.0,12.1,2.3,31.62,6.75,2.96,1.85,3.62,2.04
312484.0,14.0,4.7,37.03,10.0,0.0,2.95,4.57,0.81
319151.0,15.4,3.5,24.069999999999997,2.41,0.9,0.0,1.27,0.59
310478.0,15.4,2.9,33.2,2.77,5.03,1.09,4.34,1.67
313060.0,14.9,4.0,31.650000000000002,3.64,0.3,2.14,1.94,4.73
262879.0,15.1,3.6,35.39,5.18,2.81,2.32,3.71,2.67
310600.0,13.5,2.7,30.289999999999996,7.24,3.02,0.0,1.79,2.04
348102.0,12.3,4.4,30.35000000000001,4.41,2.83,2.05,0.87,3.49
306572.0,14.0,3.5,28.68,0.67,2.76,4.31,1.33,2.11
310894.0,14.4,2.5,24.68,0.0,2.12,1.72,2.11,1.83
334376.0,11.4,5.3,25.689999999999998,0.0,1.24,4.16,2.53,1.06
275015.0,15.5,3.4,34.76,5.59,6.46,2.49,0.86,0.46
310946.0,14.4,2.7,29.310000000000002,4.0,0.0,2.03,2.09,4.09
311626.0,14.4,3.9,39.05,2.74,3.57,4.83,4.99,4.62
270747.0,11.1,3.4,30.71,6.82,3.44,3.74,1.37,0.84
311181.0,9.8,2.2,25.509999999999998,4.61,0.0,1.15,1.75,6.0
305322.0,9.8,3.7,32.830000000000005,9.67,4.13,3.35,0.0,2.18
286415.0,14.2,3.4,29.669999999999998,2.98,1.41,3.07,0.54,4.07
311624.0,12.7,2.2,27.769999999999996,4.86,2.27,5.17,0.3,0.27
341669.0,13.4,4.6,31.02,2.25,5.34,3.66,0.06,1.71
291792.0,14.9,3.2,37.07,4.71,3.28,2.68,4.05,4.25
311840.0,12.8,4.6,36.739999999999995,6.28,3.12,5.04,0.92,3.98
336694.0,13.7,3.8,26.639999999999997,4.26,1.39,1.52,0.0,1.97
293608.0,16.1,3.2,34.4,5.6,2.27,1.53,1.6,4.1
312233.0,14.2,2.8,32.589999999999996,5.01,3.09,3.78,3.71,0.0
221055.0,14.3,4.2,31.59,3.63,2.19,4.39,2.88,0.0
237906.0,15.4,3.4,31.42,4.11,1.95,0.62,3.21,2.73
312234.0,12.3,2.6,27.810000000000002,2.77,3.67,0.68,1.31,4.48
331519.0,15.1,3.3,32.879999999999995,2.63,0.0,5.29,2.3,4.26
271814.0,16.8,3.0,33.86,8.04,1.99,1.73,0.19,2.11
313046.0,13.0,2.7,27.220000000000002,4.96,0.09,3.19,0.59,2.69
315766.0,14.2,5.2,32.01,2.41,1.33,5.79,1.59,1.49
296988.0,15.8,3.5,27.6,2.52,2.09,2.02,0.0,1.67
313150.0,16.6,1.8,31.01,3.26,2.94,1.99,2.08,2.34
318212.0,15.4,4.0,31.06,5.11,1.3,0.0,1.34,3.91
249520.0,15.1,3.6,34.69,4.64,3.1,2.82,3.34,2.09
313315.0,13.3,2.8,34.550000000000004,6.07,4.25,2.48,0.0,5.65
347179.0,12.9,4.3,33.65,6.79,0.08,4.81,1.21,3.56
256879.0,14.8,3.5,35.419999999999995,3.36,4.77,5.68,1.3,2.01
313436.0,13.1,2.5,24.0,0.65,3.09,0.83,2.78,1.05
353872.0,12.9,4.4,34.73,9.26,2.12,2.67,2.34,1.04
293478.0,13.8,3.3,33.25,5.04,3.98,2.52,2.23,2.38
313876.0,13.1,2.6,28.88,2.04,3.76,1.77,2.68,2.93
286462.0,12.6,4.1,28.26,0.0,5.32,2.54,1.01,2.69
264650.0,12.2,4.8,32.870000000000005,5.24,5.91,2.18,0.0,2.54
315397.0,10.9,1.5,26.28,3.22,3.36,2.75,2.45,2.1
334736.0,14.7,4.6,32.83,5.25,1.78,1.81,4.69,0.0
874312.0,8.4,3.2,15.770000000000003,0.0,2.64,0.3,0.0,1.23
315587.0,12.8,4.1,24.88,2.6,1.88,0.79,0.94,1.77
374114.0,15.6,4.8,38.76,5.54,0.68,4.02,6.5,1.62
243427.0,15.0,3.4,29.220000000000002,3.28,0.0,1.62,3.57,2.35
315774.0,9.1,2.0,26.28,10.0,0.0,1.38,0.0,3.8
277670.0,15.2,3.5,35.41,2.56,7.19,0.54,3.64,2.78
316973.0,13.9,3.0,29.04,3.86,0.71,3.36,2.11,2.1
348529.0,13.1,4.4,36.39999999999999,3.51,4.79,3.75,5.55,1.3
283569.0,12.2,3.4,24.24,1.37,1.25,3.3,1.34,1.38
317474.0,12.2,2.7,27.9,4.05,3.91,3.22,0.19,1.63
380834.0,12.7,4.2,24.949999999999996,0.0,0.65,1.56,2.36,3.48
283604.0,15.7,3.1,34.1,3.53,2.71,1.7,2.05,5.31
317991.0,12.8,2.9,36.6,2.95,6.61,3.86,4.49,2.99
332685.0,11.0,4.7,26.22,3.45,0.37,0.01,2.2,4.49
283823.0,15.0,3.0,23.28,2.32,0.74,0.62,1.6,0.0
318069.0,13.5,1.9,26.34,1.06,1.43,5.32,0.98,2.15
279537.0,15.4,3.6,27.36,2.08,1.16,1.37,2.06,1.69
318490.0,14.2,1.9,21.979999999999997,0.0,0.39,2.72,1.66,1.11
339537.0,13.1,4.1,24.819999999999997,0.0,0.0,2.88,3.77,0.97
305380.0,15.7,3.8,32.72,2.13,0.94,3.42,3.98,2.75
318638.0,14.9,2.2,33.699999999999996,2.63,4.08,4.51,2.51,2.87
324642.0,14.6,3.7,29.57,5.25,0.37,2.14,1.74,1.77
337628.0,16.5,3.5,40.760000000000005,8.85,6.62,1.59,0.0,3.7
318653.0,17.0,2.3,30.479999999999997,4.75,1.81,0.65,1.14,2.83
273127.0,14.6,3.7,32.510000000000005,4.4,2.71,4.03,0.0,3.07
319743.0,12.9,2.7,23.550000000000004,0.1,0.0,5.36,0.0,2.49
373444.0,12.5,4.6,37.07000000000001,5.57,4.32,3.2,2.97,3.91
251346.0,15.6,3.1,30.269999999999996,1.72,2.22,3.42,1.55,2.66
320622.0,10.4,3.1,27.689999999999998,2.66,3.66,4.58,2.97,0.32
353494.0,12.5,3.9,32.51,3.63,2.08,5.58,2.69,2.13
303977.0,12.6,3.8,36.779999999999994,8.79,3.44,2.18,5.43,0.54
320975.0,16.0,3.9,35.58,1.45,3.23,5.39,2.74,2.87
338500.0,14.4,4.6,31.08,0.13,4.76,1.06,3.91,2.22
312332.0,11.9,2.4,25.48,7.16,1.32,0.0,1.54,1.16
321328.0,13.1,3.8,27.64,3.17,2.73,2.05,1.11,1.68
330736.0,14.4,3.6,27.85,4.96,1.65,0.0,0.0,3.24
295931.0,14.3,3.6,32.78,3.41,2.53,1.59,2.9,4.45
322121.0,13.4,2.7,33.13,10.0,0.91,5.98,0.14,0.0
342978.0,13.8,4.2,37.41,5.82,3.26,4.33,0.0,6.0
295053.0,12.7,3.9,28.69,2.71,5.37,0.51,2.27,1.23
322126.0,9.9,2.7,33.31,2.86,3.13,4.47,4.39,5.86
360028.0,14.6,4.5,36.39,1.32,4.79,6.97,1.0,3.21
276601.0,14.4,3.4,36.42,3.51,4.93,5.35,1.26,3.57
322270.0,13.0,2.8,31.42,4.01,2.63,4.5,0.0,4.48
363299.0,12.5,4.3,38.160000000000004,5.31,3.99,3.12,4.33,4.61
292893.0,16.3,3.6,39.31,7.26,3.05,2.88,3.53,2.69
322483.0,15.2,3.3,28.33,1.25,1.31,2.39,2.87,2.01
322978.0,15.4,3.7,32.52,1.93,5.31,5.55,0.63,0.0
334000.0,13.5,3.4,31.439999999999998,4.88,2.75,1.56,2.94,2.41
322651.0,13.8,2.9,27.570000000000004,1.08,3.82,1.73,1.08,3.16
241488.0,13.8,4.7,31.009999999999998,4.43,3.14,2.95,0.0,1.99
365087.0,14.6,3.4,33.14,3.83,2.72,3.42,1.77,3.4
323865.0,14.2,2.6,32.04,6.56,2.89,2.7,0.0,3.09
365708.0,14.4,4.2,25.720000000000002,3.05,0.0,2.44,1.41,0.22
267252.0,13.9,3.4,27.98,0.94,2.52,2.84,0.18,4.2
324661.0,12.8,2.9,25.26,5.66,1.57,0.92,0.0,1.41
370088.0,12.9,4.3,30.190000000000005,6.58,0.0,4.17,0.51,1.73
274768.0,11.3,3.1,24.099999999999998,4.5,2.34,0.41,1.8,0.65
326140.0,13.2,2.8,36.48,8.33,2.99,3.29,5.87,0.0
338336.0,12.2,5.2,36.9,5.49,7.61,2.44,2.84,1.12
266673.0,11.2,3.2,27.609999999999996,0.0,4.02,0.45,3.93,4.81
326329.0,9.7,2.8,33.17,6.46,5.97,3.77,2.29,2.18
353297.0,11.4,4.8,26.29,1.03,0.0,0.45,5.01,3.6
271125.0,15.3,3.7,32.23,1.18,3.63,3.41,0.08,4.93
326713.0,13.5,2.4,37.739999999999995,10.0,4.12,2.56,3.8,1.36
404752.0,12.2,4.2,31.13,5.14,2.55,5.35,0.0,1.69
661102.0,11.0,2.5,31.419999999999998,4.38,5.1,3.65,2.94,1.85
327212.0,0.0,0.0,14.76,2.7,0.63,5.59,3.84,2.0
289555.0,14.9,3.6,30.510000000000005,4.89,2.74,0.0,3.46,0.92
327415.0,12.9,2.8,31.650000000000002,5.89,0.0,3.08,1.09,5.89
375563.0,13.3,4.3,36.03,5.28,7.26,1.85,0.73,3.31
294819.0,15.9,3.8,29.520000000000003,3.01,4.07,1.16,0.0,1.58
328634.0,14.5,2.6,25.529999999999998,2.84,3.0,0.31,1.31,0.97
336853.0,14.2,4.1,32.029999999999994,0.0,0.55,5.87,2.76,4.55
344774.0,8.8,2.2,27.400000000000002,3.1,1.95,4.11,4.15,3.09
328821.0,17.0,1.5,31.67,1.35,0.39,3.18,5.16,3.09
197948.0,14.0,4.2,27.13,0.0,0.68,3.27,2.55,2.43
328937.0,10.1,3.7,20.53,0.13,0.75,2.17,0.0,3.68
303246.0,9.5,5.1,30.48,4.05,4.85,4.84,0.11,2.03
320489.0,15.8,3.5,30.15,3.31,2.22,0.0,2.17,3.15
329548.0,13.4,2.5,24.78,1.83,2.19,1.8,0.5,2.56
305699.0,14.7,3.5,35.68,6.72,0.0,3.79,2.39,4.58
310173.0,14.0,3.7,34.72,4.84,5.08,0.0,4.58,2.52
330604.0,11.6,3.0,29.56,8.37,0.0,3.55,0.0,3.04
329627.0,14.3,4.6,34.72,3.99,3.81,3.57,3.06,1.39
302972.0,9.5,2.9,26.169999999999998,3.63,2.33,1.56,4.77,1.48
330754.0,16.8,1.4,30.310000000000002,4.46,0.77,5.28,0.0,1.6
342714.0,12.1,4.5,31.75,1.02,1.5,4.62,5.88,2.13
316583.0,15.4,3.4,36.82,6.82,2.39,1.51,4.09,3.21
330825.0,13.3,3.2,31.43,6.39,1.66,3.97,0.63,2.28
331673.0,14.1,4.4,29.490000000000002,1.95,2.03,3.38,2.05,1.58
394639.0,13.7,3.8,22.28,0.0,0.0,3.59,0.67,0.52
330939.0,13.4,3.2,30.240000000000002,5.94,3.28,1.65,1.38,1.39
375486.0,14.1,4.9,45.35999999999999,8.83,1.56,3.42,7.0,5.55
277364.0,15.4,3.2,33.52,4.43,0.0,3.37,4.32,2.8
331329.0,13.3,3.0,33.879999999999995,6.5,3.68,2.72,1.68,3.0
435674.0,11.8,3.8,32.82,4.55,0.26,4.2,5.56,2.65
315925.0,15.3,3.5,35.6,1.72,1.93,5.17,4.85,3.13
332106.0,14.0,2.4,32.209999999999994,5.26,3.95,1.69,0.0,4.91
305099.0,14.6,3.9,27.18,2.51,1.34,0.36,3.12,1.35
252605.0,15.5,3.5,43.83,5.88,5.12,6.52,1.31,6.0
332117.0,14.0,2.9,32.2,7.88,0.0,1.58,2.18,3.66
366499.0,12.5,4.1,30.590000000000003,2.28,3.22,1.92,1.97,4.6
270623.0,15.1,3.6,37.349999999999994,5.98,2.42,3.36,2.8,4.09
333169.0,13.6,2.8,31.0,8.61,0.03,2.42,0.0,3.54
343902.0,13.1,4.0,31.310000000000002,5.56,0.0,4.23,3.39,1.03
272106.0,14.0,3.3,31.56,7.1,0.0,0.0,3.54,3.62
333626.0,12.4,2.5,33.74,2.07,4.21,3.83,4.74,3.99
380767.0,11.9,4.2,31.520000000000003,10.0,0.0,0.85,3.96,0.61
265615.0,12.0,3.8,29.76,2.64,5.76,0.53,4.2,0.83
334795.0,10.9,2.1,20.979999999999997,4.22,0.85,1.36,1.08,0.47
286613.0,14.4,3.4,26.060000000000002,0.07,5.51,0.47,0.78,1.43
334903.0,13.4,2.7,29.04,5.15,0.37,3.99,2.41,1.02
347023.0,13.9,4.2,30.46,5.53,0.0,1.77,3.14,1.92
307617.0,16.1,3.4,30.58,1.25,2.54,2.4,1.12,3.77
334968.0,14.7,3.0,23.339999999999996,0.0,0.0,2.49,0.73,2.42
330131.0,15.0,3.7,28.82,3.37,1.33,2.14,0.93,2.35
259291.0,14.1,3.4,34.03,3.02,5.65,1.0,1.52,5.34
335401.0,14.0,2.6,29.79,5.75,0.0,1.52,2.43,3.49
376380.0,12.6,4.2,35.76,2.86,5.99,2.14,3.39,4.58
325796.0,13.2,3.3,29.9,4.66,0.91,1.11,4.16,2.56
335587.0,12.0,2.0,26.15,6.97,1.79,1.91,1.0,0.48
342225.0,13.3,4.1,33.11,3.02,7.59,1.11,1.26,2.73
314786.0,12.9,3.6,41.769999999999996,7.67,2.74,5.55,4.58,4.73
335689.0,11.5,3.0,25.61,2.51,1.8,2.25,1.3,3.25
290904.0,15.2,3.3,31.810000000000002,7.17,3.24,1.83,0.0,1.07
376919.0,12.5,3.3,26.29,0.92,1.13,2.01,6.12,0.31
337497.0,11.4,2.4,28.6,8.87,4.13,0.0,0.0,1.8
413768.0,12.1,4.3,29.360000000000003,3.67,1.88,5.65,0.0,1.76
261922.0,14.4,4.1,26.47,0.0,3.63,1.64,0.0,2.7
338030.0,13.2,2.3,33.38,6.21,4.51,5.74,1.18,0.24
287437.0,14.1,3.5,31.730000000000004,0.57,7.23,3.5,0.0,2.83
338263.0,12.4,2.3,33.23,2.95,5.88,4.62,0.0,5.08
379771.0,12.2,4.0,28.759999999999998,3.23,2.87,0.72,3.23,2.51
321549.0,14.7,3.6,29.190000000000005,6.28,1.44,1.26,1.33,0.58
338508.0,12.5,2.5,26.4,0.0,0.69,5.7,3.02,1.99
306008.0,11.8,4.2,32.35,1.32,3.92,6.72,1.35,3.04
289034.0,15.5,3.2,27.720000000000002,3.05,3.24,0.0,0.0,2.73
339100.0,12.5,2.8,35.919999999999995,8.03,5.54,1.89,2.43,2.73
326976.0,14.5,4.4,32.06,0.75,2.25,0.82,5.21,4.13
345823.0,17.1,4.2,33.41,0.93,3.03,5.07,1.78,1.3
339744.0,13.7,1.9,27.439999999999998,0.0,4.31,1.54,2.54,3.45
384952.0,10.7,4.9,21.11,0.99,0.0,1.35,2.06,1.11
291631.0,15.1,3.8,28.389999999999997,4.91,2.56,0.0,0.0,2.02
340013.0,13.0,2.4,31.36,3.85,4.87,1.98,0.9,4.36
334882.0,12.6,4.1,37.27,6.35,2.92,3.93,5.92,1.45
319088.0,15.2,3.5,39.809999999999995,1.65,2.11,5.99,5.92,5.44
340175.0,13.1,2.6,32.87,3.98,5.29,1.53,2.7,3.67
356643.0,13.4,4.2,31.460000000000004,1.38,3.08,2.57,4.05,2.78
293462.0,15.5,3.5,42.73,6.72,5.18,4.59,4.73,2.51
340997.0,12.3,3.0,27.99,0.0,3.14,2.99,3.66,2.9
348640.0,13.0,4.6,31.16,6.0,2.48,4.02,1.06,0.0
355945.0,10.5,3.0,23.640000000000004,3.66,1.1,1.8,1.78,1.8
340999.0,11.5,2.4,28.75,4.74,2.97,0.07,5.16,1.91
289445.0,12.9,4.9,29.590000000000003,5.95,0.07,1.03,4.74,0.0
343628.0,14.4,3.9,34.400000000000006,5.69,4.79,3.13,2.04,0.45
341051.0,12.5,2.1,29.46,2.26,4.99,2.88,2.25,2.48
347358.0,14.4,3.4,38.5,5.75,4.59,5.6,4.51,0.25
480432.0,12.7,3.3,27.549999999999997,2.45,1.24,1.72,2.1,4.04
341088.0,11.8,2.3,27.71,1.77,0.31,5.29,3.37,2.87
406542.0,12.0,4.1,31.960000000000004,7.43,4.43,3.07,0.51,0.42
299495.0,13.8,2.8,33.99,5.52,4.23,3.84,0.13,3.67
341222.0,15.4,2.6,28.669999999999998,2.45,0.59,1.89,2.83,2.91
285775.0,12.8,5.1,30.22,7.16,0.21,2.74,0.0,2.21
652816.0,10.1,3.3,22.18,1.07,2.15,2.87,0.0,2.69
341312.0,14.6,3.1,32.589999999999996,2.92,1.47,4.21,3.12,3.17
463055.0,12.9,3.9,32.36,5.66,0.24,4.61,2.45,2.6
329961.0,14.1,3.5,35.92,2.77,4.7,5.77,3.3,1.78
341617.0,14.1,2.9,28.130000000000003,4.52,0.85,3.59,0.0,2.17
360316.0,14.1,4.4,43.23,3.47,4.86,5.21,5.19,6.0
338114.0,14.1,3.4,30.9,3.88,6.11,1.41,0.0,2.0
341707.0,13.6,2.7,31.76,2.44,4.34,4.39,3.77,0.52
327396.0,14.8,4.1,33.08,1.0,3.15,7.37,0.0,2.66
335655.0,13.6,3.3,36.95,4.98,1.84,7.65,2.16,3.42
341938.0,14.2,2.8,40.42,3.7,8.06,3.38,6.53,1.75
327256.0,13.8,3.6,33.7,2.08,4.14,2.23,5.38,2.47
284370.0,14.5,3.5,34.529999999999994,6.83,0.65,4.61,1.84,2.6
343457.0,13.3,2.6,26.61,0.85,0.0,7.7,0.0,2.16
398568.0,12.3,4.0,34.6,6.38,3.84,4.23,0.07,3.78
315696.0,17.0,3.9,34.06,4.32,4.1,1.09,3.65,0.0
343658.0,15.4,3.1,41.25000000000001,7.88,3.35,4.08,4.17,3.27
335188.0,15.0,4.0,37.14,3.69,0.0,3.7,7.11,3.64
485837.0,12.0,3.3,29.330000000000002,0.0,1.86,5.06,5.17,1.94
344942.0,12.4,2.6,33.87,4.19,8.89,4.74,0.0,1.05
330303.0,13.1,3.5,31.82,5.29,1.17,1.44,4.06,3.26
345335.0,13.1,2.7,24.000000000000004,0.51,3.85,2.26,0.05,1.53
315655.0,13.8,4.2,26.93,0.86,1.74,4.14,0.98,1.21
330552.0,13.8,3.4,27.35,0.14,1.76,2.55,2.42,3.28
346474.0,12.9,3.0,29.950000000000003,4.85,0.0,3.89,3.49,1.82
351775.0,13.7,4.0,37.79,3.11,2.83,5.33,4.57,4.25
293530.0,9.7,2.6,24.72,4.94,0.0,2.98,4.5,0.0
346816.0,11.2,2.7,23.020000000000003,4.1,0.0,1.69,3.33,0.0
298811.0,15.0,3.5,34.7,4.63,1.62,1.74,3.8,4.41
347414.0,14.3,2.3,27.74,4.18,0.83,3.93,2.02,0.18
240414.0,15.3,4.3,35.790000000000006,5.11,5.32,1.05,2.3,2.41
685652.0,13.4,3.1,32.33,4.85,1.22,1.4,3.33,5.03
347938.0,13.7,2.2,21.9,0.33,0.0,1.19,3.37,1.11
276380.0,16.6,4.3,39.43000000000001,3.59,2.93,5.09,2.64,4.28
329672.0,15.4,3.3,31.93,5.88,1.71,0.64,1.93,3.07
348170.0,12.7,2.4,26.650000000000002,2.79,2.44,1.05,2.73,2.54
334613.0,12.9,3.5,34.32,5.61,4.49,3.51,0.19,4.12
303034.0,14.2,3.5,31.880000000000003,4.23,4.24,3.53,0.0,2.18
349133.0,12.9,2.0,34.79,7.28,4.65,0.48,3.75,3.73
392660.0,12.3,4.2,23.15,1.57,0.9,3.66,0.0,0.52
313560.0,14.7,3.4,30.479999999999997,6.04,3.22,0.12,0.86,2.14
351499.0,14.0,2.8,28.4,0.45,3.79,2.26,0.73,4.37
366287.0,13.4,4.3,33.46,6.39,1.35,1.92,4.51,1.59
284013.0,15.5,3.5,38.96,5.0,2.53,5.06,1.43,5.94
302673.0,11.3,2.7,29.28,2.72,3.46,3.18,2.75,3.17
353442.0,13.9,3.6,29.8,1.8,3.4,2.96,3.76,0.38
394458.0,10.2,4.8,29.97,4.98,1.31,3.55,2.91,2.22
302628.0,12.8,2.4,27.78,2.79,0.0,4.04,3.24,2.51
354294.0,10.9,3.0,30.409999999999997,4.92,5.88,0.0,2.04,3.67
301444.0,12.5,3.1,31.79,5.75,3.4,1.63,2.99,2.42
354521.0,13.1,2.8,31.299999999999997,5.48,3.21,0.95,1.65,4.11
342413.0,13.5,4.6,38.05000000000001,6.68,3.74,4.42,2.7,2.41
315818.0,15.4,3.3,28.909999999999997,3.92,1.72,2.88,0.87,0.82
354636.0,15.3,2.4,28.63,0.17,2.37,3.2,1.47,3.72
393510.0,9.2,4.3,21.87,3.2,1.38,0.98,2.69,0.12
252283.0,15.5,3.6,30.66,2.98,0.33,1.53,0.72,6.0
355475.0,13.4,2.7,29.340000000000003,0.0,4.85,1.48,5.19,1.72
401591.0,13.5,4.3,29.680000000000003,6.08,1.89,0.04,0.0,3.87
524581.0,11.5,3.2,21.839999999999996,0.0,2.9,0.06,0.26,3.92
355664.0,12.9,2.5,25.11,4.4,3.24,0.0,1.57,0.5
344583.0,10.8,4.3,28.130000000000006,3.28,2.85,2.18,1.6,3.12
309498.0,14.7,3.5,27.959999999999997,2.67,2.9,0.0,2.89,1.3
355823.0,12.9,2.7,33.540000000000006,4.44,1.45,3.69,4.05,4.31
415659.0,11.6,3.9,22.97,0.07,3.62,1.42,2.36,0.0
523214.0,12.3,3.1,28.869999999999997,7.6,0.97,0.52,0.0,4.38
356184.0,9.9,1.3,25.370000000000005,4.29,4.21,0.0,0.0,5.67
332525.0,12.3,3.3,30.130000000000003,2.33,2.65,2.19,5.58,1.78
357584.0,13.2,2.3,27.240000000000002,1.84,0.0,4.32,4.32,1.26
349500.0,13.4,4.1,35.21,7.11,3.25,3.92,0.0,3.43
292368.0,16.0,4.1,34.05,0.0,4.93,4.2,3.03,1.79
357611.0,15.3,2.2,28.38,4.74,0.97,0.0,2.04,3.13
219231.0,17.4,4.7,33.669999999999995,0.81,4.06,0.88,3.21,2.61
358980.0,13.5,3.3,34.04,2.06,5.43,3.04,2.43,4.28
357808.0,13.1,2.6,23.14,3.39,0.24,0.0,0.69,3.12
372328.0,13.7,4.1,29.059999999999995,0.13,4.13,1.08,2.8,3.12
320904.0,13.5,2.9,26.599999999999998,1.58,1.28,3.7,2.94,0.7
359867.0,12.1,2.8,26.819999999999997,2.16,3.88,5.52,0.0,0.36
338693.0,11.1,4.2,27.140000000000004,1.96,4.32,1.58,3.98,0.0
326702.0,14.8,3.3,33.870000000000005,7.31,0.0,5.08,1.82,1.56
360791.0,12.5,3.0,25.439999999999998,1.65,1.08,0.0,2.32,4.89
333062.0,13.4,3.9,33.449999999999996,4.47,3.74,1.71,4.86,1.37
320432.0,14.3,3.4,29.62,0.0,3.33,1.75,2.81,4.03
361444.0,12.1,2.2,26.200000000000003,2.46,1.59,3.54,0.16,4.15
412688.0,12.3,4.3,32.910000000000004,3.58,3.17,1.75,5.21,2.6
1596514.0,11.2,3.0,30.139999999999997,3.88,4.08,2.63,2.85,2.5
361725.0,12.9,2.0,30.970000000000002,2.74,4.69,1.25,4.98,2.41
374397.0,13.3,4.0,29.82,0.31,2.74,6.28,0.83,2.36
356809.0,11.7,3.5,31.680000000000003,4.9,0.67,3.91,2.23,4.77
363925.0,12.6,2.9,33.010000000000005,7.48,1.83,4.92,0.65,2.63
256842.0,9.7,3.6,23.060000000000002,4.76,1.28,3.62,0.1,0.0
270542.0,15.0,3.5,33.99,3.51,3.74,5.8,1.16,1.28
364618.0,13.2,2.7,23.509999999999998,2.16,0.0,2.22,1.61,1.62
371851.0,12.7,4.4,35.46,6.11,2.04,4.7,0.2,5.31
301342.0,14.8,3.7,26.32,3.07,0.0,0.32,1.75,2.68
315460.0,13.9,3.4,26.520000000000003,1.7,5.02,0.0,1.33,1.17
365354.0,13.4,2.3,23.7,1.33,2.29,2.66,0.0,1.72
377943.0,13.0,4.8,33.949999999999996,3.9,0.0,6.42,1.16,4.67
318375.0,14.5,3.5,25.88,0.76,3.13,0.0,1.34,2.65
365823.0,12.9,2.3,27.27,4.18,1.57,2.05,3.07,1.2
362070.0,12.7,3.8,34.2,7.23,2.31,2.46,4.82,0.88
308527.0,15.6,3.2,37.55,5.68,3.96,4.75,0.64,3.72
366015.0,15.8,2.3,33.68,2.69,1.73,4.08,4.41,2.67
337803.0,15.3,4.0,27.580000000000002,3.38,0.84,3.08,0.0,0.98
347416.0,14.4,3.3,25.860000000000003,5.07,0.28,1.21,1.6,0.0
369289.0,13.8,2.6,28.740000000000006,7.4,0.0,0.0,3.96,0.98
400713.0,12.5,3.9,32.24,3.55,2.69,7.05,0.0,2.55
361401.0,12.4,3.5,29.799999999999997,3.07,4.65,1.06,2.33,2.79
369309.0,12.9,3.0,32.730000000000004,5.52,6.43,3.42,0.0,1.46
280524.0,13.7,4.5,33.209999999999994,5.65,1.13,0.83,1.4,6.0
333508.0,12.7,3.4,29.43,2.08,4.9,2.53,0.42,3.4
369456.0,11.9,2.3,25.28,6.15,0.0,1.91,1.82,1.2
405966.0,12.1,4.2,31.709999999999997,7.42,2.83,2.36,0.93,1.87
933592.0,7.3,3.0,20.19,3.27,3.49,1.97,0.86,0.3
369784.0,13.9,2.9,34.34,2.52,1.51,5.67,4.94,2.9
313369.0,15.2,3.3,34.489999999999995,4.98,3.17,2.25,1.9,3.69
369846.0,12.9,1.9,30.200000000000003,3.54,4.21,2.61,2.58,2.46
276920.0,14.8,3.9,28.47,3.83,2.87,2.92,0.0,0.15
349735.0,14.3,3.4,27.5,2.24,0.53,3.37,0.34,3.32
369890.0,12.6,3.2,34.03,4.73,2.38,3.11,2.42,5.59
362721.0,13.8,4.8,38.410000000000004,5.16,3.21,3.07,3.68,4.69
219122.0,16.6,3.5,45.92,8.79,6.04,3.22,4.1,3.67
370322.0,12.0,3.2,19.049999999999997,0.52,0.31,1.59,0.0,1.43
527421.0,10.7,4.1,33.56,9.33,0.42,4.59,0.54,3.88
413572.0,12.4,3.4,31.61,3.93,5.84,2.97,0.0,3.07
370496.0,12.5,2.5,28.369999999999997,5.06,0.06,4.62,0.0,3.63
347636.0,12.3,4.4,24.610000000000007,0.0,4.05,1.58,1.96,0.32
332251.0,15.0,3.2,32.519999999999996,5.25,4.36,1.63,3.04,0.04
370511.0,13.3,2.5,28.1,1.69,0.0,4.52,5.98,0.11
372075.0,12.6,4.3,32.519999999999996,1.91,3.06,2.92,4.63,3.1
291021.0,15.6,3.4,33.01,0.82,0.7,4.94,2.31,5.24
297628.0,16.0,4.3,38.800000000000004,1.08,4.9,7.47,1.34,3.71
371916.0,10.7,2.9,23.0,2.89,0.8,0.0,2.27,3.44
350499.0,13.8,3.6,29.810000000000002,0.62,1.24,4.66,0.99,4.9
372143.0,13.4,1.9,26.759999999999998,0.0,0.84,4.83,0.48,5.31
461676.0,11.9,3.8,27.77,3.94,3.73,0.0,2.7,1.7
312974.0,13.6,3.5,27.999999999999996,2.0,4.51,2.01,0.79,1.59
372417.0,12.7,3.1,33.519999999999996,2.64,2.32,6.21,2.46,4.09
401608.0,13.0,4.3,33.209999999999994,2.84,2.09,3.9,6.39,0.69
290646.0,12.8,4.8,24.850000000000005,0.0,2.99,2.3,0.25,1.71
372458.0,5.0,3.5,21.240000000000002,0.72,3.39,1.92,5.3,1.41
1167098.0,4.3,3.8,23.650000000000002,5.92,1.6,3.88,1.85,2.3
328504.0,13.4,3.4,34.05,5.58,1.87,3.65,5.35,0.8
372882.0,11.9,2.5,30.24,5.14,2.82,2.81,0.02,5.05
390770.0,12.2,4.1,33.12,5.87,2.46,4.5,3.25,0.74
278593.0,15.3,3.4,30.48,2.28,2.7,3.32,0.0,3.48
372942.0,13.2,2.7,37.07,3.35,4.36,2.46,6.15,4.85
401134.0,12.4,4.1,29.279999999999998,0.0,2.08,3.04,5.12,2.54
297024.0,13.8,3.4,21.869999999999997,0.58,1.67,0.0,0.0,2.42
373214.0,11.6,2.6,27.0,2.17,5.98,3.01,0.73,0.91
404891.0,11.7,4.1,29.529999999999998,3.83,1.75,3.28,1.99,2.88
327084.0,14.3,3.3,32.21000000000001,3.46,3.82,3.17,3.85,0.31
373335.0,12.6,2.3,25.409999999999997,2.49,1.07,1.83,3.33,1.79
382701.0,13.6,3.7,24.96,0.0,0.0,3.79,3.87,0.0
333734.0,14.7,3.0,32.599999999999994,2.86,3.98,4.63,0.79,2.64
374375.0,14.1,1.6,31.979999999999997,1.54,3.44,2.27,3.77,5.26
385179.0,12.4,4.3,31.819999999999997,3.29,1.12,5.52,3.92,1.27
356121.0,13.9,3.3,26.54,5.63,1.57,0.0,0.02,2.12
375061.0,11.9,1.9,30.97,8.45,3.18,1.16,2.82,1.56
339851.0,14.2,3.8,30.24,4.84,0.0,3.59,2.97,0.84
327467.0,14.2,3.5,30.430000000000003,4.03,1.08,0.05,5.68,1.89
375640.0,13.0,2.4,31.110000000000003,2.88,2.53,4.3,0.0,6.0
386126.0,13.1,4.2,36.910000000000004,5.01,2.99,5.59,2.94,3.08
354467.0,13.4,3.4,31.779999999999998,4.71,2.43,3.9,0.4,3.54
375787.0,14.7,3.0,29.5,5.5,0.78,0.31,1.47,3.74
351059.0,12.0,3.0,26.07,4.46,0.0,2.63,0.87,3.11
376783.0,13.7,2.4,22.839999999999996,4.1,1.95,0.0,0.0,0.69
332754.0,13.1,5.1,26.89,3.18,1.58,3.02,0.0,0.91
326621.0,13.9,3.5,30.36,5.41,3.57,1.04,2.53,0.41
376867.0,13.2,2.7,27.220000000000002,1.94,2.5,0.23,3.12,3.53
397442.0,12.9,4.5,36.589999999999996,5.24,7.0,3.15,0.0,3.8
348667.0,14.4,3.4,30.12,1.82,4.34,2.13,2.55,1.48
377433.0,12.2,2.5,24.959999999999997,1.02,2.2,1.61,2.43,3.0
399692.0,13.0,4.2,25.499999999999996,0.41,2.4,2.13,1.13,2.23
313100.0,11.3,3.4,24.930000000000003,3.75,2.74,2.18,1.36,0.2
378661.0,10.3,2.7,20.340000000000003,0.0,0.72,1.65,1.01,3.96
388747.0,11.7,5.0,27.509999999999998,3.79,1.46,1.06,1.71,2.79
563251.0,9.6,4.0,28.37,5.36,0.0,2.17,2.47,4.77
379610.0,11.9,2.7,24.88,1.86,4.68,1.54,0.0,2.2
376539.0,13.9,3.5,29.189999999999998,4.14,1.56,1.76,2.38,1.95
379913.0,13.7,2.7,24.5,3.82,0.0,1.85,0.0,2.43
335204.0,14.7,3.8,40.54,7.04,3.03,3.25,5.43,3.29
327799.0,14.1,3.4,35.99,1.29,5.65,5.17,3.52,2.86
380775.0,12.0,2.5,33.72,3.11,4.94,0.94,5.23,5.0
403130.0,12.6,4.3,26.419999999999998,0.0,0.77,2.75,0.0,6.0
377895.0,14.8,3.8,28.18,0.0,1.68,3.25,1.91,2.74
383227.0,12.6,0.9,31.6,8.7,3.8,1.5,0.0,4.1
414614.0,12.8,4.6,28.759999999999998,0.26,4.13,0.0,3.27,3.7
331810.0,14.4,3.7,28.240000000000002,1.1,0.0,0.0,4.9,4.14
384652.0,13.5,2.3,23.310000000000002,1.02,0.75,3.67,0.0,2.07
418170.0,12.3,4.2,34.71,5.5,2.32,4.49,3.64,2.26
377608.0,15.0,3.6,27.790000000000003,2.8,2.17,1.76,0.84,1.62
384946.0,14.3,2.6,30.000000000000004,1.74,3.1,3.39,2.57,2.3
343378.0,14.6,4.0,30.690000000000005,0.0,1.62,2.16,4.23,4.08
419447.0,14.0,3.4,33.98,0.31,6.87,3.65,4.78,0.97
385074.0,13.7,2.5,27.78,4.82,4.41,1.93,0.0,0.42
672528.0,10.8,3.4,30.93,0.0,2.04,5.56,4.27,4.86
385280.0,12.4,2.6,23.66,0.56,2.87,1.25,1.23,2.75
525127.0,12.3,4.3,26.23,4.1,2.79,0.86,0.0,1.88
354057.0,14.2,3.5,35.379999999999995,4.59,1.36,4.25,4.65,2.83
385507.0,12.4,2.5,29.77,5.04,2.56,4.36,0.0,2.91
392858.0,12.8,4.4,38.85,7.99,3.04,1.39,6.93,2.3
221791.0,20.5,4.8,43.17,4.45,3.86,6.78,1.45,1.33
386324.0,10.0,3.5,24.86,2.77,3.73,0.35,2.27,2.24
257118.0,14.3,4.0,35.8,0.45,5.85,3.36,4.09,3.75
386491.0,7.9,2.8,25.89,5.28,5.43,0.63,0.0,3.85
442818.0,9.6,3.6,27.47,1.74,1.36,4.92,2.93,3.32
446841.0,12.3,3.5,27.280000000000005,1.83,4.4,3.87,0.51,0.87
388166.0,10.8,2.6,29.549999999999997,6.29,0.0,3.22,0.81,5.83
451256.0,11.5,4.0,30.689999999999994,2.76,4.58,4.22,3.3,0.33
332040.0,12.1,3.1,30.45,2.75,2.2,2.96,5.89,1.45
388601.0,10.6,2.1,35.0,5.83,3.15,5.16,3.27,4.89
384934.0,11.7,4.7,30.540000000000003,0.32,4.03,2.74,2.91,4.14
296507.0,14.4,3.3,31.52,0.68,2.59,7.06,2.58,0.91
389298.0,11.6,2.5,28.519999999999996,2.53,5.18,1.66,2.06,2.99
482615.0,11.5,4.3,32.77,3.86,2.59,3.0,3.46,4.06
368378.0,11.4,3.2,28.28,2.57,1.54,1.39,3.97,4.21
389396.0,11.3,2.3,31.890000000000004,1.93,6.96,5.78,0.76,2.86
401731.0,12.1,4.4,33.43000000000001,4.99,3.14,1.48,4.46,2.86
325747.0,14.3,3.7,28.32,4.1,1.26,0.79,0.0,4.17
389999.0,15.9,3.3,32.06,0.0,2.54,3.81,2.6,3.91
407711.0,12.7,3.4,29.449999999999996,4.64,1.41,1.41,1.97,3.92
616463.0,9.1,3.3,29.339999999999996,6.05,2.92,1.93,2.51,3.53
390172.0,11.0,2.2,27.529999999999998,3.43,0.74,4.14,2.83,3.19
423952.0,10.4,4.1,32.629999999999995,8.46,4.34,0.0,2.92,2.41
327562.0,10.9,3.2,32.82,2.48,3.08,2.25,4.95,5.96
390314.0,9.8,2.5,33.97,9.4,3.92,4.43,2.05,1.87
466204.0,10.8,4.5,24.28,1.5,1.94,4.83,0.05,0.66
364146.0,12.9,3.2,32.87,4.56,3.54,2.24,3.96,2.47
390657.0,13.9,1.8,29.77,5.47,2.56,0.76,2.4,2.88
428023.0,12.6,4.4,28.589999999999996,3.72,2.57,1.33,1.13,2.84
361446.0,13.0,3.3,31.389999999999997,3.9,1.13,4.32,2.97,2.77
390804.0,11.7,2.5,31.899999999999995,7.74,4.58,1.07,1.81,2.5
399039.0,12.1,4.3,27.99,0.6,2.3,4.86,1.72,2.11
316268.0,12.8,3.4,31.06,3.49,5.66,2.0,1.82,1.89
390979.0,12.5,2.4,25.740000000000002,2.2,1.59,2.98,2.42,1.65
410098.0,12.2,4.0,33.65,1.14,4.83,4.4,3.84,3.24
336851.0,13.3,3.5,36.32000000000001,6.44,3.87,4.33,3.92,0.96
391047.0,12.0,2.8,24.769999999999996,4.95,2.54,0.15,0.56,1.77
409288.0,11.8,4.3,23.62,4.3,0.21,0.0,1.4,1.61
283414.0,14.3,3.5,27.950000000000006,1.83,5.99,0.21,0.0,2.12
391756.0,12.4,2.4,26.910000000000004,4.82,3.78,0.05,3.46,0.0
423088.0,12.2,4.2,25.64,0.43,1.53,2.8,2.66,1.82
538929.0,13.5,2.9,29.81,2.63,2.07,2.98,1.75,3.98
393212.0,14.3,2.0,30.650000000000006,6.03,3.71,2.69,0.0,1.92
383705.0,12.9,4.3,36.6,10.0,0.0,3.36,3.05,2.99
346539.0,13.6,3.4,36.56999999999999,6.54,4.63,4.18,0.0,4.22
393380.0,13.0,2.2,29.42,4.08,4.05,4.32,0.0,1.77
371668.0,12.9,3.8,28.220000000000002,5.23,0.01,3.5,0.0,2.78
281914.0,14.6,3.3,25.09,3.72,0.98,1.12,0.0,1.37
394456.0,13.1,2.4,30.35,5.14,1.2,2.94,1.33,4.24
470996.0,11.4,3.9,26.13,2.07,3.07,3.56,0.0,2.13
372913.0,14.6,3.5,39.78,5.15,5.22,2.16,5.76,3.39
394500.0,14.9,2.7,31.709999999999997,2.38,1.97,5.02,2.34,2.4
359103.0,13.7,3.6,22.78,0.87,3.97,0.0,0.0,0.64
314671.0,14.8,3.3,29.849999999999998,2.58,1.09,3.65,1.55,2.88
394580.0,14.2,2.0,28.290000000000003,2.53,4.69,2.66,0.0,2.21
161469.0,17.3,4.1,33.5,0.0,3.0,3.4,5.35,0.35
328949.0,13.3,3.5,22.39,0.14,0.0,1.37,0.63,3.45
395891.0,12.8,2.7,30.540000000000003,2.91,4.58,4.54,1.19,1.82
417316.0,12.1,4.2,27.369999999999997,2.09,3.4,3.91,0.0,1.67
352398.0,14.1,3.2,31.160000000000004,0.21,6.18,1.59,2.74,3.14
396862.0,11.4,3.3,30.290000000000003,0.25,6.19,3.52,2.76,2.87
363097.0,10.2,4.5,36.14,1.78,9.5,1.82,4.12,4.22
387656.0,8.7,2.4,20.54,0.0,0.0,4.42,3.4,1.62
397976.0,11.7,1.5,24.6,2.36,3.6,3.82,0.12,1.5
366412.0,14.5,4.0,31.62,4.08,3.92,0.0,1.89,3.23
347401.0,11.1,3.2,34.13,5.68,0.0,3.93,7.76,2.46
398112.0,9.0,1.9,26.55,7.97,2.59,3.3,1.79,0.0
411183.0,12.0,4.7,31.340000000000003,3.26,5.2,0.0,5.51,0.67
596848.0,11.2,3.0,21.0,0.0,1.47,2.8,0.69,1.84
425821.0,12.4,3.4,33.93,2.65,4.07,5.34,1.43,4.64
399954.0,12.6,2.7,31.84,6.66,0.31,2.32,4.34,2.91
409664.0,12.8,4.4,28.910000000000004,3.1,0.5,3.1,2.11,2.9
397848.0,10.8,3.1,31.830000000000002,6.17,4.37,0.0,2.6,4.79
401356.0,10.4,2.0,17.490000000000002,1.29,0.0,2.24,1.3,0.26
411658.0,12.3,4.8,24.25,0.0,2.18,2.01,0.0,2.96
339776.0,13.9,3.5,33.81,4.53,1.96,4.11,4.36,1.45
401454.0,12.5,2.3,33.66,0.0,3.9,4.81,4.15,6.0
410821.0,12.5,4.1,34.510000000000005,7.38,3.1,1.44,4.39,1.6
440670.0,12.0,3.0,29.25,4.36,4.73,0.79,1.61,2.76
401500.0,11.1,2.5,29.540000000000003,4.46,2.76,2.64,2.69,3.39
502769.0,11.3,4.4,31.780000000000005,2.44,4.73,2.35,3.21,3.35
335168.0,12.7,3.0,32.18,4.38,5.53,1.87,3.14,1.56
401915.0,12.5,2.3,31.450000000000003,5.03,4.01,2.09,0.92,4.6
417827.0,12.4,4.2,31.520000000000003,4.12,2.55,5.89,0.4,1.96
337858.0,12.6,3.4,36.95,5.47,4.55,4.4,2.69,3.84
402959.0,10.8,2.4,26.020000000000003,4.54,1.43,2.87,3.97,0.01
438716.0,11.8,3.9,27.430000000000003,4.65,2.91,3.48,0.0,0.69
352980.0,15.2,3.0,32.78,5.97,2.79,4.75,0.8,0.27
404727.0,15.3,3.3,34.07,7.58,3.5,2.24,1.93,0.22
294737.0,16.2,5.2,34.15,4.68,3.81,2.09,1.18,0.99
325723.0,14.1,3.4,28.26,6.64,0.0,1.72,0.94,1.46
405387.0,13.0,2.2,28.779999999999998,0.06,2.05,4.3,4.13,3.04
436500.0,12.0,4.2,30.239999999999995,7.95,1.34,0.74,2.9,1.11
369776.0,13.8,3.2,32.74,4.94,4.19,4.45,0.0,2.16
405404.0,10.7,2.7,24.84,2.39,2.71,0.0,4.3,2.04
362647.0,13.4,2.8,31.65,5.35,3.13,1.46,3.34,2.17
405605.0,11.5,2.2,28.28,5.8,2.19,5.61,0.0,0.98
428624.0,12.2,4.5,33.72,4.43,5.03,4.7,0.0,2.86
365138.0,13.2,3.4,21.249999999999996,1.22,0.96,2.47,0.0,0.0
406891.0,12.1,2.3,22.179999999999996,3.58,1.57,1.79,0.0,0.84
415439.0,12.2,4.3,30.339999999999996,6.43,0.56,0.0,2.59,4.26
401030.0,7.8,3.1,24.68,4.39,2.45,3.04,0.01,3.89
407419.0,9.6,2.2,21.450000000000003,4.96,0.3,1.14,0.43,2.82
267956.0,11.5,3.8,31.889999999999997,8.17,4.59,2.36,0.0,1.47
384573.0,12.3,3.3,25.660000000000004,0.0,3.82,1.64,1.16,3.44
407647.0,12.0,2.3,24.1,4.65,0.0,3.93,1.0,0.22
333430.0,12.4,4.2,33.79,3.85,4.18,4.15,1.52,3.49
338550.0,14.2,3.4,32.86,6.82,2.52,3.92,0.0,2.0
407691.0,13.0,2.6,20.76,4.2,0.0,0.68,0.19,0.09
407578.0,12.5,4.0,25.3,4.14,2.91,0.0,1.75,0.0
345736.0,12.1,3.3,26.46,5.07,1.92,0.74,0.66,2.67
407952.0,11.7,2.4,24.38,0.0,5.2,2.45,0.0,2.63
416974.0,13.1,4.5,29.800000000000004,2.92,4.26,0.19,2.05,2.78
315164.0,14.7,3.0,27.240000000000002,2.59,3.0,0.62,0.71,2.62
407970.0,13.0,2.2,23.000000000000004,0.53,1.52,1.01,1.76,2.98
468883.0,12.1,4.0,37.61,5.92,4.0,3.46,6.62,1.51
382870.0,17.2,4.0,31.089999999999996,2.34,2.88,2.62,0.33,1.72
408105.0,16.5,3.1,25.110000000000003,0.0,0.0,2.66,2.85,0.0
428687.0,14.0,4.2,35.23,2.03,2.61,6.46,2.29,3.64
462008.0,10.9,2.9,20.6,1.86,0.85,1.24,0.12,2.73
408753.0,13.9,2.3,30.43,5.43,0.0,3.4,0.96,4.44
514250.0,11.4,3.8,24.209999999999997,0.0,1.97,3.09,3.33,0.62
387078.0,12.7,3.4,33.82,3.92,4.64,5.41,1.69,2.06
409067.0,11.3,2.0,20.740000000000002,2.34,1.86,3.05,0.19,0.0
414650.0,11.3,4.1,22.979999999999997,1.87,0.54,2.63,1.88,0.66
532297.0,12.4,3.4,34.71,2.74,5.09,6.14,0.0,4.94
409279.0,12.4,2.4,27.549999999999997,1.7,3.63,3.14,3.11,1.17
434356.0,11.7,3.5,28.96,5.84,2.92,1.86,2.25,0.89
409669.0,10.2,2.7,29.369999999999997,6.7,2.35,3.79,1.71,1.92
480135.0,10.8,4.7,25.259999999999998,3.71,2.33,0.22,0.0,3.5
354002.0,14.3,3.6,30.270000000000003,3.03,0.69,3.79,3.04,1.82
409674.0,13.0,2.4,36.01,2.58,2.43,5.86,5.02,4.72
420096.0,12.8,4.2,25.6,2.91,0.54,1.08,0.62,3.45
354266.0,14.1,3.6,31.679999999999996,3.75,1.55,4.08,0.99,3.61
409863.0,12.9,2.5,34.03,6.67,5.2,2.7,1.22,2.84
423320.0,12.2,4.2,32.5,4.37,0.34,4.32,2.2,4.87
391429.0,14.0,3.4,35.0,3.45,6.84,0.0,1.59,5.72
410468.0,13.2,2.7,32.019999999999996,4.33,4.17,1.27,3.06,3.29
365585.0,14.5,4.0,27.97,3.7,0.57,0.83,0.0,4.37
369315.0,11.4,3.4,37.21999999999999,7.95,6.08,2.38,3.39,2.62
410572.0,12.7,2.5,46.33,7.66,6.89,7.5,3.89,5.19
412925.0,10.4,4.5,29.46,4.85,3.59,0.0,1.5,4.62
1261575.0,8.2,2.8,20.68,1.92,4.22,0.0,1.11,2.43
410914.0,9.9,3.8,33.5,3.71,8.01,5.53,2.55,0.0
423234.0,10.6,4.5,31.299999999999994,1.23,6.58,3.06,2.06,3.27
415424.0,10.1,3.4,27.650000000000002,5.89,0.0,3.05,4.5,0.71
412091.0,9.8,2.1,14.580000000000002,0.0,0.0,1.8,0.88,0.0
337514.0,11.5,4.3,36.15,6.31,3.18,1.55,4.3,5.01
312109.0,13.9,3.4,28.720000000000002,6.57,0.0,0.0,2.32,2.53
412302.0,11.6,2.5,24.439999999999998,0.45,2.94,1.36,1.89,3.7
435502.0,12.0,4.0,28.409999999999997,0.0,3.73,2.34,2.76,3.58
615898.0,11.3,3.2,25.500000000000004,0.0,5.1,3.77,1.21,0.92
412353.0,12.5,2.6,18.93,0.0,0.0,0.88,0.0,2.95
501177.0,12.1,4.1,37.14,6.8,4.9,3.31,0.0,5.93
475552.0,11.8,3.0,30.68,9.25,0.45,2.12,1.91,2.15
413389.0,11.8,1.6,21.43,1.89,0.94,4.82,0.38,0.0
384294.0,12.7,4.3,34.54,6.73,0.6,3.0,4.32,2.89
365344.0,13.2,3.0,27.36,3.89,4.02,0.0,0.0,3.25
413945.0,10.8,2.3,23.48,3.72,2.11,0.91,2.2,1.44
422575.0,12.4,4.5,29.359999999999996,1.2,5.13,1.81,0.16,4.16
387536.0,13.6,3.7,28.130000000000003,0.89,1.1,3.44,5.4,0.0
414066.0,13.0,3.2,33.03,0.2,5.35,3.14,4.75,3.39
630314.0,9.9,4.1,26.91,3.55,2.55,1.68,0.27,4.86
368886.0,11.5,3.6,33.550000000000004,4.25,1.04,4.0,5.3,3.86
415257.0,11.3,1.5,31.95,2.63,6.27,5.49,3.44,1.32
607749.0,10.1,4.2,33.510000000000005,4.15,2.52,3.91,5.71,2.92
539118.0,13.8,2.5,32.160000000000004,2.18,2.78,3.44,3.95,3.51
415832.0,12.5,1.0,29.37,7.75,1.6,2.35,1.29,2.88
407593.0,11.1,3.2,23.410000000000004,2.55,3.28,0.77,0.0,2.51
415849.0,6.6,3.3,23.61,1.16,0.5,5.75,2.35,3.95
353582.0,14.0,3.6,30.93,4.41,2.02,1.26,2.22,3.42
415850.0,11.7,2.7,24.169999999999998,3.14,1.39,0.54,3.97,0.73
392716.0,13.2,4.2,31.72,4.33,3.52,1.33,2.52,2.62
502999.0,11.8,3.2,29.380000000000003,4.12,2.56,2.37,3.5,1.83
416680.0,12.0,2.5,26.0,4.68,2.1,1.61,0.62,2.49
280007.0,13.5,4.7,31.449999999999996,3.92,4.04,1.69,0.15,3.45
397747.0,13.3,3.3,27.46,3.14,0.0,2.27,1.67,3.78
416866.0,11.9,2.7,27.740000000000002,5.1,4.3,1.28,0.15,2.31
411873.0,12.4,4.2,19.040000000000003,1.3,0.0,0.41,0.52,0.21
272010.0,16.2,3.6,40.38,10.0,0.28,5.92,0.0,4.38
417660.0,12.1,3.4,31.47,5.6,0.88,4.43,1.57,3.49
416172.0,14.5,4.3,37.540000000000006,2.96,6.41,3.58,4.23,1.56
383384.0,11.2,3.7,28.639999999999997,9.0,0.4,0.3,0.06,3.98
417678.0,10.6,2.3,25.75,0.1,2.07,5.54,3.32,1.82
427556.0,12.0,4.7,30.529999999999998,1.04,2.24,2.63,4.62,3.3
347082.0,13.1,3.3,25.12,1.22,1.01,0.0,3.53,2.96
417932.0,12.1,2.5,34.559999999999995,7.1,3.93,3.72,3.28,1.93
435908.0,12.1,4.3,30.729999999999997,0.94,4.1,5.9,0.82,2.57
368415.0,12.5,3.0,27.89,1.54,1.64,3.58,2.49,3.14
418565.0,10.4,2.0,27.75,3.43,4.53,5.27,1.51,0.61
480587.0,10.7,4.1,28.45,5.17,1.8,1.95,3.57,1.16
406632.0,13.0,3.4,32.78,7.14,3.85,3.14,0.0,2.25
419276.0,12.2,2.2,29.799999999999997,3.11,5.04,2.78,3.5,0.97
407546.0,11.7,4.3,37.82,6.09,7.2,1.32,3.31,3.9
391636.0,12.5,3.3,25.840000000000003,3.73,0.0,1.67,1.29,3.35
419527.0,11.4,2.7,22.41,1.35,0.0,1.51,3.33,2.12
472350.0,10.6,4.7,28.42,0.0,3.57,3.64,3.14,2.77
372751.0,14.2,3.4,31.65,8.7,0.0,4.21,0.0,1.14
419910.0,12.9,2.5,29.2,2.51,2.29,1.99,4.05,2.96
368246.0,13.7,3.9,20.63,0.0,0.36,0.0,0.1,2.57
383430.0,12.6,3.5,21.64,1.53,0.0,0.0,2.47,1.54
420399.0,13.3,2.5,31.0,3.16,3.41,3.32,3.54,1.77
444158.0,12.2,4.2,23.699999999999996,2.65,0.65,1.15,1.01,1.84
331309.0,14.5,3.2,29.88,0.43,0.0,5.12,4.29,2.34
421566.0,10.6,2.5,23.9,3.84,3.19,0.88,0.0,2.89
507798.0,12.2,4.3,32.550000000000004,5.91,4.08,2.77,0.0,3.29
379849.0,13.4,3.7,32.37,4.87,0.0,4.72,4.13,1.55
421992.0,11.8,2.9,27.660000000000004,3.52,2.54,1.35,2.03,3.52
452459.0,12.3,4.8,39.37,6.39,6.45,3.35,1.55,4.53
369877.0,13.7,3.4,36.05,6.0,3.66,2.64,5.3,1.35
422523.0,11.8,2.3,21.010000000000005,3.64,0.0,0.42,1.98,0.87
442262.0,12.8,4.5,33.66,2.08,4.14,4.4,4.41,1.33
389781.0,12.3,3.2,27.340000000000003,4.87,0.05,3.19,1.13,2.6
423258.0,9.7,2.5,18.5,0.0,0.1,0.88,0.63,4.69
492408.0,11.1,4.7,23.189999999999998,2.29,0.89,0.79,0.0,3.42
360333.0,16.9,3.5,39.54,5.08,2.41,5.7,1.59,4.36
423335.0,12.2,2.2,27.75,7.5,1.15,1.3,0.78,2.62
394278.0,12.9,4.3,27.970000000000002,3.33,0.0,2.95,3.6,0.89
530055.0,11.2,3.1,19.22,0.0,0.06,2.28,0.32,2.26
423978.0,11.4,2.5,24.310000000000002,0.25,0.0,3.36,4.5,2.3
441799.0,11.3,4.0,30.470000000000002,4.04,3.51,3.53,0.49,3.6
497047.0,12.0,3.4,24.740000000000002,1.82,0.0,0.0,2.53,4.99
424455.0,12.3,2.7,28.4,1.91,4.93,2.43,2.98,1.15
472428.0,11.5,4.4,30.840000000000003,2.68,4.91,2.25,3.1,2.0
352969.0,13.0,3.2,26.299999999999997,2.65,2.09,3.52,1.45,0.39
425108.0,13.2,2.9,22.11,3.36,0.64,0.09,0.23,1.69
382792.0,13.6,4.9,31.189999999999998,2.71,4.75,2.31,0.0,2.92
1672220.0,7.9,2.1,20.09,1.03,3.68,2.17,1.25,1.96
425512.0,14.1,2.9,32.23,4.8,1.63,3.84,1.54,3.42
370332.0,12.8,2.4,29.69,0.82,4.03,3.77,2.12,3.75
354189.0,12.7,3.4,34.97,6.57,3.01,3.52,1.63,4.14
426110.0,12.6,2.2,24.740000000000002,2.41,0.6,1.16,4.94,0.83
416404.0,12.5,4.3,30.540000000000003,0.76,6.27,3.59,0.23,2.89
362079.0,12.7,3.4,33.66,0.47,6.23,3.54,3.79,3.53
426233.0,12.4,3.0,32.39,2.18,1.83,4.14,5.84,3.0
518098.0,11.9,4.4,27.220000000000002,6.82,0.03,1.68,0.59,1.8
391209.0,14.1,3.3,28.959999999999997,0.98,1.56,2.91,1.29,4.82
427095.0,11.9,3.0,31.75,6.15,5.62,4.04,0.0,1.04
432924.0,13.0,4.3,36.81999999999999,9.18,4.82,3.75,1.55,0.22
417967.0,12.5,3.5,37.68,3.77,5.82,5.76,0.73,5.6
427354.0,12.6,2.3,28.0,2.72,2.1,4.73,0.68,2.87
413814.0,12.5,4.2,28.569999999999997,7.55,2.56,0.56,1.2,0.0
371913.0,11.0,3.0,29.919999999999998,5.29,5.38,3.07,1.21,0.97
427954.0,11.3,2.4,32.02,6.2,6.12,2.34,3.5,0.16
471530.0,11.7,4.0,30.409999999999997,3.48,5.33,2.91,2.99,0.0
395851.0,14.4,4.0,38.089999999999996,6.41,2.33,3.09,4.07,3.79
428575.0,10.5,3.9,32.949999999999996,6.18,3.18,4.0,4.04,1.15
567665.0,12.2,3.5,25.17,3.84,1.64,3.71,0.0,0.28
379141.0,13.5,3.3,25.8,2.16,1.07,1.12,3.38,1.27
428855.0,12.1,2.4,24.55,2.69,1.2,2.3,2.37,1.49
427682.0,12.4,4.1,33.290000000000006,4.1,5.42,0.0,3.8,3.47
436475.0,11.8,3.8,19.939999999999998,1.63,0.0,0.88,0.0,1.83
428897.0,11.8,2.1,25.91,5.03,0.17,1.65,1.55,3.61
414839.0,12.5,4.3,34.14,2.63,4.88,2.42,1.75,5.66
335454.0,14.1,3.5,31.950000000000003,5.43,2.44,2.91,0.96,2.61
429072.0,12.3,2.3,21.580000000000002,3.39,0.0,1.41,1.2,0.98
468456.0,11.1,4.1,26.709999999999997,4.56,0.0,3.65,0.0,3.3
376373.0,13.9,3.3,26.549999999999997,0.0,1.36,2.77,0.0,5.22
429597.0,12.6,2.5,35.690000000000005,5.86,5.43,1.17,6.57,1.56
326096.0,15.9,3.8,30.349999999999998,2.06,2.29,0.0,3.27,3.03
431190.0,13.6,2.5,25.220000000000002,6.17,0.0,0.52,0.0,2.43
334690.0,15.3,4.4,30.500000000000004,4.86,2.87,0.66,1.43,0.98
404439.0,12.4,3.1,30.28,4.55,1.52,4.69,1.84,2.18
431649.0,12.3,2.4,39.59,4.46,6.07,5.45,4.63,4.28
446204.0,12.0,4.4,36.72,4.52,4.98,3.16,5.0,2.66
738481.0,13.2,3.5,30.569999999999993,2.45,2.52,0.83,2.67,5.4
344626.0,13.8,3.3,26.89,0.72,4.92,1.86,0.77,1.52
435038.0,11.5,2.3,29.65,3.73,3.82,3.76,2.36,2.18
446576.0,11.2,4.6,24.759999999999998,1.9,1.72,1.82,0.93,2.59
383891.0,13.3,3.5,34.879999999999995,4.74,3.27,1.97,5.73,2.37
435228.0,13.4,2.4,27.720000000000002,2.94,1.15,2.05,4.4,1.38
401634.0,13.0,4.0,32.24,3.14,3.58,6.55,0.0,1.97
358868.0,17.1,4.0,34.43,4.28,0.0,2.47,3.56,3.02
435277.0,12.4,1.8,30.590000000000003,3.34,3.17,4.03,2.21,3.64
312979.0,17.0,6.0,35.0,3.84,0.3,3.16,2.83,1.87
424654.0,9.2,3.4,16.81,0.0,1.18,1.88,0.0,1.15
435410.0,8.9,1.7,22.07,5.06,0.01,4.64,0.0,1.76
406257.0,11.4,4.2,33.910000000000004,1.63,5.51,3.53,4.93,2.71
373636.0,14.1,3.4,38.05,7.62,2.77,4.43,2.14,3.59
435949.0,11.8,2.3,31.51,3.03,3.87,4.92,4.22,1.37
436186.0,12.8,4.2,27.67,2.78,2.22,4.48,0.0,1.19
470596.0,11.7,3.3,28.049999999999997,3.47,3.9,2.47,3.18,0.03
436215.0,11.7,2.3,28.76,1.4,4.53,2.62,2.73,3.48
454722.0,12.4,4.2,29.14,1.77,2.2,2.26,3.57,2.74
399967.0,13.7,3.2,36.11,6.79,3.66,3.01,3.83,1.92
437140.0,12.5,2.3,29.57,4.47,4.98,2.37,0.0,2.95
375943.0,12.8,3.8,35.620000000000005,5.89,3.21,0.0,5.49,4.43
435409.0,12.1,3.1,29.03,2.49,2.12,6.03,1.27,1.92
437297.0,12.0,2.7,29.209999999999997,9.75,0.48,4.15,0.13,0.0
428617.0,12.5,4.1,26.69,4.43,0.0,0.62,2.59,2.45
1447005.0,10.6,3.0,26.81,2.8,2.97,4.82,0.0,2.62
438439.0,13.8,2.3,29.220000000000002,0.0,1.42,6.09,3.11,2.5
498137.0,11.4,4.2,36.910000000000004,4.8,3.24,3.94,6.31,3.02
394876.0,12.4,3.2,37.52,8.46,7.11,2.65,1.77,1.93
438475.0,10.0,2.3,27.980000000000004,1.33,1.64,5.63,4.16,2.92
392754.0,13.1,4.2,33.730000000000004,1.95,4.99,3.98,2.25,3.26
1428305.0,6.9,2.7,22.96,3.26,0.0,2.82,2.45,4.83
438911.0,12.2,2.1,21.849999999999998,0.0,1.96,1.73,0.0,3.86
486244.0,10.8,4.3,32.400000000000006,4.3,7.41,4.12,0.0,1.47
620016.0,12.7,3.2,33.91,5.53,1.45,4.63,5.21,1.19
438943.0,14.4,2.2,38.18,9.2,0.0,5.04,5.81,1.53
543909.0,13.0,3.4,33.17,5.37,1.44,0.68,4.97,4.31
390683.0,12.8,3.2,21.380000000000003,1.23,0.09,0.0,0.69,3.37
439308.0,12.1,2.4,27.589999999999996,0.0,0.45,5.78,4.1,2.76
411991.0,11.9,4.0,27.450000000000003,5.04,0.0,1.3,2.55,2.66
461227.0,12.1,3.2,28.180000000000007,4.46,3.82,1.58,1.19,1.83
439332.0,10.9,2.4,30.540000000000003,3.38,5.27,1.55,5.28,1.76
451861.0,11.1,3.6,29.270000000000003,7.51,4.73,0.0,0.6,1.73
381227.0,12.0,3.2,25.87,0.53,0.1,4.49,2.5,3.05
440977.0,11.5,2.2,22.789999999999996,3.86,3.43,0.2,0.88,0.72
569664.0,9.1,3.5,25.919999999999995,3.83,4.08,3.33,0.0,2.08
356337.0,13.6,3.5,23.740000000000002,0.33,0.75,2.14,2.35,1.07
440995.0,11.0,2.3,26.410000000000004,4.4,3.59,0.66,2.23,2.23
484194.0,12.2,4.1,30.339999999999993,4.79,1.77,1.97,3.77,1.74
328017.0,13.5,3.4,36.349999999999994,4.4,2.79,3.85,3.5,4.91
441880.0,9.7,2.3,22.02,0.27,0.0,2.93,2.7,4.12
517706.0,10.4,4.8,26.8,6.43,1.44,2.42,0.0,1.31
419582.0,14.3,3.3,28.870000000000005,0.0,4.06,3.44,2.19,1.58
442426.0,13.4,2.4,24.589999999999996,1.74,0.24,5.72,0.0,1.09
426758.0,12.8,3.7,37.050000000000004,5.26,5.42,4.44,3.15,2.28
370571.0,13.3,3.6,30.610000000000007,4.94,3.92,2.0,1.66,1.19
442595.0,11.7,2.3,25.48,0.0,6.04,1.91,0.0,3.53
451317.0,11.7,4.4,26.1,2.95,2.7,2.64,0.0,1.71
421765.0,14.0,3.4,31.49,2.15,4.68,5.17,0.0,2.09
442639.0,10.8,3.2,26.360000000000003,4.49,3.41,4.02,0.44,0.0
471623.0,12.9,4.4,27.81,0.76,2.63,5.24,1.88,0.0
1332563.0,7.3,2.4,23.25,3.25,1.01,1.27,3.33,4.69
443063.0,12.4,2.4,24.560000000000002,4.99,1.92,0.0,0.51,2.34
483669.0,10.7,4.0,31.279999999999998,3.65,2.92,2.68,3.92,3.41
429978.0,13.2,3.4,27.509999999999998,1.59,1.55,1.25,1.96,4.56
443288.0,12.9,3.1,25.550000000000004,3.56,0.1,1.08,3.39,1.42
430611.0,14.8,4.1,36.56,6.53,0.0,4.65,2.14,4.34
421190.0,13.7,3.1,27.000000000000004,0.0,3.12,3.64,0.39,3.05
443659.0,12.9,2.2,36.040000000000006,8.53,0.21,6.12,1.82,4.26
378544.0,13.8,4.0,32.79,3.77,2.0,4.5,2.43,2.29
401012.0,12.4,3.5,25.28,2.05,0.71,0.38,1.19,5.05
445348.0,11.5,2.4,24.57,1.12,0.55,1.33,4.67,3.0
469736.0,12.1,3.8,27.929999999999996,7.75,1.36,2.09,0.83,0.0
440637.0,10.4,3.2,25.490000000000002,0.0,6.07,2.33,1.6,1.89
445846.0,12.8,2.9,26.78,3.29,0.68,2.94,2.27,1.9
500974.0,12.1,3.9,32.06,3.01,2.88,4.69,2.89,2.59
673300.0,12.7,3.4,38.38,10.0,2.49,3.05,2.61,4.13
446883.0,12.4,2.3,26.84,1.77,0.43,3.85,1.65,4.44
634926.0,9.5,3.2,29.990000000000002,5.36,2.37,2.42,3.04,4.1
447192.0,13.4,1.6,25.560000000000002,3.85,0.59,3.73,2.39,0.0
583919.0,9.8,4.6,19.84,0.0,3.4,0.54,0.0,1.5
429518.0,10.2,3.3,36.6,7.63,4.14,3.18,3.39,4.76
447916.0,9.8,2.2,25.53,7.35,0.69,0.59,1.15,3.75
454217.0,11.6,4.5,37.53,1.45,5.48,5.5,4.47,4.53
403029.0,13.7,3.1,30.419999999999998,7.09,1.2,2.81,1.31,1.21
448071.0,13.8,2.2,32.67,0.44,3.7,4.81,2.66,5.06
247008.0,15.6,4.1,25.45,0.36,0.82,0.0,0.0,4.57
399827.0,9.8,3.0,26.600000000000005,3.85,3.32,3.44,0.87,2.32
450052.0,8.5,1.9,23.200000000000003,3.7,1.49,0.65,4.42,2.54
601202.0,9.7,4.5,30.419999999999998,2.77,5.51,3.63,0.71,3.6
327069.0,14.7,3.5,35.519999999999996,6.25,4.57,3.66,0.0,2.84
450262.0,9.9,2.4,29.240000000000006,6.44,0.6,4.53,1.26,4.11
460049.0,9.7,4.7,25.419999999999998,6.17,1.74,2.64,0.0,0.47
397662.0,15.1,3.6,40.62,8.3,2.03,5.19,0.4,6.0
451604.0,12.1,2.5,27.069999999999997,1.16,4.25,1.36,2.4,3.3
425606.0,13.1,3.3,27.56,0.0,0.0,4.86,4.09,2.21
452226.0,12.3,2.3,24.69,0.0,4.86,0.0,0.0,5.23
392734.0,13.6,3.8,34.559999999999995,4.72,0.61,3.84,3.56,4.43
464000.0,13.6,3.0,39.260000000000005,6.74,5.32,0.81,4.84,4.95
452592.0,12.6,2.2,37.69,9.2,2.19,5.66,4.15,1.69
276083.0,14.2,4.0,33.160000000000004,2.78,1.08,3.38,5.57,2.15
514202.0,9.5,2.1,25.979999999999997,2.41,5.32,3.68,1.89,1.08
454086.0,12.8,2.8,23.01,1.82,0.88,2.53,1.11,1.07
415806.0,12.8,3.2,31.799999999999997,4.72,3.82,3.14,2.81,1.31
454857.0,12.6,2.6,29.549999999999997,3.67,2.59,2.49,4.98,0.62
485445.0,11.8,4.1,27.63,3.09,2.31,2.72,1.4,2.21
454258.0,13.8,3.0,31.38,4.23,3.09,1.56,2.88,2.82
455440.0,13.7,2.5,29.33,3.34,0.42,3.26,3.77,2.34
355462.0,13.3,3.7,28.259999999999998,2.05,3.42,4.46,0.0,1.33
355219.0,13.3,3.7,32.160000000000004,2.18,6.16,4.3,0.26,2.26
455546.0,11.8,2.3,29.91,6.97,3.45,3.78,0.0,1.61
422475.0,12.4,3.9,31.029999999999998,2.34,1.13,4.47,3.79,3.0
389179.0,15.2,3.2,37.38999999999999,4.54,5.61,4.76,4.0,0.08
456122.0,9.9,2.5,29.810000000000002,3.01,0.49,9.96,0.71,3.24
536921.0,12.5,4.6,30.17,2.52,0.98,2.67,3.52,3.38
424048.0,12.2,3.3,30.330000000000002,7.36,0.59,2.59,2.92,1.37
348225.0,12.6,3.4,31.400000000000002,9.21,0.0,3.41,0.19,2.59
456373.0,7.0,1.0,25.389999999999997,3.24,5.64,1.27,6.09,1.15
397962.0,16.5,4.4,35.81,0.0,2.78,6.68,1.93,3.52
396591.0,13.1,3.3,24.409999999999997,0.78,2.45,1.52,0.0,3.26
457052.0,11.9,2.3,23.959999999999997,1.54,0.0,3.74,4.48,0.0
437989.0,12.1,4.1,32.64,2.02,3.55,5.39,2.96,2.52
560073.0,10.4,3.4,28.580000000000002,5.1,4.99,0.15,2.74,1.8
458658.0,9.9,1.8,19.53,3.03,2.73,0.0,0.1,1.97
492996.0,10.7,4.0,27.53,2.69,1.91,3.9,0.0,4.33
322530.0,14.2,3.7,33.54,5.45,4.4,2.27,2.65,0.87
458687.0,13.7,2.7,24.119999999999997,0.99,0.0,5.1,0.3,1.33
488919.0,10.8,3.8,24.939999999999998,3.61,1.72,3.4,0.0,1.61
332390.0,14.7,3.4,36.19,4.09,6.49,2.24,4.04,1.23
459059.0,12.1,2.6,32.79,3.68,0.67,5.31,5.21,3.22
490000.0,12.4,4.2,20.590000000000003,1.3,0.01,0.2,1.27,1.21
434339.0,12.5,3.5,30.419999999999995,6.58,2.83,1.22,0.73,3.06
459375.0,12.2,2.6,27.040000000000003,7.36,0.01,0.0,2.85,2.02
448959.0,12.2,4.3,24.39,1.24,1.33,0.86,0.17,4.29
443994.0,12.2,3.4,30.52,5.36,3.54,0.58,2.66,2.78
460675.0,10.0,2.3,25.330000000000002,5.79,0.44,2.71,2.87,1.22
678971.0,8.5,4.0,24.81,2.44,2.93,2.5,1.63,2.81
1703132.0,5.5,2.3,16.36,2.88,3.0,0.12,0.99,1.57
460766.0,10.2,2.3,29.560000000000002,7.95,0.0,2.58,1.03,5.5
534630.0,11.0,4.3,30.050000000000004,5.66,0.0,2.99,2.91,3.19
395908.0,13.4,3.2,29.980000000000004,4.55,2.08,0.0,4.61,2.14
461710.0,12.1,2.6,29.209999999999994,5.67,1.47,1.82,3.65,1.9
491619.0,11.9,3.9,25.7,2.91,0.0,1.13,3.64,2.22
386776.0,12.0,3.3,34.5,5.19,3.7,6.31,0.0,4.0
463696.0,10.9,1.9,25.82,3.61,2.19,2.39,0.84,3.99
477689.0,11.6,4.0,33.58,2.79,3.98,4.46,6.2,0.55
367431.0,14.9,3.5,35.07,4.49,2.39,2.64,3.0,4.15
395948.0,13.6,3.3,30.419999999999998,0.38,2.89,4.63,2.27,3.35
465209.0,12.7,2.1,30.05,3.77,0.0,5.48,2.03,3.97
447966.0,12.8,4.1,27.15,7.73,0.06,0.0,0.0,2.46
451606.0,12.5,3.3,25.16,4.97,2.35,0.13,0.86,1.05
465270.0,10.5,2.1,20.04,5.28,0.0,0.49,0.0,1.67
490967.0,11.3,3.9,29.509999999999998,1.32,6.1,3.05,2.36,1.48
507395.0,11.0,3.1,28.599999999999998,1.61,3.37,4.22,3.79,1.51
466651.0,11.9,2.1,28.06,0.0,3.51,4.64,1.03,4.88
387476.0,11.8,4.4,31.17,4.04,3.02,0.98,1.75,5.18
375631.0,13.1,3.1,29.24,1.15,2.35,7.0,1.05,1.49
467464.0,12.6,2.2,32.019999999999996,5.55,1.18,4.76,1.41,4.32
428828.0,13.0,3.9,23.4,0.79,2.62,0.43,2.12,0.54
432370.0,13.9,3.2,33.43,0.72,4.93,4.09,2.84,3.75
468162.0,12.3,2.7,26.03,0.77,0.0,6.82,2.89,0.55
414572.0,13.6,3.8,34.29,3.18,3.03,5.35,4.29,1.04
406194.0,13.2,3.2,42.79,6.03,6.96,4.68,5.05,3.67
468477.0,11.7,2.6,24.199999999999996,4.82,0.0,1.82,0.0,3.26
482652.0,11.9,4.1,34.0,4.39,4.72,6.41,0.31,2.17
435447.0,13.4,3.4,37.940000000000005,2.55,4.07,4.46,6.7,3.36
470574.0,12.6,2.5,25.14,1.59,0.25,2.79,4.07,1.34
394738.0,14.1,3.9,33.0,9.54,0.49,4.3,0.0,0.67
392395.0,13.4,3.6,28.340000000000003,4.1,2.43,2.17,1.93,0.71
471133.0,10.7,2.5,26.509999999999998,4.74,1.27,0.32,3.4,3.58
550685.0,10.7,4.3,28.19,3.22,2.44,1.14,2.3,4.09
407217.0,12.5,3.5,28.76,0.13,0.0,3.01,6.17,3.45
471429.0,12.7,2.0,21.650000000000002,0.0,3.78,1.26,0.38,1.53
496551.0,10.6,4.4,30.32,2.81,3.35,0.98,3.42,4.76
469469.0,9.8,3.1,22.939999999999998,3.17,1.23,2.38,2.18,1.08
445781.0,13.2,3.4,31.54,0.01,2.54,5.04,4.48,2.87
472926.0,13.4,2.1,25.86,3.13,0.0,0.06,2.74,4.43
451258.0,12.2,4.2,27.61,2.67,2.39,2.28,1.15,2.72
402101.0,13.1,3.4,26.48,4.64,0.04,1.84,0.51,2.95
473997.0,12.2,2.4,32.22,6.55,0.33,2.71,2.16,5.87
481453.0,12.3,3.9,33.769999999999996,4.77,3.92,5.72,0.0,3.16
414535.0,11.8,3.2,36.58,2.56,5.84,5.91,4.92,2.35
475161.0,10.0,2.1,26.69,4.81,4.25,1.26,0.96,3.31
455603.0,11.3,4.7,36.15,7.86,4.0,1.96,1.59,4.74
482143.0,12.8,3.2,29.33,0.35,2.09,4.86,0.49,5.54
475185.0,13.3,2.2,31.05,4.78,3.96,4.09,1.68,1.04
385605.0,11.8,3.0,29.240000000000002,3.6,1.21,3.87,2.54,3.22
475932.0,11.4,2.5,23.970000000000002,1.01,0.0,3.21,2.53,3.32
281231.0,9.1,4.2,25.46,3.57,0.0,4.07,1.62,2.9
415574.0,13.1,3.3,32.06999999999999,5.47,1.9,2.9,5.4,0.0
476146.0,11.2,2.3,28.26,4.0,1.46,1.59,4.71,3.0
442423.0,11.4,4.3,31.73,2.21,5.58,4.63,0.0,3.61
422414.0,12.9,3.2,27.090000000000003,4.78,0.19,3.23,1.43,1.36
476196.0,10.7,1.9,29.64,7.35,1.86,4.16,1.5,2.17
439851.0,11.5,4.2,31.130000000000003,0.62,2.71,1.81,5.03,5.26
398535.0,10.1,2.3,27.159999999999997,5.83,3.02,2.5,0.0,3.41
476995.0,12.2,3.8,29.86,1.5,0.0,5.29,5.13,1.94
433569.0,10.6,3.0,24.089999999999996,3.23,3.0,3.01,0.39,0.86
477828.0,10.2,1.8,28.509999999999998,7.93,1.38,2.12,2.91,2.17
424834.0,13.3,3.8,30.47,4.06,3.77,3.27,1.04,1.23
478337.0,11.8,2.8,32.51,2.25,4.31,3.95,3.08,4.32
415979.0,13.8,4.4,37.42,5.26,1.15,3.2,5.05,4.56
378597.0,12.7,3.3,25.15,2.12,0.72,2.82,2.0,1.49
478463.0,10.5,2.4,25.440000000000005,3.49,0.44,2.98,3.39,2.24
546837.0,11.1,3.9,25.06,0.0,4.97,2.23,2.71,0.15
284737.0,12.4,2.6,33.76,2.76,5.84,3.34,4.07,2.75
478473.0,14.4,4.1,38.15,4.5,4.13,4.87,2.08,4.07
260950.0,16.8,3.4,26.54,0.0,2.45,3.89,0.0,0.0
409025.0,12.0,3.4,25.470000000000002,0.31,1.53,2.5,1.75,3.98
478495.0,11.5,2.0,29.200000000000003,3.62,1.87,4.66,2.25,3.3
483813.0,11.1,4.3,28.36,4.37,0.96,2.04,3.2,2.39
359196.0,12.7,3.9,30.719999999999995,5.24,0.29,6.38,0.0,2.21
479487.0,11.3,2.3,35.09,8.88,1.73,3.95,1.93,5.0
254793.0,10.5,3.5,30.099999999999998,8.16,1.67,2.97,0.0,3.3
475660.0,13.2,3.3,28.57,5.39,1.86,0.0,0.11,4.71
479732.0,11.7,2.2,19.849999999999998,5.09,0.86,0.0,0.0,0.0
494371.0,11.3,4.3,27.520000000000003,5.8,0.0,1.2,0.0,4.92
388622.0,12.7,3.1,29.580000000000002,5.24,2.16,2.09,2.6,1.69
479849.0,10.3,2.3,28.090000000000003,7.14,1.17,2.34,3.74,1.1
410500.0,10.8,3.4,27.38,2.89,3.75,2.15,3.21,1.18
440002.0,12.7,3.0,24.979999999999997,3.34,1.88,0.0,1.66,2.4
480773.0,12.8,2.3,35.57,6.58,2.5,5.37,4.16,1.86
464629.0,12.9,4.3,31.849999999999998,5.46,2.13,1.7,2.91,2.45
1626330.0,6.6,2.5,17.46,2.52,2.15,0.77,2.28,0.64
482325.0,14.2,1.6,28.87,4.09,1.74,2.12,4.39,0.73
393498.0,12.9,4.9,31.2,2.91,4.06,0.15,2.89,3.39
378638.0,14.1,3.2,26.520000000000003,2.35,3.51,0.6,0.0,2.76
482412.0,11.7,2.6,24.86,0.0,0.0,5.17,2.81,2.58
302640.0,15.7,3.6,35.49,5.65,2.13,2.56,3.49,2.36
438722.0,10.8,2.4,24.310000000000002,5.95,2.63,0.0,1.92,0.61
483694.0,10.4,2.6,26.61,4.06,0.62,2.72,2.24,3.97
529233.0,10.7,4.7,31.53,6.71,3.69,4.41,0.11,1.21
739840.0,8.5,2.7,27.49,5.97,0.0,4.25,3.61,2.46
484173.0,9.4,2.1,27.34,1.79,5.41,3.53,2.04,3.07
567613.0,9.0,3.8,21.610000000000003,2.94,0.0,2.22,1.03,2.62
819636.0,5.6,2.9,21.02,2.71,4.88,2.31,1.94,0.68
484840.0,9.2,2.5,24.279999999999998,3.69,0.0,4.77,0.0,4.12
398706.0,13.2,3.3,37.81,9.43,5.67,0.09,4.52,1.6
485122.0,12.1,2.1,23.68,2.18,2.11,2.83,0.0,2.36
505379.0,10.9,3.9,25.490000000000002,3.02,1.26,2.58,1.06,2.77
621729.0,11.5,3.0,25.92,7.02,0.0,0.66,2.44,1.3
485982.0,10.4,2.6,27.79,4.59,1.66,3.76,1.1,3.68
621819.0,12.4,4.1,35.96,5.99,7.33,1.7,1.83,2.61
494052.0,12.4,3.0,30.77,6.24,2.66,4.07,0.0,2.4
486428.0,13.4,2.1,31.769999999999996,3.08,4.13,3.01,2.72,3.33
257197.0,14.9,4.0,30.589999999999996,1.96,1.14,0.72,4.72,3.15
330996.0,14.3,3.6,39.11000000000001,8.41,5.67,5.6,0.0,1.53
486839.0,12.3,2.3,27.6,1.78,3.29,3.02,2.64,2.27
527400.0,11.7,4.2,26.85,0.51,4.18,2.82,0.0,3.44
1010178.0,8.1,2.9,26.110000000000003,5.42,2.44,1.09,2.39,3.77
487714.0,12.6,2.4,32.760000000000005,1.85,7.73,3.14,3.23,1.81
476388.0,13.2,4.2,26.919999999999998,1.75,0.0,2.75,0.02,5.0
455643.0,8.4,3.2,29.590000000000003,6.69,3.36,2.46,3.23,2.25
488143.0,6.1,0.9,18.97,0.8,0.0,5.53,3.55,2.09
463096.0,12.1,3.0,23.67,0.0,3.52,1.91,0.68,2.46
488188.0,10.8,2.2,24.270000000000003,3.05,2.45,2.6,3.17,0.0
520367.0,8.9,4.3,29.709999999999997,5.71,3.87,3.01,0.52,3.4
397729.0,11.5,3.3,29.909999999999997,6.72,1.47,0.0,5.1,1.82
488319.0,11.1,2.1,26.659999999999997,0.55,3.9,4.7,1.13,3.18
511800.0,10.3,3.7,28.559999999999995,2.01,2.48,2.67,1.9,5.5
413975.0,13.3,3.2,24.0,5.54,0.0,0.17,0.0,1.79
488838.0,12.5,2.5,32.75,2.93,3.15,3.72,3.75,4.2
450483.0,12.5,3.9,31.6,1.94,4.01,1.27,1.98,6.0
422166.0,10.5,2.7,21.04,3.29,0.67,0.0,1.25,2.63
489305.0,7.5,2.0,22.049999999999997,3.89,4.61,1.22,0.52,2.31
356794.0,11.5,3.4,29.96,5.96,0.43,2.97,1.3,4.4
411588.0,16.2,2.4,27.939999999999998,0.0,2.04,4.43,2.3,0.57
489529.0,11.1,1.2,27.149999999999995,3.98,3.39,2.67,2.2,2.61
426402.0,10.8,3.0,27.66,3.28,1.4,5.02,3.54,0.62
489556.0,11.6,2.3,21.769999999999996,2.9,0.0,0.0,0.0,4.97
505025.0,11.9,4.3,35.51,7.04,1.96,5.2,1.66,3.45
568085.0,11.1,3.0,20.54,0.0,3.44,0.65,0.0,2.35
489580.0,11.4,2.3,32.529999999999994,1.04,4.47,4.98,3.72,4.62
556118.0,11.2,4.1,28.59,5.27,3.06,3.41,1.44,0.11
432702.0,13.1,3.5,34.27,5.19,2.64,2.43,3.03,4.38
489993.0,12.4,1.9,35.48,3.23,6.78,4.01,2.54,4.62
483676.0,12.3,4.2,34.19,7.24,3.57,2.97,0.24,3.67
469119.0,12.6,3.2,31.870000000000005,2.19,5.18,2.98,3.12,2.6
490608.0,8.8,3.4,27.580000000000002,4.05,3.28,3.66,2.18,2.21
402027.0,12.4,4.8,34.37,8.16,2.98,3.02,0.0,3.01
446250.0,10.9,3.1,33.62,4.54,5.33,4.53,1.44,3.78
490613.0,10.4,2.2,33.9,6.46,2.22,3.33,7.74,1.55
498703.0,11.2,4.9,32.7,5.28,1.74,4.2,0.86,4.52
476622.0,10.6,2.6,31.53,5.3,2.55,1.87,5.66,2.95
492965.0,12.3,2.3,32.07,2.68,5.25,4.9,1.58,3.06
488455.0,12.4,4.3,31.56,2.66,4.28,4.11,2.29,1.52
497510.0,10.1,3.3,28.82,4.43,2.07,1.17,2.7,5.05
493398.0,12.2,2.3,23.700000000000003,2.91,0.0,2.34,3.44,0.51
459489.0,11.1,3.4,35.08,7.73,2.28,3.74,3.74,3.09
428709.0,12.9,3.4,36.349999999999994,6.47,2.77,4.61,1.36,4.84
493825.0,11.0,2.4,21.779999999999998,5.01,1.74,0.0,1.56,0.07
489541.0,12.7,4.0,28.479999999999997,0.4,2.29,1.51,1.58,6.0
393408.0,12.5,3.4,21.840000000000003,0.56,1.07,0.76,0.0,3.55
494546.0,11.5,2.4,27.88,4.92,6.18,1.25,1.63,0.0
515052.0,11.2,4.1,32.47,6.25,1.89,3.02,1.58,4.43
496478.0,12.4,3.2,29.230000000000004,4.35,5.44,2.86,0.98,0.0
495162.0,12.4,2.4,19.98,0.0,2.21,0.29,0.83,1.85
498253.0,12.1,3.8,25.31,4.13,0.0,0.07,2.39,2.82
471318.0,11.7,3.4,31.580000000000005,1.54,3.12,4.71,3.87,3.24
519317.0,12.8,2.7,26.78,2.04,0.0,3.97,3.44,1.83
496684.0,10.0,2.1,24.15,2.08,0.91,3.06,0.0,6.0
400001.0,12.9,3.6,30.6,6.01,2.99,0.03,1.92,3.15
415541.0,13.1,3.3,31.259999999999998,4.02,4.93,3.76,0.0,2.15
496763.0,12.3,2.3,26.62,3.92,1.65,0.0,5.48,0.97
395142.0,13.7,4.1,33.32,1.79,1.41,6.44,3.48,2.4
405702.0,11.3,3.3,29.910000000000004,5.39,1.77,1.1,7.05,0.0
497187.0,10.0,2.1,28.43,3.15,3.89,2.89,3.01,3.39
505855.0,10.0,4.4,30.59,3.25,3.19,1.97,4.43,3.35
451313.0,11.8,3.5,30.689999999999998,4.17,5.98,0.63,3.27,1.34
498797.0,11.0,2.5,37.75,6.86,3.79,4.2,5.54,3.86
466412.0,11.9,4.5,30.97,3.39,6.36,1.12,1.53,2.17
1498746.0,11.4,2.6,30.04,1.81,2.26,5.01,5.04,1.92
498811.0,12.9,2.2,23.76,0.13,2.11,3.2,0.0,3.22
726600.0,10.6,3.6,33.120000000000005,6.08,5.78,1.0,2.06,4.0
446376.0,11.7,3.0,23.71,0.0,4.34,1.79,2.1,0.78
499145.0,10.9,2.1,22.66,4.0,3.34,0.0,0.67,1.65
506562.0,11.2,4.3,33.580000000000005,7.99,4.86,2.87,0.79,1.57
398087.0,12.9,3.6,26.6,2.21,0.0,3.27,0.0,4.62
499396.0,10.6,2.4,30.299999999999997,2.19,8.26,5.56,0.68,0.61
511916.0,11.7,4.0,31.1,7.84,0.0,4.49,3.07,0.0
421354.0,12.7,3.2,24.25,1.51,0.84,1.42,4.58,0.0
501801.0,11.8,2.0,27.55,0.31,2.48,5.09,2.96,2.91
501771.0,11.1,4.5,25.990000000000002,0.0,2.74,1.34,2.48,3.83
461746.0,11.7,3.3,29.450000000000003,0.61,6.35,2.67,0.0,4.82
504134.0,11.7,2.3,28.0,3.48,5.26,1.11,0.27,3.88
501110.0,11.5,4.5,32.38,3.71,5.01,4.12,0.0,3.54
375666.0,12.2,3.1,31.219999999999995,4.5,4.01,5.41,0.0,2.0
504336.0,11.0,2.5,24.299999999999997,0.74,4.41,3.57,0.0,2.08
566101.0,8.7,3.8,29.629999999999995,4.58,4.51,6.12,0.0,1.92
416357.0,14.3,3.4,21.220000000000002,0.0,2.01,0.0,1.51,0.0
504695.0,14.6,2.6,35.370000000000005,6.52,4.17,2.93,2.56,1.99
239939.0,15.1,4.2,33.059999999999995,2.15,0.57,5.47,2.15,3.42
591742.0,11.4,2.8,32.69,5.24,5.05,0.0,5.64,2.56
508334.0,11.9,2.4,27.280000000000005,2.58,0.0,3.19,4.98,2.23
616081.0,9.1,3.1,20.709999999999997,0.0,4.59,1.09,0.2,2.63
446622.0,12.0,3.2,27.200000000000003,3.11,3.71,0.1,0.0,5.08
510421.0,11.0,2.1,29.509999999999998,3.62,4.09,4.22,2.5,1.98
509911.0,10.6,4.3,36.089999999999996,5.4,3.89,5.86,1.89,4.15
490202.0,12.4,3.3,29.74,3.43,2.88,1.46,1.8,4.47
511011.0,13.0,2.7,27.58,1.72,0.0,4.11,4.13,1.92
413296.0,13.9,3.9,28.71,2.46,3.82,0.0,2.99,1.64
500385.0,11.2,3.0,26.380000000000003,0.14,0.0,3.57,2.73,5.74
511525.0,9.9,2.3,26.57,3.55,2.25,0.7,3.78,4.09
519964.0,11.5,4.0,26.66,1.79,1.53,1.49,4.05,2.3
412631.0,13.4,3.0,35.519999999999996,7.09,2.37,3.25,3.79,2.62
439708.0,12.2,3.2,26.54,3.32,0.87,0.0,3.81,3.14
502624.0,11.1,3.5,24.83,0.0,4.84,3.05,1.47,0.87
511996.0,11.3,2.5,22.42,2.01,0.37,1.69,2.73,1.82
440505.0,12.9,3.0,36.989999999999995,3.92,5.97,5.6,3.94,1.66
513695.0,10.3,2.2,24.94,4.0,0.0,5.21,3.18,0.05
509232.0,12.4,4.2,32.12,6.23,3.64,1.63,2.45,1.57
499968.0,11.4,3.1,27.810000000000002,5.3,1.1,4.13,0.73,2.05
514220.0,11.2,2.3,21.639999999999997,2.86,2.98,0.0,1.15,1.15
493733.0,11.7,4.1,29.77,2.96,1.66,3.73,1.01,4.61
442679.0,12.1,3.5,31.349999999999998,4.43,2.45,6.86,0.08,1.93
514537.0,12.5,2.2,29.64,5.52,2.06,4.44,1.16,1.76
460200.0,12.6,4.0,30.690000000000005,1.17,4.2,3.68,2.28,2.76
298925.0,14.5,3.3,32.08,0.86,5.69,3.54,2.89,1.3
515271.0,13.5,2.4,26.889999999999997,0.81,2.81,3.56,3.72,0.09
214216.0,13.8,3.8,34.34,3.7,1.04,3.47,4.28,4.25
444277.0,12.5,3.3,30.6,2.94,2.8,1.49,3.64,3.93
516679.0,11.6,2.3,24.09,0.02,2.53,1.51,1.82,4.31
526358.0,11.0,4.0,31.14,5.05,3.21,2.92,1.96,3.0
441368.0,11.5,3.1,25.18,4.19,2.42,3.22,0.0,0.75
517685.0,11.3,2.1,26.189999999999998,0.0,5.43,4.2,1.37,1.79
525469.0,11.3,4.3,35.18,5.02,1.75,5.56,2.59,4.66
478498.0,12.5,3.3,36.78,4.36,7.77,2.39,0.88,5.58
519855.0,10.7,2.7,17.95,1.47,0.05,2.32,0.0,0.71
476369.0,11.8,4.5,30.709999999999997,0.12,2.38,2.45,5.08,4.38
473516.0,13.6,3.2,26.270000000000003,0.0,4.57,2.69,1.09,1.12
519908.0,11.8,2.2,38.2,6.05,5.66,4.53,3.64,4.32
517476.0,12.9,3.9,32.38,3.54,4.28,3.26,1.33,3.17
533632.0,11.9,3.3,25.259999999999998,4.05,0.0,2.56,0.0,3.45
520189.0,11.9,2.1,24.299999999999997,0.46,2.51,0.61,2.2,4.52
534360.0,12.3,4.3,31.299999999999997,3.1,3.27,5.42,1.24,1.67
461148.0,13.7,3.0,27.980000000000004,0.0,4.57,1.69,4.24,0.78
521152.0,12.3,2.2,22.97,2.98,1.13,1.74,0.0,2.62
492474.0,12.2,3.7,30.409999999999997,1.2,3.72,0.7,4.45,4.44
441235.0,13.8,3.3,29.66,0.0,3.28,4.06,0.95,4.27
521217.0,12.8,2.3,23.950000000000003,2.48,1.03,2.41,0.06,2.87
653790.0,10.2,4.2,25.82,1.73,2.54,3.71,0.76,2.68
435264.0,13.6,3.4,30.400000000000002,5.49,2.41,0.89,2.8,1.81
522685.0,11.9,2.1,23.58,3.26,0.0,3.79,0.28,2.25
517195.0,12.7,4.2,26.439999999999998,1.4,0.38,3.89,1.85,2.02
524179.0,12.3,3.4,34.480000000000004,8.17,2.99,1.98,1.98,3.66
523189.0,11.3,2.8,23.47,3.65,0.13,0.91,1.7,2.98
495046.0,11.9,4.0,31.28,5.01,3.71,3.13,0.0,3.53
471802.0,12.8,2.6,29.070000000000004,3.42,2.17,2.49,4.8,0.79
523570.0,12.0,2.4,29.460000000000004,0.0,4.11,4.15,2.68,4.12
458200.0,12.7,3.6,35.98,0.18,7.4,5.39,4.48,2.23
894629.0,10.8,2.8,27.32,2.31,2.42,3.43,0.47,5.09
523586.0,11.8,2.1,22.05,5.75,1.73,0.67,0.0,0.0
775685.0,9.8,4.0,20.020000000000003,0.0,1.55,2.03,0.67,1.97
480504.0,11.5,3.3,36.77,5.87,4.47,4.43,3.32,3.88
524164.0,10.7,2.1,31.369999999999997,6.21,2.6,2.31,3.92,3.53
526479.0,10.6,4.0,28.65,0.96,3.41,5.45,0.0,4.23
450906.0,12.4,3.3,30.360000000000007,3.39,4.08,3.24,0.17,3.78
524661.0,11.3,2.4,33.7,7.07,3.27,5.77,3.05,0.84
524186.0,12.2,4.0,20.72,0.29,3.37,0.04,0.0,0.82
627055.0,10.7,3.2,26.71,5.17,3.88,1.94,0.0,1.82
526319.0,10.4,2.0,25.22,2.27,6.03,0.51,0.68,3.33
516508.0,11.4,4.4,29.99,2.87,0.65,4.25,5.56,0.86
410376.0,14.1,3.5,32.23,0.0,1.24,5.82,4.02,3.55
527490.0,11.4,2.4,25.01,0.0,0.0,4.28,3.14,3.79
382898.0,14.2,3.7,31.71,1.6,4.66,0.0,4.22,3.33
490378.0,13.2,3.7,26.729999999999997,0.0,5.02,1.12,0.54,3.15
527575.0,11.9,3.0,23.830000000000002,2.38,2.71,3.19,0.18,0.47
487503.0,11.8,4.5,32.05,4.52,3.47,4.86,1.03,1.87
1335236.0,5.7,2.6,20.39,2.06,0.0,2.7,3.76,3.57
528160.0,10.6,2.1,26.79,4.89,1.95,2.92,1.74,2.59
749163.0,6.8,3.2,21.41,0.82,3.65,1.97,3.91,1.06
426206.0,12.2,3.1,32.4,8.67,0.0,1.63,3.37,3.43
529341.0,11.6,1.9,31.029999999999998,3.97,2.09,3.87,4.7,2.9
443553.0,11.1,4.3,31.2,4.88,4.82,4.7,1.03,0.37
513874.0,11.8,3.4,21.740000000000002,0.0,1.03,4.94,0.0,0.57
529384.0,11.4,2.3,28.959999999999997,7.92,1.88,3.91,0.0,1.55
569976.0,11.2,4.7,23.490000000000002,1.41,0.0,3.26,0.16,2.76
437856.0,11.1,3.4,29.72,3.88,4.89,1.95,0.58,3.92
530183.0,11.2,2.1,21.209999999999997,0.5,1.64,3.73,2.04,0.0
505936.0,11.4,4.0,32.07,5.52,1.26,3.23,3.79,2.87
407253.0,13.0,3.2,22.13,0.0,2.73,0.25,0.16,2.79
530196.0,11.0,2.4,25.819999999999997,1.55,4.34,1.91,2.49,2.13
416499.0,12.5,4.4,21.019999999999996,2.2,1.2,0.0,0.0,0.72
481278.0,13.6,3.2,34.9,8.35,5.67,2.33,1.09,0.66
531159.0,12.0,2.4,33.99,6.05,3.52,6.28,0.0,3.74
434238.0,13.0,3.9,37.22,5.81,4.89,3.54,2.87,3.21
460856.0,12.1,3.0,30.79,6.32,0.33,3.12,4.42,1.5
531456.0,10.5,2.2,27.869999999999997,4.14,3.9,5.11,0.41,1.61
583105.0,12.0,4.1,27.730000000000004,5.61,3.19,1.23,1.09,0.51
559632.0,12.1,3.4,33.33,5.43,0.0,8.2,2.74,1.46
531772.0,11.1,2.5,26.84,5.01,1.53,3.33,0.67,2.7
518267.0,13.2,4.0,26.39,1.18,2.62,0.23,3.03,2.13
495083.0,11.1,3.3,30.679999999999996,6.04,2.14,1.97,4.08,2.05
532133.0,11.4,2.6,32.43,6.28,2.87,2.38,3.14,3.76
516920.0,12.1,4.0,31.71,1.47,2.86,3.79,4.87,2.62
651773.0,10.0,3.2,23.59,4.07,2.08,1.77,2.29,0.18
532526.0,10.1,2.7,21.189999999999998,2.76,1.32,1.66,2.65,0.0
748853.0,9.4,4.9,31.380000000000003,4.96,3.68,4.71,1.59,2.14
468791.0,12.6,3.3,33.5,1.85,5.5,4.16,1.35,4.74
532683.0,12.0,2.5,30.25,3.16,5.34,2.77,2.2,2.28
530241.0,12.3,4.1,37.45,7.39,4.1,2.83,6.53,0.2
542029.0,12.4,3.0,30.73,2.68,4.77,1.77,1.93,4.18
533116.0,12.6,2.0,29.129999999999995,2.59,3.93,3.72,4.29,0.0
576137.0,12.1,4.2,28.48,0.4,4.21,0.52,3.77,3.28
565812.0,10.5,2.8,20.77,2.73,0.0,2.43,0.0,2.31
533121.0,10.0,1.6,27.06,0.27,4.83,6.24,2.03,2.09
406614.0,9.6,4.0,21.229999999999997,3.67,1.17,2.79,0.0,0.0
467514.0,12.7,3.3,35.65,4.09,6.59,6.25,0.92,1.8
534227.0,11.7,2.2,24.369999999999997,1.97,4.16,2.01,2.33,0.0
504304.0,11.6,4.1,32.15,0.0,6.94,4.61,1.81,3.09
499222.0,10.9,3.2,27.770000000000003,4.37,4.87,2.07,0.0,2.36
534756.0,11.3,2.3,28.2,2.04,4.95,0.84,4.39,2.38
575315.0,10.2,4.4,26.520000000000003,5.65,2.44,1.96,1.34,0.53
697094.0,12.6,3.1,28.610000000000003,6.32,1.13,0.6,2.42,2.44
536079.0,13.2,2.2,27.549999999999997,0.0,0.0,3.75,3.05,5.35
624900.0,13.2,3.9,29.86,4.62,5.31,0.32,1.26,1.25
845808.0,10.1,2.9,33.49,5.12,1.99,7.14,4.5,1.74
536533.0,13.1,2.5,29.91,1.94,4.23,3.61,1.23,3.3
624431.0,11.2,3.8,23.98,0.53,0.1,3.64,0.66,4.05
540763.0,12.7,2.8,27.96,1.41,4.5,2.25,0.0,4.3
537829.0,12.2,2.4,32.239999999999995,4.05,2.2,1.47,6.19,3.73
396933.0,12.6,4.1,32.26,2.87,0.0,6.51,3.74,2.44
486594.0,12.1,3.2,27.47,3.06,3.51,4.14,0.0,1.46
538078.0,11.5,2.2,23.24,0.47,0.39,4.42,2.06,2.2
503006.0,11.9,3.9,30.73,9.05,0.0,0.4,3.42,2.06
480760.0,11.7,2.8,31.889999999999997,5.52,1.44,3.9,4.22,2.31
538896.0,11.6,2.2,31.120000000000005,5.08,2.24,3.95,2.87,3.18
513478.0,11.7,4.2,28.429999999999996,2.09,2.21,0.95,5.72,1.56
413032.0,11.5,3.1,24.4,3.93,1.2,0.86,3.38,0.43
538964.0,9.8,2.4,27.83,5.3,4.33,0.0,3.08,2.92
532534.0,10.9,4.6,34.28,2.75,1.57,7.41,3.74,3.31
558579.0,11.3,3.5,25.28,3.06,1.3,4.09,0.0,2.03
539840.0,11.4,3.0,24.659999999999997,1.27,1.85,0.31,4.26,2.57
515958.0,11.6,4.4,38.309999999999995,6.53,3.56,2.92,4.76,4.54
1648293.0,3.9,1.4,16.82,0.0,2.63,2.96,2.36,3.57
540231.0,10.4,1.9,24.169999999999998,2.18,2.87,3.51,1.41,1.9
1200371.0,4.5,3.9,22.990000000000002,5.47,0.8,2.86,3.38,2.08
405861.0,12.7,3.5,30.470000000000002,6.15,1.8,1.32,2.16,2.84
540821.0,12.0,2.4,27.689999999999998,2.13,4.27,3.11,1.63,2.15
573447.0,11.4,4.0,29.43,0.0,2.21,6.06,3.8,1.96
518405.0,12.2,3.4,26.88,1.58,2.11,3.68,0.0,3.91
541507.0,11.1,2.5,27.45,5.3,0.16,5.55,0.0,2.84
569960.0,11.5,4.0,30.800000000000004,4.25,4.42,3.78,2.62,0.23
500361.0,11.2,3.3,24.22,2.09,0.44,2.01,2.69,2.49
541702.0,11.5,2.7,29.410000000000004,5.28,0.99,0.94,3.26,4.74
454378.0,13.0,3.8,33.75000000000001,3.35,5.8,1.16,2.83,3.81
562453.0,11.4,3.2,21.53,1.94,1.17,3.82,0.0,0.0
541846.0,11.2,2.7,31.069999999999997,7.14,2.31,3.89,3.31,0.52
515396.0,11.3,4.1,30.24,7.44,1.65,2.63,2.42,0.7
640714.0,9.4,3.1,24.08,5.2,1.12,1.63,0.7,2.93
542125.0,10.1,2.0,22.339999999999996,2.6,1.18,5.02,0.79,0.65
449680.0,12.7,3.5,34.03,4.36,3.76,4.54,3.58,1.59
419449.0,12.2,3.5,26.29,3.16,1.38,1.71,1.58,2.76
542642.0,11.3,2.3,30.94,4.3,4.99,5.18,0.0,2.87
537813.0,10.9,4.1,26.51,0.0,1.67,5.55,0.0,4.29
534451.0,9.5,3.1,26.77,4.2,4.38,2.71,0.0,2.88
542721.0,9.5,2.3,26.080000000000002,6.63,0.0,1.17,2.68,3.8
843532.0,8.8,4.9,30.430000000000003,3.79,4.67,3.05,1.82,3.4
440083.0,14.1,3.0,32.160000000000004,5.01,3.8,1.33,0.76,4.16
543318.0,14.2,2.5,31.909999999999997,4.79,3.57,1.42,1.33,4.1
377273.0,14.6,3.9,25.79,0.52,3.46,0.0,0.2,3.11
492899.0,10.9,3.2,28.32,4.77,4.48,0.6,1.99,2.38
543889.0,9.4,1.9,28.87,2.59,2.57,5.28,4.04,3.09
524722.0,10.8,4.2,26.050000000000004,4.31,1.8,0.92,0.35,3.67
649164.0,12.3,2.9,26.400000000000002,1.45,0.0,3.27,5.47,1.01
544473.0,12.8,2.4,30.400000000000002,3.58,2.53,3.03,2.54,3.52
582602.0,11.5,3.8,26.900000000000002,1.35,3.49,3.3,1.75,1.71
464717.0,14.1,3.0,34.82,5.05,1.95,2.41,4.35,3.96
545801.0,13.2,1.9,22.97,0.57,0.6,2.31,3.75,0.64
591287.0,10.7,3.9,30.440000000000005,5.97,3.35,1.71,2.92,1.89
496168.0,12.7,3.0,26.43,3.09,0.94,3.45,1.45,1.8
545847.0,11.2,2.6,22.709999999999997,2.49,2.91,0.22,3.02,0.27
398096.0,11.8,4.0,31.59,4.32,2.83,2.63,2.97,3.04
547668.0,9.7,2.9,25.38,4.53,2.66,1.84,0.62,3.13
547580.0,10.0,2.2,34.629999999999995,9.35,2.1,3.4,4.0,3.58
577050.0,10.6,4.5,26.15,0.0,2.84,6.69,0.0,1.52
727363.0,9.5,2.8,30.470000000000002,5.87,4.72,3.6,0.86,3.12
547946.0,9.3,2.7,25.71,2.08,4.49,3.84,1.36,1.94
887884.0,8.7,4.4,21.449999999999996,0.0,2.61,3.1,1.65,0.99
516549.0,10.6,2.7,24.1,5.33,0.21,1.25,0.0,4.01
548833.0,10.2,2.2,22.81,3.71,2.44,0.7,0.0,3.56
403120.0,11.3,4.0,31.580000000000002,6.28,5.16,2.9,0.89,1.05
453341.0,10.9,3.1,25.55,4.48,3.09,2.32,0.0,1.66
549830.0,8.3,2.5,25.659999999999997,0.0,5.63,0.0,3.58,5.65
393287.0,12.1,4.4,24.22,0.0,2.45,1.07,4.2,0.0
466719.0,9.2,3.1,22.709999999999997,3.78,1.81,1.18,1.37,2.27
550571.0,9.0,2.5,24.709999999999997,5.25,0.89,1.33,2.15,3.59
668043.0,10.0,4.8,26.42,0.0,2.82,3.26,2.62,2.92
621609.0,11.2,2.9,26.909999999999997,0.87,4.18,4.88,0.49,2.39
551241.0,12.0,2.2,23.52,0.93,4.06,3.19,0.68,0.46
609612.0,8.2,2.9,24.48,4.49,2.18,2.4,0.12,4.19
551795.0,8.6,2.0,26.58,5.34,2.39,3.89,0.0,4.36
684703.0,8.9,4.4,26.759999999999998,4.81,2.08,4.0,0.0,2.57
490496.0,12.3,3.1,34.31,7.16,3.02,4.26,1.23,3.24
552359.0,11.6,2.2,28.75,2.84,2.89,3.56,1.71,3.95
596516.0,12.1,4.2,26.09,2.23,0.09,3.54,0.0,3.93
680587.0,11.1,3.4,28.73,4.89,3.2,0.53,4.54,1.07
552495.0,10.9,2.7,22.689999999999998,2.58,2.56,3.24,0.71,0.0
577646.0,12.0,4.2,31.599999999999998,5.42,0.0,5.05,2.2,2.73
528605.0,12.3,2.8,32.35,6.18,3.06,2.33,0.29,5.39
552577.0,13.3,2.8,26.720000000000006,3.94,2.35,0.41,0.0,3.92
536170.0,12.3,4.4,27.57,3.56,4.32,2.52,0.0,0.47
517025.0,11.3,3.2,27.36,2.49,2.38,2.29,2.94,2.76
554302.0,10.9,2.0,29.5,3.8,4.98,4.53,1.87,1.42
527819.0,11.6,4.1,24.389999999999997,2.08,1.38,0.41,2.26,2.56
485209.0,12.4,3.1,31.0,6.67,0.0,1.18,4.77,2.88
1589221.0,7.2,2.8,34.73,6.47,6.79,2.72,6.95,1.8
554708.0,10.8,1.2,21.64,0.0,2.57,2.88,0.28,3.91
572313.0,9.2,4.0,22.93,0.0,2.32,0.0,2.62,4.79
500600.0,14.4,3.3,31.089999999999996,4.18,2.42,3.33,0.73,2.73
554757.0,12.7,2.2,29.25,0.93,3.25,1.28,4.65,4.24
457375.0,13.7,3.8,31.859999999999996,8.65,0.33,3.72,1.15,0.51
544408.0,11.4,2.9,24.800000000000004,5.06,1.62,1.35,0.6,1.87
554955.0,11.9,2.5,28.540000000000003,3.13,3.99,0.0,3.32,3.7
569520.0,11.3,3.8,21.740000000000002,2.94,0.0,0.98,0.97,1.75
518325.0,8.7,2.4,23.269999999999996,2.28,3.31,2.5,1.99,2.09
555301.0,6.0,1.3,16.28,0.52,1.14,4.83,0.0,2.49
442400.0,12.4,5.2,27.28,6.54,1.05,1.93,0.0,0.16
508990.0,10.3,3.0,31.750000000000004,2.19,3.43,5.18,2.35,5.3
555999.0,7.4,1.8,17.080000000000002,3.49,0.27,1.15,0.0,2.97
402724.0,11.8,4.0,30.959999999999997,3.18,4.81,0.0,3.26,3.91
456783.0,11.8,3.3,23.93,0.0,1.49,2.57,1.36,3.41
557034.0,11.5,1.8,27.75,5.86,1.89,2.75,0.0,3.95
509518.0,11.8,4.2,28.23,2.49,3.08,3.13,2.01,1.52
483095.0,12.2,3.4,28.39,0.0,3.31,5.05,1.25,3.18
557107.0,11.8,2.5,31.260000000000005,5.4,1.76,2.98,3.62,3.2
535505.0,11.0,3.7,35.309999999999995,6.64,3.84,3.73,5.0,1.4
442152.0,12.8,3.3,33.54,2.63,4.61,4.75,4.33,1.12
557192.0,11.4,2.5,21.800000000000004,3.61,0.21,1.05,0.0,3.03
485876.0,11.8,3.9,27.540000000000003,0.19,4.39,3.19,1.07,3.0
615996.0,10.3,3.0,23.1,2.85,2.91,3.26,0.0,0.78
558171.0,10.8,2.1,24.97,1.75,0.36,4.06,3.66,2.24
699525.0,11.0,3.6,27.69,6.19,0.0,3.98,0.39,2.53
521713.0,11.2,3.1,26.959999999999997,3.8,1.17,1.35,4.56,1.78
558478.0,9.5,1.9,27.47,4.41,2.48,4.0,1.96,3.22
578451.0,9.0,3.9,27.84,5.81,3.07,1.31,0.55,4.2
1065937.0,6.7,2.8,17.46,3.34,0.15,0.84,0.48,3.15
558822.0,9.2,2.9,24.529999999999998,5.01,0.33,3.08,2.67,1.34
945466.0,8.5,4.2,33.14,7.57,1.97,4.32,3.45,3.13
448255.0,13.5,3.1,29.84,5.27,0.43,2.65,1.28,3.61
560421.0,11.6,2.2,23.54,1.22,4.16,2.05,2.31,0.0
553577.0,12.1,3.7,32.220000000000006,0.64,5.65,3.96,5.35,0.82
545080.0,10.6,3.5,29.359999999999996,1.91,3.83,4.1,4.95,0.47
560720.0,10.5,2.1,20.740000000000002,2.75,0.01,0.0,0.76,4.62
538424.0,10.3,4.2,27.36,1.79,2.12,3.52,2.76,2.67
502972.0,10.3,3.1,18.69,0.0,1.31,0.0,3.28,0.7
562065.0,11.1,2.5,25.97,1.45,0.0,3.23,4.52,3.17
551889.0,10.6,4.5,23.439999999999998,4.87,0.0,1.52,0.39,1.56
491841.0,11.7,3.0,38.629999999999995,5.02,4.34,5.1,5.43,4.04
530465.0,10.6,3.2,33.050000000000004,6.8,6.42,4.08,1.95,0.0
563695.0,9.0,2.0,27.689999999999998,10.0,3.61,0.0,0.0,3.08
632644.0,9.8,4.3,28.98,5.11,0.0,2.99,4.08,2.7
508713.0,10.9,3.1,26.549999999999997,2.75,0.97,3.45,1.68,3.7
563819.0,10.1,2.2,22.310000000000002,3.65,0.0,2.37,2.57,1.42
635543.0,9.5,4.1,25.59,0.33,5.47,3.48,2.28,0.43
466902.0,10.2,3.2,25.54,5.34,2.62,0.35,2.27,1.56
564872.0,9.8,2.1,21.669999999999998,0.0,1.33,1.26,3.59,3.59
468240.0,11.5,3.2,19.200000000000003,2.83,1.67,0.0,0.0,0.0
564967.0,10.0,1.9,28.430000000000003,7.72,0.0,2.6,5.25,0.96
626494.0,10.3,4.0,24.390000000000004,4.34,2.74,1.01,0.19,1.81
447822.0,10.6,3.4,22.78,0.0,2.95,1.25,0.0,4.58
565126.0,9.5,2.1,22.82,5.13,0.15,1.21,2.15,2.58
535434.0,10.2,5.0,32.37,4.96,0.45,3.8,4.97,2.99
492225.0,11.1,3.0,29.87,2.75,3.94,2.13,3.15,3.8
565185.0,11.2,2.4,29.48,5.82,0.91,4.75,1.09,3.31
514059.0,11.9,4.0,31.300000000000004,4.27,0.01,2.51,3.22,5.39
405145.0,13.8,3.5,31.62,5.17,4.62,1.75,0.0,2.78
565357.0,12.8,2.7,27.43,2.14,3.79,0.91,1.34,3.75
315524.0,13.5,4.6,34.769999999999996,4.27,4.65,5.09,0.0,2.66
669559.0,6.3,1.5,16.8,0.14,0.48,2.93,2.65,2.8
565690.0,4.3,0.8,13.450000000000001,1.22,0.24,4.74,0.0,2.15
434167.0,10.4,3.3,29.439999999999998,5.47,1.31,0.3,3.99,4.67
503066.0,10.9,3.0,34.43,9.57,2.97,3.07,4.02,0.9
566013.0,9.0,2.0,26.38,4.85,0.07,3.11,3.4,3.95
539932.0,10.1,4.3,23.229999999999997,2.11,2.54,1.99,0.26,1.93
504455.0,12.5,2.8,32.489999999999995,1.11,3.11,4.13,4.93,3.91
566943.0,10.4,2.2,33.489999999999995,4.51,2.72,4.7,4.38,4.58
471291.0,12.5,4.3,33.37,5.43,3.61,3.95,1.01,2.57
1674267.0,6.0,2.0,22.919999999999998,2.46,2.91,4.35,2.88,2.32
567375.0,12.1,2.8,27.56,3.86,2.68,3.07,1.86,1.19
512759.0,11.9,4.4,36.51,5.18,5.33,4.38,1.0,4.32
510398.0,12.5,3.0,29.2,1.96,3.54,1.93,2.68,3.59
567643.0,10.9,2.6,30.060000000000002,4.73,2.21,2.5,5.23,1.89
435544.0,12.6,4.3,30.66,4.98,0.0,2.91,0.91,4.96
518012.0,11.4,3.2,26.450000000000003,2.11,0.0,5.07,0.0,4.67
567697.0,10.0,2.0,24.76,4.19,1.63,2.84,0.89,3.21
591692.0,9.8,3.7,25.110000000000003,2.62,3.26,2.93,0.0,2.8
405675.0,12.4,3.1,27.299999999999997,4.54,2.57,1.08,3.15,0.46
567713.0,12.1,2.8,29.68,7.59,5.64,1.55,0.0,0.0
527030.0,13.1,3.4,36.769999999999996,3.85,2.15,5.84,5.57,2.86
568036.0,13.0,2.4,41.49,5.48,8.04,5.08,5.25,2.24
476109.0,13.3,3.8,25.9,2.04,2.06,0.0,1.25,3.45
467150.0,10.6,3.0,30.7,5.02,5.22,4.94,1.33,0.59
568430.0,9.6,1.8,26.11,1.71,2.78,3.01,4.62,2.59
564480.0,9.1,4.4,25.81,4.91,1.49,1.19,3.16,1.56
650764.0,9.1,2.5,28.36,7.33,5.36,1.44,0.2,2.43
568811.0,7.3,0.5,20.08,1.98,5.19,1.16,1.18,2.77
497113.0,10.5,3.1,30.33,7.03,4.16,1.98,0.0,3.56
570149.0,11.2,2.2,23.68,0.48,0.0,3.52,2.82,3.46
441606.0,9.9,3.7,28.35,0.94,4.51,4.32,3.15,1.83
645014.0,8.6,3.1,27.47,6.12,4.14,2.84,0.0,2.67
572099.0,9.1,2.3,25.869999999999997,4.54,4.46,1.47,0.0,4.0
560287.0,10.0,4.0,24.64,0.32,2.23,3.77,3.72,0.6
508078.0,13.1,3.1,31.46,4.74,4.28,3.37,2.28,0.59
573170.0,13.3,2.3,24.560000000000002,0.0,3.14,2.19,2.75,0.88
405225.0,12.6,4.0,33.56,4.81,3.49,3.8,2.82,2.04
1346864.0,8.0,2.3,21.180000000000003,0.8,1.77,5.58,0.0,2.73
573391.0,11.9,2.3,27.89,3.48,0.0,3.92,4.39,1.9
419970.0,12.6,4.0,27.11,4.54,0.0,2.28,3.13,0.56
1174501.0,10.9,3.0,29.66,2.81,4.41,5.2,1.64,1.7
573442.0,12.4,2.0,20.14,0.64,1.13,0.56,0.0,3.41
558958.0,11.6,4.1,31.61,5.21,3.49,2.91,2.36,1.94
503520.0,11.9,3.1,27.82,5.82,3.07,1.61,0.0,2.32
574306.0,10.5,2.1,25.24,4.19,2.63,0.12,2.59,3.11
528728.0,11.2,4.0,25.36,6.24,0.57,2.02,1.33,0.0
525617.0,12.5,3.1,24.029999999999998,1.06,1.4,2.04,0.48,3.45
575106.0,11.4,2.1,29.120000000000005,7.16,0.12,4.28,2.12,1.94
488500.0,11.6,4.2,25.52,4.56,0.0,0.84,2.76,1.56
882114.0,7.7,2.9,23.04,3.78,0.63,3.29,2.56,2.18
575144.0,9.6,2.2,25.72,1.05,2.33,4.76,2.06,3.72
713030.0,10.2,4.8,27.540000000000003,4.92,2.88,2.69,0.05,2.0
496937.0,10.8,3.5,27.21,3.58,5.13,0.0,2.7,1.5
575355.0,10.7,2.5,23.15,3.75,1.24,2.09,1.09,1.78
533959.0,12.3,4.3,32.97,7.26,1.26,3.49,0.0,4.36
640567.0,8.8,3.2,28.28,6.22,0.0,2.6,3.11,4.35
575414.0,11.0,1.9,27.070000000000004,3.36,7.69,0.85,0.0,2.27
666735.0,9.0,2.1,23.44,1.56,0.0,2.85,5.59,2.34
576044.0,7.3,1.7,23.43,5.06,4.87,0.47,2.89,1.14
729256.0,6.6,2.3,16.5,5.75,1.51,0.0,0.34,0.0
576320.0,8.1,1.1,17.009999999999998,0.51,1.46,0.0,2.5,3.34
520230.0,11.8,4.2,23.38,1.47,1.22,3.46,0.0,1.23
421662.0,10.1,3.3,24.6,0.0,2.36,6.87,0.67,1.3
576476.0,9.9,2.8,30.589999999999996,9.53,3.97,0.0,3.66,0.73
535276.0,10.3,4.9,31.64,3.96,3.68,3.15,3.33,2.32
905716.0,11.3,2.6,39.14,8.74,7.83,1.64,3.62,3.41
577397.0,10.7,2.2,24.93,4.5,1.96,0.0,2.37,3.2
573691.0,13.0,3.9,29.71,6.38,0.76,2.5,3.17,0.0
515064.0,11.0,3.1,26.950000000000003,2.3,1.42,2.8,4.53,1.8
577734.0,10.5,2.2,19.63,1.23,0.0,1.87,0.43,3.4
590544.0,11.5,4.2,36.940000000000005,5.61,5.87,4.25,3.77,1.74
439788.0,11.3,3.1,29.73,3.53,2.84,4.27,3.73,0.96
578671.0,11.0,2.3,18.47,0.0,2.84,0.0,0.0,2.33
469835.0,12.5,3.3,22.36,3.17,0.0,3.16,0.0,0.23
579059.0,11.8,2.0,24.64,2.27,1.44,1.77,1.55,3.81
564279.0,11.6,4.1,25.959999999999997,4.11,2.73,0.0,0.52,2.9
444219.0,12.8,3.8,24.2,4.08,0.03,0.22,0.33,2.94
579262.0,11.3,2.3,30.799999999999997,4.0,2.9,4.06,3.24,3.0
624572.0,11.0,4.3,27.43,2.34,2.5,4.27,1.0,2.02
493625.0,13.5,3.1,27.59,2.38,0.0,3.86,2.56,2.19
580029.0,11.0,2.3,22.29,2.68,1.2,0.61,2.36,2.14
563283.0,11.4,4.3,32.93000000000001,2.08,4.69,5.12,2.1,3.24
480754.0,10.7,3.2,32.23,5.8,4.21,5.38,1.55,1.39
580442.0,10.4,1.8,29.95,6.09,1.74,3.8,5.07,1.05
646815.0,10.0,3.9,23.400000000000002,0.34,0.99,5.39,1.25,1.53
535714.0,12.0,3.4,32.129999999999995,6.39,3.16,3.46,1.9,1.82
580832.0,13.2,2.2,31.009999999999998,4.4,1.91,1.5,3.3,4.5
556799.0,12.5,3.9,29.49,4.03,2.56,1.41,1.98,3.11
557251.0,9.8,3.2,30.880000000000003,6.3,5.34,3.74,0.0,2.5
1025952.0,8.8,1.0,15.73,0.0,1.2,2.32,0.11,2.3
581807.0,10.3,0.0,22.77,2.72,0.85,3.31,0.97,4.62
630838.0,5.5,4.8,21.05,2.35,0.53,0.33,2.61,4.93
497159.0,9.1,2.9,32.94,1.81,6.62,6.67,3.9,1.94
581985.0,8.8,2.1,27.55,5.05,3.68,3.8,1.39,2.73
586020.0,10.2,4.6,29.649999999999995,2.88,1.56,2.49,4.7,3.22
500504.0,10.3,3.1,27.529999999999998,7.32,0.99,1.45,0.96,3.41
582334.0,11.5,1.8,32.720000000000006,8.06,4.6,2.3,1.85,2.61
518121.0,12.1,4.0,27.700000000000003,5.24,0.0,1.84,2.71,1.81
527433.0,11.9,3.1,33.15,3.97,2.5,5.6,3.4,2.68
582484.0,10.3,2.4,19.58,1.19,0.14,2.04,2.06,1.45
551975.0,11.1,3.7,30.050000000000004,1.46,5.26,3.49,1.72,3.32
445332.0,11.7,3.1,25.519999999999996,2.5,2.91,1.6,2.04,1.67
582742.0,11.4,2.3,28.03,1.86,2.72,4.5,2.01,3.24
517145.0,11.8,4.6,34.94,6.38,0.0,3.56,2.6,6.0
503762.0,12.1,3.4,29.720000000000002,3.54,0.85,6.6,0.11,3.12
583797.0,10.7,2.0,30.680000000000003,5.27,3.35,3.53,3.48,2.35
571785.0,12.0,4.0,30.29,5.83,4.44,3.04,0.0,0.98
477057.0,11.5,3.0,29.440000000000005,2.68,4.1,1.94,3.1,3.12
584072.0,11.6,2.5,25.470000000000002,3.46,2.87,0.0,2.99,2.05
574120.0,11.3,3.4,29.65,6.16,3.6,1.61,0.0,3.58
584661.0,11.8,2.1,29.36,1.01,3.65,2.08,4.95,3.77
457290.0,11.8,4.2,30.56,4.2,4.03,3.47,0.0,2.86
493612.0,10.8,3.2,29.080000000000002,7.61,3.12,3.08,0.0,1.27
584902.0,9.7,2.1,20.36,2.5,1.51,0.0,1.91,2.64
511218.0,12.0,3.9,30.170000000000005,4.66,2.73,3.71,0.12,3.05
1275019.0,8.4,2.8,28.470000000000002,6.87,2.44,2.97,4.15,0.84
585053.0,10.8,2.2,25.25,2.0,0.97,2.2,4.04,3.04
592144.0,10.1,3.9,31.69,3.85,2.92,3.83,3.52,3.57
654194.0,8.5,5.0,29.43,5.23,4.07,3.44,1.04,2.15
585079.0,13.3,3.5,25.150000000000002,0.0,0.0,3.35,2.54,2.46
418889.0,13.6,3.4,30.419999999999998,6.13,2.1,1.32,1.49,2.38
586739.0,11.3,2.3,32.089999999999996,4.75,3.18,2.65,2.72,5.19
456933.0,12.8,3.9,28.48,1.11,3.22,0.0,3.6,3.85
472117.0,12.4,3.4,30.020000000000003,8.19,2.82,0.77,0.21,2.23
587454.0,10.6,2.0,21.169999999999998,1.02,5.15,0.0,0.0,2.4
592601.0,10.0,3.9,29.39,1.61,3.91,1.88,3.77,4.32
518211.0,9.6,3.0,24.410000000000004,1.16,1.3,5.13,2.46,1.76
588033.0,9.3,2.1,26.099999999999998,4.46,3.64,1.97,1.18,3.45
672692.0,9.5,4.4,31.25,2.17,3.1,4.34,4.42,3.32
633637.0,9.3,2.5,18.48,3.27,0.0,0.33,0.0,3.08
588182.0,10.7,1.6,21.41,1.26,3.58,3.23,0.0,1.04
497962.0,11.5,3.3,32.89,7.64,2.58,3.13,1.83,2.91
589501.0,10.4,2.0,24.0,1.59,0.65,6.23,2.75,0.38
605346.0,10.2,4.2,30.13,4.43,5.52,1.98,0.91,2.89
568271.0,11.3,3.1,30.919999999999998,2.7,2.72,2.79,3.86,4.45
589671.0,11.0,2.1,26.13,5.08,5.81,0.23,1.51,0.4
571107.0,11.4,4.1,34.49,4.01,1.92,2.9,6.37,3.79
588814.0,11.5,3.2,27.73,4.65,3.63,4.36,0.0,0.39
589946.0,12.8,2.5,26.46,0.0,1.0,6.24,1.71,2.21
364107.0,13.6,4.3,32.379999999999995,6.61,4.11,0.0,3.76,0.0
534499.0,10.0,2.7,26.04,1.94,0.0,4.94,3.18,3.28
591164.0,8.5,1.6,22.99,4.43,3.33,1.3,2.43,1.4
574732.0,10.2,4.0,26.0,0.81,2.06,4.2,3.12,1.61
494469.0,12.4,3.3,26.529999999999998,3.93,3.0,1.84,2.06,0.0
591292.0,11.2,2.0,23.42,6.32,0.69,0.79,0.0,2.42
595838.0,10.6,4.4,23.84,0.0,1.84,0.91,2.12,3.97
803053.0,10.2,3.6,24.589999999999996,1.96,2.46,2.32,3.26,0.79
591648.0,13.3,2.5,32.07,2.57,5.81,3.48,2.64,1.77
792452.0,11.6,3.5,28.239999999999995,1.3,1.33,4.77,2.79,2.95
443716.0,10.6,3.1,23.979999999999997,4.13,0.14,4.65,0.0,1.36
592260.0,9.2,2.4,26.96,8.6,0.0,5.39,0.0,1.37
618158.0,9.8,4.3,35.98,8.77,8.04,4.13,0.0,0.94
758853.0,6.2,2.0,15.979999999999999,1.89,1.36,0.0,1.86,2.67
592913.0,8.0,1.4,23.3,3.76,2.86,2.37,1.57,3.34
423990.0,9.9,3.9,24.26,0.05,1.69,4.69,3.33,0.7
550768.0,11.7,3.4,30.090000000000003,3.63,1.71,2.55,5.35,1.75
592935.0,10.2,2.1,22.769999999999996,2.71,4.15,1.39,1.06,1.16
553895.0,11.5,3.9,25.099999999999998,0.0,4.25,1.48,3.0,0.97
488255.0,11.8,3.4,35.760000000000005,5.32,8.01,4.46,0.0,2.77
593457.0,10.4,2.3,19.73,3.04,1.38,0.0,2.24,0.37
564244.0,10.4,4.3,25.209999999999997,0.29,2.36,4.92,2.94,0.0
505783.0,12.0,3.1,22.09,2.04,1.37,1.27,0.0,2.31
593687.0,11.2,2.4,33.86,7.95,2.86,4.07,2.23,3.15
559380.0,11.2,3.7,19.7,1.69,0.0,1.17,0.28,1.66
1388839.0,4.9,2.0,22.220000000000002,4.9,2.73,4.43,3.25,0.01
595853.0,10.0,1.9,21.74,2.67,2.27,3.45,0.0,1.45
596102.0,9.8,5.1,25.21,0.36,5.03,0.0,4.03,0.89
774273.0,9.3,3.1,28.91,5.71,3.87,4.02,0.47,2.44
596108.0,12.0,1.8,26.31,4.16,3.82,3.13,0.0,1.4
777847.0,10.7,3.8,22.43,0.0,1.67,2.45,0.77,3.04
557753.0,12.6,3.3,21.04,1.19,0.0,1.29,1.19,1.47
596809.0,12.6,2.5,32.550000000000004,2.54,5.46,3.09,2.73,3.63
443617.0,13.5,3.6,22.630000000000003,0.0,2.49,2.07,0.0,0.97
589330.0,11.0,2.9,23.599999999999998,0.3,1.57,1.64,2.49,3.7
597014.0,10.7,2.8,27.62,0.12,2.02,3.06,4.73,4.19
488033.0,13.6,3.9,31.94,5.85,1.19,3.45,2.05,1.9
577944.0,9.9,3.4,27.380000000000003,5.41,2.49,2.75,1.44,1.99
598766.0,11.1,2.1,32.12,4.83,4.11,4.33,1.56,4.09
622390.0,11.8,3.3,30.380000000000003,4.11,0.0,3.23,3.87,4.07
516777.0,10.9,3.3,26.810000000000002,3.73,2.73,3.05,1.51,1.59
375214.0,14.9,3.2,27.28,0.97,0.0,5.13,0.51,2.57
599802.0,13.9,2.2,29.850000000000005,4.6,0.0,4.23,4.23,0.69
258461.0,15.0,4.2,28.43,0.0,2.14,0.52,2.97,3.6
594154.0,10.4,3.2,24.41,1.0,0.0,1.38,3.79,4.64
600206.0,13.8,1.9,30.930000000000003,3.98,3.03,1.87,4.32,2.03
973163.0,10.0,3.8,37.99,4.63,6.71,3.42,6.08,3.35
515058.0,11.5,3.4,31.02,4.96,4.02,1.78,0.11,5.25
600273.0,12.3,1.5,32.61,7.68,7.51,2.86,0.0,0.76
1184043.0,9.1,3.5,28.519999999999996,7.87,2.21,0.22,2.86,2.76
563291.0,10.6,3.2,21.91,5.99,1.78,0.0,0.0,0.34
600283.0,10.8,2.4,24.820000000000004,7.29,2.24,1.1,0.9,0.09
550014.0,12.1,3.8,26.589999999999996,6.47,0.87,0.91,0.99,1.45
544925.0,10.6,3.1,21.07,0.0,0.85,1.45,4.07,1.0
600492.0,11.5,2.2,34.089999999999996,6.34,4.03,2.88,4.1,3.04
601089.0,10.7,4.0,27.639999999999997,2.4,2.15,2.5,3.94,1.95
721720.0,9.5,3.2,42.56,7.32,6.25,5.71,4.97,5.61
600842.0,11.1,1.7,25.659999999999997,1.91,4.72,2.27,1.88,2.08
597010.0,10.2,4.3,27.39,2.75,3.66,2.51,3.97,0.0
555051.0,10.7,3.1,26.9,4.78,4.52,0.0,0.0,3.8
601720.0,11.0,2.6,37.67,4.78,6.34,5.16,4.12,3.67
541862.0,10.5,4.2,23.22,0.0,5.24,2.27,0.41,0.6
1514564.0,6.6,2.7,20.67,2.62,0.0,1.55,4.54,2.66
601928.0,9.4,3.2,27.64,4.21,3.93,3.06,3.03,0.81
771232.0,8.1,3.7,18.95,4.6,1.46,0.0,0.34,0.75
427942.0,8.8,2.7,26.07,2.79,1.41,3.71,5.13,1.53
602935.0,9.0,2.0,29.0,5.58,1.69,4.37,2.87,3.49
730265.0,7.4,3.5,24.78,4.69,5.71,1.38,2.1,0.0
596437.0,9.0,2.9,27.5,2.11,5.38,3.34,1.79,2.98
603024.0,9.2,2.0,26.499999999999996,2.97,2.78,0.86,4.56,4.13
536926.0,10.4,4.5,26.01,2.88,0.0,3.75,1.75,2.73
607030.0,9.1,2.6,30.84,10.0,4.76,0.0,1.7,2.68
603317.0,8.9,2.1,27.37,6.91,1.6,3.02,3.6,1.24
665376.0,8.7,3.6,25.78,3.74,2.99,3.58,0.5,2.67
528335.0,10.9,3.0,20.35,0.0,0.0,0.0,2.86,3.59
603418.0,9.5,2.4,26.43,4.37,2.38,4.1,1.33,2.35
535037.0,11.6,4.2,30.25,3.17,0.0,5.35,2.59,3.34
612098.0,10.6,3.1,27.86,6.3,0.11,1.35,5.27,1.13
603788.0,9.1,1.9,32.239999999999995,4.81,3.52,2.38,5.43,5.1
597250.0,9.5,4.0,23.830000000000002,6.89,0.85,2.59,0.0,0.0
476806.0,10.2,3.2,25.479999999999997,3.51,3.03,2.37,0.0,3.17
603899.0,9.1,2.4,21.18,3.56,0.56,1.25,0.0,4.31
642807.0,9.5,4.5,35.449999999999996,6.13,2.11,4.1,4.64,4.47
605824.0,8.3,3.0,19.58,6.37,0.58,0.0,0.5,0.83
604209.0,7.0,2.1,21.009999999999998,1.39,4.74,2.79,0.07,2.92
708203.0,8.0,3.8,19.39,0.5,1.26,2.15,0.0,3.68
552640.0,11.3,3.1,35.64,5.1,3.3,3.14,5.57,4.13
605321.0,11.4,2.2,22.92,4.48,0.71,0.0,2.73,1.4
581901.0,11.5,4.1,31.28,5.03,6.58,0.1,3.14,0.83
695071.0,9.7,3.1,21.86,0.0,3.61,1.61,0.4,3.44
605844.0,9.7,1.7,25.34,5.85,4.5,1.36,1.69,0.54
563801.0,12.9,3.3,28.26,0.0,5.69,2.55,1.5,2.32
606045.0,13.4,2.4,21.48,0.49,1.23,0.76,0.57,2.63
405655.0,14.1,4.4,34.239999999999995,3.83,5.56,3.03,0.0,3.32
635880.0,11.2,3.2,33.18,6.24,1.61,3.23,2.34,5.36
606855.0,11.2,2.3,21.94,0.57,2.53,3.04,0.28,2.02
440645.0,14.1,3.7,32.29,4.06,1.7,3.1,3.35,2.28
554406.0,11.5,3.2,23.609999999999996,0.03,0.0,2.03,2.88,3.97
608093.0,11.2,2.2,33.120000000000005,2.94,2.3,3.88,5.62,4.98
563971.0,11.6,3.7,31.860000000000003,3.14,5.28,1.02,4.77,2.35
532762.0,10.8,3.2,34.11,5.82,2.9,4.24,4.35,2.8
602326.0,10.3,3.2,29.900000000000002,2.44,3.43,4.81,4.24,1.48
650621.0,9.8,3.2,23.68,0.49,1.38,0.0,6.06,2.75
608750.0,10.0,2.1,27.93,1.15,3.25,3.78,4.33,3.32
671058.0,9.9,3.9,24.049999999999997,2.42,0.0,1.33,2.21,4.29
560474.0,9.4,2.8,24.709999999999997,3.98,3.2,4.09,0.54,0.7
609251.0,10.3,1.7,28.58,2.99,1.93,4.47,4.88,2.31
605872.0,10.8,4.0,27.06,3.54,3.24,0.69,0.0,4.79
682432.0,7.2,3.6,18.4,2.62,1.59,1.47,0.0,1.92
609282.0,11.8,3.3,24.18,0.21,3.58,1.66,0.0,3.63
647645.0,8.5,5.2,28.99,2.0,5.32,2.61,3.43,1.93
585143.0,11.1,3.1,26.53,3.4,2.84,2.6,0.0,3.49
611913.0,10.2,2.2,32.709999999999994,9.25,6.77,3.24,0.72,0.33
594447.0,9.8,4.4,24.09,4.6,0.98,0.59,3.38,0.34
484468.0,10.1,2.0,23.59,2.25,2.27,1.95,2.98,2.04
612099.0,8.5,0.1,13.829999999999998,0.7,1.45,2.61,0.0,0.47
631677.0,10.0,3.3,24.69,0.0,0.56,2.41,3.63,4.79
484017.0,11.4,2.8,27.489999999999995,5.45,0.2,5.67,0.0,1.97
612884.0,10.1,2.3,25.43,2.8,2.66,3.39,2.43,1.75
619425.0,10.4,3.8,23.18,0.0,3.42,3.21,1.42,0.93
545799.0,11.5,3.4,31.27,5.0,4.45,3.87,0.91,2.14
613555.0,9.8,1.7,32.06,5.9,8.85,5.3,0.51,0.0
644275.0,9.5,4.5,31.040000000000003,4.22,3.37,4.83,3.34,1.28
479124.0,11.4,3.1,26.520000000000003,2.36,1.62,4.19,1.51,2.34
613855.0,9.5,1.8,29.510000000000005,7.4,2.96,1.51,5.82,0.52
607936.0,9.9,4.0,28.78,5.04,3.07,2.7,2.93,1.14
743945.0,6.8,2.6,24.830000000000002,4.01,4.8,3.18,2.43,1.01
614322.0,10.3,1.6,26.130000000000003,7.95,3.71,0.0,0.0,2.57
504188.0,11.2,3.5,18.64,0.0,2.12,1.09,0.0,0.73
514180.0,12.3,3.0,30.380000000000003,0.0,5.12,2.59,3.7,3.67
614658.0,11.2,1.4,24.589999999999996,4.78,3.34,3.04,0.0,0.83
499252.0,11.5,3.1,29.269999999999996,2.99,5.31,0.48,4.72,1.17
614809.0,10.1,1.9,29.97,2.22,1.21,7.29,5.37,1.88
645655.0,10.0,3.8,26.019999999999996,1.19,3.66,3.31,1.86,2.2
489736.0,12.2,3.0,31.49,2.4,2.08,5.5,2.56,3.75
615113.0,9.9,1.7,27.44,4.04,2.09,3.16,1.32,5.23
423812.0,11.2,3.7,26.619999999999997,0.0,3.4,4.07,0.0,4.25
356617.0,12.6,3.2,27.790000000000003,4.01,3.87,2.32,0.0,1.79
615636.0,10.8,2.1,26.980000000000004,5.54,2.08,1.07,2.39,3.0
649609.0,11.4,4.2,27.65,4.13,2.4,1.05,4.02,0.45
559482.0,7.6,2.8,28.199999999999996,4.63,3.25,3.13,4.16,2.63
615795.0,6.3,1.7,21.380000000000003,2.68,4.25,2.44,1.37,2.64
570922.0,7.6,4.2,20.770000000000003,2.22,1.55,2.86,0.0,2.34
528514.0,10.3,3.1,33.0,8.96,0.0,2.84,6.58,1.22
616733.0,9.9,2.0,23.38,4.25,0.02,3.91,2.39,0.91
613881.0,10.9,4.1,29.169999999999998,4.96,0.0,4.63,2.47,2.11
542669.0,10.4,3.1,32.77,6.42,3.29,4.46,1.15,3.95
617066.0,8.5,2.1,29.969999999999995,3.85,5.68,0.68,5.1,4.06
630404.0,9.7,3.8,22.549999999999997,1.83,3.21,4.01,0.0,0.0
447795.0,12.7,3.4,29.26,1.36,4.01,1.01,4.12,2.66
575014.0,10.1,2.8,30.709999999999997,8.21,0.0,3.06,5.39,1.15
619322.0,10.3,1.8,22.660000000000004,1.58,4.23,1.6,0.36,2.79
645894.0,10.3,4.1,27.89,4.41,2.4,3.34,2.66,0.68
476937.0,10.6,3.5,32.6,6.26,2.78,4.45,1.16,3.85
619805.0,9.7,2.2,21.84,0.0,1.12,1.91,3.19,3.72
567711.0,9.1,4.5,15.64,0.0,0.66,0.05,0.0,1.33
498987.0,10.2,3.2,22.55,3.42,0.23,1.67,0.44,3.39
620028.0,10.2,1.6,29.569999999999997,5.87,2.43,4.74,0.67,4.06
673014.0,8.6,4.2,30.61,2.49,2.6,5.06,4.69,2.97
549140.0,10.8,3.2,35.87,8.64,3.34,3.51,3.65,2.73
620153.0,10.5,2.2,22.249999999999996,3.43,1.24,1.45,0.06,3.37
640485.0,9.6,4.0,29.549999999999997,6.84,2.1,2.96,2.33,1.72
529600.0,11.7,3.0,31.41,4.77,1.15,3.28,4.6,2.91
620419.0,11.8,2.2,24.41,3.63,0.48,1.29,1.64,3.37
609467.0,11.8,3.9,31.740000000000002,2.13,0.0,3.61,4.73,5.57
1114386.0,9.0,2.8,27.950000000000003,8.22,0.51,5.04,0.0,2.38
620824.0,12.6,1.8,27.48,1.78,2.72,4.12,2.73,1.73
437125.0,12.3,3.9,26.409999999999997,0.81,1.75,3.33,2.27,2.05
534429.0,11.6,3.1,29.85,1.87,3.0,3.02,3.23,4.03
622619.0,10.9,2.3,27.899999999999995,3.99,2.06,4.02,1.77,2.86
542125.0,11.3,4.8,25.009999999999998,0.91,0.47,3.45,0.0,4.08
551289.0,11.7,3.3,32.050000000000004,1.34,5.53,3.64,6.28,0.26
622670.0,11.2,1.9,23.92,3.25,0.0,4.48,0.19,2.9
550829.0,12.1,4.0,24.810000000000002,1.82,4.73,0.89,1.05,0.22
488722.0,11.8,3.0,31.950000000000003,5.39,6.94,2.74,0.0,2.08
624556.0,9.7,2.1,27.799999999999997,7.31,3.27,0.97,1.47,2.98
699077.0,8.9,3.6,20.94,0.86,2.54,3.03,1.66,0.35
598776.0,11.5,3.1,31.580000000000002,5.88,0.73,4.62,2.07,3.68
624675.0,11.6,2.2,20.680000000000003,0.48,0.64,1.94,1.35,2.47
604117.0,10.7,3.9,28.759999999999998,3.72,1.84,2.59,1.91,4.1
550069.0,12.1,3.4,27.16,2.75,3.51,3.74,0.54,1.12
625669.0,10.1,2.1,30.630000000000003,4.76,5.18,2.49,0.0,6.0
615479.0,10.9,4.0,32.96,7.24,1.21,2.35,4.11,3.15
556013.0,11.2,2.8,29.020000000000003,1.69,5.22,5.57,0.44,2.1
625698.0,10.7,2.2,28.299999999999997,4.77,4.1,3.21,0.0,3.32
639668.0,11.0,4.1,36.13,5.17,6.19,2.42,3.46,3.79
614460.0,9.7,3.1,29.93,5.94,2.12,2.55,1.43,5.09
625855.0,9.0,2.0,22.88,0.07,1.02,5.6,0.0,5.19
638851.0,10.1,4.1,27.759999999999998,2.41,3.7,4.64,1.47,1.34
595872.0,9.7,3.0,30.18,6.23,2.8,2.87,1.25,4.33
626453.0,8.6,1.6,25.729999999999997,4.13,3.18,5.1,1.31,1.81
653120.0,8.4,4.2,22.89,1.41,4.12,0.61,0.0,4.15
551639.0,11.7,3.1,24.9,4.28,2.1,2.9,0.82,0.0
626587.0,10.1,1.7,20.849999999999998,2.55,3.71,0.0,1.74,1.05
600069.0,8.5,3.4,26.34,4.89,3.89,3.09,0.09,2.48
607256.0,8.6,2.4,26.78,7.29,3.72,3.57,0.67,0.53
627615.0,9.7,1.7,25.58,2.71,1.34,3.59,2.73,3.81
672464.0,5.7,3.3,15.92,0.7,0.21,3.04,0.0,2.97
627645.0,8.9,1.8,22.34,2.66,3.36,2.45,0.52,2.65
365803.0,10.0,4.8,27.6,4.73,1.25,4.35,1.86,0.61
760143.0,7.2,2.5,24.939999999999998,5.06,0.0,4.16,4.14,1.88
627661.0,8.8,2.2,24.01,7.2,3.37,2.23,0.0,0.21
674575.0,7.2,3.8,27.5,4.26,2.79,3.54,0.91,5.0
513315.0,10.6,3.0,26.25,3.07,0.0,3.07,5.39,1.12
629250.0,8.3,1.4,19.8,5.11,1.79,3.2,0.0,0.0
558500.0,8.9,4.0,24.54,3.8,0.89,3.22,0.0,3.73
587436.0,11.5,3.4,22.69,0.0,3.11,0.0,1.54,3.14
629457.0,10.9,2.5,24.529999999999998,0.9,1.53,1.76,2.31,4.63
543514.0,11.8,4.9,24.960000000000004,1.37,2.31,2.24,0.0,2.34
566478.0,9.1,3.2,22.17,2.06,2.15,3.14,1.12,1.4
629838.0,9.2,1.9,26.03,2.34,2.92,3.41,1.52,4.74
603973.0,10.7,4.0,19.66,0.94,0.5,0.16,0.0,3.36
791487.0,10.3,2.7,21.13,0.0,2.06,3.71,0.98,1.38
630550.0,10.4,2.6,30.14,6.38,0.0,3.01,1.89,5.86
610519.0,10.3,4.4,30.61,4.85,4.36,2.36,0.0,4.34
568776.0,12.3,3.1,32.05,6.07,2.26,0.0,4.8,3.52
630919.0,11.3,2.1,25.750000000000004,4.22,1.73,0.64,3.3,2.46
534358.0,12.1,3.7,36.730000000000004,7.0,2.15,3.28,3.39,5.11
535146.0,10.4,2.8,19.11,1.55,2.94,0.88,0.0,0.54
631143.0,10.0,1.8,23.950000000000003,2.46,2.68,3.24,0.42,3.35
654836.0,10.2,4.0,23.109999999999996,1.19,2.53,3.56,0.43,1.2
582044.0,9.5,3.0,27.68,5.29,0.0,4.3,4.41,1.18
631542.0,9.9,2.2,27.98,3.57,4.59,2.54,4.74,0.44
689169.0,10.1,4.0,25.58,5.55,0.0,3.62,2.07,0.24
555874.0,11.9,3.1,23.93,0.43,0.0,4.04,1.26,3.2
632311.0,9.9,2.0,23.71,2.82,2.27,2.32,3.2,1.2
607779.0,11.1,3.7,31.76,1.02,1.98,6.02,5.94,2.0
554206.0,11.0,3.2,33.19,7.84,3.11,3.75,0.0,4.29
633122.0,8.9,2.5,24.900000000000002,6.54,0.0,0.96,0.0,6.0
581876.0,10.1,4.1,33.28,5.68,1.3,3.11,6.53,2.46
596950.0,9.9,3.4,21.77,0.0,2.46,1.29,0.0,4.72
633380.0,10.1,2.2,27.5,7.31,3.03,0.0,1.9,2.96
569631.0,12.8,3.5,25.43,0.96,4.17,2.66,0.0,1.34
633446.0,15.2,3.1,26.800000000000004,1.63,0.19,0.6,3.05,3.03
784569.0,9.3,3.2,22.0,0.5,2.7,1.79,2.5,2.01
838922.0,8.0,2.9,21.16,1.07,3.21,3.9,1.03,1.05
633858.0,10.3,1.6,29.700000000000003,5.06,4.28,1.22,7.24,0.0
664164.0,8.7,4.1,25.35,2.63,2.81,1.94,2.37,2.8
546465.0,9.8,2.9,22.37,1.95,2.01,1.61,1.26,2.84
634000.0,9.8,1.6,25.410000000000004,5.91,2.43,2.23,0.0,3.44
630911.0,10.1,3.6,24.55,1.6,2.35,2.78,2.27,1.85
587781.0,12.1,3.0,25.23,3.2,0.0,4.37,2.34,0.22
634331.0,11.6,2.5,29.259999999999998,3.55,1.98,4.27,0.66,4.7
551816.0,12.5,3.8,30.860000000000003,1.08,4.69,3.81,2.37,2.61
555544.0,11.3,3.0,24.27,2.98,0.69,6.24,0.0,0.06
635230.0,10.8,2.3,27.200000000000003,1.6,1.02,3.68,3.58,4.22
640308.0,10.0,4.2,23.479999999999997,3.31,2.26,1.8,0.0,1.91
560188.0,12.2,3.1,27.789999999999996,7.64,0.0,3.23,0.81,0.81
635269.0,10.8,2.3,27.17,1.7,4.02,4.53,1.59,2.23
495001.0,12.3,4.0,26.28,0.0,6.0,1.48,0.0,2.5
564409.0,11.7,3.2,33.35,2.36,1.98,3.95,5.37,4.79
635523.0,11.0,2.3,28.01,6.76,1.97,2.98,1.02,1.98
636999.0,10.8,3.9,24.73,0.43,3.67,0.0,3.15,2.78
628969.0,9.0,3.2,27.039999999999996,2.52,2.33,3.45,1.61,4.93
635785.0,10.3,1.9,30.190000000000005,5.93,3.14,2.96,0.0,5.96
641795.0,9.8,3.6,26.95,5.97,1.82,3.0,1.22,1.54
948318.0,6.3,2.2,25.14,8.24,1.4,3.8,3.2,0.0
636189.0,9.1,1.8,28.220000000000002,3.69,5.83,1.59,3.02,3.19
600425.0,9.9,4.5,33.09,5.97,4.71,5.06,2.95,0.0
597240.0,10.2,2.9,30.99,5.89,2.91,5.88,0.86,2.35
636757.0,9.4,2.0,30.669999999999998,6.8,3.73,5.2,0.0,3.54
606542.0,11.0,3.9,25.450000000000003,0.98,3.34,4.42,0.19,1.62
528334.0,10.7,3.0,31.18,6.67,4.62,2.62,2.07,1.5
638760.0,11.0,2.0,25.929999999999996,3.45,4.92,3.34,0.0,1.22
493383.0,9.8,4.2,24.66,2.0,0.0,0.0,5.48,3.18
486558.0,9.8,3.0,22.17,0.0,3.11,1.36,2.23,2.67
639026.0,9.1,1.9,25.770000000000003,3.37,4.28,1.7,2.94,2.48
664955.0,9.2,4.0,43.19,7.0,5.49,6.65,5.27,5.58
481646.0,8.8,3.1,30.310000000000002,4.81,4.09,4.27,2.62,2.62
639478.0,8.2,1.9,19.3,2.71,2.11,2.87,0.0,1.51
742081.0,8.3,4.4,21.990000000000002,1.5,0.0,2.23,1.76,3.8
491382.0,11.8,3.1,30.59,2.62,3.4,6.15,0.73,2.79
639712.0,11.3,1.9,25.38,3.9,3.43,0.74,3.23,0.88
661209.0,10.1,3.9,22.009999999999998,2.25,0.0,2.59,2.97,0.2
573234.0,12.2,3.0,35.12,4.24,2.68,5.73,4.98,2.29
640337.0,10.7,1.9,24.95,3.09,1.8,2.18,3.48,1.8
557077.0,11.9,4.1,29.570000000000004,1.78,0.0,5.21,2.21,4.37
560542.0,10.0,3.1,30.07,8.17,4.55,2.84,0.42,0.99
641685.0,9.9,2.1,26.060000000000002,3.63,5.21,3.14,0.28,1.8
657011.0,10.0,4.0,27.88,5.77,4.49,1.16,0.0,2.46
517735.0,10.9,3.2,27.430000000000003,4.67,0.09,2.52,3.95,2.1
641832.0,11.0,2.1,28.01,2.19,3.03,1.46,4.95,3.28
715978.0,8.8,4.2,29.100000000000005,8.24,0.94,4.03,2.0,0.89
639582.0,9.1,2.8,25.689999999999998,3.44,0.0,0.4,4.37,5.58
642222.0,9.5,1.3,23.95,7.13,1.07,4.36,0.59,0.0
625868.0,8.3,4.3,22.82,4.95,1.87,0.0,0.0,3.4
527846.0,11.0,3.2,25.490000000000002,0.36,0.23,6.37,1.41,2.92
642346.0,10.3,2.0,18.04,2.95,0.0,2.79,0.0,0.0
671408.0,9.5,4.2,22.389999999999997,3.12,2.56,1.24,0.75,1.02
1277139.0,9.1,2.7,24.26,0.08,1.59,3.88,4.72,2.19
643547.0,11.8,2.2,26.67,0.01,2.01,3.32,2.68,4.65
576011.0,11.1,4.3,20.430000000000003,0.0,1.68,0.26,1.83,1.26
566322.0,11.8,3.2,26.630000000000003,4.71,2.56,2.85,0.0,1.51
643969.0,11.2,2.2,24.409999999999997,2.2,0.0,5.25,3.56,0.0
616038.0,10.8,4.1,35.11,7.82,4.11,0.29,4.1,3.89
569054.0,11.0,3.1,29.029999999999998,1.53,4.06,2.45,4.87,2.02
644491.0,10.6,1.8,28.150000000000002,4.09,2.04,2.83,3.67,3.12
671876.0,10.5,4.0,32.260000000000005,5.85,1.72,2.48,5.03,2.68
544083.0,12.0,3.3,25.540000000000003,3.33,0.11,1.97,1.46,3.37
645321.0,11.2,2.0,22.45,1.56,0.0,4.73,1.81,1.15
750493.0,8.3,3.2,28.650000000000002,5.05,5.81,4.85,0.0,1.44
646485.0,8.9,2.2,32.48,5.97,6.33,1.95,3.76,3.37
588616.0,11.7,4.3,22.7,2.39,0.93,0.0,1.06,2.32
801406.0,8.4,2.7,24.840000000000003,6.28,3.09,1.32,1.01,2.04
646771.0,9.7,1.6,23.57,3.1,1.4,1.95,2.54,3.28
857045.0,10.1,3.7,21.909999999999997,4.6,0.45,1.88,1.18,0.0
569951.0,10.5,3.0,24.240000000000002,0.0,2.18,1.78,2.79,3.99
647256.0,9.2,2.3,27.599999999999998,5.97,3.07,4.81,0.0,2.25
665176.0,10.1,4.2,33.13,1.1,2.86,8.35,5.74,0.78
558056.0,10.0,3.1,23.389999999999993,4.52,1.49,0.56,2.7,1.02
647874.0,9.5,1.6,20.85,0.5,4.65,2.02,0.0,2.58
650730.0,9.6,4.5,21.38,4.86,0.0,0.77,0.0,1.65
602706.0,9.0,2.9,28.470000000000002,6.0,2.89,0.26,3.89,3.53
647926.0,9.5,2.0,25.799999999999997,3.94,1.89,2.96,2.86,2.65
372850.0,10.5,4.2,36.879999999999995,4.94,9.29,3.08,3.71,1.16
512374.0,10.7,3.2,25.029999999999994,3.87,0.83,1.84,2.76,1.83
648421.0,9.6,1.9,21.259999999999998,0.84,2.64,0.87,2.46,2.95
689278.0,9.3,4.0,27.7,3.93,5.11,0.0,2.5,2.86
734098.0,8.3,2.6,22.45,4.41,0.94,2.2,0.0,4.0
648843.0,9.2,2.6,18.689999999999998,0.0,2.96,1.44,0.0,2.49
548001.0,14.9,3.5,36.94,7.95,4.82,3.57,2.2,0.0
623438.0,10.0,3.0,28.800000000000004,1.37,1.87,3.1,4.52,4.94
650962.0,10.4,1.7,19.47,0.0,1.34,0.0,1.35,4.68
579044.0,11.9,3.9,31.290000000000003,2.18,2.26,3.57,4.69,2.79
535003.0,11.5,3.2,29.14,1.84,3.49,3.2,2.46,3.45
652014.0,9.5,2.1,22.89,0.35,4.91,2.27,1.94,1.82
603100.0,10.5,3.6,25.81,3.42,0.29,2.26,3.33,2.41
691904.0,9.9,2.9,24.05,4.72,0.0,1.96,1.55,3.02
652078.0,9.6,2.1,23.26,2.73,2.22,3.71,1.44,1.46
536930.0,11.3,4.8,28.19,5.38,1.86,2.26,2.59,0.0
772403.0,7.0,3.1,20.64,1.83,2.16,0.26,2.35,3.94
652607.0,8.9,2.3,26.749999999999996,4.56,3.01,2.82,2.59,2.57
618960.0,9.6,3.8,25.369999999999997,1.96,1.48,1.91,3.04,3.58
1544105.0,4.1,2.5,21.619999999999997,0.0,2.38,5.97,4.75,1.92
652764.0,9.7,1.4,26.54,4.98,3.24,4.31,0.37,2.54
807868.0,7.3,3.8,25.799999999999997,3.69,2.83,0.92,2.5,4.76
790317.0,8.2,3.1,25.42,0.06,3.71,4.09,2.02,4.24
654620.0,9.7,2.1,31.52,3.65,3.55,4.84,3.75,3.93
525535.0,11.4,4.4,39.5,5.75,4.42,6.7,3.44,3.39
449187.0,12.3,3.3,24.19,0.93,1.56,2.37,0.0,3.73
655130.0,9.8,2.2,20.85,2.63,1.75,1.73,0.0,2.74
728921.0,9.9,3.7,21.26,0.66,3.4,1.02,0.89,1.69
590706.0,11.7,2.8,20.630000000000003,1.96,0.1,0.0,1.2,2.87
655335.0,11.0,2.2,21.52,0.0,1.08,0.74,3.37,3.13
538638.0,11.7,3.8,35.529999999999994,10.0,3.27,2.31,0.65,3.8
606634.0,10.8,3.0,27.92,4.22,2.94,1.79,1.19,3.98
656283.0,10.5,1.7,19.639999999999997,1.63,0.54,1.96,0.0,3.31
656497.0,11.2,4.3,34.45,5.55,7.01,3.69,0.0,2.7
583167.0,13.2,3.3,30.009999999999998,3.39,3.64,1.02,2.2,3.26
656332.0,11.6,2.3,23.74,3.71,2.65,2.5,0.34,0.64
513446.0,12.8,4.1,32.62,5.54,4.99,4.06,0.0,1.13
519974.0,10.9,3.1,25.87,1.85,3.35,1.12,1.5,4.05
656658.0,9.8,1.7,20.61,0.0,0.0,1.29,1.82,6.0
665392.0,9.9,3.9,26.33,3.78,0.0,3.86,0.49,4.4
576539.0,10.3,3.0,22.990000000000006,2.58,1.5,2.62,2.53,0.46
657579.0,9.6,1.8,25.19,4.41,1.17,3.43,4.61,0.17
679010.0,9.7,4.1,29.779999999999998,3.3,2.71,4.74,3.1,2.13
1382446.0,5.2,3.5,22.13,3.08,0.25,2.26,2.31,5.53
659310.0,6.5,2.8,17.79,2.84,0.4,1.53,1.05,2.67
654291.0,9.3,3.1,25.759999999999998,4.0,2.1,3.05,1.42,2.79
659336.0,8.3,2.6,29.37,2.07,2.87,6.38,4.78,2.37
655211.0,9.5,4.8,26.83,8.7,0.46,1.83,1.54,0.0
661167.0,9.6,3.1,29.730000000000004,5.41,2.24,0.8,6.53,2.05
659882.0,10.4,2.3,27.48,2.1,6.4,2.26,0.15,3.87
658899.0,11.4,3.9,25.779999999999998,3.19,2.76,1.52,1.38,1.63
631021.0,9.7,2.8,20.87,2.71,0.56,0.76,2.48,1.86
660341.0,10.3,2.1,22.639999999999997,6.44,0.83,2.97,0.0,0.0
521948.0,11.1,4.0,35.9,4.67,2.43,6.25,4.16,3.29
888577.0,7.0,2.6,35.64,7.67,3.32,6.2,3.2,5.65
661979.0,10.1,1.9,29.67,4.79,3.78,5.24,3.16,0.7
675010.0,8.8,3.6,30.810000000000002,5.11,1.6,1.09,7.75,2.86
555302.0,11.0,2.9,30.340000000000003,6.07,2.94,4.41,1.85,1.17
662092.0,10.6,1.9,19.599999999999998,1.95,0.59,2.48,1.77,0.31
557814.0,11.2,3.8,32.26,3.63,4.16,2.83,4.76,1.88
533844.0,10.9,3.0,19.33,1.25,0.0,0.41,1.46,2.31
665300.0,8.6,1.5,18.9,3.25,1.1,2.75,0.0,1.7
672900.0,9.5,3.8,21.369999999999997,1.47,1.66,1.72,0.0,3.22
793444.0,9.4,3.0,34.29,5.06,6.09,3.3,1.99,5.45
665864.0,10.0,2.2,22.44,0.72,2.13,4.19,1.2,2.0
773184.0,11.5,3.7,33.59,4.83,4.21,0.82,4.2,4.33
961150.0,7.1,2.9,23.33,5.3,2.57,3.13,0.83,1.5
666004.0,9.0,2.0,23.46,2.54,1.65,0.37,4.8,3.1
765338.0,9.3,4.7,28.490000000000002,3.96,0.53,5.68,2.53,1.79
547695.0,12.2,3.4,35.97,4.57,3.35,5.98,1.81,4.66
666122.0,9.7,2.2,29.279999999999998,6.45,0.14,5.45,2.54,2.8
571784.0,11.6,3.7,23.630000000000003,3.21,2.25,0.96,0.0,1.91
587837.0,11.0,3.2,16.599999999999998,0.0,1.4,0.36,0.0,0.64
594143.0,9.8,3.0,29.57,4.14,2.97,3.28,2.8,3.58
639001.0,9.5,3.1,32.339999999999996,3.07,3.14,5.97,3.7,3.86
666731.0,9.3,2.4,24.880000000000006,3.52,4.23,2.74,0.57,2.12
584050.0,11.0,4.7,28.439999999999998,5.41,5.02,0.48,1.61,0.22
618926.0,10.0,3.3,24.050000000000004,4.9,0.67,1.16,0.0,4.02
668063.0,9.9,2.1,24.88,2.12,4.85,1.89,2.3,1.72
653014.0,9.8,3.9,27.050000000000004,5.11,2.95,0.1,0.94,4.25
1318118.0,5.3,2.4,17.53,0.0,3.4,3.41,0.51,2.51
669157.0,9.6,2.0,24.7,5.99,2.9,3.85,0.36,0.0
652599.0,8.1,4.0,25.65,0.36,1.68,4.92,2.97,3.62
1185402.0,7.3,3.1,24.660000000000004,5.14,1.5,2.78,0.42,4.42
669257.0,9.7,1.9,21.089999999999996,2.37,2.65,1.34,2.09,1.04
570753.0,10.2,4.1,25.049999999999997,4.21,3.48,1.7,0.0,1.36
734169.0,8.9,2.8,24.5,4.69,1.16,3.49,0.0,3.46
670855.0,8.6,1.9,17.0,0.82,2.27,2.12,0.21,1.08
760691.0,8.6,4.2,16.470000000000002,0.0,2.82,0.0,0.0,0.85
581213.0,9.1,2.7,33.190000000000005,7.97,3.91,2.85,4.71,1.95
671240.0,9.7,2.3,20.200000000000003,0.05,0.0,0.72,5.07,2.36
671295.0,9.9,4.3,20.62,0.0,4.8,0.0,0.0,1.62
817846.0,7.2,2.5,19.21,3.49,0.0,0.91,1.56,3.55
671697.0,8.4,1.7,24.680000000000003,6.22,1.55,2.6,0.96,3.25
696486.0,8.0,3.8,33.23,2.25,5.15,8.44,2.56,3.03
601393.0,10.1,3.2,25.23,5.41,1.75,3.43,0.0,1.34
672955.0,10.1,1.8,29.130000000000003,5.38,3.54,2.64,3.73,1.94
688920.0,9.5,3.9,29.34,4.79,3.61,4.7,0.0,2.84
587801.0,12.2,3.0,30.369999999999997,2.13,4.57,2.56,3.78,2.13
674697.0,11.5,1.8,22.74,0.52,2.77,0.15,0.0,6.0
640510.0,12.0,4.0,31.669999999999998,3.55,0.0,4.29,2.24,5.59
678654.0,9.2,3.1,28.42,4.65,2.71,0.0,3.33,5.43
675440.0,9.5,2.4,26.3,5.6,3.02,0.8,0.0,4.98
789301.0,8.3,3.7,31.62,6.87,2.93,4.01,3.26,2.55
496667.0,9.9,2.9,20.420000000000005,1.71,2.33,1.51,0.0,2.07
982629.0,5.0,2.3,21.269999999999996,3.83,0.68,3.91,5.47,0.08
677398.0,5.6,1.0,16.22,2.06,0.11,0.0,3.85,3.6
689187.0,4.4,2.9,17.35,0.61,2.51,0.0,6.93,0.0
818882.0,7.8,2.6,24.35,3.52,3.01,5.94,0.0,1.48
677682.0,9.1,2.7,23.47,1.92,0.0,4.25,2.56,2.94
684411.0,10.2,3.8,28.82,2.6,1.27,3.56,2.81,4.58
733195.0,9.7,3.1,20.779999999999998,0.12,0.0,4.49,0.0,3.37
677825.0,10.5,1.9,22.310000000000002,1.66,3.38,0.0,0.0,4.87
677254.0,9.9,4.0,30.19,6.42,1.78,2.62,3.43,2.04
623203.0,9.8,2.9,18.98,1.6,1.44,0.78,0.5,1.96
678835.0,9.1,2.0,26.819999999999997,6.66,1.09,4.67,0.0,3.3
677620.0,10.5,4.0,25.470000000000002,2.95,1.0,2.35,1.89,2.78
613809.0,9.4,2.8,26.23,2.37,1.66,5.32,1.59,3.09
679235.0,10.6,1.6,27.31,3.84,7.83,0.88,0.1,2.46
421691.0,10.1,4.1,33.07,5.92,3.73,3.28,4.3,1.64
884879.0,7.0,2.6,23.02,6.76,3.32,1.28,0.0,2.06
679356.0,7.5,1.2,24.959999999999997,4.76,0.0,5.48,2.86,3.16
606307.0,5.5,4.5,24.31,1.33,4.52,2.67,2.73,3.06
781213.0,7.3,2.9,24.79,3.77,2.04,0.67,2.45,5.66
679556.0,8.3,1.8,25.9,4.05,2.13,1.88,4.79,2.95
716253.0,8.8,4.6,20.76,0.16,0.0,0.32,4.03,2.85
626085.0,9.1,3.2,25.509999999999998,5.85,0.0,2.6,1.93,2.83
680141.0,8.5,1.7,21.36,2.53,3.52,1.19,1.0,2.92
699357.0,9.8,5.0,35.87,7.19,2.2,2.42,6.08,3.18
659712.0,9.7,2.8,23.560000000000002,2.65,3.74,0.0,3.05,1.62
680495.0,9.7,1.8,26.82,5.4,1.94,0.96,4.73,2.29
731240.0,10.1,3.8,31.15,6.54,3.87,4.3,0.0,2.54
562572.0,9.6,3.1,27.88,4.91,1.62,0.1,4.6,3.95
681355.0,10.0,1.9,23.380000000000003,0.32,3.1,1.62,2.98,3.46
718098.0,9.2,4.1,30.599999999999994,1.61,3.3,1.97,5.36,5.06
950672.0,8.2,2.8,27.2,5.93,1.78,2.97,2.71,2.81
681914.0,11.3,1.8,32.24,4.69,5.63,4.17,2.38,2.27
571135.0,11.8,4.2,31.69,2.57,3.94,4.58,0.88,3.72
523483.0,10.1,2.8,26.03,4.74,2.19,0.0,3.63,2.57
682513.0,10.4,1.5,24.470000000000002,2.63,4.21,1.41,3.59,0.73
406347.0,10.6,4.2,23.099999999999998,3.15,2.42,1.69,0.77,0.27
576209.0,10.7,3.0,34.690000000000005,4.33,1.12,6.78,3.18,5.58
682609.0,9.7,1.8,21.759999999999998,0.0,3.16,2.14,0.11,4.85
690389.0,10.2,3.7,23.900000000000002,2.57,2.19,0.18,2.53,2.53
445193.0,11.1,2.6,35.63,5.22,6.2,1.42,4.6,4.49
682778.0,9.5,2.0,26.409999999999997,3.03,0.56,3.17,5.5,2.65
426496.0,9.3,4.6,20.790000000000003,3.13,0.0,2.16,1.6,0.0
1452242.0,5.8,2.5,18.300000000000004,0.0,2.08,4.95,1.3,1.67
683096.0,9.2,2.0,19.45,3.72,0.0,2.14,2.39,0.0
686251.0,9.4,4.2,34.07,7.38,6.56,1.75,0.72,4.06
488341.0,14.0,3.2,31.129999999999995,5.35,0.59,1.49,2.99,3.51
683274.0,10.5,1.7,24.64,8.9,0.0,0.0,2.32,1.22
566845.0,11.2,3.7,26.77,2.14,2.79,2.43,2.39,2.12
613174.0,10.0,3.1,24.16,1.07,5.61,1.22,2.04,1.12
684244.0,9.5,1.8,15.92,0.0,0.0,2.66,1.77,0.19
677772.0,10.0,4.2,22.78,0.38,2.1,3.37,0.0,2.73
625994.0,6.7,2.7,20.21,0.0,2.68,0.24,4.62,3.27
684560.0,9.3,1.4,25.8,5.26,3.29,1.25,0.0,5.3
490371.0,10.1,3.8,25.22,0.0,3.26,3.55,0.93,3.58
766133.0,8.6,2.8,28.379999999999995,2.29,4.08,3.58,2.61,4.42
684615.0,8.3,2.5,27.68,2.23,0.0,3.56,5.09,6.0
567982.0,10.5,3.1,24.68,4.8,2.48,1.96,0.02,1.82
685055.0,9.7,1.9,26.249999999999996,6.64,0.3,3.75,3.13,0.83
719062.0,9.6,4.0,22.560000000000002,1.16,5.47,1.46,0.0,0.87
601011.0,10.7,2.5,29.88,5.54,1.62,1.5,4.07,3.95
685115.0,8.9,1.7,23.37,5.32,2.29,2.29,1.52,1.35
643454.0,4.8,3.3,21.88,2.3,3.5,2.32,1.41,4.25
454329.0,14.0,2.5,26.14,1.76,2.13,3.6,0.0,2.15
685418.0,12.5,1.9,20.43,2.59,0.99,1.42,0.0,1.03
257284.0,15.4,4.5,33.96,2.65,4.18,0.62,3.35,3.26
653967.0,9.7,3.3,20.27,4.74,0.0,0.0,0.79,1.74
685597.0,10.0,2.3,24.46,5.87,3.29,2.07,0.03,0.9
638178.0,10.3,4.4,31.01,0.0,4.9,2.95,4.43,4.03
642029.0,10.2,2.9,24.729999999999997,3.19,2.36,1.08,0.0,5.0
685614.0,10.9,2.2,24.860000000000007,0.0,2.26,3.16,4.1,2.24
607758.0,9.5,3.0,27.09,4.66,2.28,1.2,2.8,3.65
1100689.0,8.2,1.0,27.990000000000002,10.0,1.01,1.42,2.71,3.65
687080.0,10.0,0.8,27.830000000000002,4.54,5.5,4.07,1.41,1.51
545992.0,8.3,3.0,35.58,5.81,3.9,5.64,6.38,2.55
714582.0,7.1,3.0,19.45,2.77,0.0,4.11,0.09,2.38
687120.0,8.5,1.5,28.169999999999998,5.56,2.38,0.05,8.2,1.98
505401.0,9.1,4.1,29.929999999999996,6.99,4.54,1.8,3.4,0.0
785936.0,9.4,2.4,25.43,5.85,2.36,2.1,0.56,2.76
687150.0,11.4,1.8,30.320000000000004,3.15,3.1,1.23,3.64,6.0
608729.0,12.9,4.0,24.99,3.69,0.61,1.54,1.66,0.59
698676.0,11.0,3.0,28.479999999999997,4.09,2.99,0.31,4.94,2.15
687581.0,9.2,2.0,26.869999999999997,5.1,3.3,4.48,0.99,1.8
695407.0,11.2,4.5,32.9,4.21,4.19,1.57,4.0,3.23
589730.0,10.5,2.9,21.59,1.88,2.55,0.65,2.3,0.81
688748.0,10.2,2.1,22.83,0.0,4.56,2.47,0.0,3.5
684895.0,9.9,4.2,27.060000000000002,0.39,3.29,0.0,5.18,4.1
655607.0,8.7,3.2,29.659999999999997,1.31,5.6,3.97,2.31,4.57
689177.0,8.3,2.1,19.830000000000002,2.33,2.23,2.58,0.44,1.85
733687.0,10.7,4.4,32.589999999999996,3.03,4.73,4.71,2.06,2.96
780310.0,8.5,3.2,33.64,8.09,5.16,1.97,3.84,2.88
689853.0,8.5,2.4,20.119999999999997,1.28,4.01,2.34,0.0,1.59
637616.0,10.3,4.4,30.580000000000002,5.84,3.75,2.6,2.12,1.57
655250.0,10.3,3.2,23.54,2.15,0.0,4.71,0.76,2.42
690386.0,10.3,1.9,17.68,4.19,0.0,0.0,0.0,1.29
685443.0,10.8,4.3,28.86,4.15,2.99,2.86,1.22,2.54
634074.0,9.7,3.1,17.24,0.94,0.95,2.13,0.0,0.42
690508.0,9.8,2.0,28.37,6.21,4.55,1.13,0.0,4.68
698154.0,10.0,4.2,28.900000000000002,2.76,1.89,3.98,2.62,3.45
553034.0,11.1,3.1,24.62,3.06,1.03,3.69,0.82,1.82
690649.0,9.6,1.6,20.97,2.33,0.59,3.89,0.28,2.68
724368.0,9.9,3.9,29.48,2.14,3.46,2.15,4.55,3.38
617677.0,10.2,3.0,27.869999999999997,1.03,2.72,3.86,1.95,5.11
690816.0,10.0,2.6,28.47,6.41,4.55,0.62,1.89,2.4
723414.0,9.4,4.2,27.930000000000003,4.02,0.78,6.26,2.11,1.16
614745.0,10.1,3.2,24.52,7.24,2.18,0.16,1.13,0.51
691043.0,10.5,2.6,24.250000000000004,5.0,1.53,2.69,0.0,1.93
586819.0,8.6,4.2,18.75,0.0,2.79,1.52,0.72,0.92
1507606.0,4.4,2.6,22.599999999999998,4.82,0.0,5.83,3.33,1.62
691083.0,9.2,1.9,28.500000000000004,4.47,1.73,3.1,2.1,6.0
520547.0,12.1,4.2,26.19,1.83,6.41,0.93,0.0,0.72
726016.0,7.4,1.9,16.75,4.79,0.0,0.28,0.0,2.38
692540.0,9.4,1.2,24.67,10.0,2.66,1.02,0.0,0.39
629983.0,8.8,4.0,33.8,3.52,4.11,4.88,5.79,2.7
590216.0,9.6,3.0,32.82,6.54,2.88,6.23,2.19,2.38
693189.0,9.7,2.0,18.08,0.31,0.83,2.9,0.0,2.34
694369.0,9.6,4.0,35.33,4.76,6.15,5.46,1.83,3.53
604794.0,10.4,2.9,25.62,4.02,0.38,2.46,1.64,3.82
693538.0,8.7,2.1,29.559999999999995,8.75,3.86,2.79,0.0,3.36
637030.0,9.8,4.0,26.200000000000003,2.8,0.0,5.35,0.96,3.29
534856.0,11.4,3.1,24.53,1.09,1.52,4.24,2.45,0.73
693613.0,9.9,1.9,20.919999999999998,0.16,3.74,1.91,0.0,3.31
703470.0,10.3,3.8,27.080000000000005,3.75,1.75,4.67,0.03,2.78
587329.0,10.5,3.2,28.950000000000003,0.54,6.07,4.58,1.17,2.89
693757.0,9.3,1.9,14.43,0.0,0.12,0.0,0.49,2.62
700953.0,9.5,3.7,29.25,8.12,0.64,2.25,0.86,4.18
696601.0,10.7,3.5,29.98,4.48,0.0,0.0,5.3,6.0
693849.0,10.2,2.3,32.59,4.95,0.01,4.84,5.88,4.41
644386.0,11.3,3.5,26.82,1.21,0.0,5.31,2.41,3.09
890133.0,6.8,2.8,24.049999999999997,3.47,0.44,2.97,3.56,4.01
693878.0,7.6,1.6,27.189999999999998,3.66,2.98,6.57,3.88,0.9
765091.0,8.6,4.3,30.18,4.78,3.05,4.61,3.6,1.24
612203.0,10.4,3.0,31.29,3.85,4.56,2.61,0.87,6.0
694388.0,9.5,1.7,25.279999999999998,3.67,3.38,4.15,2.8,0.08
646123.0,10.5,4.1,21.88,2.97,1.74,0.23,0.0,2.34
639423.0,10.1,3.0,21.04,0.0,0.78,1.75,3.45,1.96
694894.0,10.4,2.2,32.14,4.7,6.18,2.69,3.86,2.11
575913.0,11.7,4.0,31.23,3.5,1.97,3.37,4.67,2.02
1013167.0,7.8,2.7,24.16,3.16,0.37,3.35,3.85,2.93
695073.0,8.8,2.1,23.95,3.26,5.13,0.38,2.1,2.18
513861.0,9.6,4.4,28.519999999999996,4.83,1.21,1.97,3.76,2.75
918606.0,5.4,2.0,17.78,2.31,0.0,3.22,1.57,3.28
695267.0,6.0,1.3,19.36,3.56,4.82,0.4,0.0,3.28
571453.0,7.9,4.0,27.230000000000004,4.01,2.8,2.8,1.51,4.21
616626.0,8.9,2.9,23.92,1.55,2.84,1.76,2.77,3.2
695985.0,9.2,1.6,20.64,3.28,0.0,0.0,3.37,3.19
666366.0,9.1,4.2,27.54,2.92,2.98,3.9,1.23,3.21
565954.0,6.9,2.5,20.67,1.33,0.98,5.01,0.96,2.99
697662.0,8.4,0.9,29.26,6.87,4.11,3.56,3.69,1.73
348082.0,12.6,4.9,27.97,4.34,2.11,2.02,1.04,0.96
592303.0,11.3,3.0,26.47,1.91,4.75,1.86,1.77,1.88
698094.0,10.5,1.8,24.92,0.32,1.01,4.2,3.63,3.46
768949.0,9.4,3.8,25.57,2.08,1.45,0.0,3.73,5.11
723674.0,6.3,2.4,22.500000000000004,1.37,3.43,2.99,2.66,3.35
698215.0,7.2,0.8,10.92,0.52,2.4,0.0,0.0,0.0
564954.0,11.1,3.0,28.200000000000003,2.17,3.57,3.76,3.8,0.8
698232.0,9.6,1.8,25.85,0.0,5.45,4.61,2.3,2.09
759716.0,10.5,3.9,30.31,7.7,0.0,2.06,1.31,4.84
641412.0,10.0,3.4,24.689999999999998,3.53,0.0,4.54,0.0,3.22
698903.0,8.9,2.4,25.77,4.44,2.77,2.88,0.97,3.41
714459.0,11.0,3.9,22.439999999999998,0.83,0.0,4.42,0.0,2.29
345339.0,13.3,3.1,26.25,0.43,2.43,2.73,2.63,1.63
699304.0,8.1,1.4,26.51,4.68,2.09,2.46,4.33,3.45
972681.0,7.2,3.9,15.37,1.61,1.23,0.93,0.07,0.43
580310.0,11.6,2.7,32.57,5.07,5.19,3.38,3.54,1.09
700122.0,9.7,1.8,23.89,0.0,3.37,1.78,4.41,2.83
652016.0,10.4,3.8,35.5,8.38,5.55,1.92,0.0,5.45
596464.0,11.5,3.4,23.92,2.54,0.62,3.65,1.05,1.16
700754.0,11.0,2.0,28.910000000000004,2.3,3.8,0.0,7.07,2.74
539051.0,12.6,3.6,33.15,2.45,4.23,4.16,3.28,2.83
983655.0,6.3,2.2,13.350000000000001,0.0,2.0,0.56,0.57,1.72
700862.0,6.1,1.3,15.75,0.0,4.14,1.82,1.25,1.14
1209759.0,4.2,2.7,14.22,1.55,1.81,1.6,0.0,2.36
1385797.0,3.6,1.7,20.979999999999997,5.81,3.36,2.75,0.0,3.76
701073.0,6.6,1.1,15.739999999999998,0.58,2.15,1.65,1.7,1.96
699111.0,9.3,2.9,27.140000000000004,1.92,1.67,5.34,2.78,3.23
701782.0,9.9,2.1,25.58,0.95,1.68,2.25,4.93,3.77
705632.0,10.5,3.5,23.56,3.31,0.0,0.0,3.03,3.22
563050.0,8.2,3.0,21.540000000000003,4.83,2.75,1.17,0.97,0.62
702034.0,7.8,1.8,30.2,6.3,1.87,7.27,2.87,2.29
829209.0,7.8,4.3,23.229999999999997,4.21,3.42,0.0,0.89,2.61
635314.0,8.8,3.2,19.310000000000002,4.34,2.26,0.0,0.37,0.34
702181.0,8.7,2.0,25.37,3.5,1.1,4.65,1.48,3.94
703514.0,9.2,4.1,26.28,3.51,3.42,1.76,1.03,3.26
656870.0,10.1,3.2,33.21,5.2,2.78,2.26,5.31,4.36
702259.0,11.3,2.3,25.65,1.1,5.69,1.9,0.58,2.78
476317.0,12.9,4.2,32.300000000000004,5.28,0.76,1.61,4.83,2.72
470332.0,12.4,3.4,28.44,0.0,6.51,0.52,3.14,2.47
702683.0,11.2,2.3,30.05,4.55,3.02,0.66,2.61,5.71
315789.0,12.8,4.1,31.07,3.57,3.74,2.82,0.7,3.34
650696.0,10.1,2.6,26.08,3.08,3.6,2.95,1.79,1.96
703946.0,11.5,1.6,29.25,0.0,3.08,6.3,4.24,2.53
667395.0,10.9,3.9,26.62,2.7,1.49,1.69,2.89,3.05
531158.0,10.7,3.2,21.72,0.0,1.14,4.01,0.0,2.67
704126.0,8.0,1.9,25.14,2.85,1.72,5.29,5.18,0.2
685588.0,10.2,4.7,33.6,6.46,3.25,3.75,2.75,2.49
655849.0,8.6,2.6,28.889999999999997,5.0,4.41,4.33,1.48,2.47
704422.0,9.1,1.9,26.429999999999996,1.81,4.64,3.75,3.92,1.31
688578.0,9.6,4.3,21.009999999999994,1.08,0.96,2.01,1.52,1.54
620647.0,9.1,2.9,26.610000000000003,3.23,2.69,1.44,3.03,4.22
704729.0,9.7,1.9,24.14,2.71,3.88,1.62,0.0,4.33
728788.0,9.4,4.0,25.009999999999998,2.1,1.0,2.62,2.97,2.92
719615.0,5.9,2.5,18.04,5.21,0.0,0.96,3.47,0.0
704955.0,7.6,1.8,21.620000000000005,4.11,0.63,2.31,4.03,1.14
535543.0,9.3,3.9,30.619999999999997,6.41,3.76,1.61,2.02,3.62
648956.0,9.8,3.2,25.6,2.84,2.0,3.3,3.73,0.73
705021.0,8.3,1.8,26.800000000000004,6.8,3.53,2.1,2.14,2.13
735485.0,8.9,3.7,25.94,2.27,3.85,2.84,0.95,3.43
644245.0,10.2,3.0,29.499999999999996,5.29,0.47,3.66,3.83,3.05
705188.0,9.6,1.6,24.75,2.07,1.02,4.71,2.16,3.59
680693.0,10.2,4.0,29.56,4.63,2.52,3.08,3.79,1.34
641939.0,10.1,3.0,23.340000000000003,4.43,1.78,2.36,1.53,0.14
705202.0,9.1,2.4,27.770000000000003,6.37,3.79,2.66,0.85,2.6
639047.0,11.6,4.5,39.67000000000001,3.49,6.0,5.93,2.52,5.63
735723.0,7.2,2.6,31.799999999999997,5.22,7.04,4.36,3.73,1.65
705616.0,9.7,2.2,21.919999999999998,0.89,0.0,4.65,2.12,2.36
506312.0,10.6,4.3,27.26,5.64,1.44,3.89,0.36,1.03
583953.0,10.3,3.2,23.970000000000002,0.9,2.15,3.16,0.37,3.89
705845.0,9.5,1.6,22.0,7.31,0.12,3.07,0.0,0.4
719159.0,8.9,3.9,21.44,1.84,0.0,3.98,1.69,1.13
589863.0,10.3,2.9,25.08,2.73,1.58,2.5,4.24,0.83
705853.0,9.0,1.9,16.86,0.0,1.03,0.0,2.4,2.53
725171.0,9.7,4.0,26.47,2.39,4.85,3.39,0.96,1.18
1279660.0,7.0,2.5,26.259999999999998,9.62,4.12,0.48,1.16,1.38
706397.0,12.1,2.3,33.88,4.04,3.62,4.39,4.46,2.97
446341.0,13.4,4.0,33.57,6.93,3.05,5.02,0.0,1.17
1019254.0,5.3,2.6,19.849999999999998,2.95,1.91,3.24,1.54,2.31
706568.0,4.1,1.5,19.689999999999998,4.14,2.09,3.5,3.26,1.1
659615.0,4.9,3.3,19.749999999999996,3.63,6.27,0.25,0.0,1.4
829568.0,8.9,2.8,27.859999999999996,4.6,3.38,1.19,5.11,1.88
706729.0,11.0,1.6,28.300000000000004,4.11,4.49,2.91,0.68,3.51
550507.0,11.3,3.6,22.320000000000004,2.18,0.0,1.86,2.53,0.85
1228814.0,8.7,3.1,30.06,8.71,1.99,5.21,0.12,2.23
413221.0,12.6,3.2,31.660000000000004,5.21,2.25,1.87,1.51,5.02
707798.0,10.0,2.0,23.53,1.63,3.29,2.76,1.91,1.94
742299.0,10.4,4.0,26.9,4.3,0.0,0.78,1.72,5.7
758457.0,8.9,2.9,31.760000000000005,5.67,3.17,7.17,0.44,3.51
708818.0,7.4,1.8,22.92,2.5,1.19,3.86,2.94,3.23
542167.0,10.4,3.1,20.110000000000003,2.81,2.83,0.69,0.28,0.0
709273.0,8.7,2.3,29.580000000000002,1.05,5.58,3.68,3.82,4.45
764543.0,9.0,4.2,22.06,3.77,3.0,1.06,0.68,0.35
587620.0,11.0,3.2,32.32,1.84,0.0,6.99,5.3,3.99
709365.0,9.6,1.7,31.609999999999996,8.64,1.9,3.88,1.36,4.53
626858.0,12.3,4.0,31.619999999999997,3.1,4.74,3.83,1.2,2.45
621595.0,9.2,3.4,29.43,4.03,4.86,4.04,1.83,2.07
709375.0,9.2,1.9,25.400000000000002,4.57,1.2,2.81,2.62,3.1
720792.0,9.7,3.8,28.94,5.1,0.17,5.58,3.03,1.56
681423.0,7.2,2.5,22.629999999999995,1.44,5.09,1.83,1.68,2.89
710045.0,10.3,1.6,30.130000000000003,6.92,2.17,2.56,5.51,1.07
875185.0,7.7,5.1,23.55,2.7,2.38,3.07,0.46,2.14
469226.0,12.6,3.3,28.819999999999993,0.0,4.58,3.79,1.4,3.15
710095.0,10.3,2.2,24.830000000000002,4.79,2.37,2.86,2.28,0.03
756235.0,9.6,3.2,29.439999999999998,3.9,3.99,2.05,2.7,4.0
556177.0,9.4,3.1,32.800000000000004,5.09,4.52,7.73,1.85,1.11
710227.0,8.4,1.5,27.09,3.23,1.58,6.31,2.89,3.18
618504.0,11.1,2.8,31.270000000000003,1.98,4.94,2.75,6.17,1.53
710381.0,9.5,1.9,24.370000000000005,3.26,0.0,2.94,3.94,2.83
668771.0,11.1,4.1,27.68,4.85,1.6,2.78,3.25,0.0
697776.0,9.4,2.9,31.560000000000002,7.91,2.44,3.51,2.9,2.5
710420.0,10.0,2.1,22.04,3.81,1.9,2.71,0.0,1.52
779352.0,9.0,4.1,23.189999999999998,1.49,2.09,2.59,1.99,1.93
1071419.0,6.4,2.7,27.400000000000002,5.29,5.98,4.69,0.38,1.96
710515.0,9.1,1.6,20.86,0.0,3.37,1.8,2.24,2.75
613569.0,8.7,2.8,18.799999999999997,1.85,1.52,1.41,2.52,0.0
710919.0,9.4,1.5,23.669999999999998,3.55,4.75,3.32,1.15,0.0
725736.0,10.2,4.1,30.02,2.54,6.05,1.79,0.0,5.34
876561.0,7.2,2.8,29.43,5.92,0.0,3.6,6.5,3.41
711472.0,9.1,1.9,27.26,2.94,3.26,2.94,4.84,2.28
711802.0,9.9,4.5,25.24,1.74,3.88,2.45,1.27,1.5
781893.0,5.2,3.5,23.63,3.16,5.32,1.34,0.61,4.5
711925.0,6.5,1.0,24.689999999999998,3.65,1.96,4.21,2.61,4.76
896563.0,7.0,2.5,25.9,5.79,3.89,3.4,2.13,1.19
712892.0,8.7,2.0,21.690000000000005,1.89,4.01,3.67,0.0,1.42
605973.0,9.9,3.7,29.800000000000004,4.79,4.42,4.28,0.52,2.19
653318.0,9.6,3.0,23.44,0.51,0.0,3.39,5.23,1.71
713420.0,9.5,1.9,22.490000000000002,6.14,3.35,1.03,0.0,0.57
704709.0,10.7,4.6,32.309999999999995,5.06,6.2,2.23,1.45,2.07
576875.0,11.7,2.8,23.79,0.67,3.24,1.95,0.51,2.92
713813.0,11.6,2.2,27.640000000000004,0.0,2.03,6.02,1.76,4.03
296510.0,13.3,3.8,33.94,4.2,2.84,3.72,3.61,2.47
811441.0,9.0,3.1,27.68,9.0,2.58,2.95,0.0,1.05
713840.0,9.9,2.5,31.800000000000004,3.93,1.35,7.14,3.51,3.47
689243.0,10.9,4.5,31.76,5.74,3.71,1.8,0.0,5.11
660065.0,7.7,2.7,24.94,0.0,3.2,4.29,5.77,1.28
713989.0,8.2,1.8,29.240000000000002,4.32,3.1,7.93,1.61,2.28
781066.0,8.6,4.3,29.989999999999995,3.58,4.28,5.01,4.22,0.0
1243677.0,6.6,2.4,23.94,0.0,8.06,0.65,3.27,2.96
714641.0,8.2,1.8,21.759999999999998,0.0,2.56,2.35,3.27,3.58
1205647.0,5.6,4.1,24.35,4.56,5.99,3.16,0.87,0.07
1446973.0,8.7,2.4,22.74,1.45,5.64,1.16,0.0,3.39
714696.0,9.7,1.6,24.66,3.43,1.19,4.51,1.14,3.09
705397.0,11.0,4.0,29.79,3.36,3.86,4.18,1.53,1.86
555884.0,10.3,2.6,33.33,6.03,5.95,2.58,2.68,3.19
714784.0,9.2,1.6,27.009999999999998,1.7,4.54,3.69,3.06,3.22
574675.0,10.0,4.1,24.650000000000002,3.28,0.78,1.73,1.14,3.62
728296.0,8.7,2.9,28.619999999999997,5.52,0.95,1.25,5.68,3.62
715507.0,10.6,2.7,25.830000000000002,2.6,2.56,3.92,0.0,3.45
648395.0,11.3,3.8,22.53,3.53,0.0,0.7,0.0,3.2
617098.0,9.8,3.1,20.71,2.57,0.0,3.1,0.11,2.03
716723.0,9.4,1.8,25.200000000000003,3.79,3.79,4.92,0.56,0.94
755126.0,9.4,3.9,26.04,2.63,2.23,3.24,0.0,4.64
846650.0,7.4,3.0,33.769999999999996,6.12,5.17,4.13,5.88,2.07
953665.0,6.9,2.4,18.73,1.08,5.02,0.28,2.54,0.51
651543.0,10.6,2.8,25.91,0.0,4.76,3.42,3.23,1.1
719560.0,9.2,1.8,22.05,2.97,0.0,3.56,3.39,1.13
702748.0,9.4,5.8,21.54,0.0,1.31,0.21,1.81,3.01
625800.0,11.8,3.3,31.24,1.99,1.71,7.35,3.78,1.31
719857.0,11.2,1.9,28.28,3.17,3.28,4.75,1.73,2.25
470631.0,12.8,3.9,35.8,2.61,6.21,2.06,2.82,5.4
1497104.0,8.2,2.4,27.759999999999998,6.14,1.99,3.07,1.32,4.64
720486.0,10.9,2.1,19.959999999999997,4.2,0.0,1.95,0.81,0.0
770775.0,9.5,3.7,22.700000000000003,1.65,0.0,4.07,1.44,2.34
603595.0,9.7,3.0,24.93,4.82,3.5,0.0,0.0,3.91
720820.0,8.4,1.5,22.69,2.77,2.22,2.82,4.28,0.7
762624.0,9.4,4.1,26.0,4.68,1.78,2.06,0.53,3.45
656890.0,9.8,3.0,20.01,0.23,1.4,4.31,0.66,0.61
720898.0,10.0,1.6,27.150000000000002,4.68,0.0,2.97,2.69,5.21
765833.0,9.2,3.9,31.6,10.0,2.83,3.5,1.87,0.3
602638.0,10.4,2.9,25.860000000000003,0.98,2.03,2.54,2.74,4.27
722040.0,8.8,1.7,24.62,5.28,2.3,3.63,0.0,2.91
753041.0,8.8,4.1,31.0,9.37,2.78,4.21,0.33,1.41
678910.0,9.1,3.0,30.909999999999997,3.75,7.77,3.27,1.16,2.86
722434.0,9.1,2.3,25.68,6.07,1.96,4.2,0.0,2.05
726851.0,9.5,4.6,27.169999999999998,0.0,2.31,5.17,0.0,5.59
787127.0,7.4,2.8,28.390000000000004,6.03,4.37,2.85,3.74,1.2
722915.0,8.0,1.0,21.500000000000004,3.1,2.38,4.82,1.26,0.94
651225.0,7.8,3.8,28.47,4.09,3.82,3.62,1.62,3.72
453150.0,12.7,2.9,33.9,5.85,4.76,2.96,2.61,2.12
724296.0,12.0,2.4,32.31,4.46,1.46,1.5,6.26,4.23
269271.0,13.0,3.9,30.65,2.44,3.79,2.19,0.0,5.33
633685.0,9.9,3.1,25.230000000000004,0.05,2.11,4.23,2.99,2.85
725253.0,9.4,1.7,26.130000000000003,3.16,2.91,2.32,3.52,3.12
758251.0,9.1,4.0,19.790000000000003,2.52,1.88,0.0,1.03,1.26
622697.0,9.7,3.1,28.999999999999996,5.9,2.15,3.34,1.18,3.63
725276.0,8.4,2.1,20.71,2.77,3.57,1.71,1.66,0.5
726717.0,10.3,3.9,24.73,3.59,0.59,2.39,0.37,3.59
766257.0,10.0,2.9,28.75,3.01,1.2,1.05,5.91,4.68
726728.0,11.0,1.4,25.25,3.49,1.93,4.9,2.53,0.0
610691.0,11.9,3.5,27.459999999999997,8.58,2.49,0.0,0.0,0.99
521955.0,12.2,2.9,35.379999999999995,5.77,1.32,3.26,6.18,3.75
727453.0,8.4,1.3,35.07,6.03,8.61,6.18,0.62,3.93
503161.0,9.7,3.8,25.999999999999996,2.42,3.37,2.56,1.06,3.09
647552.0,10.8,2.9,27.410000000000004,5.0,3.07,4.13,0.1,1.41
727825.0,7.5,1.2,22.53,4.9,1.55,5.22,0.12,2.04
568682.0,12.5,3.2,32.82,5.03,5.74,2.3,3.22,0.83
728404.0,12.1,2.1,22.0,0.0,2.26,1.45,1.8,2.29
961809.0,5.1,2.6,20.730000000000004,5.74,2.04,1.26,3.19,0.8
728502.0,8.8,0.6,32.32,5.31,5.64,2.4,4.3,5.27
660683.0,8.9,3.9,23.020000000000003,5.52,3.39,0.37,0.0,0.94
1583741.0,7.3,2.7,18.529999999999998,0.0,3.45,0.0,2.29,2.79
728504.0,9.2,1.8,20.38,2.76,2.62,2.23,0.87,0.9
623632.0,10.2,4.1,29.93,4.15,0.0,2.12,4.91,4.45
778251.0,8.6,2.8,22.34,4.99,0.49,3.52,0.39,1.55
728874.0,9.5,2.3,23.35,0.0,3.39,3.91,2.64,1.61
701443.0,9.9,3.9,31.29,8.91,2.2,0.0,2.96,3.42
681351.0,9.5,3.1,29.799999999999997,4.64,3.9,4.73,2.2,1.73
729531.0,10.6,1.9,25.04,4.26,0.0,4.86,2.66,0.76
828276.0,10.7,4.0,21.84,2.98,0.0,1.95,0.0,2.21
793172.0,7.8,2.8,23.680000000000003,3.32,3.31,5.9,0.48,0.07
729907.0,9.3,1.7,25.81,3.03,0.37,4.2,4.12,3.09
582058.0,9.4,4.2,27.01,3.45,4.27,1.84,1.05,2.8
630865.0,10.7,3.1,26.139999999999997,0.76,2.73,3.22,2.86,2.77
730153.0,9.8,1.9,22.139999999999997,2.98,2.05,2.97,0.88,1.56
658837.0,10.7,3.4,24.49,0.0,3.12,5.0,1.88,0.39
659160.0,7.1,2.5,25.559999999999995,6.23,0.37,2.61,3.17,3.58
733536.0,7.2,1.3,22.410000000000004,2.71,2.4,2.4,6.12,0.28
614662.0,8.0,3.8,28.120000000000005,7.96,2.12,4.64,1.6,0.0
1499041.0,6.0,2.8,19.470000000000002,9.39,0.94,0.0,0.0,0.34
733965.0,11.0,0.6,29.43,4.8,4.67,2.61,0.0,5.75
522317.0,9.2,3.2,26.25,3.84,3.46,3.2,0.0,3.35
734534.0,9.3,2.5,24.34,3.86,0.0,2.67,4.5,1.51
672030.0,7.9,3.1,22.970000000000002,3.43,0.97,0.0,3.16,4.41
734846.0,9.0,1.6,24.310000000000002,1.87,1.24,2.99,5.78,1.83
735748.0,9.1,4.1,28.86,2.1,1.9,6.39,0.0,5.27
648109.0,10.9,2.9,28.46,1.2,4.71,1.78,0.97,6.0
735091.0,8.8,2.3,25.010000000000005,3.81,2.86,0.0,3.46,3.78
853045.0,7.2,3.2,22.42,1.6,4.32,3.53,1.95,0.62
735255.0,10.9,2.5,32.65,4.05,5.66,2.47,3.23,3.84
552113.0,9.3,4.1,26.46,7.72,1.96,1.11,0.98,1.29
537195.0,10.6,3.3,28.599999999999998,1.27,6.28,4.0,1.81,1.34
735259.0,9.1,1.5,27.8,8.88,0.94,0.61,6.38,0.39
565086.0,10.2,4.4,26.409999999999997,2.23,6.57,3.01,0.0,0.0
1508982.0,5.1,2.1,18.619999999999997,1.78,0.0,4.96,1.4,3.28
735326.0,7.0,1.4,20.6,3.26,1.74,3.94,1.62,1.64
811497.0,9.1,3.5,27.740000000000002,6.25,3.48,1.72,0.0,3.69
819571.0,7.7,2.7,17.45,1.22,2.2,0.0,0.82,2.81
735414.0,9.0,1.8,25.87,6.97,0.45,2.6,2.5,2.55
589682.0,10.2,3.7,32.199999999999996,4.56,2.83,4.88,2.13,3.9
655323.0,6.9,2.7,23.910000000000004,5.63,2.76,2.39,1.76,1.77
736571.0,8.6,1.5,23.86,5.37,3.0,4.49,0.0,0.9
483973.0,9.8,4.1,22.160000000000004,0.3,2.33,1.03,0.0,4.6
646802.0,10.2,3.1,21.479999999999997,2.63,0.0,2.08,0.0,3.47
736862.0,9.8,1.8,21.930000000000003,2.86,0.0,4.55,1.6,1.32
672457.0,10.4,3.8,23.99,5.11,0.72,0.0,2.57,1.39
1091831.0,6.2,2.4,22.749999999999996,3.76,4.15,2.0,2.09,2.15
738179.0,6.0,1.7,24.86,2.2,4.6,6.02,2.17,2.17
715121.0,6.6,2.1,28.56,3.12,3.26,6.29,5.92,1.27
697963.0,9.7,2.9,27.54,0.59,2.99,2.93,2.43,6.0
738410.0,8.9,1.8,21.28,1.75,2.58,0.0,3.5,2.75
566379.0,11.3,3.9,20.79,2.67,0.44,2.01,0.0,0.47
601455.0,11.7,3.0,22.240000000000002,0.01,0.0,1.47,2.62,3.44
738474.0,10.9,2.2,22.47,1.32,3.01,4.56,0.0,0.48
497965.0,12.8,3.8,31.76,6.66,1.36,0.5,2.3,4.34
663712.0,7.3,2.7,18.279999999999998,3.38,0.63,0.71,0.0,3.56
739065.0,3.8,0.8,21.630000000000003,8.69,4.89,0.5,0.46,2.49
655902.0,9.4,3.4,23.810000000000002,6.09,1.94,2.22,0.0,0.76
739408.0,9.2,1.8,27.35,1.92,4.86,1.62,4.84,3.11
720977.0,9.7,3.9,28.79,6.76,0.0,3.37,1.17,3.89
605917.0,10.4,2.7,22.49,4.51,2.63,1.64,0.0,0.61
739839.0,9.9,1.9,23.540000000000003,4.83,1.78,2.88,0.68,1.57
568565.0,10.7,3.2,28.129999999999995,4.18,2.37,3.56,3.72,0.4
653713.0,9.0,2.9,26.38,5.12,2.63,2.11,2.05,2.57
740573.0,9.1,1.8,15.99,1.65,1.22,1.69,0.0,0.53
759954.0,8.9,4.3,37.099999999999994,6.96,5.63,5.63,2.53,3.15
845834.0,7.0,2.6,19.79,0.9,0.0,4.24,0.84,4.21
740940.0,8.3,1.4,20.98,2.8,3.1,0.8,3.55,1.03
657788.0,9.4,2.8,25.64,0.0,6.6,2.24,0.96,3.64
742720.0,9.1,2.0,32.8,4.12,1.38,2.59,9.67,3.94
769397.0,8.8,3.6,21.299999999999997,2.44,2.12,0.9,3.11,0.33
816270.0,5.9,2.1,20.8,2.86,2.11,2.99,4.2,0.64
744179.0,6.7,0.8,23.12,6.18,3.78,4.44,0.0,1.22
489469.0,8.8,4.4,26.12,3.35,0.53,5.43,3.61,0.0
769644.0,9.3,3.4,25.250000000000004,4.42,1.62,0.55,3.6,2.36
744408.0,10.3,1.7,27.009999999999998,4.0,4.01,1.26,5.6,0.14
838082.0,10.6,3.5,23.689999999999998,0.43,1.4,3.15,1.4,3.21
673436.0,9.9,3.0,25.58,3.21,2.34,2.88,3.47,0.78
745591.0,10.2,1.8,24.389999999999997,3.38,3.5,3.65,0.62,1.24
631674.0,11.6,3.8,34.32,7.15,2.67,6.18,0.86,2.06
545510.0,8.6,3.0,24.5,3.76,5.26,2.49,0.68,0.71
746237.0,8.4,2.4,32.35,10.0,0.0,6.57,1.0,3.98
723105.0,8.6,4.7,28.400000000000002,5.2,2.17,5.38,0.0,2.35
626477.0,10.8,3.1,34.940000000000005,6.88,4.66,3.83,1.63,4.04
746704.0,9.0,1.5,22.62,6.82,0.0,1.82,1.19,2.29
782326.0,9.2,3.8,21.16,3.06,0.07,0.83,4.19,0.01
900885.0,6.5,2.8,34.12,3.56,7.93,2.97,8.17,2.19
747148.0,8.7,2.4,23.07,2.8,0.0,3.19,2.0,3.98
700615.0,8.5,3.0,25.84,5.99,0.74,2.53,2.04,3.04
747527.0,6.9,1.9,21.85,1.61,1.73,3.62,1.16,4.93
800120.0,7.8,3.7,27.110000000000003,4.32,3.74,2.81,2.6,2.14
579866.0,8.5,1.0,23.31,2.35,4.33,2.72,0.0,4.41
747664.0,10.3,2.5,22.39,1.57,0.85,1.62,3.47,2.08
1076937.0,4.3,4.0,14.670000000000002,0.0,4.57,0.08,1.72,0.0
678048.0,8.9,3.0,18.75,0.07,1.56,3.88,0.0,1.34
747837.0,8.4,1.9,29.089999999999996,4.2,4.08,3.61,5.52,1.38
784670.0,9.2,3.6,26.419999999999998,7.46,2.75,1.05,0.0,2.36
641712.0,10.0,2.9,24.15,0.0,1.77,0.84,4.54,4.1
748985.0,8.8,1.9,31.400000000000006,6.57,4.62,3.08,4.13,2.3
788646.0,8.8,3.9,30.4,4.66,3.03,4.29,2.21,3.51
576907.0,11.1,3.2,22.480000000000004,2.87,0.92,1.8,1.36,1.23
749067.0,10.0,2.1,31.880000000000003,2.1,3.71,3.2,6.37,4.4
493201.0,11.6,3.7,35.620000000000005,4.09,5.96,3.71,2.16,4.4
654653.0,5.0,3.5,22.5,7.62,1.72,3.71,0.0,0.95
750693.0,7.3,1.0,21.310000000000002,1.46,3.57,3.14,1.9,2.94
974109.0,7.0,2.6,21.47,3.75,0.0,1.53,2.96,3.63
751791.0,7.8,1.5,18.849999999999998,6.09,1.74,0.02,0.0,1.7
664924.0,8.4,4.0,36.06,9.68,4.74,2.13,3.25,3.86
1664705.0,6.3,2.4,24.229999999999997,4.11,6.24,4.18,0.06,0.94
752163.0,7.2,2.2,24.26,6.23,2.57,1.83,0.75,3.48
1234693.0,6.5,4.0,30.750000000000004,6.94,3.33,1.6,4.5,3.88
892098.0,6.7,2.3,26.11,5.89,3.77,1.77,2.2,3.48
752929.0,6.4,1.6,20.62,1.8,0.0,6.36,2.39,2.07
844725.0,7.2,3.8,23.360000000000003,5.55,2.32,0.09,1.85,2.55
392821.0,9.6,4.0,26.77,0.0,2.79,5.15,1.77,3.46
753538.0,7.5,1.4,28.459999999999997,6.31,2.56,2.77,3.9,4.02
1106732.0,5.4,3.3,21.46,2.16,3.46,3.52,2.26,1.36
634669.0,8.9,2.8,20.24,2.53,1.35,2.75,0.0,1.91
753773.0,8.9,1.7,25.69,4.73,2.62,4.73,1.67,1.34
788953.0,8.5,3.5,23.499999999999996,3.8,0.0,2.92,2.51,2.27
836180.0,5.6,2.6,16.35,2.57,2.21,0.0,0.0,3.37
755089.0,7.6,1.7,20.54,3.75,1.83,2.43,0.0,3.23
950151.0,6.6,4.2,21.040000000000003,0.7,3.49,1.43,2.44,2.18
593487.0,9.6,3.1,22.04,2.54,0.22,0.0,2.38,4.2
755304.0,7.3,1.4,25.07,6.4,0.74,4.0,3.35,1.88
770992.0,8.0,3.9,29.209999999999994,5.0,1.58,3.79,4.27,2.67
1685799.0,6.1,2.8,21.07,2.92,0.75,3.08,5.42,0.0
755964.0,9.3,2.4,28.16,3.12,0.0,4.14,4.98,4.22
724218.0,8.6,4.5,24.709999999999997,2.06,1.38,0.0,4.2,3.97
646092.0,9.0,2.7,24.359999999999996,5.03,4.81,2.33,0.49,0.0
756477.0,8.0,0.9,24.199999999999996,3.28,5.51,3.38,2.79,0.34
517068.0,9.5,3.6,29.669999999999998,5.16,2.32,2.93,3.04,3.12
634008.0,9.5,2.6,25.029999999999998,2.24,4.04,4.04,0.0,2.61
756729.0,9.0,0.4,20.82,5.91,2.36,2.33,0.0,0.82
749111.0,9.3,2.9,22.55,2.08,0.84,2.77,1.06,3.6
757034.0,7.3,2.1,18.87,3.74,0.0,2.95,2.78,0.0
948122.0,8.7,4.3,20.9,0.56,3.39,1.91,1.18,0.86
702075.0,8.4,3.0,23.240000000000002,2.67,2.6,4.2,2.37,0.0
757449.0,8.8,2.0,25.49,4.83,3.12,2.11,1.18,3.45
805498.0,9.1,4.1,30.46,0.0,4.65,3.33,4.75,4.53
624916.0,8.0,2.7,21.839999999999996,3.06,2.76,2.42,0.0,2.9
757751.0,7.1,1.6,10.53,0.0,0.0,1.83,0.0,0.0
729562.0,9.2,4.3,25.340000000000003,2.99,3.16,1.6,1.82,2.27
717602.0,8.7,3.0,27.989999999999995,0.0,3.53,5.94,2.92,3.9
758838.0,8.3,2.1,29.970000000000002,9.55,2.55,4.04,0.0,3.43
735081.0,9.9,3.9,30.210000000000004,4.66,4.09,2.76,2.1,2.8
649690.0,9.1,2.7,25.78,2.67,1.92,2.71,2.96,3.72
759164.0,8.7,1.6,21.259999999999998,2.21,2.0,5.19,0.0,1.56
793271.0,8.1,3.8,21.939999999999994,5.22,1.58,2.31,0.0,0.93
641585.0,9.9,3.1,26.799999999999997,3.04,5.05,1.4,0.32,3.99
759288.0,8.8,1.7,17.599999999999998,2.49,2.55,2.06,0.0,0.0
796505.0,8.6,3.6,20.529999999999998,1.54,2.37,2.4,0.0,2.02
714482.0,9.2,2.9,21.6,1.24,1.86,0.0,2.82,3.58
760265.0,7.7,1.6,22.69,3.49,4.85,3.29,0.0,1.76
773554.0,9.5,4.0,24.27,3.34,0.0,5.27,1.22,0.94
719924.0,8.2,2.9,28.869999999999997,8.65,1.32,0.0,3.2,4.6
762638.0,8.3,1.8,17.770000000000003,0.71,2.74,2.7,0.0,1.52
755718.0,8.9,4.3,25.22,1.68,2.31,1.29,3.62,3.12
668543.0,9.9,3.0,23.85,0.74,0.87,1.19,4.73,3.42
763062.0,9.7,1.7,26.13,6.16,2.1,0.0,2.38,4.09
793437.0,9.7,4.3,34.25,7.39,3.4,0.49,3.72,5.25
650946.0,8.6,3.0,26.79,2.6,6.23,0.25,2.8,3.31
763142.0,8.9,1.7,28.14,7.09,2.03,3.68,3.55,1.19
770855.0,8.6,3.6,28.35,5.65,1.61,3.18,2.03,3.68
1279886.0,7.0,2.2,22.97,1.46,7.17,3.24,0.0,1.9
763359.0,10.6,2.0,25.73,5.38,1.96,1.98,0.0,3.81
672379.0,11.0,3.4,31.79,0.0,3.61,3.24,4.88,5.66
630150.0,8.9,3.0,25.54,3.48,6.21,0.03,2.17,1.75
763773.0,8.2,1.4,20.919999999999998,4.42,3.64,1.49,0.0,1.77
807504.0,9.0,3.8,30.390000000000004,9.34,2.45,1.51,1.19,3.1
748741.0,6.2,2.3,21.380000000000006,4.05,5.83,1.37,0.96,0.67
764156.0,8.6,1.6,23.81,4.12,0.0,2.76,3.1,3.63
486591.0,7.3,3.9,33.88999999999999,5.45,0.06,3.67,8.66,4.85
792863.0,3.8,2.0,16.11,2.92,1.41,3.01,1.85,1.12
765227.0,10.9,3.3,29.86,2.49,5.25,3.14,2.2,2.58
593250.0,14.0,4.8,33.95,4.53,1.67,3.06,3.78,2.11
802534.0,9.2,2.8,23.880000000000003,0.0,3.21,2.69,2.52,3.46
765650.0,11.5,2.1,27.990000000000002,0.0,5.36,0.0,6.0,3.03
531896.0,12.5,3.7,24.349999999999998,1.66,0.0,0.45,5.21,0.83
680137.0,8.0,2.8,25.47,3.85,4.1,3.61,1.69,1.42
765759.0,8.1,1.7,21.61,3.07,1.19,3.06,2.41,2.08
820938.0,7.8,4.3,29.500000000000004,5.99,2.55,5.64,2.28,0.94
669228.0,10.0,3.0,22.65,2.31,2.16,3.17,1.49,0.52
766150.0,8.6,2.0,20.719999999999995,4.62,1.08,0.97,2.61,0.84
710007.0,9.7,3.7,24.729999999999997,7.07,0.0,1.66,0.49,2.11
831081.0,7.8,2.8,27.220000000000002,3.77,0.81,3.03,4.85,4.16
766190.0,10.2,2.0,32.5,4.88,4.17,5.99,1.14,4.12
765860.0,9.6,3.1,17.84,1.05,0.88,0.89,2.32,0.0
766468.0,10.1,2.0,29.23,5.8,4.0,1.32,4.5,1.51
758554.0,10.9,3.9,28.860000000000003,4.8,3.3,1.3,1.13,3.53
696266.0,11.2,2.9,19.54,0.0,0.0,2.99,1.54,0.91
766593.0,9.4,2.0,23.84,4.49,4.17,1.43,1.95,0.4
721655.0,11.1,3.7,27.69,3.95,4.85,1.13,1.01,1.95
688723.0,7.0,3.1,23.040000000000003,2.58,1.3,6.15,1.52,1.39
767255.0,7.6,2.0,27.369999999999997,6.52,2.68,0.77,4.21,3.59
729645.0,8.4,4.6,25.790000000000003,1.11,2.71,2.92,3.99,2.06
787152.0,7.2,4.0,22.15,4.63,3.2,2.93,0.19,0.0
767829.0,6.5,1.6,27.830000000000005,8.82,6.21,4.1,0.0,0.6
482718.0,8.9,4.2,30.59,4.09,4.13,5.11,0.0,4.16
650193.0,8.5,2.9,27.57,3.46,0.59,4.33,4.96,2.83
768210.0,8.6,1.6,24.68,1.56,2.11,5.38,2.06,3.37
780587.0,8.8,4.0,24.44,6.51,1.7,0.0,2.42,1.01
634538.0,9.2,3.1,20.709999999999997,3.94,0.0,2.25,0.0,2.22
768895.0,8.7,1.5,25.729999999999997,0.66,4.86,6.32,0.52,3.17
812116.0,8.2,3.9,18.36,1.08,0.0,0.92,2.53,1.73
1068286.0,5.4,2.4,21.820000000000004,2.56,5.38,3.96,0.0,2.12
768904.0,10.4,3.5,27.22,2.55,2.9,5.68,0.0,2.19
943554.0,10.2,1.9,24.58,2.21,0.0,3.96,2.54,3.77
769381.0,7.4,1.0,16.84,0.0,1.5,3.81,0.0,3.13
519361.0,10.2,3.5,31.560000000000002,4.23,5.71,3.64,4.28,0.0
721013.0,8.4,3.0,24.28,5.19,0.0,5.13,1.96,0.6
769723.0,8.2,2.0,28.14,6.6,3.24,4.04,2.48,1.58
704765.0,10.5,3.8,26.51,3.86,1.88,4.1,1.59,0.78
702030.0,10.2,3.1,28.11,0.64,3.2,3.06,5.33,2.58
770675.0,10.4,2.0,33.410000000000004,2.93,6.38,4.55,5.54,1.61
829571.0,9.1,3.9,20.18,1.35,2.42,0.0,0.09,3.32
751042.0,7.1,2.8,23.64,4.65,0.92,2.45,2.39,3.33
960888.0,6.3,2.6,21.45,4.01,1.58,3.11,0.29,3.56
771444.0,8.2,1.5,16.03,1.57,0.38,2.89,0.0,1.49
910007.0,7.9,2.8,22.64,3.94,4.26,1.32,0.17,2.25
771560.0,8.3,1.8,21.200000000000003,2.77,3.88,0.91,0.17,3.37
822241.0,8.4,4.6,30.5,4.14,4.07,4.14,2.86,2.29
669107.0,10.8,3.0,34.58,7.7,2.37,5.31,3.69,1.71
771578.0,11.7,2.0,32.14,6.62,5.78,0.59,2.97,2.48
523120.0,13.0,3.3,30.959999999999997,6.59,3.02,2.06,0.81,2.18
652274.0,10.8,2.8,23.05,2.47,2.36,1.8,0.0,2.82
771681.0,8.8,1.6,19.650000000000002,0.57,3.04,0.0,2.0,3.64
817954.0,9.0,3.9,23.580000000000002,2.91,5.08,1.42,0.43,0.84
688929.0,9.5,3.1,25.59,4.85,1.39,0.0,4.19,2.56
771883.0,9.6,2.2,24.26,1.05,5.23,1.09,1.41,3.68
802652.0,9.4,3.9,29.110000000000003,1.99,1.92,3.98,3.44,4.48
1144605.0,7.9,2.6,27.060000000000002,4.59,6.62,3.84,0.0,1.51
771954.0,7.2,0.7,27.37,7.56,2.53,2.98,2.68,3.72
1130276.0,5.4,3.6,20.9,0.0,5.45,3.47,0.69,2.29
817223.0,7.4,3.1,25.42,0.38,3.6,0.96,4.25,5.73
772996.0,10.6,1.7,26.339999999999996,1.75,0.0,5.78,1.24,5.27
1210286.0,4.7,1.8,21.39,6.63,3.0,1.81,3.35,0.1
773204.0,6.4,1.9,23.760000000000005,3.22,5.07,5.13,1.85,0.19
692284.0,8.7,3.0,23.740000000000002,4.55,4.64,1.32,1.43,0.1
776895.0,8.0,1.3,26.830000000000002,4.85,1.95,5.96,3.91,0.86
784516.0,9.7,3.7,30.289999999999996,4.18,2.8,2.18,5.42,2.31
769137.0,9.2,3.1,19.349999999999998,0.6,0.0,0.0,2.02,4.43
777845.0,8.6,2.0,21.259999999999998,1.74,3.53,2.53,2.01,0.85
633369.0,11.3,4.4,34.09,8.66,1.59,3.48,3.1,1.56
987235.0,5.8,2.0,23.04,7.43,0.65,2.15,0.0,5.01
777924.0,6.1,1.6,19.4,4.06,3.77,0.64,0.24,2.99
685292.0,9.9,3.9,23.550000000000004,1.6,3.63,1.42,1.64,1.46
663160.0,9.2,3.0,23.18,0.43,2.12,4.8,0.54,3.09
778408.0,10.1,1.4,23.93,1.68,2.69,3.83,1.38,2.85
818476.0,9.1,4.0,25.43,2.28,1.01,2.82,3.83,2.39
834353.0,6.1,2.2,14.06,0.93,0.28,3.56,0.99,0.0
778433.0,6.9,1.2,17.869999999999997,0.1,2.71,1.68,2.04,3.24
540898.0,9.2,2.7,26.74,6.2,3.01,3.23,0.0,2.4
778508.0,8.3,1.2,29.22,5.63,4.45,5.8,3.84,0.0
703574.0,8.8,3.6,30.15,7.32,5.85,4.58,0.0,0.0
1227677.0,5.1,2.4,23.389999999999997,3.6,4.87,0.97,2.02,4.43
778638.0,8.3,1.6,25.230000000000004,3.16,2.18,6.25,0.85,2.89
702450.0,9.2,4.4,27.22,7.94,1.9,3.57,0.0,0.21
871799.0,7.2,3.0,27.849999999999998,4.81,4.73,4.61,2.38,1.12
778655.0,8.1,2.4,22.000000000000004,5.12,2.07,0.44,1.53,2.34
610579.0,11.3,4.4,34.17,5.73,4.87,3.33,0.0,4.54
738223.0,9.2,2.7,25.349999999999998,2.55,5.22,1.52,2.37,1.79
778965.0,8.0,1.1,23.959999999999997,4.51,4.61,0.06,1.62,4.06
743849.0,10.0,3.9,30.649999999999995,3.82,0.0,5.51,4.02,3.4
1386298.0,5.1,2.6,24.449999999999996,2.14,5.73,5.76,1.79,1.33
779155.0,6.1,1.3,23.7,2.07,3.14,2.57,5.83,2.69
747302.0,6.8,4.1,25.699999999999996,0.16,2.79,2.7,6.48,2.67
718527.0,9.7,2.8,22.759999999999998,4.47,0.0,4.29,1.16,0.34
779569.0,10.0,2.0,27.63,3.08,1.48,3.97,3.55,3.55
765339.0,9.4,3.8,30.06,3.95,5.52,2.83,1.63,2.93
718306.0,8.5,2.8,25.990000000000002,4.1,2.61,4.84,1.86,1.28
779619.0,8.8,1.6,24.42,2.99,3.93,0.76,3.62,2.72
797515.0,9.1,3.7,23.16,4.54,1.39,2.73,0.0,1.7
764142.0,8.6,2.8,27.679999999999996,4.14,2.04,4.7,2.99,2.41
779666.0,9.4,1.7,27.599999999999998,4.21,3.39,4.95,2.22,1.73
746700.0,9.8,4.1,34.809999999999995,7.25,0.0,5.51,5.29,2.86
667325.0,8.9,2.7,23.150000000000002,4.5,1.03,1.4,1.73,2.89
779892.0,7.3,1.4,24.480000000000004,3.84,1.5,4.35,2.74,3.35
576545.0,9.3,4.1,27.98,2.03,6.2,0.85,2.81,2.69
812120.0,8.4,2.8,23.08,1.34,2.5,1.22,4.18,2.64
780402.0,8.7,2.0,23.299999999999997,7.17,1.61,0.38,0.0,3.44
851328.0,9.9,3.9,27.15,3.84,0.0,4.29,1.73,3.49
642271.0,8.0,3.4,25.419999999999998,2.27,3.66,0.04,3.34,4.71
780582.0,8.2,1.7,24.129999999999995,6.56,0.48,3.13,1.66,2.4
908863.0,7.2,3.5,16.66,0.51,0.0,3.43,2.02,0.0
629233.0,9.3,3.0,18.95,0.36,0.0,0.0,2.42,3.87
780689.0,8.4,1.7,30.53,4.4,5.3,2.8,1.93,6.0
638800.0,9.6,4.0,28.159999999999997,4.64,3.79,5.3,0.0,0.83
769449.0,7.9,3.0,21.3,0.38,1.99,0.0,5.28,2.75
780761.0,9.7,1.7,18.5,1.15,1.88,0.03,3.19,0.85
780011.0,9.4,4.0,27.740000000000002,3.21,2.53,2.71,3.32,2.57
1301802.0,5.3,2.2,24.97,7.07,3.81,2.0,1.9,2.69
780786.0,6.6,1.4,18.48,9.07,0.55,0.0,0.0,0.86
453385.0,14.0,4.3,30.909999999999997,3.45,1.15,2.55,1.4,4.06
632974.0,11.4,2.9,33.64,7.88,0.22,4.76,2.39,4.09
781087.0,9.6,1.8,25.64,4.08,0.87,5.37,0.0,3.92
724212.0,11.2,3.4,30.660000000000004,6.31,3.28,0.0,4.51,1.96
1047840.0,4.7,2.7,25.089999999999996,7.51,0.79,4.42,2.55,2.42
781607.0,4.0,1.3,20.279999999999998,9.31,0.02,0.53,2.01,3.11
534313.0,8.0,6.0,32.26,1.26,4.55,4.26,4.46,3.73
647312.0,11.3,3.2,27.11,4.58,0.0,2.59,2.34,3.1
1123492.0,6.0,2.6,24.369999999999997,1.37,6.87,1.68,0.97,4.88
782620.0,9.1,1.8,19.96,2.42,0.0,2.45,0.96,3.23
831709.0,4.0,1.2,15.829999999999998,0.0,2.3,1.19,2.03,5.11
783735.0,10.5,-0.8,28.610000000000003,8.57,1.94,4.53,0.62,3.25
900795.0,6.0,2.4,19.64,1.66,0.14,4.49,3.56,1.39
783832.0,9.6,2.0,23.33,0.42,3.27,5.05,2.99,0.0
558175.0,9.8,4.4,26.549999999999997,5.22,3.15,1.75,1.15,1.08
728507.0,9.7,3.2,28.39,7.0,3.98,1.58,0.59,2.34
783929.0,9.1,1.9,26.880000000000003,1.96,6.49,3.08,2.17,2.18
789607.0,9.3,3.9,29.51,3.29,2.31,3.5,4.73,2.48
676566.0,9.6,2.8,19.31,2.78,0.03,2.96,1.14,0.0
783960.0,9.6,2.0,18.83,0.17,1.67,2.02,0.71,2.66
469494.0,11.9,4.0,30.52,7.19,3.01,1.27,0.0,3.15
688025.0,8.6,3.0,25.57,3.38,2.17,4.12,1.36,2.94
784004.0,8.9,1.8,23.310000000000002,3.36,5.86,1.95,0.92,0.52
738477.0,9.8,3.6,32.18,5.81,3.47,3.82,2.46,3.22
706242.0,8.8,2.6,19.130000000000003,0.0,1.92,0.83,1.14,3.84
784442.0,8.0,1.6,28.909999999999997,6.03,0.15,5.41,3.23,4.49
804962.0,8.8,3.9,27.12,5.32,0.0,7.81,0.0,1.29
1409551.0,10.2,2.5,33.739999999999995,5.0,5.06,5.71,3.4,1.87
785137.0,10.0,1.9,27.44,5.3,0.94,1.32,3.02,4.96
823362.0,10.0,3.5,23.43,4.05,0.0,3.44,1.08,1.36
646175.0,9.4,2.8,24.09,3.07,0.0,4.2,2.24,2.38
785648.0,8.4,1.5,27.79,3.44,5.84,4.59,1.49,2.53
841545.0,8.5,3.5,22.589999999999996,5.31,0.0,2.38,0.74,2.16
844171.0,7.7,2.9,24.229999999999997,0.45,2.49,3.71,5.51,1.47
786035.0,8.8,2.8,25.330000000000002,5.67,2.66,1.77,3.59,0.04
725091.0,9.2,4.8,35.73,3.8,5.47,0.87,6.63,4.96
1487274.0,8.5,2.8,25.06,4.56,2.77,2.16,2.39,1.88
787005.0,9.7,1.3,21.089999999999996,4.33,3.75,2.01,0.0,0.0
903667.0,8.1,3.7,24.969999999999995,5.81,0.82,4.58,0.72,1.24
694694.0,8.2,2.9,24.37,0.0,3.54,4.23,0.0,5.5
788283.0,9.9,1.9,24.869999999999997,3.35,3.97,0.74,0.0,5.01
657355.0,10.6,3.9,23.05,4.46,0.77,2.08,0.0,1.24
712069.0,8.9,4.2,21.54,0.0,0.77,3.34,0.0,4.33
788520.0,9.1,0.4,20.229999999999997,0.0,0.44,4.6,2.51,3.18
764564.0,9.0,5.2,23.9,1.44,1.61,2.33,0.0,4.32
625405.0,9.5,3.2,33.940000000000005,5.65,3.38,7.9,1.48,2.83
788542.0,8.2,1.7,24.259999999999998,6.08,0.0,5.08,0.0,3.2
742574.0,9.2,4.1,33.35,3.2,3.14,6.54,2.19,4.98
1659941.0,7.3,2.4,20.609999999999996,3.95,0.02,2.95,0.81,3.18
788739.0,10.4,1.4,26.930000000000003,4.96,3.26,3.42,0.63,2.86
469079.0,12.1,3.6,36.339999999999996,6.0,1.59,9.57,2.73,0.75
1031326.0,6.6,2.4,22.309999999999995,3.86,3.81,4.74,0.07,0.83
788844.0,8.6,2.0,18.89,1.73,0.0,3.55,0.44,2.57
597419.0,10.8,3.9,34.36,4.35,3.81,1.95,5.69,3.86
608504.0,8.0,3.4,24.43,3.98,4.55,1.67,1.88,0.95
788931.0,7.3,1.8,33.56,7.6,5.71,3.65,2.98,4.52
960633.0,7.5,3.8,27.180000000000007,1.39,3.76,2.78,5.49,2.46
1684079.0,7.4,2.6,21.009999999999998,2.82,2.09,1.84,2.11,2.15
788992.0,9.5,1.3,18.660000000000004,0.0,2.92,2.81,0.37,1.76
788328.0,9.7,3.9,24.409999999999997,6.15,2.81,1.72,0.0,0.13
698369.0,9.7,2.9,22.68,3.8,3.77,2.51,0.0,0.0
790133.0,9.6,1.8,26.35,4.13,3.87,2.34,1.33,3.28
774331.0,9.3,3.9,34.37,5.41,3.57,7.24,2.26,2.69
1226034.0,6.5,2.6,20.330000000000002,3.44,2.11,2.46,1.53,1.69
790761.0,9.7,1.6,21.189999999999998,3.07,0.0,3.0,2.97,0.85
878459.0,7.2,2.9,21.380000000000003,2.09,0.51,4.78,2.3,1.6
790961.0,8.7,2.2,30.97,3.7,6.41,4.43,0.44,5.09
774667.0,9.2,4.2,24.22,2.2,3.1,3.21,0.82,1.49
1087495.0,2.8,0.0,14.19,3.01,2.51,2.91,0.6,2.36
791010.0,11.5,3.0,33.87,5.65,4.52,5.35,2.77,1.08
709094.0,8.1,2.8,26.71,0.0,5.59,5.44,0.0,4.78
792768.0,8.3,2.2,22.32,3.03,1.33,1.82,3.25,2.39
883126.0,6.9,3.6,30.47,4.69,2.89,5.7,5.31,1.38
808440.0,6.7,2.7,24.560000000000002,5.95,1.03,1.15,5.62,1.41
792852.0,8.0,1.4,12.02,0.27,0.89,0.53,0.0,0.93
576126.0,8.9,4.1,28.08,5.65,0.01,0.81,4.61,4.0
656936.0,9.2,3.0,24.33,0.97,2.1,5.16,0.57,3.33
793822.0,9.6,1.7,27.43,3.69,1.7,3.98,4.39,2.37
834481.0,8.8,3.6,27.819999999999997,6.55,5.1,2.06,0.18,1.53
714440.0,8.6,2.6,35.66,7.04,5.99,5.63,3.71,2.09
794443.0,8.5,1.8,30.43,5.15,5.3,1.06,6.08,2.54
849836.0,8.6,3.8,28.880000000000003,5.14,1.75,3.42,2.25,3.92
692701.0,9.2,2.8,29.11,6.61,5.39,0.42,4.15,0.54
796256.0,9.2,1.4,26.979999999999997,4.34,4.26,3.49,0.0,4.29
865383.0,8.8,3.8,31.05,7.84,1.02,5.89,1.22,2.48
765136.0,8.2,2.9,18.37,2.59,0.88,1.87,1.27,0.66
797193.0,8.9,1.4,20.11,2.17,0.0,3.65,1.66,2.33
885734.0,7.5,3.8,32.36,6.54,3.5,2.81,3.83,4.38
771784.0,11.6,3.1,28.61,2.44,5.08,2.0,2.91,1.48
797525.0,11.4,2.1,36.0,4.68,4.89,3.37,3.56,6.0
681715.0,10.6,4.3,33.230000000000004,2.53,1.12,5.98,5.25,3.45
677567.0,8.8,3.0,25.020000000000003,0.0,3.18,3.57,2.21,4.26
798468.0,8.8,1.4,26.470000000000002,7.47,0.45,3.55,1.73,3.07
838365.0,8.7,3.5,20.22,0.0,2.85,3.26,1.91,0.0
732357.0,8.0,3.1,27.47,6.25,3.22,2.13,1.26,3.51
799387.0,9.7,1.5,22.660000000000004,4.89,2.01,0.28,4.28,0.0
742475.0,9.6,3.4,25.809999999999995,0.32,6.01,4.59,0.49,1.4
732990.0,8.1,3.0,26.389999999999997,3.68,4.02,0.0,2.15,5.44
799527.0,8.4,1.8,26.09,6.5,4.51,2.29,0.52,2.07
773712.0,8.4,4.2,35.050000000000004,5.43,7.28,1.88,5.26,2.6
812501.0,8.2,2.9,26.97,10.0,0.0,3.29,1.22,1.36
799629.0,7.6,1.5,23.830000000000002,4.99,4.7,3.36,1.42,0.26
875716.0,8.8,3.8,35.660000000000004,6.14,4.85,3.71,5.76,2.6
884191.0,4.0,1.0,24.23,5.85,4.72,8.04,0.0,0.62
799652.0,9.0,1.0,29.169999999999998,0.0,5.67,7.06,4.67,1.77
691456.0,9.8,2.9,22.509999999999998,5.78,0.0,1.67,0.16,2.2
799891.0,8.8,1.2,27.45,6.14,1.39,4.82,2.88,2.22
855953.0,8.3,3.5,22.54,3.86,1.29,2.91,0.0,2.68
686194.0,9.3,2.9,23.35,2.11,2.16,1.76,1.69,3.43
800367.0,8.3,1.4,28.52,7.88,0.0,4.92,1.29,4.73
829523.0,9.4,3.6,30.250000000000004,7.41,3.14,5.51,0.0,1.19
754376.0,9.0,2.7,23.77,0.96,2.0,4.39,2.09,2.63
800611.0,7.5,1.4,25.89,2.41,4.7,3.22,2.89,3.77
817763.0,10.6,4.0,33.37,3.14,3.26,3.45,4.09,4.83
652417.0,9.1,3.4,24.18,5.11,0.0,2.41,2.27,1.89
801096.0,6.6,1.2,30.61,7.22,5.43,4.16,2.37,3.63
669998.0,9.5,3.9,30.650000000000006,4.98,2.3,5.34,1.71,2.92
903578.0,7.2,2.8,22.02,3.68,4.88,0.0,0.93,2.53
801195.0,9.9,1.6,27.610000000000003,3.72,3.84,3.79,2.19,2.57
654920.0,9.4,3.8,32.6,2.92,5.85,1.19,9.44,0.0
1335840.0,5.1,2.6,24.29,3.9,1.25,5.77,4.8,0.87
802634.0,7.9,1.3,20.450000000000003,2.1,0.0,2.18,2.73,4.24
585601.0,8.6,4.8,24.880000000000003,4.85,1.32,0.94,1.26,3.11
727376.0,5.9,2.7,20.450000000000003,6.47,0.94,0.42,1.99,2.03
802736.0,6.0,1.3,29.400000000000002,6.78,3.16,6.48,2.37,3.31
735020.0,6.4,3.5,15.6,1.83,0.0,1.61,2.26,0.0
604059.0,9.0,3.3,29.480000000000004,4.9,3.37,4.95,3.11,0.85
803686.0,7.8,1.1,22.300000000000004,5.0,2.36,0.69,1.94,3.41
895602.0,8.7,4.3,27.91,4.29,1.36,2.03,5.52,1.71
680606.0,8.7,3.0,27.42,4.57,3.64,2.3,2.73,2.48
804032.0,7.7,1.4,21.91,1.79,1.41,5.96,0.0,3.65
832798.0,7.7,3.9,29.069999999999997,5.52,2.67,3.47,2.68,3.13
712358.0,8.7,2.9,22.39,5.93,0.35,1.83,1.1,1.58
804591.0,8.5,1.4,20.28,4.22,2.35,0.0,0.8,3.01
838154.0,9.0,3.6,28.369999999999997,6.39,2.56,1.04,1.23,4.55
722088.0,8.8,3.4,18.84,0.0,1.63,3.31,0.0,1.7
953775.0,6.6,2.6,22.479999999999997,2.36,0.23,5.01,3.94,1.74
804962.0,8.3,1.2,22.380000000000003,4.3,4.89,0.0,3.69,0.0
743385.0,7.7,4.0,23.549999999999997,2.19,0.47,3.91,2.54,2.74
841715.0,10.0,3.5,30.54,7.66,4.99,1.46,1.71,1.22
805005.0,11.8,1.5,25.26,4.2,3.55,0.16,2.07,1.98
862444.0,7.4,2.8,21.57,4.22,0.98,3.3,2.23,0.64
805090.0,7.4,1.7,26.159999999999997,1.22,1.83,4.82,3.43,5.76
880686.0,8.7,3.6,24.38,2.78,3.33,0.0,2.92,3.05
1149064.0,5.1,2.7,17.689999999999998,1.64,0.52,2.94,0.28,4.51
805202.0,5.9,1.1,13.59,0.0,3.18,1.22,1.59,0.6
871546.0,6.6,3.9,23.939999999999998,4.13,2.9,4.51,0.0,1.9
741858.0,9.5,2.9,26.54,4.06,1.33,3.91,3.87,0.97
805218.0,9.3,1.8,20.76,0.85,1.53,2.0,1.6,3.68
813243.0,9.5,3.9,29.130000000000003,2.2,1.58,5.85,3.17,2.93
629884.0,10.2,2.6,33.69,5.95,4.11,4.46,3.59,2.78
805872.0,9.9,1.9,26.85,4.17,3.76,0.0,6.26,0.86
754380.0,8.5,3.8,27.54,1.82,3.77,2.47,4.71,2.47
1537674.0,8.0,2.6,24.060000000000002,4.5,2.97,3.49,1.44,1.06
806512.0,11.5,1.8,28.509999999999998,1.19,0.12,7.33,1.95,4.62
773660.0,11.7,3.4,26.5,2.52,0.0,2.72,1.65,4.51
731478.0,8.9,2.6,23.619999999999997,3.19,1.61,4.7,0.4,2.22
807173.0,8.6,1.8,27.42,6.33,3.07,2.6,1.94,3.08
821287.0,8.9,3.3,24.419999999999998,5.49,1.53,1.83,3.37,0.0
1236539.0,4.8,1.8,24.63,8.41,1.99,2.31,1.59,3.73
807470.0,7.5,1.5,20.77,0.0,2.64,4.16,3.11,1.86
586714.0,9.2,4.0,35.830000000000005,7.9,7.87,3.55,1.46,1.85
687271.0,10.0,2.9,25.8,2.86,3.02,1.72,4.41,0.89
807894.0,9.4,2.0,28.8,5.04,4.19,4.97,2.3,0.9
826255.0,9.5,3.6,22.609999999999996,0.0,4.23,3.08,0.0,2.2
993020.0,6.1,2.4,21.52,4.88,1.01,4.01,2.24,0.88
807913.0,4.4,0.4,19.490000000000002,4.89,2.32,5.73,0.09,1.66
609371.0,8.9,3.8,17.69,0.57,0.0,2.18,1.87,0.37
664283.0,10.9,3.1,30.71,6.33,1.44,3.18,3.84,1.92
807928.0,10.3,2.7,24.25,0.0,2.34,1.02,1.89,6.0
1688796.0,4.5,2.1,17.82,0.0,2.77,2.54,2.68,3.23
808400.0,6.7,1.0,23.85,6.8,0.0,4.12,3.35,1.88
738347.0,8.6,4.1,18.299999999999997,0.0,0.0,2.73,0.04,2.83
804381.0,8.5,3.1,21.16,4.46,1.82,0.96,0.95,1.37
808711.0,9.8,1.9,32.03,3.35,2.41,5.24,6.48,2.85
763506.0,10.1,4.2,26.27,4.21,0.08,3.67,0.78,3.23
662030.0,9.6,2.5,30.159999999999997,6.27,2.94,3.31,1.14,4.4
808732.0,8.2,1.1,21.3,3.66,2.64,0.0,4.08,1.62
614765.0,8.6,3.6,19.52,0.0,0.0,3.36,0.6,3.36
1694276.0,2.0,1.1,13.36,0.0,5.08,4.38,0.0,0.8
808830.0,7.5,2.5,25.960000000000004,5.16,1.89,4.55,2.6,1.76
851357.0,3.1,3.7,22.66,1.81,2.95,4.77,3.17,3.16
769076.0,7.0,2.7,24.99,3.35,1.16,3.94,4.72,2.12
810023.0,7.4,1.5,28.470000000000002,9.67,3.28,3.05,0.0,3.57
742079.0,9.0,4.5,22.58,1.77,3.14,2.63,0.0,1.54
804457.0,9.8,2.7,29.23,1.41,4.59,3.41,5.47,1.85
810400.0,10.1,1.5,17.43,0.19,3.25,0.0,0.0,2.39
690318.0,7.1,3.0,24.35,6.22,2.49,2.46,0.41,2.67
811539.0,6.8,1.0,15.2,3.23,1.52,1.44,0.3,0.91
837068.0,6.6,3.7,30.840000000000003,8.72,3.07,2.38,2.18,4.19
685269.0,8.1,3.0,20.289999999999996,0.0,1.2,3.3,2.79,1.9
811665.0,8.0,1.8,27.4,5.63,3.57,2.01,1.55,4.84
764056.0,9.1,3.9,21.169999999999998,0.0,1.28,2.07,1.23,3.59
809552.0,7.9,2.9,19.14,2.52,0.0,2.84,0.0,2.98
812401.0,9.3,1.9,20.0,0.78,1.27,3.34,1.31,2.1
758509.0,9.9,3.8,35.53,3.19,4.34,6.19,3.92,4.19
715713.0,10.9,2.8,23.79,1.62,3.3,3.12,0.47,1.58
812852.0,11.6,1.9,25.170000000000005,1.4,4.04,1.44,4.44,0.35
347664.0,14.2,3.8,32.07,2.88,0.0,3.57,3.11,4.51
711678.0,8.6,2.8,26.089999999999996,3.43,3.58,0.89,1.43,5.36
814308.0,8.8,1.6,15.14,1.03,0.0,2.73,0.0,0.98
725371.0,8.9,4.4,22.37,2.49,0.0,5.19,0.41,0.98
771544.0,8.2,2.7,24.610000000000003,3.16,2.08,3.21,2.94,2.32
814945.0,9.9,1.6,25.789999999999996,5.77,2.04,3.97,1.63,0.88
806287.0,10.7,3.7,24.65,4.2,0.0,3.97,1.85,0.23
881036.0,7.6,2.8,23.59,1.39,0.39,7.22,4.1,0.09
816284.0,8.1,1.4,21.69,4.14,1.47,3.54,2.15,0.89
645545.0,10.0,4.1,26.520000000000003,2.5,5.87,1.09,2.96,0.0
878299.0,6.4,2.7,20.05,0.01,2.73,3.21,2.3,2.7
816504.0,7.3,1.6,22.44,2.44,2.27,3.99,1.87,2.97
833225.0,7.6,4.3,24.65,3.75,0.91,3.73,3.14,1.22
1301437.0,6.9,2.7,23.39,2.02,4.45,2.73,2.63,1.96
817418.0,10.2,2.0,30.06,0.88,5.31,5.64,0.74,5.29
720031.0,10.1,4.2,32.96,5.6,4.77,3.55,0.0,4.74
770354.0,9.6,2.8,18.13,0.65,0.33,1.77,0.0,2.98
818947.0,9.5,1.9,26.610000000000003,7.59,2.28,2.21,0.0,3.13
770617.0,10.1,3.9,29.080000000000002,7.1,3.62,2.11,1.07,1.18
803547.0,7.5,3.0,21.240000000000002,0.74,2.72,3.54,0.01,3.73
819393.0,8.7,1.9,26.200000000000003,3.75,4.5,4.88,1.55,0.92
771721.0,9.1,4.0,28.24,2.61,0.77,5.18,4.11,2.47
827162.0,6.4,2.6,20.33,4.61,0.65,1.39,1.89,2.79
819561.0,7.5,1.2,30.629999999999995,5.08,2.46,5.31,3.08,6.0
535564.0,9.1,4.1,25.22,2.09,1.8,5.67,0.0,2.46
790255.0,6.2,1.2,18.960000000000004,9.8,0.68,0.0,0.8,0.28
821382.0,9.1,1.9,29.19,8.74,0.36,2.56,4.53,2.0
497585.0,9.5,1.0,24.78,1.53,5.19,2.66,0.57,4.33
690935.0,8.9,2.9,32.4,8.09,2.05,3.63,4.02,2.81
821808.0,9.2,1.5,19.64,2.01,3.87,0.11,0.71,2.24
748530.0,9.5,3.6,35.739999999999995,4.35,7.57,5.37,3.69,1.66
701326.0,5.2,1.6,24.12,2.11,3.93,4.41,3.34,3.53
821979.0,8.8,0.7,24.330000000000002,3.54,0.66,5.33,3.07,2.23
612044.0,8.8,3.8,24.44,2.05,2.46,3.56,3.31,0.46
1159951.0,7.8,2.9,27.659999999999997,4.98,3.88,4.74,0.58,2.78
822100.0,9.8,1.8,23.540000000000003,0.3,0.3,4.93,3.71,2.7
1228277.0,7.5,3.2,29.32,4.21,3.36,2.43,3.82,4.8
698330.0,8.8,2.7,28.330000000000002,2.81,5.26,2.48,2.43,3.85
823162.0,10.0,1.4,23.21,2.72,1.77,2.22,2.52,2.58
772739.0,10.3,3.9,30.320000000000004,6.1,2.32,6.01,0.0,1.69
732288.0,8.0,2.6,20.82,4.2,0.27,4.73,0.5,0.52
823460.0,7.0,1.2,19.81,5.61,2.85,2.29,0.0,0.86
834085.0,8.7,3.9,22.52,0.19,0.42,3.47,2.19,3.65
1460150.0,5.8,2.4,22.63,1.56,1.76,3.66,2.18,5.27
823662.0,9.6,1.8,21.24,0.96,1.81,1.87,1.66,3.54
625256.0,5.8,4.7,22.679999999999996,3.38,2.38,0.43,2.51,3.48
781241.0,8.0,2.5,16.340000000000003,0.13,0.0,0.54,2.59,2.58
824129.0,7.4,1.8,24.189999999999998,3.2,4.52,5.06,1.49,0.72
758685.0,8.9,3.9,27.639999999999997,6.36,2.04,1.47,2.92,2.05
666097.0,9.8,2.9,19.96,2.35,0.27,2.59,1.32,0.73
824245.0,8.7,1.4,17.769999999999996,3.38,0.69,1.91,0.7,0.99
883215.0,8.8,3.8,29.85,5.2,5.06,4.67,1.61,0.71
857946.0,8.0,2.7,27.43,5.32,0.0,4.98,3.25,3.18
824376.0,8.3,1.9,28.22,7.03,2.81,2.06,0.7,5.42
824279.0,9.4,4.7,32.040000000000006,4.87,0.67,4.71,5.04,2.65
734959.0,7.4,2.8,22.06,2.98,1.51,5.17,0.0,2.2
824680.0,7.4,1.5,26.4,6.55,1.94,3.0,2.18,3.83
867034.0,7.5,3.6,29.49,2.9,4.3,4.43,4.31,2.45
836384.0,8.9,2.9,22.12,2.35,0.96,3.82,0.0,3.19
824814.0,11.3,2.0,26.420000000000005,3.53,3.37,2.44,0.35,3.43
871332.0,10.6,3.3,29.019999999999996,2.86,0.81,3.15,3.29,5.01
718852.0,8.1,3.1,31.500000000000004,7.03,3.19,3.2,5.53,1.35
825120.0,7.9,1.6,19.81,0.0,2.74,2.91,3.03,1.63
821885.0,8.9,3.8,31.990000000000006,5.53,2.53,2.94,4.92,3.37
975241.0,7.2,2.7,26.050000000000004,0.58,5.4,5.2,3.53,1.44
825488.0,8.2,2.8,20.609999999999996,0.87,0.0,0.19,4.74,3.81
787703.0,9.9,4.1,27.560000000000002,1.19,2.72,3.97,2.83,2.85
710517.0,6.5,3.6,18.13,2.12,1.51,1.42,0.0,2.98
825527.0,6.7,0.9,19.889999999999997,2.42,0.17,2.6,4.79,2.31
925470.0,6.2,2.6,25.909999999999997,5.13,1.73,3.88,2.51,3.86
825530.0,7.4,1.7,23.9,0.84,2.83,4.88,4.64,1.61
820952.0,8.0,4.5,18.21,1.51,0.23,0.97,0.0,3.0
1244752.0,3.6,1.9,24.31,0.0,1.91,6.79,6.89,3.22
825780.0,4.8,0.0,9.52,0.0,0.44,3.75,0.44,0.09
906459.0,7.0,4.8,25.480000000000004,6.16,0.85,2.17,2.13,2.37
698391.0,8.7,2.8,32.87,6.56,2.62,0.94,6.45,4.8
826610.0,8.9,1.3,17.28,5.07,0.19,0.0,0.0,1.82
707441.0,7.5,3.4,22.549999999999997,5.75,2.84,0.47,0.27,2.32
696363.0,8.6,3.0,26.570000000000004,1.55,4.91,3.44,2.85,2.22
827171.0,8.5,1.3,26.740000000000002,4.49,3.19,4.39,2.2,2.67
864651.0,8.2,3.9,22.830000000000002,1.47,1.39,4.86,1.55,1.46
705286.0,9.1,2.9,28.259999999999998,4.67,4.72,2.38,2.59,1.9
827834.0,9.0,2.0,20.830000000000002,0.75,1.82,2.66,1.07,3.53
788959.0,8.7,3.6,29.720000000000002,7.61,0.0,5.01,2.37,2.43
742838.0,8.9,2.9,22.700000000000003,3.22,3.55,2.53,0.89,0.71
828227.0,9.6,1.7,19.57,7.15,1.0,0.0,0.0,0.12
852966.0,9.5,3.6,34.43,5.48,4.95,4.39,3.27,3.24
719324.0,9.2,2.9,31.619999999999994,6.66,1.68,0.0,8.12,3.06
828384.0,8.8,1.3,28.490000000000002,4.86,4.72,2.71,2.37,3.73
849514.0,8.9,3.5,22.93,0.0,0.82,3.3,2.85,3.56
859657.0,7.0,2.3,21.520000000000003,6.9,2.47,0.87,0.0,1.98
829605.0,8.3,1.5,16.45,0.78,0.77,1.92,0.0,3.18
766770.0,7.5,2.7,25.849999999999998,6.88,2.18,0.84,2.31,3.44
829631.0,7.7,1.6,27.770000000000003,10.0,1.18,3.8,0.05,3.44
842702.0,8.4,4.1,25.96,0.0,2.84,3.36,2.58,4.68
669175.0,9.3,3.0,24.11,1.7,2.53,5.31,0.0,2.27
830055.0,8.4,2.0,18.44,1.38,0.74,2.45,0.0,3.47
850425.0,8.3,3.6,29.380000000000003,4.47,3.04,5.23,1.25,3.49
721512.0,8.1,2.8,28.309999999999995,2.77,3.74,5.76,2.03,3.11
830359.0,7.4,1.7,24.73,3.25,2.44,4.37,0.85,4.72
832990.0,8.3,4.1,28.35,2.36,2.95,4.34,2.88,3.42
878948.0,7.1,2.5,28.950000000000003,7.78,1.41,4.28,2.03,3.85
830950.0,8.2,1.5,26.110000000000003,5.82,3.26,1.42,2.5,3.41
1384096.0,3.8,1.8,24.689999999999998,3.49,1.79,3.75,4.06,6.0
831661.0,8.9,2.3,28.06,1.74,2.29,4.36,4.56,3.91
909159.0,8.2,3.0,21.79,1.32,0.66,2.26,2.0,4.35
833356.0,8.0,1.9,16.669999999999998,0.62,0.0,2.08,0.85,3.22
997337.0,8.9,3.7,26.439999999999998,6.08,2.5,0.2,2.06,3.0
750942.0,8.5,3.0,22.81,4.02,3.2,1.75,0.75,1.59
834357.0,8.5,1.8,33.25,6.67,0.55,8.4,4.42,2.91
834623.0,8.7,3.7,24.449999999999992,6.51,0.97,1.49,2.45,0.63
1625498.0,6.6,1.9,18.11,0.0,2.22,2.77,2.71,1.91
835353.0,9.5,1.3,24.000000000000004,4.23,5.48,0.95,0.69,1.85
871279.0,9.4,3.9,33.28,4.89,3.6,2.21,6.2,3.08
1084158.0,6.1,2.4,22.98,4.49,4.6,2.53,0.87,1.99
835592.0,8.0,2.0,19.500000000000004,0.63,2.45,0.41,4.85,1.16
914489.0,7.9,4.2,21.05,2.63,0.0,1.76,2.51,2.05
728992.0,7.3,2.5,21.400000000000002,2.14,0.69,5.5,0.96,2.31
836224.0,7.9,1.3,15.660000000000002,1.41,0.48,0.03,1.89,2.65
730472.0,8.0,3.7,29.21,2.04,4.55,3.74,3.29,3.89
998135.0,7.8,2.6,19.220000000000002,3.08,0.0,2.1,1.29,2.35
836549.0,11.2,1.6,27.48,2.86,2.61,3.09,3.02,3.1
523619.0,12.3,3.9,27.599999999999998,0.56,0.61,1.34,3.6,5.29
771090.0,8.7,2.8,24.300000000000004,2.9,5.16,3.41,0.1,1.23
836648.0,8.3,2.1,19.9,3.46,0.32,2.8,0.0,2.92
863016.0,9.1,3.6,27.61,5.97,0.45,3.02,4.05,1.42
451065.0,8.8,3.0,24.71,0.52,2.09,1.43,5.86,3.01
836997.0,7.4,1.6,22.439999999999998,3.74,1.15,5.54,1.72,1.29
851482.0,7.9,4.2,21.72,3.76,1.88,3.65,0.0,0.33
726347.0,9.4,3.2,22.01,3.97,2.03,1.93,0.0,1.48
837416.0,9.4,1.8,27.71,4.32,4.5,1.45,5.31,0.93
793198.0,10.1,3.4,28.259999999999998,8.33,0.0,3.15,2.17,1.11
918910.0,7.4,2.4,25.630000000000003,3.12,2.55,2.6,3.84,3.72
837471.0,8.1,1.7,26.3,0.24,3.84,2.64,5.14,4.64
756610.0,8.4,3.9,26.519999999999996,4.98,2.72,1.81,1.42,3.29
534171.0,13.3,3.3,27.5,2.85,3.32,2.01,0.0,2.72
838009.0,13.6,2.2,28.46,1.8,0.0,5.16,3.49,2.21
403709.0,14.3,4.0,39.080000000000005,7.78,2.51,5.68,0.0,4.81
796212.0,7.8,2.9,22.46,4.38,5.12,1.46,0.8,0.0
838204.0,8.8,1.8,23.340000000000003,4.81,2.33,5.17,0.0,0.43
851821.0,8.5,4.0,21.44,2.82,3.51,2.1,0.0,0.51
853762.0,7.9,3.0,24.009999999999998,0.66,3.3,3.03,2.01,4.11
838232.0,9.8,1.5,28.849999999999998,3.92,3.26,4.53,5.1,0.74
624395.0,9.4,3.7,24.630000000000003,3.66,3.43,0.53,1.76,2.15
970633.0,6.2,2.5,29.390000000000004,3.72,6.54,6.28,2.37,1.78
838565.0,8.8,1.6,21.93,0.0,0.6,3.67,3.18,4.08
936484.0,7.9,3.8,25.35,2.59,4.71,4.61,1.64,0.1
774658.0,9.7,2.9,26.790000000000003,2.06,2.05,6.48,0.0,3.6
592977.0,9.4,2.9,20.41,1.48,0.0,5.43,0.0,1.2
838805.0,7.9,1.2,22.67,1.68,0.69,4.32,4.24,2.64
967826.0,7.3,3.9,28.48,2.17,6.95,2.14,1.81,4.21
774153.0,8.8,3.0,16.77,2.08,0.0,1.18,0.0,1.71
839707.0,11.6,2.4,25.109999999999996,3.71,0.83,3.4,0.54,2.63
603689.0,11.8,4.5,27.740000000000002,1.56,3.75,2.49,0.0,3.64
756787.0,7.2,3.0,26.36,5.59,1.83,4.25,0.0,4.49
840575.0,8.0,1.6,23.98,0.94,3.37,3.82,4.52,1.73
855504.0,8.1,3.5,18.49,0.0,0.0,4.28,0.0,2.61
881386.0,8.7,2.5,29.060000000000002,4.71,2.94,2.29,2.52,5.4
840924.0,10.8,1.7,29.249999999999996,8.37,4.06,2.96,1.15,0.21
576472.0,11.2,3.7,29.239999999999995,5.59,2.7,3.83,0.0,2.22
712851.0,7.4,2.5,22.32,0.0,4.99,0.0,3.67,3.76
841205.0,8.8,1.3,36.62,3.29,3.63,6.38,7.72,5.5
841954.0,9.2,3.9,24.69,1.96,2.16,2.44,1.78,3.25
963641.0,4.6,1.9,22.23,2.86,3.73,2.94,1.77,4.43
841446.0,7.9,0.9,21.45,6.92,0.98,2.15,1.12,1.48
711568.0,7.2,2.6,20.36,4.21,0.53,1.78,2.0,2.04
841478.0,6.7,1.3,19.43,0.07,5.27,1.94,0.66,3.49
894298.0,7.3,3.5,29.82,2.7,3.98,3.38,5.09,3.87
745391.0,7.0,2.8,15.58,0.79,0.01,0.0,3.15,1.83
842388.0,7.5,1.9,26.830000000000002,3.79,3.34,5.18,3.61,1.51
859776.0,8.1,4.7,28.72,5.98,3.04,2.31,1.52,3.07
870672.0,6.8,2.7,27.21,6.67,2.72,2.98,2.3,3.04
844810.0,8.6,2.1,30.9,6.72,1.46,4.21,4.23,3.58
801490.0,8.5,4.0,26.130000000000003,2.71,0.0,3.57,4.27,3.08
750874.0,9.3,2.8,19.84,0.78,2.71,1.71,1.2,1.34
844925.0,7.9,1.5,16.35,2.29,0.0,1.45,0.85,2.36
869431.0,8.3,3.2,17.06,0.87,0.0,2.72,0.48,1.49
1657694.0,5.8,2.5,25.589999999999996,6.04,3.65,1.72,2.71,3.17
845074.0,6.6,1.9,13.09,1.02,0.89,1.89,0.79,0.0
621893.0,11.2,4.2,34.980000000000004,7.14,2.62,4.4,2.56,2.86
764219.0,9.4,3.2,29.67,5.39,5.54,1.64,0.73,3.77
845099.0,8.3,1.7,32.940000000000005,6.32,4.03,5.44,1.51,5.64
721861.0,9.7,3.8,31.47,6.05,3.49,2.14,3.08,3.21
677395.0,10.1,3.0,22.8,0.29,1.58,6.88,0.19,0.76
845228.0,10.4,1.8,23.410000000000004,1.56,0.0,1.96,5.51,2.18
537078.0,12.7,3.3,30.24,0.0,2.77,5.34,2.83,3.3
738596.0,9.7,3.1,28.04,5.56,1.74,0.73,3.85,3.36
845391.0,8.5,1.5,21.79,4.04,3.04,1.84,2.64,0.23
877931.0,9.2,3.3,26.439999999999998,0.74,2.12,4.27,4.22,2.59
791764.0,8.3,3.0,23.369999999999997,2.2,3.4,2.54,1.62,2.31
846419.0,9.0,1.9,30.04,2.68,4.17,4.96,4.91,2.42
839978.0,8.9,4.2,27.13,4.23,5.79,2.42,0.61,0.98
839930.0,4.2,3.2,22.940000000000005,5.36,2.63,0.85,1.76,4.94
847050.0,5.6,1.5,24.04,5.8,2.61,2.91,1.8,3.82
805059.0,4.9,4.1,23.090000000000003,2.24,3.95,2.1,1.11,4.69
684055.0,10.5,2.9,27.650000000000002,2.81,6.94,2.37,2.13,0.0
847216.0,9.8,2.2,23.79,3.33,1.89,3.95,0.0,2.62
879152.0,10.0,3.5,25.67,3.3,4.31,1.3,0.0,3.26
754854.0,9.4,2.7,21.42,0.0,3.83,2.95,0.0,2.54
847448.0,9.0,1.6,24.349999999999998,5.17,2.55,1.22,1.06,3.75
834205.0,9.5,3.4,25.950000000000003,2.15,3.01,4.92,0.0,2.97
839382.0,6.4,2.6,28.970000000000002,5.62,4.8,6.59,1.48,1.48
847906.0,5.9,1.0,16.04,0.0,3.17,2.24,2.77,0.96
849452.0,7.6,3.8,29.310000000000002,7.52,5.33,0.0,1.19,3.87
1677473.0,6.4,2.8,19.83,0.5,0.0,3.12,4.27,2.74
848219.0,9.1,1.5,26.259999999999998,4.02,0.93,2.46,4.2,4.05
830732.0,8.9,3.9,30.639999999999997,7.38,2.43,4.93,1.47,1.63
740988.0,11.7,2.8,27.86,4.46,2.23,2.2,3.4,1.07
848701.0,10.9,2.2,30.41,6.24,3.08,2.77,0.0,5.22
594664.0,12.4,3.8,30.03,2.77,1.32,5.0,2.67,2.07
648924.0,7.5,3.1,18.82,2.53,0.3,2.5,0.13,2.76
849255.0,5.8,0.6,19.09,4.83,2.38,0.0,2.78,2.7
916505.0,8.3,4.8,29.720000000000002,4.99,2.05,4.72,3.15,1.71
767662.0,8.6,2.7,23.58,5.77,0.0,1.66,2.92,1.93
850344.0,7.9,1.7,27.93,2.78,3.22,5.45,4.18,2.7
844521.0,8.9,3.8,22.759999999999998,0.0,0.0,6.54,0.0,3.52
722617.0,8.1,3.0,23.07,1.95,2.65,2.43,0.0,4.94
850417.0,8.3,1.6,21.099999999999998,0.84,3.49,2.5,2.72,1.65
875262.0,7.6,4.2,28.939999999999998,2.17,6.94,4.04,0.77,3.22
786090.0,9.8,1.9,21.93,3.87,1.99,1.7,0.42,2.25
851330.0,9.6,1.5,25.07,10.0,0.0,0.92,2.83,0.22
923565.0,7.0,2.6,28.16,3.49,4.5,4.75,4.08,1.74
851929.0,7.8,1.7,19.74,2.09,0.39,6.47,0.0,1.29
992653.0,7.6,4.3,22.88,4.54,0.0,3.96,0.0,2.48
764337.0,8.8,2.9,26.430000000000003,5.92,1.0,2.44,0.0,5.37
852321.0,8.6,1.7,21.51,0.74,0.84,4.4,4.16,1.07
862249.0,8.2,3.9,19.99,0.0,2.32,1.28,1.65,2.64
1490415.0,5.2,2.4,24.709999999999997,3.69,0.93,0.0,6.58,5.91
852727.0,7.4,1.2,17.34,0.0,0.0,3.02,5.02,0.7
825279.0,6.0,4.0,27.47,5.56,3.93,2.5,2.77,2.71
910120.0,7.5,2.7,21.82,3.53,6.23,0.43,0.0,1.43
853331.0,8.5,1.8,22.35,2.62,2.69,2.44,1.57,2.73
893639.0,8.2,4.1,26.629999999999995,0.99,5.5,2.22,2.83,2.79
739696.0,9.1,2.9,21.39,0.97,1.94,3.61,0.0,2.87
853380.0,7.3,2.1,21.53,1.01,3.78,5.84,0.0,1.5
865143.0,8.6,3.6,30.230000000000004,4.58,2.35,2.98,4.62,3.5
703786.0,8.9,2.6,23.56,5.07,2.44,4.22,0.33,0.0
855468.0,7.8,2.4,23.310000000000002,3.32,2.96,3.46,0.95,2.42
760867.0,7.7,2.9,22.55,0.0,6.16,0.0,2.42,3.37
855635.0,8.9,1.9,25.150000000000002,1.86,2.89,5.3,2.46,1.84
919249.0,8.0,3.9,21.119999999999997,4.67,0.61,2.88,1.06,0.0
735842.0,8.6,3.0,20.259999999999998,4.52,0.0,2.52,0.0,1.62
856712.0,8.2,1.7,20.32,0.0,3.27,2.91,0.0,4.24
810823.0,10.2,3.4,24.58,0.89,3.04,2.4,3.48,1.17
789657.0,7.3,2.9,20.56,0.16,4.16,1.84,0.0,4.2
857577.0,7.8,1.2,18.82,3.84,1.7,3.44,0.0,0.84
862853.0,8.5,4.0,25.2,3.26,6.0,0.69,0.0,2.75
1311349.0,6.8,2.3,28.11,4.06,2.18,2.01,5.81,4.95
858829.0,11.2,1.8,25.38,0.0,1.0,4.38,3.37,3.63
742186.0,11.6,3.2,38.6,9.31,6.18,0.71,2.31,5.29
746875.0,7.9,2.3,20.86,1.52,0.3,3.81,0.0,5.03
859224.0,8.3,1.4,18.13,3.1,2.7,2.63,0.0,0.0
848094.0,8.8,4.1,30.13,6.29,2.81,3.02,3.98,1.13
776306.0,8.6,2.7,25.120000000000005,5.48,0.37,5.12,0.62,2.23
859425.0,7.5,1.5,15.540000000000001,3.16,1.99,0.64,0.0,0.75
882941.0,8.7,3.8,33.29,7.15,4.6,4.68,3.19,1.17
767877.0,8.6,2.9,25.03,0.0,5.69,3.46,4.38,0.0
859466.0,8.2,2.0,20.64,4.21,1.49,0.33,2.53,1.88
849785.0,9.7,3.8,31.34,5.96,2.08,6.82,0.0,2.98
731911.0,9.6,2.9,30.83,9.5,2.36,1.56,2.8,2.11
859724.0,7.2,1.7,27.230000000000004,4.48,6.18,3.64,0.91,3.12
545225.0,12.9,4.1,33.93000000000001,4.28,1.41,2.6,5.69,2.95
1482628.0,7.8,2.8,26.71,2.24,3.49,2.69,7.69,0.0
860850.0,9.3,1.8,26.439999999999998,3.63,0.59,2.51,2.61,6.0
1062316.0,8.1,3.5,31.98,4.12,3.04,7.93,2.6,2.69
1598003.0,4.7,2.2,15.100000000000001,1.9,0.0,4.53,1.77,0.0
860941.0,9.6,1.7,17.19,0.0,1.06,2.65,0.0,2.18
922113.0,7.3,3.2,17.42,2.83,0.0,3.16,0.0,0.93
822720.0,9.0,2.7,22.9,6.19,0.0,1.37,0.49,3.15
861189.0,8.9,1.6,19.23,0.84,3.68,0.34,1.1,2.77
858141.0,8.9,3.8,28.11,3.69,3.72,2.39,2.04,3.57
682275.0,8.8,2.5,26.25,1.32,5.49,4.32,0.65,3.17
861394.0,7.3,1.8,18.11,0.0,0.0,5.35,1.24,2.42
765761.0,8.7,4.5,26.86,0.0,5.4,2.4,2.47,3.39
1442603.0,4.1,2.0,16.2,4.67,0.0,4.48,0.0,0.95
861978.0,4.9,2.5,18.900000000000002,2.93,0.0,4.48,0.99,3.1
815720.0,8.7,3.0,20.72,0.0,0.0,4.4,3.4,1.22
791837.0,7.1,2.5,21.279999999999998,2.97,3.83,0.27,0.38,4.23
1004432.0,6.6,2.7,21.150000000000002,2.56,2.95,0.53,2.36,3.45
862154.0,7.7,1.9,27.14,2.77,4.41,4.16,4.16,2.04
860857.0,8.5,4.5,28.65,2.75,4.02,5.32,0.4,3.16
682128.0,8.2,2.6,25.36,0.6,4.64,6.21,0.0,3.11
864343.0,7.7,1.9,21.58,3.99,3.04,2.05,0.0,2.9
842835.0,9.4,4.6,27.52,0.94,3.1,6.39,0.0,3.09
852083.0,6.3,3.0,23.86,5.09,0.14,3.46,2.51,3.36
864624.0,6.3,2.2,16.630000000000003,0.0,4.96,2.46,0.0,0.71
478937.0,8.7,3.5,28.98,3.74,5.24,4.12,0.0,3.68
699914.0,8.4,3.0,26.169999999999998,3.38,5.63,0.58,2.64,2.54
865870.0,8.2,2.3,28.78,4.5,3.24,4.75,2.26,3.53
823967.0,8.6,4.6,32.199999999999996,6.35,3.3,4.75,0.0,4.6
1212492.0,6.0,2.6,19.73,2.95,3.06,1.5,0.0,3.62
866514.0,8.9,1.5,37.19,4.77,9.6,4.27,5.19,2.96
1028308.0,8.1,3.8,26.63,3.86,5.15,2.42,3.3,0.0
1122525.0,5.6,2.4,18.61,4.35,0.55,4.96,0.23,0.52
867220.0,9.0,1.3,23.68,5.01,2.17,3.54,0.0,2.66
743550.0,7.4,3.9,21.760000000000005,4.04,0.0,3.33,1.17,1.92
703372.0,8.3,2.6,32.830000000000005,7.7,2.59,1.91,4.53,5.2
867889.0,7.0,1.5,19.61,2.89,1.26,1.77,2.82,2.37
731781.0,7.7,3.8,25.83,3.02,5.24,2.45,3.62,0.0
829680.0,7.7,2.5,33.29,6.7,5.1,7.28,2.5,1.51
868144.0,7.4,2.0,24.11,5.19,1.4,1.91,3.04,3.17
927595.0,8.0,4.9,28.520000000000003,7.01,2.55,0.0,2.99,3.07
916988.0,5.0,2.6,24.6,3.29,5.14,2.94,3.79,1.84
868188.0,6.6,1.4,15.669999999999998,0.54,2.9,1.68,0.0,2.55
707133.0,7.9,3.3,27.979999999999997,4.81,4.41,3.65,0.0,3.91
759870.0,8.3,3.0,23.21,2.82,1.38,0.84,4.41,2.46
868241.0,6.7,1.2,19.540000000000003,2.97,0.86,2.98,3.14,1.69
854781.0,8.4,4.0,23.0,2.47,3.3,0.95,2.07,1.81
816657.0,8.7,3.1,24.58,2.44,4.84,2.68,0.0,2.82
868691.0,8.4,2.3,18.77,0.0,1.84,3.06,0.0,3.17
825047.0,9.4,4.6,29.6,1.81,3.45,2.38,3.38,4.58
1582766.0,5.4,2.5,25.679999999999996,3.19,2.33,6.41,2.95,2.9
869232.0,8.5,1.7,23.68,0.0,2.72,4.62,0.48,5.66
742364.0,9.0,4.3,23.85,1.34,1.77,0.78,2.92,3.74
771366.0,10.0,4.0,24.6,0.0,3.91,1.61,1.33,3.75
870392.0,9.9,2.2,24.15,1.29,3.94,2.47,1.31,3.04
474240.0,10.2,6.0,35.77,6.55,5.09,3.2,3.42,1.31
713400.0,9.8,2.9,24.62,1.96,0.0,4.29,3.78,1.89
870704.0,8.1,1.3,27.369999999999997,3.36,3.62,0.64,7.1,3.25
897990.0,8.1,3.7,25.04,0.0,0.15,4.55,5.34,3.2
745482.0,8.9,2.8,25.5,2.78,0.0,5.34,3.15,2.53
870729.0,8.0,1.6,19.07,2.39,1.99,1.78,1.84,1.47
888231.0,8.9,3.9,24.229999999999997,2.77,0.03,4.35,1.31,2.97
704795.0,8.3,3.1,18.790000000000003,4.24,1.3,1.37,0.0,0.48
871168.0,5.3,1.3,19.64,2.25,3.34,1.88,4.64,0.93
966546.0,7.1,3.6,34.25,3.03,5.49,6.82,4.37,3.84
764510.0,8.5,2.8,25.050000000000004,5.26,2.77,2.85,0.0,2.87
871990.0,7.5,1.7,19.74,4.45,1.72,1.15,0.0,3.22
907038.0,8.1,3.6,23.650000000000002,3.02,1.34,2.83,0.8,3.96
797232.0,8.2,2.7,30.009999999999998,4.55,1.28,5.0,3.72,4.56
872105.0,8.8,1.7,22.450000000000003,2.77,2.66,1.48,3.71,1.33
932665.0,7.1,3.4,20.080000000000002,3.96,0.91,4.55,0.0,0.16
785727.0,8.0,2.6,24.439999999999994,1.34,4.75,3.33,2.9,1.52
872247.0,8.6,1.3,20.69,4.14,2.66,1.01,0.0,2.98
897600.0,8.9,3.7,28.380000000000003,6.35,1.38,1.72,5.26,1.07
740784.0,10.0,2.8,29.58,2.36,5.04,5.48,0.73,3.17
872548.0,10.2,1.9,28.59,8.12,3.35,3.36,1.0,0.66
804835.0,10.8,3.5,24.980000000000004,3.16,2.87,0.84,2.14,1.67
734847.0,10.9,2.9,28.299999999999997,4.2,2.56,4.93,2.22,0.59
1508740.0,3.7,2.2,21.3,2.13,3.1,3.18,2.92,4.07
873854.0,2.5,0.7,20.689999999999998,9.61,0.0,3.15,1.39,3.34
1100988.0,7.4,2.2,16.95,3.01,0.0,2.87,0.0,1.47
874857.0,9.7,1.8,27.419999999999998,2.13,3.16,2.61,5.58,2.44
839886.0,9.5,3.8,22.67,2.26,4.6,1.59,0.0,0.92
1012686.0,6.9,2.7,21.130000000000003,4.13,1.95,1.87,1.91,1.67
876305.0,9.3,1.6,26.1,5.22,1.75,2.14,2.4,3.69
676283.0,10.0,3.4,24.060000000000002,1.1,1.31,3.02,0.68,4.55
528090.0,11.4,2.8,28.550000000000004,3.19,3.48,4.08,1.23,2.37
876779.0,10.0,1.6,32.019999999999996,8.35,1.22,3.31,3.37,4.17
383271.0,13.0,4.6,28.1,2.39,1.34,5.88,0.89,0.0
981634.0,4.3,2.2,18.32,3.27,2.0,1.26,3.22,2.07
876927.0,8.2,1.6,21.009999999999998,0.69,4.03,2.74,1.15,2.6
862678.0,6.9,4.1,22.43,2.05,3.8,1.33,0.8,3.45
652948.0,7.5,2.8,21.619999999999997,5.08,3.84,0.27,0.71,1.42
877236.0,9.2,2.5,26.969999999999995,3.42,0.0,5.18,1.29,5.38
688521.0,8.1,4.1,26.539999999999996,6.02,3.65,0.02,2.5,2.15
822225.0,8.2,2.5,28.63,1.13,1.13,6.98,3.39,5.3
877888.0,8.8,1.5,22.700000000000003,6.83,0.0,1.55,0.0,4.02
934632.0,9.7,3.5,21.879999999999995,0.79,2.49,1.88,1.77,1.75
666897.0,10.2,2.9,22.889999999999997,3.73,1.71,2.88,0.0,1.47
878191.0,9.5,1.8,35.089999999999996,10.0,2.68,6.96,1.14,3.01
549945.0,12.3,3.7,38.05,9.1,3.78,1.17,3.09,4.91
991787.0,5.9,4.1,24.64,6.41,3.11,3.85,0.0,1.27
879838.0,7.8,0.9,24.3,4.17,3.14,0.12,3.28,4.89
712115.0,6.5,4.0,26.840000000000003,1.97,5.92,3.19,1.32,3.94
815038.0,7.6,2.9,25.64,10.0,1.04,2.44,1.66,0.0
879974.0,8.4,1.8,19.86,4.74,0.0,0.0,1.52,3.4
909094.0,6.8,3.2,27.1,4.61,2.6,4.53,1.89,3.47
1100882.0,7.1,2.3,21.68,4.77,1.59,2.59,1.07,2.26
880757.0,8.5,0.8,17.07,0.0,0.0,0.09,4.8,2.88
864716.0,9.3,3.4,27.269999999999996,3.91,1.45,4.52,2.7,1.99
790429.0,7.1,2.8,21.73,5.62,2.34,0.12,2.37,1.38
881358.0,7.6,1.4,24.009999999999998,6.05,0.08,2.97,2.26,3.65
890002.0,9.4,3.4,26.18,2.78,1.99,3.59,2.38,2.64
821137.0,7.8,2.6,27.12,7.44,1.76,2.69,4.72,0.11
881943.0,8.1,1.2,14.179999999999998,0.2,0.59,1.78,1.51,0.8
780720.0,7.6,4.2,30.140000000000004,5.28,4.04,1.19,4.8,3.03
587509.0,11.5,3.0,31.900000000000002,4.2,6.4,2.93,1.5,2.37
882419.0,9.6,1.8,20.39,2.99,1.76,3.47,0.0,0.77
768209.0,8.3,2.8,29.900000000000002,4.74,2.28,6.48,2.92,2.38
883295.0,8.2,1.3,19.990000000000002,1.58,2.25,3.15,0.8,2.71
629935.0,10.3,3.5,22.98,6.06,0.0,1.86,0.0,1.26
788075.0,5.7,3.4,15.94,0.0,2.73,0.0,2.77,1.34
884440.0,8.3,2.1,25.64,1.53,0.4,3.52,5.53,4.26
692154.0,9.8,5.2,26.28,1.17,1.58,1.75,5.02,1.76
781005.0,9.5,2.9,24.37,1.63,0.63,3.66,3.37,2.68
885259.0,8.9,1.9,29.37,5.51,2.7,2.72,3.18,4.46
873677.0,9.5,3.7,33.61,2.65,4.89,4.57,6.14,2.16
773008.0,8.1,2.8,24.5,0.04,4.46,1.84,2.93,4.33
886551.0,8.9,1.5,15.899999999999999,1.2,0.94,0.85,0.53,1.98
930526.0,7.3,3.5,25.610000000000003,3.6,1.86,3.69,2.0,3.66
557637.0,11.4,3.2,25.2,2.83,4.43,2.9,0.44,0.0
887285.0,12.8,2.3,26.960000000000008,2.92,2.23,4.15,1.62,0.94
360066.0,14.3,4.1,34.58,3.16,2.72,6.02,1.32,2.96
835095.0,8.1,2.6,27.469999999999995,6.99,2.63,1.51,3.01,2.63
887383.0,9.1,2.1,22.65,4.89,0.0,2.15,3.29,1.12
785907.0,11.5,3.7,36.11,8.49,4.76,2.69,1.9,3.07
803029.0,8.5,2.6,25.63,3.23,0.26,3.49,4.43,3.12
887939.0,8.2,1.6,25.15,3.62,1.08,3.98,2.46,4.21
1005259.0,7.3,3.5,20.93,0.0,0.57,4.13,3.15,2.28
729374.0,8.3,2.5,16.58,0.0,0.0,1.6,2.09,2.09
887995.0,7.3,1.7,15.06,2.85,0.13,1.61,0.88,0.59
927621.0,7.9,4.0,25.29,7.87,0.0,1.47,1.7,2.35
1106548.0,8.5,2.5,26.3,5.1,5.32,0.4,0.0,4.48
888156.0,9.4,1.2,26.190000000000005,0.63,3.31,4.61,5.01,2.03
650732.0,9.7,3.5,23.779999999999998,6.16,0.58,1.85,0.0,1.99
717881.0,9.8,2.8,21.360000000000003,4.27,1.76,0.0,0.0,2.73
889262.0,10.1,1.9,23.73,2.67,1.96,5.9,1.2,0.0
552322.0,12.0,3.6,24.11,4.23,0.0,0.0,0.61,3.67
862024.0,7.8,2.8,29.26,4.61,3.2,3.19,3.55,4.11
889735.0,9.1,1.6,17.65,4.34,0.27,0.39,0.07,1.88
957450.0,6.8,4.0,30.520000000000003,4.68,5.28,5.77,1.48,2.51
728583.0,8.3,2.7,23.27,1.05,2.86,0.81,4.26,3.29
889933.0,6.2,1.5,9.4,0.0,0.56,1.0,0.0,0.14
936487.0,6.1,3.0,23.52,6.36,1.02,3.7,0.56,2.78
764289.0,8.5,2.8,21.759999999999998,0.0,3.38,2.83,2.86,1.39
890320.0,8.1,1.8,26.23,4.55,0.0,5.4,3.82,2.56
807306.0,9.4,3.9,35.71000000000001,8.96,5.69,1.44,0.87,5.45
1113206.0,5.9,2.3,25.999999999999996,5.72,1.11,4.18,2.66,4.13
890532.0,8.4,1.6,28.869999999999997,3.59,2.62,2.4,5.15,5.11
932071.0,8.7,4.0,24.31,1.81,3.12,0.0,3.32,3.36
1106283.0,3.4,1.8,21.0,3.2,4.65,1.52,4.02,2.41
890573.0,6.6,-0.1,19.52,4.18,0.99,3.73,0.71,3.41
663725.0,7.8,4.1,24.049999999999997,0.0,3.2,4.97,2.02,1.96
801839.0,8.6,2.6,28.4,0.41,1.84,5.43,5.11,4.41
890693.0,7.0,1.5,19.4,2.63,2.38,1.64,2.28,1.97
894150.0,7.9,3.9,18.16,0.03,0.55,0.72,3.65,1.41
796928.0,8.1,2.6,24.1,5.44,0.45,2.66,4.85,0.0
890977.0,8.0,1.8,26.67,4.51,3.71,1.84,2.42,4.39
775908.0,9.4,3.7,24.44,2.28,1.4,4.31,1.46,1.89
847709.0,8.5,2.7,22.46,2.74,3.41,1.55,2.16,1.4
891656.0,10.1,1.9,28.18,5.79,5.94,1.36,2.73,0.36
867479.0,8.3,4.0,20.270000000000003,3.85,1.93,0.0,0.0,2.19
801517.0,9.3,2.8,23.340000000000003,1.36,3.64,4.3,1.64,0.3
892537.0,11.7,2.0,35.49,5.46,4.83,6.43,3.59,1.48
609730.0,11.6,3.7,23.900000000000006,2.16,0.17,2.86,3.24,0.17
811556.0,6.8,3.1,20.2,4.21,1.05,1.18,1.2,2.66
894221.0,8.8,1.7,27.56,3.1,3.29,4.54,4.22,1.91
1038205.0,9.1,3.4,23.14,0.33,0.0,3.81,3.67,2.83
1057219.0,7.6,1.9,23.470000000000002,5.09,2.12,1.37,0.0,5.39
894740.0,8.3,2.1,30.179999999999996,4.44,4.06,4.15,4.72,2.41
796124.0,8.9,2.7,23.840000000000003,2.88,1.85,3.01,4.17,0.33
896159.0,8.6,1.7,25.219999999999995,10.0,0.0,2.01,0.0,2.91
908716.0,9.4,3.6,24.889999999999997,5.04,2.01,4.25,0.0,0.59
1568421.0,4.6,1.9,26.390000000000004,6.21,0.99,3.5,4.48,4.71
896508.0,8.3,1.7,21.68,6.39,2.33,2.13,0.35,0.48
1048443.0,7.4,3.3,18.32,1.87,1.3,2.21,2.24,0.0
1487387.0,6.6,2.7,22.89,5.06,2.75,4.2,0.21,1.37
897037.0,9.1,1.9,25.62,3.53,3.52,2.45,2.19,2.93
960605.0,7.5,4.2,25.629999999999995,2.22,5.66,0.65,2.89,2.51
1205157.0,4.7,2.9,18.67,0.0,2.88,1.97,4.18,2.04
898489.0,5.6,1.5,17.51,3.6,2.47,1.47,1.69,1.18
1290479.0,4.6,4.0,20.11,3.72,2.27,1.4,0.99,3.13
1254421.0,5.8,2.4,25.99,9.04,3.97,0.23,2.07,2.48
899598.0,8.9,1.6,29.880000000000003,4.45,3.57,4.01,2.62,4.73
910945.0,7.9,3.5,26.88,3.73,0.49,5.17,2.64,3.45
885205.0,9.2,2.9,19.63,2.54,0.7,0.18,1.09,3.02
899710.0,9.9,2.1,22.549999999999997,0.0,0.37,5.58,2.15,2.45
698458.0,10.7,3.5,33.629999999999995,8.78,2.54,2.41,3.36,2.34
771482.0,8.6,2.8,25.919999999999998,3.89,4.72,1.59,2.22,2.1
899879.0,8.0,1.4,19.48,4.26,4.3,0.0,0.68,0.84
903353.0,9.1,3.4,28.07,5.15,4.92,1.25,0.99,3.26
821004.0,9.5,2.7,27.1,6.86,1.12,0.92,1.59,4.41
900001.0,9.3,2.4,27.890000000000004,4.13,5.2,3.03,2.03,1.8
874234.0,10.1,3.6,24.68,1.52,0.0,4.61,0.6,4.25
906035.0,7.9,2.7,15.250000000000002,0.69,0.0,2.66,0.54,0.76
900469.0,6.8,1.4,19.699999999999996,5.21,0.0,3.17,1.56,1.56
949436.0,7.9,3.8,28.61,6.48,3.86,0.59,2.91,3.07
759375.0,8.8,2.7,24.4,4.08,4.3,0.34,0.0,4.18
900678.0,7.6,1.3,26.32,3.15,5.43,3.67,1.85,3.32
963275.0,7.9,3.6,20.25,1.76,0.0,4.35,2.21,0.43
1042454.0,7.8,2.5,23.98,0.0,3.77,5.66,1.37,2.88
903026.0,8.2,1.7,22.729999999999997,1.84,4.61,5.29,0.35,0.74
967456.0,8.6,3.7,27.119999999999997,0.0,2.77,3.61,8.44,0.0
832995.0,8.7,2.6,27.96,3.06,0.0,5.23,2.37,6.0
905468.0,8.6,2.0,24.95,3.67,3.21,4.36,0.0,3.11
972389.0,9.1,4.1,23.81,1.75,0.0,3.29,2.3,3.27
919158.0,7.9,2.7,20.960000000000004,0.0,3.77,3.55,1.6,1.44
906390.0,10.0,1.5,19.25,0.41,0.28,1.89,0.75,4.42
566781.0,10.5,4.1,36.04,7.39,6.23,3.73,1.86,2.23
831055.0,7.6,2.8,30.53,2.96,3.71,2.04,7.46,3.96
906733.0,7.3,1.5,27.970000000000002,4.15,3.72,2.81,4.64,3.85
988643.0,6.8,4.4,20.42,6.21,0.0,2.78,0.0,0.23
782623.0,8.7,2.9,21.37,2.61,0.0,5.04,0.0,2.12
907263.0,7.9,1.6,18.720000000000002,2.16,2.82,2.96,1.14,0.14
951226.0,7.2,3.6,27.939999999999998,2.59,1.3,5.35,4.01,3.89
516394.0,9.5,3.0,24.369999999999997,6.97,0.38,2.02,0.0,2.5
907397.0,7.8,1.6,30.370000000000005,7.04,4.76,3.98,2.43,2.76
920496.0,8.1,4.1,26.180000000000003,2.56,5.77,3.24,1.44,0.97
1230485.0,4.5,2.1,17.24,0.67,0.31,4.18,0.18,5.3
907760.0,8.4,2.6,24.82,5.1,0.0,4.43,3.33,0.96
1183117.0,6.6,2.9,18.15,1.54,0.11,3.69,1.35,1.96
841278.0,9.0,3.1,28.68,3.02,3.86,4.29,3.63,1.78
908342.0,9.0,2.0,26.53,5.65,4.6,1.16,2.3,1.82
777347.0,11.2,3.6,20.029999999999994,0.74,0.0,2.76,0.56,1.17
684574.0,7.8,2.3,21.819999999999997,6.23,0.5,1.88,0.0,3.11
908364.0,8.0,1.9,20.500000000000004,3.69,1.24,1.27,2.96,1.44
593575.0,11.0,4.5,26.349999999999998,1.22,5.02,0.04,0.57,4.0
1195545.0,3.9,1.2,18.94,6.95,1.22,2.78,0.48,2.41
909892.0,5.2,0.2,15.21,0.0,3.92,1.71,0.0,4.18
868819.0,7.7,2.6,22.720000000000002,4.93,0.0,2.19,2.0,3.3
787271.0,9.5,3.0,24.56,5.17,0.54,4.86,0.0,1.49
887435.0,6.0,2.4,18.56,0.37,2.51,3.0,0.0,4.28
910244.0,7.1,1.7,25.68,5.53,4.25,2.37,4.73,0.0
1046227.0,6.1,4.6,18.57,4.13,0.0,1.78,0.0,1.96
783459.0,8.4,2.6,23.59,1.73,1.51,2.45,4.93,1.97
910317.0,7.7,1.4,28.560000000000002,7.61,6.17,0.0,3.08,2.6
921938.0,8.2,3.7,28.060000000000002,5.73,0.69,2.86,4.35,2.53
1013731.0,5.9,2.7,19.55,3.43,2.91,2.54,0.0,2.07
910437.0,5.5,1.0,22.73,2.7,4.71,4.57,2.84,1.41
859234.0,6.4,3.7,14.96,0.0,0.04,1.46,0.77,2.59
846829.0,7.2,2.7,20.93,1.61,3.1,2.31,1.91,2.1
911712.0,7.8,1.4,23.709999999999994,1.84,5.13,2.06,0.31,5.17
966897.0,7.7,4.3,25.790000000000003,3.95,4.64,0.34,1.67,3.19
843942.0,7.9,2.8,20.53,4.01,2.75,0.99,0.0,2.08
914896.0,7.2,1.9,26.6,6.25,2.36,2.53,3.8,2.56
950291.0,6.9,3.6,30.490000000000006,6.3,1.03,6.01,2.69,3.96
849871.0,7.3,2.9,23.35,8.11,2.14,1.19,0.02,1.69
914964.0,8.1,1.7,20.88,2.13,5.05,0.63,3.27,0.0
917678.0,8.2,3.7,22.56,1.89,4.2,3.58,0.31,0.68
828910.0,8.1,2.8,30.259999999999998,1.5,5.36,5.59,4.29,2.62
915639.0,7.3,2.3,33.019999999999996,4.62,5.99,3.4,5.83,3.58
956781.0,8.3,3.4,21.39,1.33,1.78,0.0,4.14,2.44
753019.0,9.9,2.8,23.98,3.64,1.43,5.73,0.0,0.48
916024.0,9.2,1.6,24.43,5.35,1.96,2.76,1.42,2.14
850442.0,10.2,3.5,28.520000000000003,5.26,0.0,4.07,3.94,1.55
1700583.0,4.3,1.9,19.509999999999994,1.41,4.97,3.51,1.68,1.74
917311.0,7.2,1.2,26.95,2.05,6.41,1.56,5.59,2.94
918146.0,7.2,3.6,26.270000000000003,4.98,1.28,6.07,0.0,3.14
1328065.0,9.1,3.0,28.200000000000003,3.48,2.52,4.68,1.87,3.55
917410.0,7.9,1.9,18.3,1.19,0.36,0.98,3.31,2.66
952770.0,9.4,3.8,33.25,5.24,4.67,4.54,5.02,0.58
1141128.0,5.4,2.4,12.540000000000001,0.0,0.47,0.58,1.04,2.65
918417.0,6.5,1.4,17.330000000000002,1.92,0.0,2.4,2.42,2.69
1026899.0,7.4,3.3,18.529999999999998,0.0,0.09,3.34,2.27,2.13
765293.0,10.2,2.9,27.17,3.71,2.94,3.5,1.01,2.91
918711.0,8.8,1.6,23.91,0.93,4.07,3.4,4.55,0.56
700608.0,9.1,4.0,33.29,6.19,4.03,3.6,3.0,3.37
872438.0,7.2,2.8,25.78,2.32,3.16,3.48,3.49,3.33
918722.0,7.3,1.9,12.729999999999999,0.0,0.0,3.42,0.0,0.11
891663.0,9.1,4.2,26.290000000000003,4.15,0.22,4.64,0.0,3.98
921536.0,8.1,2.6,29.41,7.43,2.71,4.61,0.0,3.96
919342.0,8.3,1.4,28.550000000000004,6.35,2.32,4.68,1.1,4.4
840361.0,7.6,4.1,23.020000000000003,0.0,3.14,3.01,2.99,2.18
926298.0,7.3,2.4,29.27,4.08,2.1,5.29,4.94,3.16
920103.0,6.6,1.2,23.909999999999997,7.36,2.18,5.09,0.74,0.74
689498.0,8.8,4.0,21.73,0.45,2.73,0.62,2.83,2.3
810987.0,8.0,2.6,23.259999999999998,5.64,0.0,3.09,3.93,0.0
920320.0,7.6,1.1,17.490000000000002,0.22,2.64,0.0,3.22,2.71
998507.0,7.5,4.0,24.59,4.05,3.83,0.4,0.9,3.91
857899.0,7.2,2.7,31.970000000000002,9.45,5.31,2.78,0.0,4.53
922305.0,7.8,1.7,19.94,0.57,0.0,3.98,4.87,1.02
914941.0,7.8,3.6,29.74,5.54,3.09,5.59,1.56,2.56
804586.0,7.2,2.7,20.119999999999997,0.0,3.65,3.02,0.54,3.01
923795.0,7.0,1.5,21.71,4.64,2.49,3.6,1.28,1.2
999818.0,6.8,3.9,24.209999999999997,0.0,4.87,3.31,2.67,2.66
806400.0,8.4,2.7,21.720000000000002,4.08,0.0,1.89,1.71,2.94
924943.0,7.3,2.1,23.800000000000004,7.34,0.0,3.42,0.0,3.64
963289.0,7.2,4.0,20.07,0.35,2.74,2.09,0.0,3.69
838981.0,7.3,2.6,18.0,3.44,0.6,2.17,0.21,1.68
925221.0,6.7,1.3,21.759999999999998,4.72,2.16,3.05,2.79,1.04
921810.0,8.2,3.8,24.89,2.89,2.41,4.38,0.25,2.96
897704.0,7.4,2.8,31.25,3.67,7.32,4.57,3.53,1.96
926137.0,8.7,1.7,26.799999999999997,0.0,4.13,4.97,3.71,3.59
1431299.0,5.2,3.5,27.289999999999996,4.72,2.29,3.5,5.42,2.66
1056172.0,5.6,2.3,23.68,0.39,5.9,3.21,3.04,3.24
927188.0,7.1,1.7,29.52,10.0,3.89,0.94,4.28,1.61
914688.0,8.6,3.7,21.87,2.68,2.28,2.14,1.81,0.66
1100129.0,5.9,2.8,27.95,3.63,2.02,2.86,6.55,4.19
927302.0,10.2,1.5,21.58,0.0,0.0,5.12,4.76,0.0
881406.0,7.2,2.7,24.77,2.59,2.73,2.55,2.77,4.23
928901.0,9.2,1.7,41.08,6.95,6.39,3.85,6.99,6.0
902754.0,8.6,4.2,31.75,6.22,4.13,0.71,3.37,4.52
985062.0,5.6,1.3,24.650000000000002,5.32,0.0,5.46,4.1,2.87
929264.0,4.9,2.3,21.770000000000003,1.91,5.64,2.49,0.0,4.53
1744096.0,1.1,3.7,19.87,3.11,5.7,2.84,1.12,2.3
830491.0,8.8,2.9,23.64,4.74,3.57,1.61,0.0,2.02
930105.0,9.7,1.9,16.03,2.89,0.0,0.0,0.47,1.07
680023.0,11.7,3.5,21.54,3.1,0.56,0.0,0.83,1.85
873875.0,9.6,2.9,26.44,4.57,0.55,4.87,1.82,2.13
930125.0,10.2,2.2,27.26,2.78,2.75,4.99,0.0,4.34
617924.0,12.7,3.3,26.03,0.19,1.66,3.79,4.35,0.04
876953.0,6.7,2.7,15.06,0.1,0.9,1.17,0.91,2.58
930128.0,8.2,1.6,17.729999999999997,4.75,1.85,0.0,0.47,0.86
882090.0,8.7,3.6,29.839999999999996,3.28,1.56,6.85,4.19,1.66
558230.0,7.7,3.2,22.749999999999996,2.0,3.5,1.11,3.15,2.09
930151.0,7.0,1.6,24.649999999999995,3.92,3.17,0.5,4.51,3.95
963288.0,6.8,4.0,24.490000000000002,1.23,4.45,2.09,4.09,1.83
685633.0,11.3,2.7,32.790000000000006,4.69,2.14,5.32,2.26,4.38
930210.0,8.2,1.9,30.419999999999998,9.29,5.48,3.99,0.0,1.56
681410.0,9.9,3.9,25.67,3.24,1.56,2.85,1.64,2.58
859929.0,6.9,2.6,18.279999999999998,0.95,1.68,4.09,0.0,2.06
930623.0,7.9,1.5,25.68,6.86,0.49,5.15,2.45,1.33
932402.0,7.5,2.7,21.23,5.95,0.0,0.26,1.32,3.5
861374.0,7.0,2.4,20.860000000000003,1.6,3.15,2.59,3.02,1.1
930639.0,8.0,1.2,24.85,5.55,0.0,2.62,3.58,3.9
1007795.0,7.2,3.6,25.270000000000003,3.96,1.43,6.57,0.0,2.51
1073140.0,5.9,2.6,26.82,6.45,3.26,4.72,0.0,3.89
931683.0,6.6,1.4,21.970000000000002,3.92,1.9,1.59,3.1,3.46
943188.0,8.4,2.9,21.54,3.51,0.0,1.2,2.86,2.67
840184.0,6.1,3.0,22.39,1.57,2.5,2.08,4.54,2.6
931790.0,6.6,0.8,23.939999999999998,3.9,4.67,0.38,3.29,4.3
772647.0,6.7,3.3,30.0,5.69,5.01,2.81,1.7,4.79
801016.0,8.5,3.2,22.349999999999998,0.74,2.12,3.7,2.94,1.15
932724.0,7.7,2.0,32.970000000000006,7.84,1.87,4.83,3.17,5.56
824387.0,8.8,4.9,27.72,1.67,4.49,5.52,0.94,1.4
822612.0,6.9,2.8,24.180000000000003,6.21,0.17,2.2,4.49,1.41
934259.0,7.9,1.4,20.060000000000002,0.13,2.51,1.89,3.83,2.4
858257.0,8.9,3.9,27.75,3.29,3.52,4.14,1.59,2.41
980577.0,6.6,2.4,26.42,8.17,4.29,0.92,1.47,2.57
934277.0,6.7,0.8,20.859999999999996,2.28,0.91,3.96,4.76,1.45
702700.0,7.7,3.9,29.08,2.97,4.51,3.81,2.48,3.71
847259.0,4.1,1.4,18.009999999999998,1.01,3.0,5.22,1.49,1.79
934673.0,7.2,3.0,24.559999999999995,3.86,6.31,0.54,0.82,2.83
1652316.0,4.9,3.6,18.36,3.53,2.61,0.02,0.72,2.98
1597610.0,6.1,1.9,20.55,5.99,1.4,1.03,2.47,1.66
875634.0,7.5,2.3,23.95,4.82,0.6,2.97,2.29,3.47
885409.0,6.3,2.5,20.34,1.2,3.03,1.54,2.68,3.09
934754.0,7.1,1.6,17.55,2.06,1.46,3.39,0.91,1.03
767471.0,8.8,4.4,25.990000000000002,5.13,3.87,0.54,3.25,0.0
909900.0,6.9,2.5,15.389999999999999,2.25,0.0,2.3,0.49,0.95
935273.0,6.5,0.5,26.849999999999994,5.72,1.94,2.1,4.76,5.33
744771.0,7.4,3.7,23.310000000000002,3.86,0.47,2.69,1.3,3.89
899320.0,7.5,1.5,24.31,4.34,2.15,4.03,4.3,0.49
935357.0,6.4,1.3,20.44,8.04,0.0,1.33,1.96,1.41
1069416.0,6.1,4.1,28.88,4.61,3.71,4.92,4.12,1.32
836135.0,8.3,2.7,23.910000000000004,2.25,5.49,0.39,4.78,0.0
935389.0,7.9,1.7,20.020000000000003,2.23,2.69,2.39,0.28,2.83
753851.0,10.6,3.9,31.34,1.18,5.5,2.82,4.11,3.23
853173.0,7.2,2.7,18.77,0.0,3.51,2.11,2.31,0.94
935910.0,8.2,2.0,26.439999999999998,2.64,5.46,5.63,0.0,2.51
933089.0,7.9,3.5,26.720000000000002,5.97,1.05,1.6,1.73,4.97
1617455.0,4.4,2.5,24.130000000000003,3.43,6.16,2.18,2.36,3.1
935949.0,8.0,0.9,21.36,3.01,0.0,2.71,3.61,3.13
927054.0,8.8,3.8,22.3,2.76,2.07,0.92,0.0,3.95
1129078.0,6.2,2.3,25.94,5.63,3.47,1.21,5.01,2.12
936273.0,7.5,1.6,22.61,1.52,2.84,2.44,2.35,4.36
901713.0,9.0,3.8,26.85,3.4,3.94,3.47,1.73,1.51
804479.0,9.1,3.0,25.330000000000002,3.94,3.27,1.71,1.28,3.03
936718.0,8.7,1.3,23.56,2.35,0.0,6.14,3.03,2.04
909572.0,9.8,3.6,27.130000000000003,4.29,0.0,0.73,2.71,6.0
894270.0,7.2,2.9,27.7,6.78,4.64,3.89,0.0,2.29
937274.0,7.3,1.8,29.860000000000003,4.29,0.03,6.5,3.94,6.0
1000323.0,7.6,3.9,31.709999999999997,5.79,5.34,3.22,5.21,0.65
785517.0,6.7,2.8,26.55,2.05,5.12,3.61,5.04,1.23
937723.0,7.5,1.1,16.880000000000003,0.0,5.15,2.94,0.0,0.19
1019804.0,5.8,3.5,20.25,2.63,6.29,0.0,0.14,1.89
1011488.0,6.7,2.5,25.27,3.9,2.07,4.14,3.23,2.73
937938.0,7.8,1.8,27.33,5.9,0.96,4.51,2.29,4.07
989587.0,7.8,3.6,25.95,2.84,0.0,3.83,4.08,3.8
957102.0,7.4,2.2,16.64,0.17,1.96,2.65,0.0,2.26
938071.0,8.8,1.7,28.850000000000005,3.12,3.37,3.42,7.12,1.32
661607.0,9.7,4.3,17.57,0.0,0.0,0.38,0.7,2.49
1497333.0,1.5,1.2,19.630000000000003,0.28,3.62,5.71,3.04,4.28
938205.0,6.5,1.5,33.86,8.68,6.42,5.94,0.0,4.82
934778.0,7.1,3.1,22.15,4.88,4.27,1.28,0.0,1.52
939934.0,8.3,1.3,18.52,2.05,3.91,1.49,0.16,1.31
945379.0,8.3,3.9,32.16,5.09,1.38,5.12,3.2,5.17
1397500.0,5.0,1.0,16.84,4.3,3.04,1.03,0.54,1.93
940583.0,9.0,1.0,22.04,2.22,2.33,1.7,3.7,2.09
1295305.0,3.3,4.8,22.470000000000002,3.06,1.42,5.2,3.1,1.59
815679.0,7.9,3.0,15.06,2.41,0.0,0.7,0.0,1.05
940883.0,7.2,1.5,22.21,2.33,3.99,2.07,1.39,3.73
952337.0,8.1,3.8,24.009999999999998,2.1,5.62,0.64,0.0,3.75
1203184.0,4.9,2.3,13.969999999999999,0.56,0.0,0.64,2.46,3.11
941239.0,6.8,1.1,17.23,1.15,3.6,0.36,2.85,1.37
865926.0,7.1,3.2,25.259999999999998,7.51,0.56,3.22,1.86,1.81
885937.0,7.2,2.5,20.560000000000002,4.24,2.13,2.44,1.28,0.77
942400.0,9.9,0.6,23.88,0.0,0.0,5.27,5.18,2.93
621803.0,10.2,3.2,34.78999999999999,0.0,4.97,4.9,6.56,4.96
1051636.0,5.6,2.5,23.62,3.22,3.96,2.34,0.0,6.0
943771.0,6.8,1.3,18.93,4.65,2.05,0.37,0.0,3.76
951911.0,7.0,4.2,25.680000000000003,1.37,4.28,4.62,3.55,0.66
785272.0,7.6,3.0,23.07,2.72,2.99,3.04,2.58,1.14
943802.0,7.9,1.2,31.82,10.0,4.63,2.07,0.54,5.48
952435.0,8.5,3.8,23.19,4.36,0.0,0.41,1.85,4.27
1510096.0,6.8,2.0,21.49,7.41,1.82,3.06,0.0,0.4
943882.0,9.0,1.4,19.990000000000002,1.64,0.0,3.55,0.22,4.18
836670.0,7.9,3.8,29.51,4.45,0.0,4.12,5.53,3.71
1674881.0,3.6,2.6,21.540000000000003,5.26,1.85,4.25,2.3,1.68
944123.0,8.3,1.5,22.16,4.38,2.52,2.52,0.0,2.94
522491.0,12.5,3.8,29.72,3.22,2.39,2.45,2.75,2.61
872799.0,8.6,3.0,26.31,2.07,2.59,5.43,0.0,4.62
944141.0,8.7,2.1,21.22,0.51,1.53,3.81,2.38,2.19
929393.0,9.5,3.8,22.349999999999998,2.99,0.0,1.59,2.93,1.54
1678068.0,5.0,1.8,14.99,2.07,3.01,0.31,0.13,2.67
944199.0,7.5,1.0,23.770000000000003,5.18,2.49,5.64,0.0,1.96
877567.0,8.1,3.5,18.07,0.84,0.3,1.52,1.35,2.46
884626.0,7.3,2.9,27.500000000000004,4.03,6.91,0.0,2.49,3.87
944610.0,7.0,1.3,25.18,5.61,2.39,0.95,3.82,4.11
927792.0,6.8,3.7,26.48,3.77,1.16,3.43,2.32,5.3
776800.0,7.9,2.8,24.38,0.34,1.8,4.96,4.02,2.56
944742.0,6.6,2.1,18.22,0.74,0.02,3.61,3.15,2.0
889966.0,8.3,4.4,28.81,6.03,3.67,3.89,0.0,2.52
888893.0,7.6,2.7,22.53,3.64,0.0,3.71,2.31,2.57
946754.0,7.3,1.5,15.6,0.83,2.59,2.94,0.44,0.0
955059.0,7.1,3.7,18.410000000000004,1.85,1.54,1.09,2.85,0.28
864024.0,7.5,2.6,22.529999999999998,4.34,1.27,3.58,0.95,2.29
1672820.0,4.6,2.1,25.740000000000002,6.21,2.15,4.46,3.73,2.49
947990.0,6.8,1.4,16.38,1.15,0.0,1.93,3.05,2.05
1079984.0,6.2,2.3,23.130000000000003,0.29,5.94,4.82,3.58,0.0
771914.0,6.1,3.3,25.339999999999996,7.13,2.7,1.73,2.37,2.01
948083.0,4.6,1.9,21.900000000000002,2.14,4.3,3.6,1.43,3.93
1171689.0,5.2,3.5,25.019999999999996,4.14,3.68,3.31,1.15,4.04
909161.0,7.6,2.8,19.989999999999995,0.0,4.93,0.77,0.13,3.76
948480.0,7.3,1.5,16.509999999999998,3.76,0.0,0.69,0.0,3.26
950921.0,7.7,3.9,21.42,4.61,0.0,1.25,0.04,3.92
1095070.0,6.0,2.5,20.98,3.69,4.12,2.08,2.59,0.0
949188.0,7.2,1.4,22.65,4.59,0.73,4.92,2.68,1.13
931294.0,8.4,3.2,23.36,4.32,0.0,1.13,3.57,2.74
939034.0,6.3,2.7,24.42,5.94,0.59,2.44,4.22,2.23
949637.0,7.0,1.5,21.78,1.69,0.74,5.1,3.06,2.69
978411.0,7.0,4.3,34.85,8.04,5.7,4.1,1.77,3.94
821091.0,6.9,2.8,22.63,2.84,3.11,2.02,2.93,2.03
949724.0,6.8,1.3,20.21,4.66,1.94,4.73,0.61,0.17
884539.0,7.0,3.3,23.95,2.87,6.31,2.52,0.0,1.95
611629.0,7.8,2.1,21.45,4.85,2.13,3.97,0.18,0.42
949750.0,7.5,1.3,29.0,7.0,4.44,4.26,2.19,2.31
1156302.0,4.5,5.5,29.279999999999998,8.54,1.97,3.05,3.2,2.52
880739.0,8.9,2.8,18.52,0.0,1.59,0.0,2.32,2.91
949843.0,8.6,1.5,19.529999999999998,3.18,1.46,2.9,0.0,1.89
879683.0,9.2,3.6,20.709999999999997,3.14,2.1,0.38,2.29,0.0
1501116.0,4.8,2.3,17.869999999999997,0.0,2.1,4.08,1.36,3.23
950474.0,8.1,1.8,22.900000000000002,1.9,5.33,3.58,0.0,2.19
774170.0,10.0,3.4,28.87,4.69,4.39,4.48,1.3,0.61
839720.0,8.4,2.8,20.56,0.0,2.25,3.64,0.08,3.39
950514.0,8.1,1.8,22.470000000000002,4.54,1.14,3.73,3.16,0.0
969661.0,8.9,3.0,30.290000000000006,9.2,4.07,1.46,1.42,2.24
846236.0,6.6,2.7,19.310000000000002,0.92,2.18,1.52,2.61,2.78
951798.0,7.5,1.1,22.669999999999998,3.39,3.01,3.11,2.41,2.15
1036604.0,7.6,3.6,27.729999999999997,3.68,2.81,4.06,2.76,3.22
874669.0,7.2,2.8,26.229999999999997,3.73,1.92,4.69,2.17,3.72
953378.0,7.1,1.6,25.76,7.02,3.99,1.78,1.81,2.46
749817.0,10.1,3.9,30.86,4.43,2.07,7.36,1.15,1.85
1260692.0,4.3,2.4,22.179999999999996,2.69,0.35,7.02,1.54,3.88
954128.0,5.8,1.2,20.959999999999997,5.48,2.29,1.31,1.84,3.04
881448.0,7.3,3.6,15.360000000000001,0.0,0.0,2.2,2.26,0.0
779881.0,8.6,2.7,19.77,0.61,0.0,6.13,0.0,1.73
954219.0,7.7,1.2,22.770000000000003,1.11,6.81,4.03,1.32,0.6
993006.0,8.4,3.5,17.550000000000004,1.56,3.03,0.35,0.05,0.66
1189029.0,5.1,2.7,16.07,1.9,2.87,1.47,1.7,0.33
956176.0,8.4,1.3,25.560000000000002,4.03,1.21,3.85,2.69,4.08
1247438.0,6.0,3.3,26.450000000000006,4.65,4.43,4.62,2.44,1.01
929096.0,6.8,2.9,20.479999999999997,3.33,1.35,4.17,0.0,1.93
956368.0,6.5,1.5,24.099999999999998,7.69,0.82,2.74,1.29,3.56
926379.0,7.7,4.0,27.88,5.0,2.06,4.48,2.8,1.84
872140.0,6.9,2.8,20.08,1.76,2.86,3.03,1.48,1.25
956740.0,7.5,1.5,17.75,1.85,0.73,3.73,0.3,2.14
969951.0,8.5,3.7,24.990000000000002,0.0,2.26,3.2,4.03,3.3
798119.0,7.7,2.7,30.92,5.12,3.96,4.43,5.19,1.82
957483.0,6.8,1.0,16.130000000000003,0.34,3.39,2.74,0.0,1.86
1037036.0,7.1,3.5,23.790000000000003,0.0,3.38,3.26,2.93,3.62
1129808.0,5.2,2.5,25.410000000000004,5.01,1.67,4.93,3.3,2.8
957891.0,7.8,1.4,22.27,2.88,0.96,2.5,3.14,3.59
811018.0,7.7,4.2,25.810000000000002,3.04,2.07,2.8,2.69,3.31
894814.0,7.5,2.6,30.98,7.26,2.28,5.04,4.87,1.43
957910.0,8.3,1.8,16.84,0.0,4.59,0.19,1.96,0.0
999171.0,7.7,3.8,23.09,0.03,0.0,4.96,2.1,4.5
1373806.0,3.1,2.4,15.24,2.29,2.51,0.85,1.95,2.14
960258.0,6.0,-0.1,15.66,5.25,0.37,1.43,2.71,0.0
874035.0,9.9,1.9,27.4,5.13,2.95,2.82,0.88,3.82
1703386.0,3.1,2.0,18.15,5.14,2.41,2.05,0.42,3.03
961053.0,8.0,1.2,18.58,0.0,3.8,0.0,2.34,3.24
725292.0,9.5,4.1,31.88,6.3,0.0,4.84,4.3,2.84
930119.0,7.0,2.4,25.22,5.34,2.58,1.88,3.84,2.18
961092.0,8.0,2.2,31.73,5.01,5.51,4.17,4.28,2.56
1031083.0,8.0,3.8,21.36,0.14,3.03,0.52,1.88,3.99
863406.0,7.9,2.5,23.82,4.56,4.36,0.9,3.6,0.0
961416.0,7.8,1.7,22.87,4.69,0.23,3.66,1.24,3.55
918266.0,8.9,3.5,26.78,3.23,3.05,2.03,3.39,2.68
970673.0,8.0,2.2,17.23,0.89,2.13,1.1,1.13,1.78
961655.0,7.1,2.0,16.64,0.23,2.39,3.39,0.07,1.46
855804.0,7.6,3.9,27.47,6.37,5.1,0.06,0.09,4.35
855490.0,6.3,2.7,17.15,0.0,0.12,4.99,0.0,3.04
962072.0,5.8,1.3,17.51,2.06,2.94,0.07,0.64,4.7
1025616.0,7.2,3.5,32.08,5.14,5.39,3.94,3.06,3.85
818691.0,7.9,2.5,27.290000000000003,4.81,5.66,1.35,1.73,3.34
962103.0,7.7,1.1,18.42,2.71,2.12,2.06,2.73,0.0
1021216.0,8.1,3.9,25.970000000000002,2.0,0.0,3.46,4.39,4.12
926507.0,7.0,2.7,21.380000000000003,2.22,1.88,2.73,3.32,1.53
963264.0,8.3,1.8,22.770000000000003,3.75,3.79,1.37,0.0,3.76
979705.0,9.0,3.4,30.0,7.17,5.54,2.29,1.39,1.21
816819.0,7.4,2.8,19.17,0.15,4.39,0.38,1.22,2.83
964122.0,8.2,1.4,28.449999999999996,5.12,4.77,3.29,0.0,5.67
1097333.0,7.3,3.5,29.96,6.13,0.0,5.59,4.78,2.66
1507528.0,4.0,2.0,17.32,4.77,1.3,2.24,0.0,3.01
965259.0,7.9,1.3,28.040000000000003,4.19,3.67,2.46,6.84,1.68
844478.0,7.3,3.7,34.9,3.78,5.42,3.98,5.32,5.4
770614.0,7.1,2.4,26.789999999999996,6.76,5.63,1.92,0.0,2.98
966836.0,7.9,1.0,15.31,0.35,1.57,1.76,2.08,0.65
573537.0,8.1,4.4,28.31,1.92,3.93,2.68,4.33,2.95
1297361.0,6.4,2.8,21.700000000000003,4.57,1.55,0.63,3.97,1.78
968381.0,8.6,1.3,20.0,4.67,0.0,2.93,1.73,0.77
885166.0,8.5,2.8,26.610000000000003,5.46,2.51,3.73,2.92,0.69
968695.0,8.6,1.5,20.84,2.46,2.15,1.24,0.0,4.89
606167.0,9.4,4.2,25.160000000000004,0.0,2.82,4.94,2.34,1.46
917766.0,7.0,2.9,24.87,3.21,0.82,7.3,0.52,3.12
968723.0,7.1,1.8,23.299999999999997,2.49,4.68,2.63,3.97,0.63
857775.0,8.9,4.1,19.05,3.88,0.92,1.25,0.0,0.0
909039.0,7.1,3.1,22.32,4.02,2.98,3.0,0.0,2.12
968755.0,8.3,1.9,25.03,4.27,5.96,1.02,1.89,1.69
552132.0,10.1,4.5,32.85,4.82,4.98,5.17,0.59,2.69
1629002.0,7.1,2.5,22.119999999999997,2.5,2.23,5.12,0.0,2.67
969202.0,9.6,1.5,22.069999999999997,1.68,0.86,3.46,3.52,1.45
902890.0,9.0,4.0,22.97,0.23,0.9,4.02,1.6,3.22
841546.0,6.2,2.2,18.91,0.76,1.59,2.35,4.31,1.5
969352.0,7.9,0.9,24.25,8.01,0.74,3.75,1.46,1.49
890202.0,6.5,2.7,23.740000000000002,5.0,2.16,3.57,2.89,0.92
969910.0,6.5,1.4,27.369999999999994,4.58,4.1,4.51,2.31,3.97
969678.0,7.1,4.2,24.0,4.42,3.55,0.0,1.04,3.69
860877.0,7.1,2.8,23.599999999999998,5.51,0.54,1.56,3.57,2.52
969993.0,7.1,1.6,23.819999999999997,6.2,1.01,4.6,3.31,0.0
878833.0,9.4,2.9,26.090000000000003,6.96,1.51,0.0,1.51,3.81
970680.0,8.7,1.5,35.21,7.8,6.91,4.66,0.56,5.08
869256.0,10.7,4.1,24.53,0.0,1.52,2.21,3.63,2.37
915380.0,6.8,3.2,30.8,5.85,4.37,3.91,4.82,1.85
970884.0,7.8,2.1,20.33,0.0,3.21,3.09,2.25,1.88
602198.0,10.9,4.3,33.31,6.91,0.0,1.87,4.85,4.48
859428.0,7.6,2.7,29.049999999999997,5.54,4.35,3.29,3.92,1.65
971402.0,7.9,1.3,17.84,0.0,3.11,1.01,1.69,2.83
992006.0,7.2,3.4,29.629999999999995,3.99,1.72,4.45,6.06,2.81
845726.0,6.8,2.8,15.41,1.82,1.39,0.41,0.07,2.12
971406.0,5.7,1.1,22.84,4.18,5.57,3.4,0.85,2.04
1017125.0,7.1,3.8,25.979999999999997,6.65,3.32,0.01,3.9,1.2
725151.0,10.3,2.9,31.21,1.68,2.45,7.98,2.11,3.79
971613.0,12.3,1.8,23.290000000000003,1.46,2.91,2.32,0.52,1.98
385976.0,14.4,4.0,37.88,7.74,2.49,0.43,4.72,4.1
882611.0,8.2,2.7,21.749999999999996,3.64,2.83,2.2,0.0,2.18
972342.0,7.5,1.3,21.0,2.0,2.65,1.42,2.49,3.64
1005972.0,7.9,3.4,26.570000000000004,5.62,1.8,1.69,2.35,3.81
1171653.0,7.0,2.4,21.189999999999998,1.09,3.42,3.74,0.55,2.99
972711.0,7.1,1.6,26.259999999999998,6.99,3.58,0.65,2.77,3.57
886961.0,7.8,4.1,24.72,3.63,2.46,1.13,0.1,5.5
1068726.0,4.0,2.2,16.85,3.21,0.21,2.0,2.41,2.82
973137.0,7.2,1.1,18.560000000000002,2.73,2.19,2.33,0.0,3.01
800628.0,7.4,4.2,25.870000000000005,6.74,1.78,0.0,3.91,1.84
1206280.0,5.3,2.3,19.91,1.78,2.17,1.26,1.96,5.14
973607.0,7.8,1.4,23.22,1.36,5.77,1.93,2.3,2.66
982007.0,8.1,3.4,23.619999999999997,0.0,1.38,5.1,2.29,3.35
987113.0,6.0,2.6,20.62,2.91,3.03,3.49,0.66,1.93
974298.0,7.0,1.5,20.279999999999998,2.94,4.55,3.16,0.0,1.13
991567.0,7.0,3.8,24.130000000000003,0.0,3.81,3.87,5.65,0.0
1282895.0,4.8,2.4,19.659999999999997,0.0,0.0,6.31,0.97,5.18
974718.0,6.2,1.3,19.39,5.69,1.42,1.99,2.26,0.53
905751.0,7.0,4.3,24.740000000000002,5.98,3.06,0.0,2.14,2.26
1120906.0,7.0,3.2,17.33,0.47,0.0,2.75,1.53,2.38
975028.0,5.3,3.1,18.01,1.51,5.06,2.35,0.69,0.0
1063197.0,3.5,2.3,26.28,7.02,5.07,2.97,0.0,5.42
1303766.0,4.7,2.3,18.73,0.0,2.24,4.46,1.98,3.05
975781.0,6.9,1.5,26.32,6.1,3.03,3.09,4.37,1.33
996018.0,7.2,4.4,33.45,1.95,7.12,4.73,2.05,6.0
1081884.0,6.1,2.3,27.82,9.21,4.3,4.12,0.0,1.79
976066.0,7.1,1.2,27.349999999999998,4.32,2.74,3.68,5.4,2.91
1038197.0,7.6,4.0,24.65,1.11,0.0,2.9,6.09,2.95
966155.0,8.2,2.6,25.46,2.41,1.73,3.45,4.88,2.19
977225.0,7.7,1.6,15.88,1.62,0.0,1.7,0.34,2.92
993252.0,8.6,3.3,27.679999999999996,3.68,1.41,3.54,2.45,4.7
965634.0,6.9,2.5,16.81,2.71,1.92,1.89,0.76,0.13
977839.0,7.7,1.7,15.19,0.09,2.34,0.42,2.42,0.52
970584.0,8.2,3.6,24.06,1.81,2.01,5.58,0.0,2.86
907497.0,7.3,2.5,21.84,0.66,5.27,1.52,1.32,3.27
979554.0,7.1,1.3,29.330000000000002,3.75,3.04,5.43,2.71,6.0
995309.0,6.3,3.8,19.47,2.86,3.19,3.32,0.0,0.0
655014.0,8.8,2.9,25.51,3.6,3.92,1.53,1.64,3.12
979901.0,7.9,1.6,20.69,2.34,3.14,1.54,0.57,3.6
899735.0,8.8,4.4,20.46,1.69,2.03,2.9,0.64,0.0
948324.0,6.1,2.5,34.28,5.34,10.2,4.93,2.53,2.68
980123.0,8.5,1.6,18.57,1.58,1.19,1.84,0.55,3.31
565270.0,9.6,4.1,34.62,7.6,1.3,4.96,3.89,3.17
1035454.0,5.8,2.6,29.16,3.03,5.27,1.58,5.08,5.8
980446.0,7.0,1.8,17.35,1.12,2.21,1.47,3.53,0.22
990083.0,6.0,3.9,22.29,2.54,3.04,1.47,4.07,1.27
879718.0,6.6,2.7,25.569999999999997,5.34,2.93,1.15,4.15,2.7
980563.0,6.6,0.9,20.48,6.96,1.01,2.07,1.76,1.18
970529.0,7.8,3.6,22.619999999999997,3.36,2.66,3.26,0.63,1.31
852371.0,8.3,2.3,18.930000000000003,2.68,0.97,2.16,1.95,0.57
980874.0,9.9,1.7,26.880000000000003,2.79,2.56,4.58,1.28,4.07
885441.0,7.2,2.9,22.700000000000003,6.42,3.21,1.35,0.14,1.48
981147.0,6.9,1.8,19.71,2.93,1.61,2.94,3.02,0.51
933575.0,6.8,3.9,24.389999999999997,5.25,2.66,0.41,0.74,4.63
1702332.0,5.5,1.7,19.8,0.0,0.0,3.93,4.33,4.34
981379.0,9.9,1.6,22.660000000000004,6.13,0.0,0.26,1.51,3.26
1116178.0,9.3,3.5,29.990000000000002,4.1,1.87,4.76,2.11,4.35
1376157.0,5.5,2.2,26.79,6.63,2.15,3.15,3.08,4.08
981590.0,10.2,1.5,28.78,3.83,2.88,5.12,1.66,3.59
872452.0,10.4,3.0,25.240000000000002,4.66,0.65,1.4,4.24,0.89
611518.0,14.2,2.2,25.729999999999997,3.73,0.0,2.07,1.2,2.33
981612.0,5.3,3.5,18.05,0.75,2.44,4.41,0.64,1.01
899019.0,8.1,2.9,22.79,0.0,4.47,0.0,3.79,3.53
981802.0,7.6,1.5,28.34,2.47,4.71,6.2,3.91,1.95
981024.0,8.6,3.7,32.33,6.23,4.94,3.59,2.02,3.25
876171.0,5.9,2.8,22.479999999999997,3.94,3.65,2.43,0.0,3.76
982452.0,5.1,0.8,18.419999999999998,2.07,1.93,1.52,2.5,4.5
1106488.0,6.6,3.7,22.09,1.65,4.78,0.0,2.7,2.66
752266.0,10.8,3.1,35.980000000000004,3.91,6.56,2.67,5.92,3.02
982474.0,10.0,1.7,29.799999999999997,6.88,3.7,4.45,0.74,2.33
528566.0,11.7,3.9,31.46,6.05,2.57,2.53,4.71,0.0
899153.0,6.8,2.6,21.56,0.0,4.67,4.56,0.53,2.4
984775.0,7.0,1.7,24.7,6.49,1.47,4.73,1.29,2.02
960058.0,8.1,4.3,28.319999999999993,4.71,2.76,1.74,3.29,3.42
981860.0,8.2,2.9,19.89,0.0,4.82,2.5,0.75,0.72
898519.0,8.1,2.3,26.189999999999998,2.63,2.13,5.64,3.96,1.43
1036671.0,6.0,2.6,15.17,0.71,1.31,0.64,0.0,3.91
985285.0,7.1,1.5,19.17,4.86,1.68,0.0,0.0,4.03
1000745.0,7.0,4.3,27.950000000000003,5.75,3.14,1.69,2.82,3.25
861816.0,8.1,2.6,26.55,3.39,5.65,2.06,0.19,4.56
986304.0,8.8,1.6,28.109999999999996,6.32,3.48,4.1,0.0,3.81
912578.0,9.9,3.6,26.02,3.91,0.27,4.64,0.0,3.7
884784.0,7.7,2.8,19.87,3.57,0.48,2.28,1.07,1.97
987835.0,7.8,1.8,30.419999999999998,9.15,2.5,2.63,2.59,3.95
922239.0,8.5,3.5,30.229999999999997,5.18,2.47,3.7,4.8,2.08
1302256.0,4.6,2.0,19.55,4.63,0.0,0.16,3.91,4.25
988989.0,7.2,1.1,24.5,2.24,3.93,3.39,2.96,3.68
871461.0,8.0,2.8,25.069999999999997,4.02,0.01,3.12,4.06,3.06
990313.0,7.8,1.4,20.24,0.87,2.87,1.08,2.94,3.28
1015126.0,8.5,3.9,31.44,7.17,2.51,0.69,6.12,2.55
859112.0,8.1,3.0,22.38,6.15,0.0,1.9,2.17,1.06
991152.0,8.1,1.9,17.150000000000002,2.02,0.0,2.22,0.72,2.19
924892.0,9.0,3.7,26.579999999999995,0.0,4.74,3.43,1.83,3.88
1060992.0,7.6,2.3,28.69,4.92,4.42,4.76,1.32,3.37
991282.0,8.8,1.4,27.979999999999997,4.0,1.39,3.66,4.26,4.47
862512.0,9.4,3.8,22.28,2.82,1.62,0.0,0.0,4.64
1089827.0,5.6,2.5,16.05,0.0,0.0,2.77,0.63,4.55
991684.0,7.2,1.5,20.54,3.46,2.77,2.08,1.73,1.8
983311.0,7.5,4.4,24.83,1.77,1.87,4.62,1.86,2.81
948678.0,5.7,2.3,20.580000000000002,0.33,3.92,2.19,1.7,4.44
992294.0,7.0,1.5,17.060000000000002,0.06,0.31,4.71,0.32,3.16
879151.0,7.8,3.8,16.73,3.44,0.0,0.68,0.5,0.51
867173.0,7.7,3.0,21.05,4.45,0.96,0.0,4.94,0.0
992368.0,7.6,1.6,21.279999999999998,2.42,2.5,1.03,3.07,3.06
1039021.0,7.7,3.6,25.720000000000002,4.84,3.28,2.71,0.0,3.59
1146698.0,5.5,2.4,26.310000000000002,3.48,5.44,3.11,3.03,3.35
992503.0,6.3,1.6,29.69,5.37,2.57,8.44,1.73,3.68
1111732.0,6.9,3.7,30.63,6.83,3.47,2.06,4.96,2.71
888557.0,8.7,2.8,22.32,0.0,3.12,4.2,0.0,3.5
993970.0,7.8,1.7,25.08,5.31,0.0,2.63,3.9,3.74
936587.0,9.0,3.6,24.24,0.5,3.45,4.1,1.25,2.34
894916.0,6.2,2.5,27.549999999999997,5.08,6.48,4.91,2.16,0.22
994078.0,7.3,1.2,21.93,3.05,0.24,3.02,5.48,1.64
1042454.0,6.3,3.9,22.470000000000002,2.67,6.36,2.07,1.1,0.07
843120.0,7.2,2.8,30.68,8.82,5.03,1.92,1.4,3.51
994247.0,7.1,1.3,16.3,0.0,3.84,1.61,0.57,1.88
1026894.0,7.3,3.6,35.980000000000004,7.24,3.02,5.18,3.87,5.77
957675.0,7.6,2.4,30.44,8.64,0.0,6.92,2.86,2.02
994347.0,8.0,2.3,21.48,0.81,3.62,0.92,2.65,3.18
734423.0,9.6,3.6,31.389999999999997,5.49,1.31,5.31,3.1,2.98
883657.0,7.9,3.1,26.849999999999998,8.55,1.82,0.7,1.99,2.79
994763.0,7.1,1.5,31.979999999999997,5.46,8.3,3.38,3.43,2.81
990863.0,8.2,3.9,32.17,5.28,4.67,6.36,0.67,3.09
892663.0,7.2,2.0,26.990000000000002,0.0,3.16,4.53,6.16,3.94
996772.0,6.9,1.5,21.2,5.18,2.26,2.44,2.59,0.33
1004018.0,8.5,3.0,24.119999999999997,1.33,4.85,3.9,1.34,1.2
1044071.0,5.9,2.7,23.66,5.11,2.68,0.0,3.83,3.44
997571.0,6.1,0.4,20.73,4.64,2.0,6.65,0.0,0.94
976714.0,6.1,3.3,30.36,8.77,5.39,3.8,0.0,3.0
880621.0,6.8,2.7,28.25,7.55,4.82,1.63,0.99,3.76
997844.0,6.5,1.3,19.529999999999998,2.26,5.54,1.23,1.81,0.89
1004575.0,6.9,3.8,18.24,2.25,0.0,5.07,0.22,0.0
1054178.0,6.1,2.7,20.41,3.13,0.74,4.31,3.43,0.0
998685.0,7.7,1.0,21.2,3.97,0.03,4.98,1.5,2.02
855031.0,8.6,4.0,21.779999999999998,1.94,0.0,3.34,1.88,2.02
1054205.0,5.2,2.5,22.57,1.56,1.63,6.3,1.54,3.84
998796.0,6.5,1.3,15.75,3.84,2.34,1.32,0.45,0.0
1010745.0,6.4,4.1,13.909999999999998,1.67,0.37,1.11,0.0,0.26
879358.0,6.4,2.7,28.090000000000003,7.96,1.98,4.48,2.02,2.55
999398.0,6.0,1.1,21.73,1.69,1.64,2.32,5.04,3.94
1036575.0,6.4,3.8,27.230000000000004,4.55,3.92,1.94,3.91,2.71
1548884.0,4.6,2.1,21.21,5.9,3.14,4.43,0.0,1.04
999449.0,6.9,1.6,20.269999999999996,2.78,1.69,2.5,1.4,3.4
980877.0,7.9,3.4,18.79,0.98,2.6,0.99,0.43,2.49
708074.0,9.8,3.0,25.04,0.0,2.65,1.58,4.54,3.47
1000556.0,9.9,1.5,24.88,2.43,1.66,5.02,0.0,4.37
374095.0,13.2,3.2,31.86,4.32,3.77,2.33,3.73,1.31
989833.0,8.0,2.5,20.3,2.02,0.0,2.18,3.14,2.46
1000639.0,8.0,2.3,19.02,1.24,2.26,1.72,0.27,3.23
796223.0,9.8,3.9,20.85,1.36,0.0,3.56,1.05,1.18
1700140.0,3.5,1.8,19.22,5.11,4.67,0.45,0.0,3.69
1004256.0,6.4,1.6,23.05,2.27,5.44,5.8,0.56,0.98
896386.0,7.5,3.5,20.53,0.92,0.08,2.82,3.16,2.55
908889.0,7.1,2.8,21.04,1.25,0.78,3.72,0.32,5.07
1004625.0,7.5,1.6,24.47,4.71,1.61,2.47,2.75,3.83
1072523.0,7.9,3.8,27.99,5.44,1.79,0.0,5.29,3.77
1129962.0,6.2,2.6,23.529999999999998,5.54,2.99,3.35,0.95,1.9
1004897.0,8.0,1.6,20.92,0.0,3.02,0.45,3.43,4.42
1006266.0,8.1,3.6,24.58,4.38,4.21,2.9,1.39,0.0
896677.0,9.2,2.8,25.889999999999997,3.26,3.85,4.72,0.0,2.06
1005074.0,8.7,1.6,20.229999999999997,2.96,0.0,1.93,1.07,3.97
941995.0,8.5,3.5,22.439999999999998,3.32,0.84,0.83,1.29,4.16
800228.0,9.3,2.4,12.09,0.01,0.0,0.02,0.36,0.0
1005352.0,10.4,1.7,27.499999999999996,1.52,5.4,2.31,3.11,3.06
428644.0,13.1,4.2,25.950000000000003,1.25,3.28,1.11,0.52,2.49
918207.0,7.4,2.6,27.19,8.74,4.03,0.99,1.92,1.51
1007867.0,7.8,1.6,24.04,3.37,2.87,4.95,1.75,1.7
1005265.0,7.3,3.8,21.83,3.34,0.03,3.62,0.0,3.74
885592.0,9.5,3.0,24.89,2.16,1.71,2.39,2.88,3.25
1008330.0,9.9,1.4,32.99,5.84,4.69,5.37,1.3,4.49
557142.0,11.8,4.8,29.94,0.0,5.82,1.56,1.93,4.03
1257187.0,5.4,2.4,12.3,0.0,0.24,0.14,0.0,4.12
1008437.0,6.2,1.5,22.619999999999997,4.66,1.52,5.07,1.92,1.75
1121990.0,7.7,4.1,28.580000000000002,2.15,5.26,1.66,4.32,3.39
958039.0,6.2,2.6,24.21,2.62,4.39,5.8,1.13,1.47
1009377.0,7.6,1.5,21.45,0.0,1.09,5.65,2.09,3.52
1060699.0,6.8,3.8,22.529999999999998,3.51,3.43,3.19,1.47,0.33
957012.0,6.2,3.0,26.21,6.1,2.54,4.01,2.98,1.38
1009855.0,9.5,1.8,22.910000000000004,5.15,3.1,2.39,0.74,0.23
1058658.0,7.0,3.6,22.189999999999998,5.86,1.54,0.38,2.41,1.4
1001502.0,5.4,1.8,24.21,2.81,4.88,3.59,3.8,1.93
1010332.0,8.3,1.3,18.3,2.54,2.69,1.64,0.64,1.19
662281.0,9.1,3.7,25.04,3.5,1.16,2.65,1.28,3.65
967524.0,7.1,2.3,25.979999999999997,2.69,3.41,4.38,2.99,3.11
1010636.0,8.2,1.0,27.09,6.31,2.72,2.6,3.82,2.44
1317977.0,0.5,2.6,15.97,4.79,5.3,1.58,1.2,0.0
1268678.0,4.5,2.2,12.46,0.2,2.31,3.1,0.0,0.15
1010685.0,7.5,1.7,17.56,0.0,0.0,4.29,0.56,3.51
333872.0,13.4,2.5,29.110000000000003,3.2,4.43,1.34,3.26,0.98
1682544.0,3.1,1.6,15.870000000000001,5.33,0.14,2.27,3.43,0.0
1010924.0,6.9,1.0,20.21,4.85,1.94,3.2,0.0,2.32
793370.0,8.8,3.9,28.310000000000006,5.63,2.16,1.85,3.03,2.94
1046533.0,5.6,2.5,20.119999999999997,2.48,2.9,0.0,2.72,3.92
976033.0,5.9,2.4,20.040000000000003,3.49,1.4,3.76,0.34,2.75
1011082.0,7.2,1.4,27.21,2.8,3.19,5.09,3.82,3.71
1041569.0,7.2,3.7,17.68,0.34,1.98,0.0,1.56,2.9
968543.0,6.4,2.5,25.959999999999997,6.91,0.9,0.15,4.83,4.27
1012188.0,6.6,1.7,14.87,1.17,3.28,0.14,1.98,0.0
1010686.0,7.0,3.3,21.9,0.99,2.41,6.24,0.24,1.72
985710.0,6.3,2.7,20.38,5.52,0.48,3.06,0.77,1.55
1012194.0,7.0,1.7,18.18,3.62,0.0,4.39,0.0,1.47
873543.0,8.6,3.7,20.490000000000002,0.0,4.73,0.73,0.0,2.73
1655707.0,6.6,1.7,19.96,0.92,0.71,5.07,1.69,3.27
1012719.0,8.5,1.7,15.310000000000002,2.12,0.0,1.14,0.23,1.62
994722.0,9.4,3.5,40.550000000000004,7.97,6.46,4.82,6.25,2.15
940477.0,9.4,2.7,24.1,0.23,4.97,3.21,0.86,2.73
1012790.0,9.3,1.9,27.79,2.92,1.69,6.04,3.97,1.97
906066.0,9.8,3.6,26.88,0.0,3.04,4.35,2.03,4.06
891060.0,5.9,2.9,19.97,5.67,2.5,0.0,2.98,0.02
1013488.0,6.7,1.1,19.630000000000003,0.28,3.07,4.98,0.09,3.41
1013404.0,7.3,3.9,23.799999999999997,0.0,3.43,3.9,2.57,2.7
1082421.0,6.0,2.5,22.52,4.29,5.03,2.25,0.0,2.45
1013774.0,7.0,1.4,21.33,2.84,0.0,4.69,2.65,2.75
997665.0,7.2,4.0,21.1,2.04,5.08,2.21,0.0,0.57
969428.0,7.3,2.8,22.65,2.85,4.54,0.07,3.39,1.7
1014364.0,7.9,1.6,22.76,6.44,0.44,3.91,0.15,2.32
1012286.0,8.0,3.7,24.959999999999997,4.38,0.94,2.48,4.26,1.2
897269.0,6.9,2.4,21.76,2.11,4.83,2.7,2.82,0.0
1014592.0,6.8,1.0,23.15,1.11,4.95,5.86,0.0,3.43
1037930.0,7.7,3.7,27.44,4.92,6.91,0.8,1.46,1.95
890606.0,6.6,2.5,17.080000000000002,2.78,1.24,3.02,0.1,0.84
1015230.0,7.0,1.3,29.18,4.35,5.93,3.99,3.54,3.07
1091944.0,7.1,3.8,22.060000000000002,2.73,0.0,3.94,0.12,4.37
958743.0,7.8,2.5,22.67,3.64,0.23,1.63,5.66,1.21
1015374.0,6.9,1.8,25.880000000000003,3.41,6.55,2.1,1.35,3.77
1025332.0,8.1,3.5,26.029999999999998,7.28,1.75,0.97,1.77,2.66
973449.0,6.3,2.5,24.740000000000002,6.16,1.0,1.03,6.03,1.72
1015550.0,6.5,1.4,22.39,4.71,3.35,3.95,1.64,0.84
1058541.0,7.3,3.2,22.729999999999997,1.75,0.82,2.11,3.65,3.9
1506243.0,5.4,3.6,24.979999999999997,5.63,3.74,1.5,5.11,0.0
1015842.0,8.3,1.7,19.620000000000005,0.67,0.46,4.61,2.21,1.67
902761.0,7.6,2.5,17.47,0.95,0.87,1.84,0.0,3.71
1015974.0,5.9,0.9,16.5,0.0,0.16,3.06,2.19,4.29
915783.0,7.3,2.5,26.540000000000003,6.03,1.13,2.49,4.05,3.04
1017783.0,7.1,1.4,23.76,7.13,1.23,2.6,2.68,1.62
1060437.0,7.3,3.5,24.75,6.2,2.42,1.9,3.3,0.13
1585151.0,4.3,1.9,22.25,3.42,3.0,4.54,0.0,5.09
1017976.0,7.0,1.2,24.13,7.05,4.18,1.87,1.38,1.45
821770.0,8.6,3.2,28.949999999999996,7.04,2.67,1.65,2.4,3.39
1153517.0,5.7,2.4,20.79,4.24,2.19,5.55,0.0,0.71
1018224.0,8.8,1.1,29.0,4.7,3.25,6.58,0.32,4.25
651683.0,10.7,4.1,33.28999999999999,5.14,3.08,4.25,1.77,4.25
1466374.0,3.7,2.0,16.85,5.19,0.57,0.86,1.68,2.85
1019392.0,6.1,0.9,19.9,8.07,1.97,1.16,0.0,1.7
988038.0,7.5,3.7,25.069999999999997,0.45,3.31,3.8,4.47,1.84
828885.0,9.7,2.7,24.549999999999997,4.68,1.78,2.58,3.11,0.0
1019417.0,9.6,1.4,30.380000000000003,4.33,5.52,4.72,2.74,2.07
732501.0,10.4,4.0,23.470000000000002,1.51,3.08,0.0,0.0,4.48
1090175.0,6.4,2.9,25.430000000000003,0.0,5.42,1.92,4.67,4.12
1021398.0,6.8,2.3,26.63,4.74,4.72,2.71,0.29,5.07
1050571.0,8.4,4.4,22.450000000000003,4.08,5.57,0.0,0.0,0.0
1005938.0,6.4,2.5,23.76,6.14,0.0,2.67,2.2,3.85
1022087.0,7.6,1.4,13.790000000000001,2.46,0.11,0.16,0.41,1.65
1055904.0,6.9,3.6,22.1,4.3,1.38,2.2,1.35,2.37
994763.0,5.8,2.7,17.8,2.07,0.19,2.77,3.72,0.55
1022330.0,6.8,1.6,21.85,2.19,4.44,0.78,1.5,4.54
1005694.0,8.3,4.2,31.730000000000004,5.14,3.28,3.66,3.39,3.76
1055124.0,5.8,2.3,25.0,5.35,3.66,3.39,3.8,0.7
1023274.0,7.2,1.7,23.119999999999997,6.02,2.66,3.43,1.98,0.13
966286.0,8.1,3.7,24.09,2.36,3.42,0.7,2.08,3.73
1227875.0,5.3,2.1,22.52,4.39,0.0,4.3,1.0,5.43
1023648.0,8.6,1.2,28.119999999999997,6.33,5.43,2.99,1.7,1.87
641052.0,10.6,3.5,30.97,5.2,2.84,2.3,1.7,4.83
1588165.0,4.5,1.9,20.33,4.64,0.0,3.31,2.78,3.2
1023759.0,6.9,1.0,32.379999999999995,10.0,5.05,3.68,2.29,3.46
699319.0,6.2,2.7,26.089999999999996,7.8,2.66,3.4,1.56,1.77
997561.0,6.8,2.9,18.099999999999998,2.23,0.02,2.43,3.54,0.18
1024766.0,6.2,1.1,21.39,0.0,2.39,4.84,2.37,4.49
958886.0,7.5,3.6,27.819999999999997,6.35,3.47,0.77,3.15,2.98
1090689.0,6.4,2.8,22.31,4.78,1.19,3.88,1.22,2.04
1024799.0,6.7,2.3,15.270000000000001,2.32,3.81,0.0,0.0,0.14
1035762.0,8.1,4.8,18.0,2.86,0.0,0.69,0.0,1.55
840193.0,6.9,2.8,20.849999999999998,2.52,0.0,2.91,0.0,5.72
1024849.0,6.3,1.3,21.53,3.7,2.94,1.85,3.51,1.93
864451.0,8.1,4.3,23.24,2.98,0.24,3.69,3.87,0.06
854467.0,7.5,2.7,20.330000000000002,1.83,3.16,3.84,0.0,1.3
1025721.0,6.6,1.4,20.01,5.98,2.98,2.45,0.32,0.28
1300446.0,6.6,4.0,18.42,4.41,0.0,3.08,0.01,0.32
912427.0,6.8,2.6,18.37,1.65,2.64,3.5,0.0,1.18
1026503.0,7.2,0.7,16.36,0.0,1.03,3.17,3.51,0.75
695256.0,8.9,3.9,28.580000000000002,2.81,5.81,2.79,0.73,3.64
951259.0,6.1,2.6,25.249999999999996,4.7,3.07,4.18,1.74,2.86
1027133.0,7.2,1.1,16.07,0.0,3.63,0.0,0.0,4.14
1040467.0,7.2,3.7,21.849999999999998,2.37,4.29,3.31,0.16,0.82
1015441.0,6.0,2.6,30.67,4.59,6.46,4.24,2.67,4.11
1028371.0,7.2,1.6,27.16,6.59,2.5,4.21,3.43,1.63
1050947.0,7.2,3.5,22.59,4.44,0.0,5.36,1.03,1.06
941684.0,7.2,2.3,23.040000000000003,3.83,1.99,4.93,1.85,0.94
1028392.0,7.2,1.3,14.860000000000001,0.0,4.19,0.62,0.0,1.55
1060135.0,7.0,3.2,21.23,2.26,1.38,1.14,4.23,2.02
1546833.0,3.6,1.9,20.29,1.65,0.26,3.17,5.06,4.65
1030323.0,7.0,1.3,23.2,2.48,0.85,4.96,2.55,4.06
1209973.0,7.1,3.0,21.01,0.0,4.23,0.0,2.4,4.28
1563736.0,3.4,1.8,23.93,6.86,3.15,2.28,3.52,2.92
1030541.0,5.5,1.0,17.04,3.63,1.21,0.77,4.12,0.81
972328.0,5.4,3.1,21.939999999999998,1.2,1.52,1.2,5.59,3.93
896435.0,6.8,2.7,27.080000000000002,4.02,3.13,4.96,3.19,2.28
1030844.0,7.3,1.2,24.5,5.22,2.72,4.87,0.17,3.02
1104377.0,7.4,3.4,15.480000000000002,1.47,0.0,1.16,0.75,1.3
708975.0,6.0,3.6,17.819999999999997,1.92,3.92,1.73,0.0,0.65
1030872.0,7.9,1.6,27.569999999999997,4.25,3.31,5.38,2.9,2.23
1314774.0,4.9,3.8,17.27,3.81,2.12,1.44,0.0,1.2
982303.0,6.1,2.8,17.89,4.53,0.98,0.0,0.27,3.21
1032483.0,6.6,1.3,19.79,1.33,1.22,2.21,1.22,5.91
1045925.0,6.6,4.0,27.489999999999995,7.85,2.29,3.42,0.56,2.77
988767.0,6.5,2.5,24.639999999999997,2.55,2.52,2.33,3.54,4.7
1033528.0,7.7,1.7,24.48,2.55,3.46,3.6,3.92,1.55
829714.0,9.2,3.8,30.979999999999997,3.2,1.22,3.92,4.24,5.4
740338.0,7.1,3.0,18.07,2.45,0.76,3.31,1.45,0.0
1033598.0,7.0,1.7,17.46,0.53,1.06,0.56,3.33,3.28
1029402.0,7.2,4.4,24.900000000000006,2.8,2.32,1.51,1.59,5.08
1023426.0,5.0,2.5,27.289999999999996,7.56,0.37,4.39,2.67,4.8
1033647.0,6.5,1.7,26.099999999999998,7.41,1.13,3.75,3.24,2.37
986306.0,7.7,4.5,32.73,3.05,6.16,4.09,2.47,4.76
1633359.0,4.3,1.4,17.71,3.15,0.72,4.0,0.92,3.22
1033920.0,7.4,1.2,21.11,2.16,1.21,4.39,2.7,2.05
1079073.0,8.2,3.7,26.529999999999998,2.94,0.74,1.79,4.36,4.8
975460.0,6.0,2.6,20.269999999999996,1.19,6.23,1.67,0.93,1.65
1034141.0,7.3,1.1,20.84,0.0,2.54,3.99,3.78,2.13
1013801.0,7.3,3.7,18.41,0.0,1.86,1.15,1.52,2.88
1120476.0,5.2,2.6,17.34,0.0,3.29,0.73,1.75,3.77
1034260.0,7.1,1.9,29.26,3.76,2.93,3.6,5.53,4.44
1037057.0,7.6,4.6,22.080000000000002,0.93,0.57,2.32,2.35,3.71
959035.0,7.6,2.3,20.119999999999997,2.17,1.52,3.14,0.0,3.39
1035208.0,7.0,0.9,24.15,3.37,3.06,6.45,1.97,1.4
1038355.0,7.6,3.8,19.72,1.91,0.49,0.07,1.7,4.15
924815.0,6.5,2.5,34.86,7.06,5.05,4.62,5.79,3.34
1035831.0,6.8,1.1,19.450000000000003,1.06,2.96,4.14,3.39,0.0
1110956.0,5.4,3.6,19.16,0.55,2.06,3.33,2.2,2.02
1238540.0,5.5,2.7,23.529999999999998,5.81,1.61,3.97,0.0,3.94
1147572.0,6.3,2.5,27.5,8.49,2.52,0.71,2.28,4.7
1036861.0,6.3,1.5,24.45,6.29,0.0,2.98,3.61,3.77
790933.0,7.4,3.4,19.500000000000004,1.44,3.2,1.01,0.75,2.3
1122140.0,6.0,2.6,22.11,1.27,5.04,3.57,0.24,3.39
1036995.0,7.0,1.4,28.76,3.79,3.93,5.98,3.28,3.38
1063008.0,7.0,3.1,20.939999999999998,0.0,2.38,3.33,2.09,3.04
938018.0,9.4,2.7,28.19,5.55,1.24,3.79,3.17,2.34
1037433.0,8.4,1.6,18.93,0.68,3.81,0.74,1.36,2.34
972173.0,9.4,4.2,28.180000000000003,2.17,5.74,1.76,1.14,3.77
889882.0,5.3,3.0,18.759999999999998,2.78,1.85,1.23,2.86,1.74
1038710.0,4.6,0.4,20.98,1.37,7.35,1.51,2.45,3.3
1386852.0,3.9,4.1,19.919999999999998,6.21,0.0,1.52,1.17,3.02
1202808.0,5.1,2.4,21.48,4.41,0.99,2.01,3.55,3.02
1038739.0,6.6,1.5,23.269999999999996,1.23,5.65,3.7,0.83,3.76
1130832.0,6.2,4.2,26.45,3.22,3.03,0.63,6.04,3.13
983542.0,6.5,2.2,21.869999999999997,0.0,2.69,4.83,3.25,2.4
1039462.0,7.8,1.7,20.28,0.0,1.11,8.03,0.0,1.64
563282.0,11.1,4.3,30.259999999999998,3.19,4.5,1.25,1.92,4.0
1163887.0,4.7,2.5,20.68,1.27,1.49,6.68,1.84,2.2
1040406.0,5.9,0.8,16.869999999999997,4.43,0.0,3.2,0.0,2.54
919560.0,7.7,3.1,20.610000000000003,0.0,7.37,2.1,0.0,0.34
935848.0,8.8,3.0,34.34,10.0,0.8,3.65,5.25,2.84
1041302.0,8.6,1.4,23.73,0.0,0.81,5.56,2.68,4.68
1010352.0,7.3,3.3,35.94,5.9,9.45,4.43,3.03,2.53
920820.0,6.7,2.8,23.029999999999998,4.85,2.38,0.43,3.24,2.63
1041534.0,7.4,1.0,25.05,7.1,5.21,1.58,1.23,1.53
1028155.0,8.0,3.8,23.619999999999997,2.68,1.16,3.13,2.68,2.17
928557.0,7.3,2.4,21.64,5.82,0.0,2.8,2.79,0.53
1041575.0,6.8,1.1,20.19,0.64,0.0,2.35,5.73,3.57
1104453.0,5.9,3.5,20.160000000000004,3.92,1.71,0.73,2.3,2.1
964362.0,5.7,2.3,13.399999999999999,0.85,0.0,0.62,0.26,3.67
1041709.0,6.1,1.2,17.739999999999995,0.51,3.59,3.45,1.49,1.4
1042923.0,6.9,3.9,31.03,5.82,3.53,2.62,7.79,0.47
1614494.0,4.9,2.2,17.29,4.78,0.0,2.77,0.0,2.64
1042211.0,7.7,1.1,29.71,8.36,1.42,4.39,1.69,5.05
1094234.0,5.9,2.7,21.03,2.2,2.29,3.77,0.0,4.17
1043245.0,6.0,1.3,21.12,2.49,3.75,4.17,1.43,1.98
953084.0,7.5,3.9,27.180000000000003,5.16,4.18,3.05,1.0,2.39
385731.0,5.8,3.8,20.63,1.26,1.44,2.37,2.28,3.68
1043677.0,4.5,0.5,22.01,4.29,3.73,3.76,0.48,4.75
464475.0,5.0,2.5,33.309999999999995,5.2,6.81,1.7,8.07,4.03
865932.0,8.6,2.5,25.95,5.74,5.38,0.59,1.95,1.19
1043847.0,6.9,1.2,24.989999999999995,5.9,2.76,3.68,1.56,2.99
988514.0,8.5,3.4,23.71,4.55,2.18,0.89,1.96,2.23
1078798.0,4.5,2.4,25.67,4.5,4.19,4.28,4.55,1.25
1043943.0,6.4,1.4,19.26,4.63,0.52,4.73,0.42,1.16
1153453.0,4.7,3.9,22.18,1.8,1.21,0.94,5.22,4.41
1115131.0,5.1,2.3,23.07,4.32,2.82,3.96,0.0,4.57
1044213.0,8.4,1.9,29.480000000000004,6.2,4.64,1.62,2.64,4.08
784432.0,7.9,3.8,25.979999999999997,4.01,2.92,4.03,0.58,2.74
1232433.0,4.1,2.4,19.0,5.31,2.02,0.48,2.57,2.12
1045802.0,6.9,1.6,34.88,7.14,7.0,3.12,4.41,4.71
1143241.0,6.3,3.8,22.49,0.51,3.84,5.16,0.0,2.88
921914.0,7.5,2.3,19.259999999999998,2.04,0.68,3.44,0.82,2.48
1046104.0,8.4,1.4,18.86,0.0,0.0,2.65,4.08,2.33
976309.0,9.0,3.7,29.189999999999998,1.43,7.32,2.08,3.08,2.58
1233937.0,5.3,2.6,22.449999999999996,6.14,3.57,1.97,0.38,2.49
1046272.0,8.5,1.3,17.8,0.24,0.0,2.84,1.13,3.79
675775.0,9.0,3.9,28.61,3.8,3.54,2.78,4.59,1.0
1052593.0,8.1,2.1,26.859999999999996,6.13,3.66,2.54,0.81,3.52
1046503.0,8.7,1.7,22.709999999999997,2.58,1.74,0.0,1.99,6.0
1052989.0,9.5,3.7,20.49,0.0,1.6,2.76,2.25,0.68
946193.0,5.5,2.7,26.569999999999997,2.45,3.19,5.5,1.98,5.25
1046532.0,7.2,1.5,21.61,1.12,0.35,6.08,1.81,3.55
1079590.0,6.9,3.4,24.99,7.35,2.01,1.89,2.8,0.64
1014215.0,5.7,2.5,24.69,2.06,0.79,3.91,4.73,5.0
1047666.0,6.7,0.9,24.06,3.93,1.1,1.77,5.78,3.88
1137192.0,5.8,3.7,15.959999999999999,0.79,4.17,0.08,0.0,1.42
980705.0,6.4,2.7,16.35,0.57,1.77,1.9,0.92,2.09
1048344.0,7.2,1.6,27.010000000000005,8.33,0.0,4.73,0.55,4.6
1088714.0,8.1,3.7,27.47,2.19,2.1,4.62,3.4,3.36
1206004.0,6.1,2.4,15.1,0.0,0.0,2.08,3.53,0.99
1049418.0,7.2,1.2,30.07,4.61,4.42,5.06,4.01,3.57
1084995.0,7.6,3.5,28.83,8.78,0.48,4.08,3.34,1.05
1080437.0,4.9,2.3,20.5,3.49,2.61,1.6,3.85,1.75
1050018.0,6.3,1.9,22.21,4.99,0.52,3.63,0.23,4.64
1056694.0,7.4,3.9,29.390000000000004,3.91,5.49,3.17,2.32,3.2
1622658.0,3.3,1.2,11.8,3.32,0.1,1.4,1.67,0.81
1050227.0,6.2,1.4,17.64,0.0,0.75,3.31,3.12,2.86
1107771.0,4.8,2.2,23.220000000000002,6.14,2.04,6.99,0.27,0.78
1050273.0,7.3,1.3,16.41,0.08,0.76,0.0,2.83,4.14
982984.0,6.7,2.7,23.18,2.71,3.78,2.56,0.91,3.82
1051222.0,7.2,1.4,18.8,1.96,0.0,3.31,3.41,1.52
1103844.0,6.8,3.5,22.31,2.33,0.0,4.17,3.49,2.02
939178.0,7.5,2.8,12.879999999999999,0.0,0.0,1.38,0.42,0.78
1051459.0,8.1,1.8,27.85,7.73,6.08,3.05,1.09,0.0
1012695.0,8.5,3.8,34.69,8.35,2.03,3.79,4.89,3.33
1177634.0,7.8,2.7,28.81,6.79,2.54,5.29,0.3,3.39
1052178.0,9.9,1.7,26.23,0.72,3.44,2.85,2.84,4.78
749388.0,11.7,3.3,36.18,7.0,3.39,6.57,1.66,2.56
1691313.0,3.7,1.4,16.150000000000002,0.45,2.81,2.48,1.71,3.6
1052374.0,6.4,1.3,26.34,5.06,4.74,4.54,4.04,0.26
1042099.0,6.2,3.5,24.73,3.79,4.94,2.89,0.6,2.81
978785.0,6.7,2.6,32.470000000000006,6.28,5.08,5.77,1.94,4.1
1052548.0,8.0,1.6,22.639999999999997,3.57,1.44,4.81,0.0,3.22
971230.0,7.3,4.0,21.860000000000003,3.41,1.22,0.99,1.07,3.87
1107376.0,3.4,1.8,9.94,2.42,0.67,0.0,0.45,1.2
1053749.0,8.2,1.6,23.900000000000002,6.13,1.57,2.84,0.1,3.46
1344452.0,3.5,5.3,20.24,1.26,3.74,1.91,3.58,0.95
1009705.0,6.2,2.6,23.02,3.86,5.07,0.0,3.11,2.18
1054305.0,5.7,1.1,15.940000000000001,0.0,2.83,3.66,1.34,1.31
1021363.0,7.3,3.9,23.47,4.79,3.7,2.73,0.0,1.05
1261948.0,4.6,2.1,24.23,5.7,3.42,0.71,5.08,2.62
1054561.0,6.2,1.4,18.29,0.0,3.8,2.38,2.1,2.41
986430.0,7.4,3.8,32.54,10.0,3.24,6.85,0.0,1.25
1003111.0,6.0,2.3,23.240000000000002,7.62,1.93,2.4,2.99,0.0
1054585.0,5.9,1.4,20.279999999999998,3.45,1.74,1.09,3.48,3.22
1098203.0,6.7,2.9,15.2,0.0,2.22,0.85,0.45,2.08
1016757.0,6.4,2.6,23.450000000000003,5.64,0.0,1.7,3.76,3.35
1054805.0,6.7,1.5,27.71,4.08,4.78,5.9,2.3,2.45
1053436.0,7.0,3.9,17.84,0.87,0.0,1.45,1.0,3.62
862972.0,7.4,2.9,26.14,2.47,3.65,5.0,3.73,0.99
1056082.0,6.7,1.3,18.2,5.0,0.0,0.0,1.8,3.4
842731.0,8.0,3.7,21.91,1.3,1.77,4.73,1.02,1.39
983222.0,6.6,2.7,25.990000000000002,4.33,4.56,1.8,0.0,6.0
1056116.0,6.5,1.5,20.81,2.15,0.0,3.44,2.56,4.66
1066429.0,7.6,3.9,16.8,0.0,0.0,4.44,0.0,0.86
1049738.0,6.2,2.5,23.52,5.66,0.18,4.55,2.2,2.23
1056374.0,6.6,1.0,17.85,0.61,0.0,4.36,2.55,2.73
975362.0,7.9,3.7,18.99,0.37,3.21,0.99,1.7,1.12
972329.0,6.1,2.7,29.330000000000002,4.27,2.49,3.9,7.37,2.5
1056506.0,6.1,1.4,22.4,3.92,3.8,2.04,3.62,1.52
1028271.0,7.2,3.4,17.36,0.0,0.0,2.26,2.39,2.11
1000263.0,6.8,2.6,22.8,2.43,3.81,4.8,0.0,2.36
1057580.0,7.1,1.3,18.830000000000002,1.63,3.32,1.28,1.06,3.14
1109987.0,7.3,3.6,20.490000000000002,2.61,2.43,1.84,1.41,1.3
950959.0,6.5,2.4,30.040000000000003,3.39,2.49,7.04,3.53,4.69
1057798.0,7.1,1.3,21.950000000000003,6.33,2.28,0.17,0.82,3.95
1027742.0,7.5,3.7,20.75,0.0,2.77,2.4,1.3,3.08
1090217.0,4.9,2.5,20.990000000000002,0.0,3.31,2.16,4.05,4.07
1057927.0,6.6,1.2,18.37,5.64,0.0,2.38,0.45,2.1
1036856.0,7.6,3.8,26.419999999999998,5.64,0.39,3.09,1.29,4.61
1557062.0,6.3,2.6,24.4,2.08,0.13,6.55,1.88,4.86
1058440.0,9.1,1.1,28.069999999999997,8.15,6.08,0.04,0.99,2.61
928218.0,7.9,3.5,15.22,0.0,2.49,0.0,1.33,0.0
956719.0,8.0,2.6,26.230000000000004,3.47,5.55,1.53,2.62,2.46
1058487.0,7.2,1.6,22.040000000000003,3.42,4.16,2.93,0.84,1.89
1063050.0,8.6,3.5,32.8,5.15,4.52,3.69,6.31,1.03
1000948.0,5.9,2.8,22.939999999999998,1.08,4.22,5.95,0.0,2.99
1058859.0,7.3,1.5,16.96,3.18,0.13,0.0,1.56,3.29
660889.0,8.6,4.2,32.61,7.21,0.69,3.75,2.16,6.0
1395764.0,4.2,2.0,17.52,1.49,1.89,3.93,3.24,0.77
1059060.0,5.9,1.7,19.07,2.89,3.52,0.0,2.27,2.79
752634.0,8.3,3.0,21.38,3.21,2.27,1.47,1.36,1.77
772908.0,5.3,3.0,16.82,4.38,2.27,0.0,0.0,1.87
1060660.0,7.5,1.8,18.869999999999997,0.28,1.18,3.12,1.65,3.34
1347438.0,5.6,3.9,27.189999999999998,4.11,1.48,5.29,1.16,5.65
1087106.0,8.0,2.8,29.240000000000002,5.28,4.36,1.1,4.56,3.14
1060846.0,8.3,1.9,17.650000000000002,2.22,1.47,0.75,0.0,3.01
1089321.0,8.0,3.4,31.689999999999998,6.25,4.19,1.5,2.42,5.93
969870.0,6.0,2.6,26.360000000000003,2.08,4.19,2.07,7.62,1.8
1062155.0,6.6,0.7,23.139999999999997,5.01,2.54,4.56,2.96,0.77
1038491.0,7.0,3.2,18.080000000000002,4.62,0.0,0.14,0.4,2.72
1031931.0,5.6,2.5,20.89,3.73,2.16,1.7,0.0,5.2
1062192.0,8.1,1.5,22.270000000000003,3.39,3.68,1.52,3.21,0.87
570232.0,11.0,3.9,30.04,1.76,0.72,5.81,2.49,4.36
785716.0,8.4,2.6,24.72,6.77,1.7,1.19,3.2,0.86
1062930.0,6.5,1.6,23.99,2.27,1.82,1.75,4.53,5.52
1270827.0,6.7,2.7,27.229999999999997,10.0,4.0,0.0,2.68,1.15
1011403.0,6.0,2.4,27.19,4.55,7.06,2.74,1.3,3.14
1063070.0,6.4,1.3,13.74,0.0,1.25,1.14,0.0,3.65
1144538.0,6.8,3.9,25.199999999999996,7.35,1.47,1.32,0.88,3.48
971834.0,8.2,3.1,23.54,3.41,0.35,2.39,0.43,5.66
1063288.0,8.2,1.6,21.249999999999996,0.53,0.58,3.29,3.99,3.06
980078.0,8.1,4.5,26.67,5.07,0.02,4.77,1.5,2.71
970660.0,7.0,2.5,19.490000000000006,6.03,3.67,0.28,0.01,0.0
943531.0,7.4,2.3,22.95,4.1,4.08,1.15,1.78,2.14
1092236.0,5.3,2.5,18.58,0.0,3.81,3.62,1.79,1.56
1064308.0,6.6,1.5,14.31,0.98,1.38,0.0,0.0,3.85
927911.0,8.0,4.4,30.46,2.95,3.43,6.88,2.35,2.45
931333.0,6.8,3.0,21.35,0.97,5.17,1.5,1.89,2.02
1064485.0,7.2,1.1,15.85,4.22,0.04,1.22,0.54,1.53
1134206.0,6.9,4.0,23.83,6.22,1.45,1.85,0.4,3.01
1014701.0,6.2,2.6,24.03,3.96,2.42,6.72,2.0,0.13
1064902.0,7.9,1.4,21.96,5.53,3.73,0.0,1.5,1.9
1088086.0,7.1,3.5,26.9,5.32,0.73,1.5,3.81,4.94
1182567.0,4.7,2.3,22.51,1.66,6.94,1.91,3.25,1.75
1065583.0,6.1,1.3,14.379999999999999,3.13,0.47,3.38,0.0,0.0
1152533.0,5.8,4.0,19.840000000000003,7.37,1.66,0.0,0.0,1.01
1295672.0,2.2,1.9,23.490000000000002,3.77,7.24,2.19,3.19,3.0
1065798.0,2.9,0.3,22.770000000000003,6.19,4.94,3.36,1.32,3.76
1155869.0,4.1,2.4,21.339999999999996,4.3,7.92,0.27,0.88,1.47
1066758.0,6.8,1.2,23.15,2.92,4.62,0.81,1.89,4.91
902674.0,6.7,2.8,18.28,1.06,3.34,0.0,0.92,3.46
1329177.0,7.3,2.9,23.349999999999998,0.62,6.97,2.31,0.48,2.77
1066933.0,7.6,1.7,27.86,4.16,0.0,6.06,4.55,3.79
1302589.0,7.2,3.8,19.61,3.6,1.42,2.02,0.4,1.17
1060531.0,5.1,2.6,21.590000000000003,4.04,2.62,2.67,1.71,2.85
1067356.0,5.8,1.5,24.400000000000002,4.86,0.36,5.39,5.83,0.66
1037925.0,7.2,3.4,22.48,1.24,4.9,0.29,3.55,1.9
1024764.0,6.2,2.2,27.01,5.92,3.77,1.78,2.8,4.34
1067662.0,6.8,1.5,19.32,4.99,1.09,3.07,0.0,1.87
1069723.0,8.1,3.6,30.139999999999997,5.36,2.41,5.33,0.0,5.34
858937.0,5.4,2.6,21.15,4.81,0.6,3.71,0.0,4.03
1069051.0,6.0,1.5,19.96,4.49,1.87,4.44,0.87,0.79
1184065.0,5.7,4.4,23.01,3.92,6.47,0.0,0.84,1.68
1051650.0,6.3,2.8,25.52,2.72,5.87,1.56,3.9,2.37
1069876.0,6.7,1.6,28.169999999999998,10.0,1.22,3.88,2.2,2.57
1182860.0,7.1,3.8,34.39,7.16,0.45,6.18,3.74,5.96
1081021.0,6.7,2.0,18.55,1.48,2.64,0.32,3.6,1.81
1071035.0,7.7,1.3,21.900000000000002,4.77,1.33,2.53,3.01,1.26
926805.0,8.5,3.6,25.1,3.06,7.44,1.0,1.5,0.0
1406103.0,3.4,1.1,22.94,5.42,4.19,2.6,3.59,2.64
1071120.0,3.8,1.0,13.5,1.52,0.0,5.75,0.25,1.18
940339.0,6.4,2.4,24.9,6.98,3.72,2.7,0.0,2.7
1072243.0,6.7,1.4,22.610000000000003,4.34,2.83,2.87,1.17,3.3
1168050.0,6.6,3.2,24.34,4.27,2.6,3.0,3.15,1.52
1010216.0,6.0,2.5,24.849999999999998,5.86,0.0,3.59,3.95,2.95
1072674.0,5.9,1.0,14.360000000000001,2.44,2.39,0.74,0.0,1.89
1102342.0,7.3,3.9,25.659999999999997,0.0,7.07,1.68,2.29,3.42
1300696.0,4.4,0.1,21.67,2.85,3.56,4.41,2.19,4.16
1074219.0,7.9,0.8,23.029999999999998,6.03,1.26,4.09,0.88,2.07
863698.0,8.1,3.1,24.08,2.85,2.99,1.9,2.69,2.45
1519175.0,3.5,2.0,19.89,3.27,0.0,4.19,5.6,1.33
1074610.0,7.5,0.4,28.810000000000002,5.05,3.82,7.07,0.26,4.71
847469.0,8.8,3.9,17.98,2.13,1.13,1.04,0.0,0.98
1335576.0,6.1,2.4,20.36,3.9,0.29,3.64,0.0,4.03
1074858.0,7.8,1.4,21.529999999999998,2.77,3.44,2.93,0.83,2.36
1130161.0,6.2,4.3,22.009999999999998,1.67,1.73,1.96,2.75,3.4
1057002.0,6.2,2.6,22.92,3.98,4.45,2.51,1.88,1.3
1074958.0,7.0,1.8,19.52,0.46,1.56,3.94,0.78,3.98
1029211.0,8.0,4.1,30.169999999999998,6.53,1.75,4.48,2.5,2.81
1264342.0,5.4,2.3,26.200000000000003,6.58,1.71,3.85,2.97,3.39
1075173.0,7.8,1.7,23.549999999999997,4.28,1.0,3.51,4.29,0.97
884191.0,9.1,3.8,26.419999999999998,0.12,4.51,5.59,0.0,3.3
776518.0,7.1,2.8,23.76,4.97,1.52,1.85,2.33,3.19
1075212.0,6.7,1.3,20.79,1.8,2.79,1.96,2.59,3.65
1002641.0,7.8,4.0,23.460000000000004,0.6,5.29,0.85,1.82,3.1
1578862.0,2.3,2.1,18.96,3.63,5.78,1.69,0.6,2.86
1075662.0,5.4,1.1,20.240000000000002,3.55,1.02,1.75,3.41,4.01
1205170.0,5.3,3.3,20.44,0.07,1.53,2.87,3.62,3.75
1335552.0,3.6,1.2,24.25,1.13,5.98,5.78,1.14,5.42
1075749.0,5.0,2.2,31.83,5.66,5.29,4.5,5.52,3.66
1164135.0,4.9,2.2,18.73,4.43,0.0,3.54,0.0,3.66
1075823.0,6.3,1.5,19.35,3.01,1.8,3.32,1.98,1.44
1081880.0,7.7,3.4,21.919999999999998,4.78,0.25,2.27,1.21,2.31
948552.0,7.2,2.3,24.530000000000005,4.65,4.11,2.01,3.24,1.02
1076146.0,6.8,1.3,19.77,4.21,1.26,2.79,0.0,3.41
1045387.0,7.1,3.7,25.01,3.01,0.3,6.46,2.73,1.71
997682.0,6.7,2.2,21.119999999999997,4.78,0.65,1.64,1.23,3.92
1077078.0,7.0,1.0,23.13,8.21,1.15,1.73,3.52,0.52
1077965.0,7.7,3.8,32.61,8.6,2.18,4.68,5.65,0.0
903893.0,7.9,2.8,31.410000000000004,6.39,3.83,1.76,5.93,2.8
1077394.0,7.3,1.4,18.4,0.85,0.75,3.55,0.0,4.55
1059789.0,8.6,3.2,27.02,2.39,0.0,3.72,5.92,3.19
976255.0,6.4,2.5,16.25,0.0,1.01,3.48,1.93,0.93
1077885.0,7.4,1.1,28.32,6.2,6.96,2.23,0.29,4.14
1118115.0,6.9,3.2,28.84,5.15,4.24,4.51,3.05,1.79
955979.0,7.7,2.7,29.39,2.72,3.99,3.88,5.23,3.17
1077926.0,6.5,1.1,19.17,4.25,2.45,2.76,0.65,1.46
1091896.0,7.3,3.5,28.71,5.15,1.12,5.22,6.42,0.0
1100244.0,5.2,2.4,27.139999999999997,4.12,3.0,3.54,4.79,4.09
1078237.0,6.8,1.7,19.339999999999996,1.74,3.44,1.65,1.75,2.26
1133208.0,7.1,3.0,22.540000000000003,0.14,3.67,1.98,2.62,4.03
1126211.0,6.8,2.5,21.130000000000003,0.0,2.21,3.12,4.15,2.35
1079315.0,8.2,1.8,17.86,4.22,2.05,0.35,0.24,1.0
882560.0,9.7,3.4,30.009999999999998,7.86,3.3,4.86,0.06,0.83
920171.0,6.4,2.9,21.450000000000003,3.18,4.57,2.69,0.62,1.09
1079802.0,6.8,0.8,20.98,5.23,2.47,2.99,1.55,1.14
945475.0,5.7,2.7,18.03,3.01,3.03,0.55,2.76,0.28
1079922.0,6.1,1.1,22.800000000000004,3.64,1.73,5.55,0.94,3.74
1182653.0,6.5,3.0,24.96,1.6,3.57,3.5,2.89,3.9
1157742.0,5.8,2.3,21.910000000000004,1.93,3.95,4.25,0.69,2.99
1081559.0,6.3,1.5,26.94,8.07,3.77,2.04,1.53,3.73
1069390.0,6.7,3.5,14.889999999999999,0.0,0.43,2.5,0.0,1.76
1270899.0,4.8,2.2,21.68,4.87,3.09,1.39,3.58,1.75
1081564.0,6.7,1.8,18.98,3.17,0.9,0.0,3.17,3.24
1163864.0,7.8,3.4,18.52,0.78,3.12,0.13,2.38,0.91
1037116.0,6.4,2.6,24.830000000000002,2.95,1.67,7.13,1.01,3.07
1082073.0,11.1,1.6,25.880000000000003,3.62,2.2,2.08,3.24,2.04
399602.0,13.9,3.9,30.240000000000006,5.69,1.78,2.98,1.32,0.67
1171655.0,6.2,2.6,24.71,7.22,5.39,0.0,0.0,3.3
1082338.0,8.1,1.7,23.46,3.85,3.49,3.41,0.41,2.5
1062775.0,8.3,3.6,28.689999999999998,2.35,2.02,5.72,3.3,3.4
982819.0,5.9,2.7,21.360000000000003,7.0,0.0,1.67,0.71,3.38
1082861.0,6.4,1.4,22.35,2.77,5.03,4.29,0.69,1.77
1014249.0,6.3,3.8,18.119999999999997,1.36,1.28,3.16,0.0,2.22
1037908.0,6.6,2.6,16.94,0.2,1.62,1.23,0.31,4.38
1083332.0,8.7,1.7,22.43,1.83,1.76,0.99,1.45,6.0
702720.0,7.9,2.9,27.26,2.88,3.9,2.69,4.8,2.19
1083488.0,6.9,1.4,24.23,4.68,3.56,2.19,3.43,2.07
1068213.0,6.5,4.3,29.519999999999996,6.6,3.52,5.67,1.14,1.79
951792.0,6.9,2.6,27.319999999999997,5.43,5.4,4.05,1.31,1.63
1084487.0,6.9,1.0,23.69,7.16,1.43,2.96,1.04,3.2
1149328.0,6.6,3.4,28.44,4.1,4.36,1.3,4.86,3.82
987053.0,6.2,2.5,18.72,1.7,1.71,1.14,1.32,4.15
1085299.0,7.0,1.2,22.09,1.6,2.88,3.36,2.27,3.78
1095416.0,7.5,3.7,23.13,3.16,0.0,4.19,2.56,2.02
1008167.0,5.1,2.6,16.65,3.82,0.74,1.64,0.0,2.75
1085349.0,6.9,1.2,21.84,2.64,2.66,2.04,2.95,3.45
1182030.0,6.5,3.4,24.269999999999996,0.52,2.96,3.42,4.3,3.17
1061058.0,5.8,2.2,25.349999999999998,4.63,3.61,0.61,4.96,3.54
1086061.0,6.2,1.3,20.009999999999998,3.12,2.09,4.58,0.0,2.72
1045906.0,7.1,3.7,28.740000000000002,5.22,6.62,4.55,1.12,0.43
1007732.0,6.8,2.7,20.77,4.37,1.89,1.31,0.99,2.71
1087651.0,6.7,1.3,22.25,1.81,6.47,1.34,2.56,2.07
1055130.0,7.1,3.8,30.669999999999998,3.89,6.15,4.82,2.14,2.77
915473.0,7.0,2.6,20.84,0.79,2.17,0.2,5.42,2.66
1088677.0,6.9,1.5,18.28,2.28,6.64,0.04,0.0,0.92
1023680.0,7.7,4.3,23.57,5.11,0.0,3.08,1.01,2.37
990591.0,6.0,2.6,15.58,2.43,0.0,0.68,3.48,0.39
1088840.0,5.5,1.4,25.07,2.03,5.14,3.86,3.39,3.75
1124934.0,7.0,2.7,18.82,2.71,0.25,3.7,0.0,2.46
1666894.0,4.7,2.1,14.91,4.68,0.0,3.43,0.0,0.0
1089022.0,7.5,0.9,18.66,2.78,3.92,2.49,0.0,1.07
886524.0,5.5,4.1,25.9,3.69,2.87,5.34,1.59,2.81
903990.0,5.9,3.1,22.18,4.09,0.71,4.41,0.0,3.97
1089114.0,5.7,2.2,21.900000000000002,3.18,1.44,3.6,4.43,1.35
1677072.0,5.8,3.6,23.259999999999998,2.93,4.07,3.52,0.16,3.18
991177.0,6.8,2.5,25.199999999999996,6.11,3.67,3.61,0.31,2.2
1089468.0,7.4,1.5,23.23,1.05,2.95,3.62,2.58,4.13
1001414.0,8.7,3.6,25.129999999999995,3.73,4.67,1.54,1.39,1.5
1146455.0,3.2,2.5,15.980000000000002,1.3,2.12,3.71,0.82,2.33
1090372.0,6.5,0.7,21.31,5.36,3.21,3.67,1.87,0.0
1285659.0,3.2,2.0,10.62,1.52,0.0,1.71,1.19,1.0
1090959.0,3.8,1.3,13.269999999999998,5.21,0.0,0.0,1.2,1.76
942853.0,7.2,2.5,24.700000000000003,0.0,2.05,5.55,4.98,2.42
1092435.0,6.6,1.2,26.67,7.22,3.78,5.03,2.48,0.36
1105902.0,7.5,3.3,24.03,4.21,4.01,0.77,1.24,3.0
1029460.0,6.8,2.7,21.22,3.61,3.04,1.33,2.3,1.44
1092709.0,6.5,1.3,19.8,3.49,0.0,1.24,4.47,2.8
1015282.0,7.4,3.2,21.44,3.04,1.19,1.64,0.51,4.46
1077780.0,6.2,2.4,21.18,5.51,3.06,1.65,0.44,1.92
1093965.0,6.8,1.2,21.490000000000002,2.77,4.07,2.53,1.83,2.29
877334.0,8.2,3.9,25.369999999999997,3.82,2.82,4.77,0.0,1.86
1004968.0,6.8,2.6,21.910000000000004,0.08,2.0,1.39,4.87,4.17
1094718.0,7.1,1.3,18.46,0.98,0.27,3.31,0.77,4.73
1127967.0,8.0,3.9,24.040000000000003,1.14,5.99,1.48,2.85,0.68
1702613.0,-0.4,0.4,6.249999999999999,0.6,2.01,2.09,0.0,1.55
1094962.0,5.3,2.3,26.479999999999997,6.51,4.27,2.36,3.48,2.26
1008535.0,5.1,2.1,20.569999999999997,3.27,3.44,2.35,1.74,2.57
1095010.0,6.8,1.2,19.670000000000005,3.3,2.37,4.53,0.51,0.96
1159642.0,6.9,3.3,19.389999999999997,3.96,1.43,1.54,0.47,1.79
1070674.0,6.0,2.4,16.39,1.55,1.04,0.98,1.04,3.38
1095297.0,7.1,1.7,23.189999999999998,3.53,3.86,2.47,2.11,2.42
1052361.0,8.3,3.6,24.24,6.78,2.51,0.0,3.05,0.0
1477107.0,4.4,1.8,20.900000000000002,3.69,4.94,1.64,1.54,2.89
1096098.0,6.9,1.2,24.59,1.94,1.65,5.66,5.38,1.86
1774912.0,3.4,2.7,20.310000000000002,3.08,0.0,3.96,4.12,3.05
1035208.0,6.6,2.2,17.590000000000003,1.21,3.43,0.56,0.0,3.59
1098025.0,6.3,1.5,21.41,2.28,3.79,1.8,2.33,3.41
1242033.0,5.6,3.2,20.33,2.85,1.62,2.48,2.33,2.25
1277992.0,5.5,2.2,21.529999999999998,0.0,5.29,3.55,2.38,2.61
1098643.0,7.3,1.4,25.36,3.94,0.61,3.73,4.03,4.35
1023119.0,7.9,4.2,25.060000000000002,2.81,3.24,6.2,0.0,0.71
1050803.0,7.8,2.5,22.19,3.62,2.14,3.13,0.39,2.61
1099611.0,8.1,1.3,20.189999999999998,6.62,0.0,3.13,0.0,1.04
1155855.0,8.5,3.1,23.05,3.21,1.96,2.0,1.84,2.44
882896.0,8.3,2.6,22.019999999999996,1.87,1.53,4.25,0.0,3.47
1099988.0,6.5,0.9,23.2,5.56,3.62,3.42,0.0,3.2
1496591.0,4.9,2.5,16.5,0.0,3.85,0.0,2.37,2.88
1492559.0,3.8,1.7,20.91,0.92,4.64,3.69,3.04,3.12
1094863.0,6.8,4.3,24.03,1.76,1.97,3.11,3.71,2.38
892160.0,4.8,2.1,17.29,2.67,1.6,2.78,0.87,2.47
1101392.0,5.9,1.2,19.69,5.58,1.77,3.96,1.28,0.0
1293539.0,6.1,4.3,32.53,1.61,4.87,5.55,7.12,2.98
1031734.0,6.2,2.2,21.52,3.99,4.45,2.92,1.59,0.17
1102096.0,6.5,1.2,22.1,3.76,3.13,2.12,3.36,2.03
1137911.0,6.7,3.5,20.79,0.09,1.0,5.94,0.0,3.56
1002081.0,6.5,2.4,20.71,4.76,2.35,0.68,0.5,3.52
1102248.0,7.2,1.2,22.22,4.3,4.13,2.31,1.76,1.32
1122813.0,6.9,3.3,24.559999999999995,6.09,0.83,4.4,0.28,2.76
1298073.0,3.9,1.7,14.18,2.44,1.64,0.81,1.5,2.19
1102781.0,5.9,1.4,18.580000000000002,0.81,1.85,2.17,3.5,2.95
1306096.0,4.8,2.9,23.22,5.78,5.56,0.0,3.33,0.85
1190211.0,6.2,2.9,19.419999999999998,2.83,3.36,2.8,0.11,1.22
1103174.0,6.0,1.9,17.9,0.0,0.0,3.5,2.1,4.4
1034340.0,7.6,4.2,19.05,0.01,2.19,1.15,2.63,1.27
1693582.0,3.3,1.8,10.959999999999999,0.87,2.84,0.89,0.0,1.26
1103927.0,5.7,0.9,23.470000000000002,2.04,2.87,4.77,4.0,3.19
1071194.0,6.2,3.4,20.599999999999998,2.52,2.32,0.75,2.69,2.72
960237.0,6.3,2.4,15.78,1.21,1.54,0.0,2.52,1.81
1104111.0,5.2,0.8,24.440000000000005,7.79,2.57,2.99,2.35,2.74
1335167.0,6.1,3.0,20.06,1.91,2.79,3.95,0.06,2.25
1002250.0,5.3,2.6,19.700000000000003,1.63,1.48,0.0,5.7,2.99
1104168.0,5.5,0.8,17.41,0.0,2.19,3.12,4.36,1.44
1280287.0,5.9,3.6,24.1,5.86,2.3,0.05,2.31,4.08
926492.0,5.5,2.7,27.97,2.46,2.84,4.65,6.83,2.99
1104189.0,4.5,1.0,16.83,4.86,2.66,2.73,0.0,1.08
1362257.0,4.5,1.5,20.07,5.45,2.59,2.8,0.0,3.23
1105218.0,8.2,1.1,26.180000000000003,5.54,4.94,1.36,2.42,2.62
702047.0,8.5,3.5,32.67,5.93,1.22,7.45,3.23,2.84
966958.0,7.4,2.6,23.330000000000002,3.03,1.99,2.87,1.67,3.77
1105943.0,6.6,1.3,16.880000000000003,2.69,1.39,2.66,0.0,2.24
1126286.0,8.1,3.4,25.599999999999998,2.59,1.97,2.39,3.43,3.72
974826.0,0.0,0.0,9.57,4.93,1.84,1.65,0.0,1.15
1106248.0,6.3,1.8,18.02,1.74,3.39,1.87,0.97,1.95
738459.0,3.8,6.0,17.36,0.0,1.52,0.0,2.74,3.3
1671013.0,4.8,1.9,22.58,6.41,2.91,1.45,2.36,2.75
1106523.0,6.4,1.6,25.810000000000002,5.87,2.95,4.67,3.36,0.96
1246583.0,5.0,2.5,19.550000000000004,3.12,4.41,3.42,0.0,1.1
1106682.0,6.2,1.7,29.07,5.7,3.86,4.3,3.98,3.33
1132266.0,7.1,4.0,21.510000000000005,0.51,4.74,1.12,1.87,2.17
1639250.0,3.8,2.1,18.78,5.78,0.34,1.96,0.0,4.8
1107859.0,6.4,1.1,19.610000000000003,1.33,5.09,2.5,0.0,3.19
807369.0,9.2,3.6,25.33,3.64,0.0,4.25,1.31,3.33
1143698.0,5.1,2.3,21.91,5.56,2.57,4.1,2.25,0.03
1108100.0,6.7,1.5,19.639999999999997,2.61,3.93,1.56,3.34,0.0
995849.0,7.3,3.8,27.42,4.9,3.48,2.26,2.35,3.33
973306.0,6.2,2.5,23.739999999999995,3.99,4.68,0.0,4.22,2.15
1108141.0,8.1,1.6,25.38,7.13,1.76,1.36,3.3,2.13
1007860.0,8.8,3.4,32.15,6.23,0.0,6.01,3.69,4.02
1108169.0,13.8,1.3,30.490000000000002,3.16,0.0,5.76,3.25,3.22
891102.0,6.7,2.5,24.64,3.43,5.76,0.64,2.85,2.76
1108844.0,7.0,1.5,22.77,1.02,3.12,4.64,2.93,2.56
993525.0,7.4,4.2,28.360000000000003,8.0,4.78,0.94,0.0,3.04
1096694.0,6.4,2.5,20.48,3.38,0.33,1.86,1.79,4.22
1109193.0,6.4,1.5,18.44,3.28,1.39,2.86,0.96,2.05
1085362.0,7.5,3.7,23.14,3.64,0.0,3.32,1.93,3.05
1008301.0,4.9,2.4,26.840000000000003,8.01,1.25,3.55,3.25,3.48
1109460.0,6.7,0.8,23.6,6.11,2.94,3.1,0.0,3.95
1290030.0,3.9,3.2,21.270000000000003,7.75,3.36,2.02,1.03,0.01
1534252.0,2.1,1.8,13.68,0.55,0.6,5.18,0.62,2.83
1109616.0,4.1,0.5,12.000000000000002,1.81,1.71,1.89,0.0,1.99
858857.0,2.8,6.0,21.700000000000003,3.35,0.0,3.17,3.96,2.42
1419481.0,4.2,2.0,22.18,2.86,0.0,0.92,9.11,3.09
1109642.0,6.3,1.5,17.8,0.44,0.69,2.78,4.72,1.37
1126251.0,6.1,4.2,30.630000000000003,6.68,2.91,5.6,0.0,5.14
1366498.0,5.4,2.5,22.85,5.35,1.53,1.31,2.02,4.74
1109819.0,7.1,0.9,17.9,1.48,4.15,1.95,1.28,1.04
837774.0,8.7,3.6,24.439999999999994,0.0,4.32,4.34,2.67,0.81
1494409.0,4.2,2.8,20.979999999999997,6.51,0.53,3.23,1.88,1.83
1110098.0,6.2,1.2,20.22,1.19,6.22,2.5,2.21,0.7
1190802.0,7.3,4.5,26.94,4.64,1.94,3.95,2.75,1.86
1123176.0,5.3,2.4,25.099999999999998,3.85,0.45,4.62,3.28,5.2
1111346.0,5.9,1.0,20.57,5.55,0.0,1.33,3.08,3.71
1151351.0,5.4,3.2,19.29,5.24,3.05,2.32,0.0,0.08
1318011.0,4.5,2.0,18.91,2.8,2.77,1.51,1.54,3.79
1111837.0,7.8,1.1,26.37,2.77,1.23,4.36,4.7,4.41
724097.0,10.2,3.5,31.85,10.0,5.53,0.0,0.3,2.32
1089821.0,4.9,2.3,19.48,3.5,2.04,0.55,4.55,1.64
1112092.0,6.6,1.3,28.12,7.01,0.63,6.38,2.72,3.48
1128474.0,6.3,4.2,22.71,4.23,2.83,1.48,3.17,0.5
1334135.0,4.7,2.4,24.45,3.64,2.27,5.86,2.47,3.11
1113469.0,6.2,1.3,17.17,1.59,3.55,2.27,1.89,0.37
986517.0,6.3,3.4,24.29,6.59,1.61,3.67,1.13,1.59
1114487.0,5.8,2.4,25.109999999999996,0.04,4.92,2.35,6.31,3.29
1113662.0,7.3,1.3,21.87,2.69,2.39,2.01,3.38,2.8
875342.0,9.1,4.0,28.25,2.31,3.81,2.71,2.59,3.73
1091178.0,6.1,2.9,33.96,9.1,5.74,5.5,2.66,1.96
1113951.0,7.2,1.6,25.950000000000003,4.37,3.84,3.12,2.24,3.58
1071057.0,8.0,3.8,26.59,2.79,2.85,2.68,4.68,1.79
1168605.0,5.1,2.4,25.389999999999997,3.91,5.31,2.75,1.86,4.06
1114630.0,6.1,1.3,29.13,10.0,4.17,1.61,3.54,2.41
1052628.0,6.6,4.2,18.560000000000002,1.92,2.02,1.31,0.0,2.51
1119840.0,4.9,2.2,28.799999999999997,8.37,1.38,4.36,3.76,3.83
1114856.0,6.6,1.6,18.54,0.32,0.0,2.13,6.93,0.96
1112573.0,6.8,3.5,24.480000000000004,6.21,0.0,3.0,2.1,2.87
1048076.0,5.1,2.6,21.56,0.97,5.19,3.98,1.34,2.38
1114897.0,6.7,1.2,20.259999999999998,2.53,3.42,3.11,1.22,2.08
857824.0,8.2,3.6,29.119999999999997,7.23,0.0,4.66,1.17,4.26
1067172.0,6.0,2.3,21.98,0.0,4.0,5.04,0.0,4.64
1115607.0,6.2,1.3,27.799999999999997,8.28,2.24,6.93,1.38,1.47
1161166.0,6.4,3.6,20.06,3.88,0.0,1.21,1.91,3.06
1126903.0,5.1,2.2,21.089999999999996,0.36,2.8,4.79,2.51,3.33
1116190.0,6.4,1.5,18.889999999999997,4.16,5.46,0.61,0.33,0.43
900007.0,8.3,3.6,31.95,8.65,1.46,5.7,0.54,3.7
921875.0,5.3,2.7,17.64,1.39,2.2,1.34,2.28,2.43
1116210.0,6.1,1.3,19.56,4.81,3.93,0.18,0.59,2.65
867473.0,7.2,3.6,24.72,2.09,3.38,2.22,3.72,2.51
1050766.0,6.2,2.4,17.16,1.05,3.61,0.45,1.3,2.15
1228769.0,5.0,2.3,15.82,2.56,0.0,2.76,1.65,1.55
1117448.0,6.7,1.0,21.57,3.23,0.31,3.36,3.7,3.27
976894.0,7.0,3.6,28.93,2.49,4.6,5.79,1.6,3.85
1167174.0,5.5,2.3,22.679999999999996,0.32,3.16,3.77,6.32,1.31
1118264.0,7.5,1.5,22.130000000000003,5.16,2.06,2.94,0.14,2.83
687526.0,9.0,4.1,30.9,3.51,3.08,3.55,3.22,4.44
1008286.0,7.2,2.5,24.63,4.84,5.16,3.75,0.0,1.18
1118626.0,7.4,1.6,25.0,3.6,4.21,2.82,1.69,3.68
1128441.0,6.6,3.2,17.65,4.72,0.0,0.52,0.75,1.86
1276270.0,6.0,2.6,19.06,0.07,3.07,2.85,1.84,2.63
1119677.0,6.2,1.4,19.849999999999998,2.94,1.88,5.18,1.88,0.37
1014208.0,8.3,4.4,28.660000000000004,0.0,4.72,5.12,3.25,2.87
1175015.0,6.0,2.3,19.96,3.21,2.58,1.14,0.0,4.73
1120000.0,7.9,1.5,22.880000000000003,0.47,3.62,0.0,3.39,6.0
1158084.0,7.4,4.2,28.050000000000004,6.16,2.55,2.71,1.55,3.48
1695063.0,4.0,2.1,24.470000000000002,6.61,1.95,4.53,0.0,5.28
1120353.0,5.1,1.3,23.220000000000002,4.89,3.96,3.64,1.92,2.41
1416681.0,4.2,2.5,17.990000000000002,0.92,0.96,2.38,2.92,4.11
954044.0,4.4,3.6,27.96,0.44,3.43,4.76,7.34,3.99
1120910.0,4.4,0.5,18.689999999999998,0.0,5.51,4.47,0.0,3.81
1211761.0,6.8,2.4,21.17,1.97,5.08,0.82,2.55,1.55
1122754.0,4.4,2.2,13.240000000000002,0.0,3.85,2.06,0.0,0.73
1121024.0,6.0,0.8,18.849999999999998,3.31,2.7,2.44,0.03,3.57
1097782.0,7.9,3.4,29.810000000000002,2.95,5.0,3.68,4.17,2.71
1078413.0,6.3,2.2,24.18,1.91,1.11,4.16,4.42,4.08
1122358.0,6.5,1.1,20.37,1.06,3.53,3.06,4.45,0.67
1106253.0,5.1,2.5,27.650000000000002,2.89,6.7,5.14,0.0,5.32
1122863.0,6.2,1.2,33.1,7.5,4.78,4.56,5.78,3.08
1028296.0,6.8,3.3,28.679999999999996,2.72,4.15,5.36,1.24,5.11
775698.0,9.3,2.9,17.91,3.85,1.31,0.0,0.55,0.0
1123971.0,6.3,1.4,24.45,5.79,2.77,4.8,0.46,2.93
1206983.0,6.9,3.6,25.740000000000002,6.59,1.28,1.38,3.49,2.5
1138894.0,5.2,2.5,22.28,5.51,1.31,2.13,0.65,4.98
1124133.0,5.3,1.1,25.340000000000003,2.39,3.95,5.73,3.34,3.53
905621.0,6.7,3.7,18.44,0.57,2.76,2.7,0.28,1.73
592221.0,12.0,3.1,25.03,0.56,0.0,2.3,5.47,1.6
1124145.0,9.9,1.4,20.82,0.0,3.31,3.19,0.0,3.02
522432.0,13.1,3.8,33.86,2.99,5.43,5.95,0.17,2.42
1369332.0,2.7,1.7,28.4,4.53,5.82,3.3,4.92,5.43
1124943.0,5.8,2.2,22.28,5.53,2.95,0.0,1.54,4.26
1538583.0,3.5,1.4,22.44,5.23,3.59,4.77,2.0,1.95
1125596.0,5.5,1.1,21.330000000000002,3.88,2.24,3.86,2.6,2.15
1047774.0,6.0,3.0,23.439999999999998,4.86,2.2,4.18,0.88,2.32
1312368.0,5.1,1.8,22.169999999999998,5.2,5.08,3.01,0.0,1.98
1125741.0,6.3,0.7,19.87,0.23,2.36,3.48,3.17,3.63
1218810.0,5.3,2.5,19.740000000000002,3.64,2.13,0.88,2.3,2.99
1126157.0,6.8,1.5,16.19,2.89,0.16,3.28,0.31,1.25
1107234.0,7.7,3.3,26.89,5.54,3.53,1.19,3.88,1.75
1103823.0,5.8,2.5,23.330000000000002,1.21,0.52,5.19,2.11,6.0
1126262.0,7.3,0.8,19.880000000000003,5.79,1.94,1.27,0.0,2.78
1107026.0,7.4,3.1,25.56,7.52,4.09,0.77,0.0,2.68
966440.0,8.0,2.5,25.55,3.38,5.58,2.21,1.24,2.64
1126349.0,7.3,1.4,21.04,4.14,3.72,2.33,0.0,2.15
993152.0,8.8,3.6,21.28,1.8,0.56,3.88,0.0,2.64
1098274.0,5.4,2.3,12.610000000000001,1.19,1.99,0.0,0.0,1.73
1128380.0,6.2,1.5,22.109999999999996,4.16,3.29,1.24,3.59,2.13
1153926.0,6.2,3.1,20.320000000000004,2.75,2.83,3.02,1.55,0.87
1089665.0,5.0,2.3,28.5,4.71,4.04,5.01,3.61,3.83
1128920.0,5.5,1.2,18.13,3.71,0.07,2.77,1.36,3.52
1126207.0,6.3,3.5,18.8,2.34,1.07,3.34,0.44,1.81
1120136.0,5.1,2.4,19.01,0.0,1.34,3.16,3.89,3.12
1128965.0,6.1,1.1,16.659999999999997,3.7,2.93,2.83,0.0,0.0
1259651.0,6.3,3.8,25.9,0.0,1.44,5.0,4.71,4.65
1060382.0,6.5,2.4,24.29,2.61,3.26,7.49,1.05,0.98
1129147.0,6.8,1.1,27.85,7.59,2.85,1.34,5.41,2.76
1180905.0,7.0,3.6,22.9,4.05,1.57,2.67,2.63,1.38
1112506.0,6.1,2.7,17.180000000000003,0.61,2.33,2.2,2.57,0.67
1129523.0,7.9,1.7,28.739999999999995,0.78,5.45,4.2,5.42,3.29
1153646.0,7.6,3.6,23.32,0.9,2.47,4.09,2.27,2.39
1101896.0,7.1,2.5,23.34,1.37,5.37,1.64,3.98,1.38
1131473.0,7.0,1.5,21.569999999999997,4.58,1.21,3.58,1.95,1.75
1128658.0,6.5,3.7,23.220000000000002,1.42,4.97,2.76,2.0,1.87
897420.0,7.8,2.4,25.190000000000005,5.63,3.74,0.85,2.35,2.42
1132869.0,9.4,1.2,21.9,0.0,5.52,0.0,2.37,3.41
466188.0,12.7,3.5,31.37,3.97,0.0,3.19,2.67,5.34
1092638.0,7.2,1.4,21.240000000000002,3.46,3.95,0.42,3.48,1.33
1133363.0,5.5,1.7,15.84,1.9,0.8,1.59,2.93,1.42
1091436.0,5.6,4.1,25.110000000000003,2.05,1.95,4.4,1.53,5.48
1007095.0,6.3,2.9,23.619999999999997,5.3,0.03,4.8,1.22,3.07
1133482.0,6.0,1.0,22.07,0.0,4.54,2.27,4.46,3.8
1169575.0,6.9,3.7,21.470000000000002,4.05,3.22,1.61,1.82,0.17
1046500.0,6.3,2.3,24.53,4.01,1.8,5.89,3.62,0.61
1134155.0,6.0,1.2,24.92,3.19,6.39,2.18,5.57,0.39
1171487.0,7.0,3.2,17.060000000000002,0.0,3.62,1.89,0.0,1.35
1350207.0,4.4,2.4,25.150000000000002,3.58,4.75,3.49,2.98,3.55
1137241.0,6.7,0.9,17.57,4.47,0.0,2.58,0.0,2.92
1128341.0,7.8,1.6,20.59,4.72,1.17,0.93,2.24,2.13
1137529.0,6.4,1.3,28.75,5.2,1.28,3.62,7.21,3.74
1386812.0,4.1,4.1,26.18,7.5,1.43,3.71,2.73,2.61
778277.0,10.0,3.1,30.39,2.93,2.59,8.39,1.9,1.48
359153.0,14.5,4.2,28.9,3.72,1.06,4.28,0.72,0.42
681736.0,10.8,3.1,28.59,6.18,2.11,3.05,1.19,2.16
1138784.0,8.7,1.6,30.56,7.38,2.73,5.29,3.57,1.29
463829.0,12.9,3.7,26.94,0.97,2.06,1.68,3.85,1.78
1081648.0,6.6,2.4,28.27,4.45,5.04,2.46,4.46,2.86
1139760.0,7.0,1.3,20.270000000000003,1.27,0.84,3.71,2.53,3.62
1224713.0,6.5,3.1,26.82,9.33,0.0,4.28,3.61,0.0
1076572.0,6.3,2.5,24.950000000000003,4.4,5.58,1.44,0.2,4.53
1140076.0,6.9,1.6,21.73,3.36,3.16,2.21,1.59,2.91
922944.0,8.9,3.4,23.029999999999998,3.34,1.74,2.28,2.74,0.63
1086573.0,5.4,2.3,21.15,7.37,0.0,3.82,0.0,2.26
1140180.0,6.8,1.2,23.93,4.71,3.12,4.36,2.59,1.15
1082433.0,6.5,3.5,27.960000000000004,7.0,0.57,5.17,4.6,0.62
1072232.0,5.0,2.6,27.419999999999995,6.02,4.37,5.1,0.7,3.63
1140670.0,6.4,1.4,15.540000000000003,1.96,1.87,2.22,0.74,0.95
1187788.0,5.5,3.5,19.5,2.96,0.0,2.52,0.19,4.83
1057534.0,5.8,2.3,19.16,5.16,0.34,2.31,2.5,0.75
1140894.0,6.3,1.1,31.440000000000005,10.0,4.78,2.94,4.4,1.92
1231318.0,5.9,3.5,22.450000000000003,4.45,0.0,7.53,0.06,1.01
1152401.0,6.8,2.3,17.97,3.45,3.2,0.0,0.0,2.22
1141296.0,7.6,1.6,26.439999999999998,1.99,5.21,3.26,2.85,3.93
1065107.0,8.5,3.6,28.400000000000002,2.92,4.37,5.17,0.53,3.31
1015768.0,5.1,2.9,24.78,3.91,2.47,4.7,0.78,4.92
1141509.0,5.6,1.7,26.77,2.12,4.72,3.38,5.47,3.78
1127816.0,5.7,2.3,20.91,6.65,0.0,1.83,1.37,3.06
1141546.0,6.6,1.6,20.32,3.91,0.95,1.14,2.29,3.83
1176606.0,7.2,3.7,22.45,4.53,1.19,1.86,0.83,3.14
1136608.0,5.3,2.3,18.709999999999997,1.96,2.79,3.02,0.0,3.34
1143339.0,5.2,1.2,21.5,2.89,3.05,2.91,1.83,4.42
763575.0,8.9,3.8,34.48,5.37,5.07,2.65,5.73,2.96
1308901.0,5.1,2.6,27.650000000000002,10.0,0.0,7.65,0.0,2.3
1143905.0,5.7,1.3,11.8,0.0,0.0,0.0,3.46,1.34
1344590.0,4.8,3.1,23.810000000000002,6.11,1.32,3.28,3.06,2.14
1259016.0,4.0,2.4,12.720000000000002,0.0,2.16,0.8,0.24,3.12
1147239.0,6.1,0.8,20.109999999999996,4.7,3.11,0.0,3.09,2.31
1025917.0,5.2,3.4,23.33,4.39,2.25,2.75,2.06,3.28
1148311.0,5.1,2.5,18.86,2.09,2.8,5.14,0.0,1.23
1148205.0,5.6,1.1,16.09,3.11,1.27,2.85,0.65,1.51
1149608.0,6.3,3.8,17.840000000000003,0.73,0.0,3.79,1.64,1.58
1617923.0,2.2,1.2,19.16,4.79,3.67,3.06,2.68,1.56
1148355.0,7.6,0.9,31.02,5.09,5.96,4.93,2.97,3.57
1234716.0,5.0,2.3,17.04,0.23,4.97,0.08,4.28,0.18
1150402.0,7.1,1.4,25.44,3.12,6.0,4.98,0.0,2.84
1197914.0,7.9,3.7,17.900000000000002,0.79,2.59,2.86,0.01,0.05
1141059.0,5.7,2.2,24.08,4.12,1.17,2.96,5.95,1.98
1150777.0,6.9,1.4,19.1,5.87,0.0,1.25,2.75,0.93
1055404.0,5.8,2.4,19.290000000000003,3.55,6.05,0.92,0.57,0.0
1150943.0,7.1,1.7,20.9,4.68,0.39,1.59,2.57,2.87
1189244.0,6.9,3.0,25.84,8.42,0.04,2.21,2.45,2.82
1111586.0,5.6,2.5,25.509999999999998,3.84,5.63,3.86,4.02,0.06
1152497.0,6.7,0.9,25.009999999999998,3.67,1.54,6.63,3.77,1.8
1176875.0,7.5,3.3,20.39,3.75,1.18,2.93,1.73,0.0
1079975.0,5.1,2.3,16.099999999999998,2.59,3.58,0.0,1.1,1.43
1152557.0,6.1,1.4,24.049999999999997,2.44,4.74,3.87,2.42,3.08
1337977.0,5.9,3.5,19.810000000000002,0.0,1.36,0.72,4.89,3.44
1666321.0,1.9,1.6,18.299999999999997,2.39,1.04,4.41,2.69,4.27
1152778.0,5.7,2.3,16.13,2.57,0.0,2.81,1.87,0.88
1236029.0,7.4,4.9,28.32,4.61,7.63,3.78,0.0,0.0
1077369.0,5.0,2.6,14.819999999999999,0.0,2.0,2.28,2.02,0.92
1154792.0,5.1,1.7,14.469999999999999,0.0,2.07,0.0,2.17,3.43
1304776.0,7.0,2.7,22.409999999999997,5.85,1.33,2.81,1.04,1.68
1119591.0,5.5,2.5,19.56,4.68,2.19,2.26,0.0,2.43
1155689.0,5.8,1.2,23.869999999999997,10.0,1.55,1.24,1.32,2.76
1231640.0,6.7,3.8,26.02,7.04,0.0,1.64,2.39,4.45
1093038.0,5.5,2.6,27.650000000000002,6.86,0.16,5.78,5.26,1.49
1155727.0,6.9,1.4,22.360000000000003,0.82,3.62,3.34,6.28,0.0
1196718.0,6.7,3.4,18.919999999999998,0.24,3.26,1.62,2.11,1.59
1071208.0,6.6,2.7,27.92,7.21,4.4,3.61,1.83,1.57
1155924.0,6.8,1.0,28.490000000000002,5.46,6.1,4.87,0.0,4.26
1185711.0,7.7,3.5,22.970000000000002,2.06,3.79,4.25,1.23,0.44
1101201.0,6.0,2.6,26.9,4.08,1.47,3.64,3.12,5.99
1156105.0,7.1,1.7,13.22,0.22,0.08,1.38,2.61,0.13
1130582.0,7.7,3.7,25.770000000000003,3.89,2.11,3.42,2.42,2.53
923514.0,8.6,2.7,18.13,3.11,1.65,1.98,0.0,0.09
1156333.0,8.2,1.7,22.219999999999995,4.14,1.36,4.54,1.4,0.88
1001999.0,8.6,3.5,30.300000000000004,3.81,3.01,3.29,2.92,5.17
1314772.0,6.7,1.7,21.739999999999995,4.51,0.62,3.91,1.15,3.15
1156686.0,7.3,0.9,18.66,7.24,0.34,0.0,0.21,2.67
826585.0,8.5,5.4,32.66,6.18,2.68,3.21,0.69,6.0
1368168.0,5.0,2.0,18.25,2.07,3.42,1.77,0.39,3.6
1157099.0,7.2,1.8,27.410000000000004,4.69,3.26,4.29,1.12,5.05
1278646.0,7.1,3.2,24.810000000000002,2.3,4.81,4.0,0.03,3.37
1111070.0,5.2,2.0,17.419999999999998,1.78,3.85,1.26,0.61,2.72
1158162.0,7.1,1.0,16.5,2.02,0.0,2.81,1.91,1.66
1213680.0,6.6,3.4,22.449999999999996,3.23,3.42,4.61,0.83,0.36
1068636.0,6.5,2.4,22.64,6.73,1.08,2.5,0.0,3.43
1091735.0,5.7,2.6,26.7,6.69,3.81,2.4,4.77,0.73
1159959.0,5.5,0.9,27.080000000000002,1.35,3.82,6.42,3.09,6.0
1354610.0,5.9,3.0,25.709999999999997,3.91,6.44,2.21,2.51,1.74
1120176.0,5.7,2.3,23.65,1.23,4.36,3.88,2.19,3.99
1160783.0,5.3,0.9,18.5,2.75,2.98,3.52,0.0,3.05
1135689.0,7.1,3.1,25.349999999999998,3.27,1.13,3.05,5.47,2.23
1051591.0,7.5,2.5,23.850000000000005,8.31,3.67,0.0,0.41,1.46
1161103.0,7.3,1.3,24.150000000000002,7.75,0.69,0.9,3.91,2.3
1144143.0,8.0,3.6,25.55,3.29,2.83,1.67,3.64,2.52
1116056.0,5.8,2.2,23.360000000000003,1.68,2.51,4.98,2.53,3.66
1161823.0,6.3,2.0,26.27,6.79,0.0,3.72,6.16,1.3
1175475.0,6.0,3.9,18.44,4.82,1.34,2.38,0.0,0.0
1166565.0,5.1,2.5,25.6,5.33,2.59,1.35,6.19,2.54
1163095.0,6.2,1.1,26.099999999999994,1.36,4.47,2.19,7.02,3.76
1141535.0,6.5,3.4,17.490000000000002,0.0,0.0,3.95,2.29,1.35
1240847.0,5.3,2.4,14.71,1.91,1.73,3.0,0.06,0.31
1163865.0,6.5,1.4,26.61,4.22,3.44,4.33,3.72,3.0
1066964.0,7.5,2.9,23.590000000000003,8.49,0.0,1.93,0.42,2.35
1159672.0,6.3,2.5,20.35,5.35,0.08,1.29,1.91,2.92
1163995.0,7.0,1.4,22.209999999999997,3.12,2.11,3.02,4.0,1.56
1425990.0,5.2,2.6,26.01,7.58,2.24,4.67,0.19,3.53
930155.0,9.5,2.5,22.67,5.42,0.29,2.07,0.0,2.89
1164513.0,10.1,1.7,30.25,3.61,7.29,0.0,2.34,5.21
520773.0,12.4,3.4,33.28,4.9,3.39,1.4,3.33,4.46
1158650.0,5.3,2.5,22.239999999999995,4.21,1.1,4.26,0.79,4.08
1164980.0,6.8,1.5,20.950000000000003,6.57,0.0,4.26,0.21,1.61
1115913.0,6.2,3.3,17.2,1.07,3.77,0.0,0.57,2.29
1029023.0,6.4,2.6,20.56,0.0,6.13,3.67,0.28,1.48
1166649.0,7.1,1.5,19.74,4.74,1.63,0.0,0.0,4.77
1029963.0,7.6,4.6,30.419999999999998,2.95,4.39,4.38,2.65,3.85
1108463.0,5.5,2.6,24.43,1.74,1.99,4.78,6.05,1.77
1166701.0,6.6,1.1,26.86,5.69,4.14,2.88,0.45,6.0
754635.0,8.8,3.9,29.449999999999996,6.34,1.02,1.7,3.22,4.47
1661958.0,3.2,1.7,22.860000000000003,3.58,3.88,6.53,1.87,2.1
1167937.0,6.7,0.8,19.6,4.84,5.02,2.24,0.0,0.0
1259377.0,5.9,3.7,20.900000000000002,6.32,0.0,4.98,0.0,0.0
1097514.0,6.8,2.6,26.6,2.54,4.95,6.0,0.23,3.48
1168128.0,6.3,1.5,16.12,3.31,0.96,0.45,0.22,3.38
1176086.0,7.7,3.7,25.58,4.64,2.82,1.45,2.95,2.32
1229641.0,5.7,2.3,24.58,6.1,3.03,2.95,3.45,1.05
1168287.0,6.8,1.9,18.96,3.93,0.39,1.78,2.66,1.5
1197869.0,6.3,4.2,19.39,1.05,4.72,0.17,0.0,2.95
1167955.0,4.9,2.9,21.78,7.62,2.95,0.81,0.0,2.6
1168751.0,5.8,1.7,22.1,3.39,0.0,3.46,6.1,1.65
1140780.0,5.7,4.1,23.59,4.91,6.25,0.0,1.97,0.66
1188231.0,5.3,2.7,19.240000000000002,2.43,3.12,0.0,3.41,2.28
1169607.0,6.5,1.7,26.57,6.1,3.13,2.34,6.15,0.65
1208274.0,7.0,4.1,29.41,1.81,3.15,5.26,4.14,3.95
1052254.0,5.8,2.5,22.450000000000003,4.0,5.0,0.0,2.87,2.28
1170167.0,5.9,1.6,20.599999999999998,2.95,4.82,2.84,0.7,1.79
1140628.0,5.8,4.3,18.49,3.36,0.0,0.93,2.51,1.59
1552410.0,4.5,1.6,22.33,6.06,0.25,3.8,3.45,2.67
1171681.0,4.3,1.1,17.96,2.94,1.55,2.52,1.17,4.38
1702809.0,3.4,3.5,19.38,5.43,1.2,3.01,0.0,2.84
1054650.0,6.8,2.6,21.740000000000002,2.13,1.97,3.61,0.0,4.63
1173588.0,7.4,1.3,25.150000000000002,4.75,2.58,2.21,3.59,3.32
1009150.0,8.4,3.4,25.740000000000002,5.24,3.16,0.92,1.75,2.87
1149008.0,6.2,2.4,16.29,0.0,0.25,3.67,0.88,2.89
1173960.0,6.6,1.5,29.08,7.81,2.43,4.16,4.4,2.18
1162970.0,7.5,3.6,24.32,5.72,0.27,1.93,0.82,4.48
1312070.0,4.6,2.1,22.53,3.74,5.62,4.25,0.05,2.17
1174272.0,6.7,1.5,17.409999999999997,1.52,3.38,0.77,0.0,3.54
1289514.0,5.5,3.4,22.990000000000002,3.18,3.67,5.8,1.08,0.36
1647347.0,3.6,1.6,22.990000000000002,2.55,4.98,1.55,4.21,4.5
1174499.0,5.7,0.5,20.8,0.74,5.15,2.06,0.72,5.93
1104048.0,5.5,3.0,21.52,0.0,4.94,1.29,3.42,3.37
1160387.0,7.1,2.8,20.049999999999997,0.0,0.29,5.95,1.69,2.22
1175121.0,7.6,1.4,22.98,3.08,3.32,4.19,3.39,0.0
1186242.0,8.6,3.3,17.01,1.14,2.47,0.0,0.24,1.26
1160556.0,5.5,2.1,21.0,3.1,1.33,2.29,3.65,3.03
1175274.0,6.3,1.2,24.22,5.67,3.2,0.0,3.17,4.68
1196058.0,6.5,3.9,19.090000000000003,0.9,1.21,1.5,2.44,2.64
1187744.0,4.7,2.5,19.439999999999998,4.59,1.51,0.3,1.2,4.64
1175790.0,5.9,1.3,23.29,3.73,1.11,5.36,3.69,2.2
1225792.0,6.2,3.8,23.48,0.0,2.61,3.07,4.86,2.94
1216551.0,4.4,1.9,23.529999999999998,7.22,2.63,3.77,2.0,1.61
1176318.0,6.4,0.8,24.48,4.6,3.44,1.67,4.37,3.2
776378.0,6.6,3.9,15.450000000000001,1.83,0.0,3.06,0.0,0.06
1149791.0,5.1,2.2,20.35,5.25,2.08,1.13,0.0,4.59
1176887.0,5.2,1.3,22.29,7.97,2.71,0.01,4.49,0.61
1192645.0,5.4,3.4,14.530000000000001,0.0,0.0,2.37,1.59,1.77
1252575.0,4.9,2.4,15.510000000000002,2.35,0.0,1.44,0.06,4.36
1177480.0,6.5,1.2,23.300000000000004,6.61,3.75,3.66,1.58,0.0
1235419.0,5.3,4.4,23.35,1.76,2.55,3.12,2.44,3.78
1405077.0,3.6,1.7,18.82,0.7,2.18,3.88,2.99,3.77
1178958.0,6.3,0.3,21.930000000000003,5.23,6.52,1.14,0.0,2.44
1153179.0,5.5,2.4,23.770000000000003,5.2,3.43,3.87,0.0,3.37
1180045.0,6.1,1.2,15.06,4.93,0.41,2.25,0.0,0.17
1245696.0,6.5,3.5,29.36,9.29,3.85,1.72,4.06,0.44
1220666.0,5.4,2.3,23.180000000000003,5.35,0.57,2.8,3.71,3.05
1183060.0,5.5,0.9,22.380000000000003,4.86,8.47,0.73,0.0,1.92
1138658.0,6.5,3.5,27.36,5.86,4.81,4.02,1.07,1.6
773877.0,5.5,1.2,12.37,0.0,1.16,1.65,0.0,2.86
1183594.0,7.5,0.3,14.9,3.48,0.0,1.72,0.0,1.9
1263950.0,0.0,0.0,11.030000000000001,0.0,1.43,2.32,3.33,3.95
1068299.0,5.2,2.5,16.53,4.21,0.0,1.18,0.0,3.44
1186019.0,5.2,0.8,28.249999999999996,5.79,3.11,3.75,5.65,3.95
1396957.0,5.0,3.3,25.889999999999997,8.42,1.31,3.62,3.2,1.04
1182003.0,4.0,2.0,19.86,3.21,0.0,5.04,4.98,0.63
1186940.0,5.4,1.4,18.83,1.59,1.89,4.51,1.32,2.72
1212050.0,6.7,3.4,31.380000000000003,3.21,5.0,8.72,2.14,2.21
1050037.0,6.4,2.3,25.519999999999996,5.36,3.52,4.65,1.96,1.33
1187028.0,6.1,1.3,20.37,0.0,3.46,5.25,2.3,1.96
1194237.0,6.4,3.3,28.97,3.03,3.96,3.49,4.58,4.21
1078847.0,5.7,2.3,22.44,4.51,0.0,5.45,3.79,0.69
1188171.0,5.4,1.2,15.24,0.0,0.0,2.4,4.65,1.59
1208694.0,5.7,3.8,23.0,4.08,2.17,5.64,1.61,0.0
1198269.0,5.7,2.4,21.92,3.61,2.57,1.35,2.96,3.33
1188290.0,6.4,1.1,18.62,0.53,2.23,1.82,3.92,2.62
1124750.0,8.3,3.8,28.990000000000002,2.68,3.75,3.48,1.96,5.02
1153988.0,5.2,2.4,20.349999999999998,2.98,3.31,4.08,0.77,1.61
1188441.0,5.1,1.5,26.39,7.67,1.27,2.45,4.26,4.14
1245283.0,5.7,3.2,20.96,3.24,3.34,0.75,1.83,2.9
1149204.0,5.0,2.6,22.17,2.18,1.79,5.64,2.13,2.83
1188692.0,6.2,1.1,25.480000000000004,6.1,1.61,2.95,3.49,4.03
1440473.0,5.6,2.6,23.99,3.14,1.82,3.79,2.81,4.23
948655.0,1.5,1.0,15.86,2.11,3.65,1.68,4.31,1.61
1191620.0,5.0,0.6,18.909999999999997,0.0,2.74,3.38,5.38,1.81
1300615.0,5.4,2.0,25.729999999999997,5.84,2.47,4.72,3.88,1.42
1191901.0,5.7,1.6,21.23,2.0,2.92,5.97,1.13,1.91
1287953.0,6.2,3.5,19.41,4.46,0.0,2.47,0.01,2.77
1180270.0,5.6,2.4,14.409999999999998,2.53,1.27,2.26,0.0,0.35
1192251.0,5.9,1.6,21.75,2.34,2.26,3.91,3.17,2.57
1154509.0,6.2,4.0,20.08,1.31,5.02,1.15,0.0,2.4
1213302.0,6.4,2.0,28.73,6.7,4.95,0.8,6.61,1.27
1194142.0,5.5,1.3,22.859999999999996,3.48,2.51,3.38,3.99,2.7
1081684.0,8.9,3.5,24.53,5.96,5.32,0.85,0.0,0.0
1138867.0,4.9,2.5,27.550000000000004,6.36,0.64,8.39,4.4,0.36
1194177.0,7.2,1.4,24.38,2.68,5.8,3.96,0.0,3.34
1187703.0,7.2,2.8,16.37,0.0,2.03,1.99,1.0,1.35
1178816.0,4.0,1.9,19.16,4.13,2.86,4.14,0.0,2.13
1195489.0,6.5,0.8,24.15,4.17,2.77,3.29,5.51,1.11
1080523.0,7.6,2.4,26.439999999999998,5.73,2.49,4.52,3.7,0.0
1195686.0,7.3,1.6,21.52,1.49,2.92,1.92,1.31,4.98
1217894.0,8.2,3.3,25.59,4.44,2.87,1.16,1.9,3.72
1092088.0,5.8,2.3,21.970000000000002,6.97,2.57,2.42,0.0,1.91
1196075.0,5.9,1.3,16.479999999999997,0.0,3.84,2.86,0.2,2.38
1221115.0,6.3,3.6,21.209999999999997,7.35,0.99,1.93,1.04,0.0
1095232.0,5.4,2.4,20.45,3.48,0.73,5.54,0.9,2.0
1196139.0,5.2,1.2,25.76,7.63,2.64,5.54,0.0,3.55
1306026.0,6.0,3.2,25.149999999999995,6.26,2.53,3.24,3.58,0.34
1222745.0,5.5,2.1,25.79,5.92,2.95,3.12,4.11,2.09
1196519.0,6.8,1.4,26.03,6.96,4.4,1.33,2.43,2.71
1199081.0,6.4,3.9,16.490000000000002,2.4,0.0,0.0,1.38,2.41
1173818.0,5.3,2.5,21.999999999999996,2.53,3.78,3.58,0.18,4.13
1197200.0,7.1,1.6,28.459999999999997,4.33,8.44,2.02,2.5,2.47
1212052.0,6.7,3.8,24.27,1.69,4.6,1.69,3.38,2.41
1249500.0,4.5,2.2,22.14,4.98,3.02,2.93,2.01,2.5
1198061.0,6.1,1.4,18.35,1.92,3.13,1.56,0.66,3.58
1438907.0,4.7,3.1,22.529999999999998,0.0,7.34,1.97,4.08,1.34
1115898.0,5.2,2.1,25.730000000000004,4.93,6.26,2.29,1.01,3.94
1198150.0,6.1,1.0,16.46,2.17,0.26,2.76,3.15,1.02
1304518.0,5.6,3.4,18.19,2.57,2.99,0.32,0.0,3.31
1174605.0,5.0,2.4,21.48,3.11,5.09,4.57,0.0,1.31
1198949.0,6.3,1.5,22.18,1.45,4.83,4.03,0.15,3.92
1123341.0,7.3,3.9,24.560000000000002,6.64,2.89,0.62,2.73,0.48
1544299.0,5.8,3.8,22.73,0.74,2.64,2.29,3.64,3.82
1200562.0,8.0,3.6,23.529999999999998,2.43,2.99,4.85,0.51,1.15
979709.0,3.8,6.0,26.590000000000003,4.82,4.33,3.84,0.0,3.8
1009418.0,6.2,2.8,23.2,3.12,2.21,2.17,4.88,1.82
1200591.0,5.7,0.7,16.4,0.05,1.56,3.57,1.85,2.97
1085445.0,5.5,4.2,24.839999999999996,6.86,2.48,0.24,0.0,5.56
1262685.0,5.6,2.2,22.189999999999998,8.19,2.79,0.59,0.0,2.82
1179817.0,5.4,2.2,18.48,2.57,0.64,3.98,0.0,3.69
1201235.0,5.4,0.7,16.08,3.51,0.97,2.05,0.88,2.57
1279522.0,6.4,3.7,28.93,5.77,4.62,3.31,3.93,1.2
1115945.0,5.4,2.1,18.91,0.91,4.47,2.81,2.03,1.19
1201984.0,4.4,0.8,21.999999999999996,2.96,2.29,5.18,4.92,1.45
1189862.0,6.2,3.2,22.610000000000003,5.38,4.35,1.41,1.77,0.3
1502230.0,4.6,2.4,18.93,7.66,0.0,1.35,1.15,1.77
1202314.0,9.3,1.6,16.83,0.48,1.16,1.12,1.08,2.09
1200771.0,6.7,2.4,17.79,5.8,0.0,2.16,0.68,0.05
1202862.0,6.8,1.2,23.53,4.94,1.3,4.63,1.98,2.68
1205400.0,7.3,3.2,22.66,2.84,1.06,3.05,1.61,3.6
1079436.0,5.2,2.3,17.86,4.02,3.08,0.0,1.57,1.69
1203157.0,6.3,1.1,17.47,1.47,4.16,0.0,1.45,2.99
825274.0,7.3,4.5,31.34,5.57,4.55,2.83,2.23,4.36
1330583.0,4.4,2.6,15.809999999999999,2.25,1.44,2.1,0.83,2.19
1204422.0,7.4,1.1,25.419999999999995,4.13,3.86,4.54,2.13,2.26
1072880.0,6.7,4.0,24.939999999999998,1.14,2.29,1.0,5.36,4.45
1017726.0,8.0,2.7,23.909999999999997,0.59,3.28,3.19,3.08,3.07
1204661.0,6.5,1.2,15.170000000000002,4.54,0.08,0.06,0.0,2.79
516092.0,10.6,4.0,28.790000000000003,3.86,0.9,3.87,2.94,2.62
1583654.0,2.4,2.1,20.25,4.22,3.25,1.51,2.65,4.12
1205060.0,5.0,1.2,20.4,0.51,1.49,5.11,3.64,3.45
1193707.0,5.3,4.0,24.87,3.58,2.56,4.52,4.11,0.8
1079212.0,5.3,2.5,17.22,1.2,3.24,2.23,0.0,2.75
1205397.0,5.9,1.5,21.38,5.8,0.58,3.81,0.41,3.38
1228163.0,4.6,2.5,22.259999999999998,6.16,1.12,3.65,2.23,2.0
1205501.0,6.6,1.4,22.43,0.15,3.73,3.81,5.47,1.27
1152124.0,6.1,3.7,26.610000000000003,2.85,0.53,4.24,4.07,5.12
1145781.0,6.6,2.7,19.21,3.29,3.24,0.92,0.0,2.46
1207960.0,7.0,1.9,23.37,2.77,4.69,3.38,3.1,0.53
1140948.0,6.5,4.2,28.289999999999996,2.99,5.3,4.38,3.58,1.34
1366894.0,3.9,1.1,23.580000000000002,3.47,7.01,3.1,1.84,3.16
1208290.0,6.3,0.6,16.22,2.08,1.32,3.57,1.03,1.32
1169056.0,5.9,2.4,20.54,4.09,1.72,2.97,0.54,2.92
1208653.0,5.7,1.5,24.830000000000002,3.33,1.31,2.87,7.43,2.69
1220369.0,6.3,3.3,21.71,2.26,3.87,3.14,0.0,2.84
1274835.0,4.9,2.2,24.310000000000002,5.7,2.22,3.23,1.6,4.46
1209538.0,6.0,1.8,21.049999999999997,2.88,1.88,4.73,2.77,0.99
1106371.0,7.8,4.1,26.41,3.44,1.09,2.36,3.39,4.23
1278938.0,5.3,2.3,15.200000000000001,0.9,2.16,0.52,0.71,3.31
1210077.0,7.3,1.5,23.21,2.3,5.03,1.04,3.91,2.13
1210106.0,7.9,3.7,26.02,6.13,1.65,2.45,0.53,3.66
1215836.0,4.2,2.0,18.87,3.8,0.0,1.55,3.1,4.22
1210749.0,6.5,1.1,19.06,2.19,0.0,4.32,2.83,2.12
1315933.0,5.7,3.2,27.040000000000003,2.52,5.24,6.0,1.83,2.55
1276770.0,4.2,2.2,25.580000000000002,6.81,1.32,1.39,5.11,4.55
1210904.0,6.3,1.8,23.03,0.0,4.68,2.83,2.8,4.62
1367580.0,5.1,3.6,17.77,1.59,3.71,1.36,0.0,2.41
1187098.0,4.8,2.1,24.160000000000004,2.73,4.22,2.14,4.5,3.67
1211322.0,6.2,1.3,21.240000000000002,6.87,0.0,0.68,2.8,3.39
1268013.0,6.3,3.7,23.54,4.12,4.31,4.09,0.0,1.02
1153357.0,5.0,2.3,21.34,6.76,1.55,3.5,0.0,2.23
1211631.0,5.9,1.0,14.41,0.85,2.33,1.15,2.03,1.15
1295895.0,5.1,3.5,13.19,0.0,0.0,3.9,0.0,0.69
1197200.0,5.2,2.2,25.57,5.73,6.83,0.0,3.71,1.9
1212836.0,6.1,1.3,22.769999999999996,2.12,0.0,5.43,6.99,0.83
1284079.0,6.7,3.7,23.12,4.6,0.52,4.26,0.0,3.34
1665757.0,2.9,1.6,14.489999999999998,0.46,1.27,3.88,2.76,1.62
1213127.0,5.6,0.9,20.93,6.21,1.88,0.0,1.43,4.91
1211913.0,5.1,3.6,18.3,0.0,2.16,1.14,4.25,2.05
1117464.0,5.8,2.4,22.88,2.69,6.88,4.27,0.84,0.0
1213268.0,5.6,1.2,15.899999999999999,0.0,0.28,1.56,1.88,5.38
1219199.0,7.0,3.5,27.840000000000003,6.74,0.0,2.29,5.89,2.42
1128933.0,4.9,2.3,20.060000000000002,4.24,3.39,1.61,0.0,3.62
1213744.0,5.5,1.0,17.72,3.26,0.65,1.97,1.67,3.67
1303750.0,5.9,3.0,21.139999999999997,4.16,2.83,2.79,1.08,1.38
1193364.0,4.8,2.4,26.199999999999996,5.02,5.11,3.26,3.11,2.5
1214087.0,4.9,1.1,17.07,4.12,1.67,2.76,2.2,0.32
1261294.0,6.1,3.3,18.9,3.1,3.48,0.0,0.52,2.4
1119897.0,5.7,2.4,23.529999999999998,3.72,3.81,5.52,2.27,0.11
1214697.0,5.5,1.3,19.15,4.01,0.14,1.68,2.45,4.07
1223076.0,7.3,3.7,22.87,0.0,0.34,0.95,5.17,5.41
1051450.0,6.6,3.0,26.53,9.24,3.32,1.68,0.0,2.69
1122706.0,6.2,2.5,22.199999999999996,3.47,4.59,1.02,2.15,2.27
1017359.0,6.4,2.0,22.77,2.72,4.99,1.96,2.02,2.68
1215638.0,4.3,1.0,13.28,2.79,3.57,0.0,1.59,0.03
663585.0,6.5,6.0,27.77,6.88,2.2,3.21,1.89,1.09
1700945.0,2.8,1.6,20.43,5.48,2.4,2.08,3.57,2.5
1215668.0,6.1,1.4,23.560000000000002,6.23,1.01,3.67,3.1,2.05
1193307.0,6.0,2.5,22.099999999999998,5.11,0.0,4.3,3.22,0.97
1250915.0,6.1,2.3,18.999999999999996,0.0,3.27,2.55,2.72,2.06
1216770.0,6.5,1.5,15.239999999999998,4.36,0.0,0.0,1.43,1.45
1102606.0,8.3,4.0,28.77,6.16,2.11,5.25,0.47,2.48
1205981.0,6.4,2.4,19.89,1.84,3.51,3.95,0.0,1.79
1217231.0,6.3,0.3,18.72,0.0,3.61,5.52,0.0,2.99
1290828.0,5.5,2.3,20.51,0.0,2.8,3.24,3.58,3.09
1217618.0,6.6,1.2,19.259999999999998,1.34,2.66,3.13,3.22,1.11
1250410.0,6.8,3.4,21.8,5.67,0.79,0.45,3.37,1.32
1133998.0,6.8,2.4,14.26,0.0,0.31,4.19,0.56,0.0
1218234.0,6.8,1.2,16.869999999999997,1.88,1.09,2.73,0.0,3.17
931789.0,8.1,4.0,25.049999999999997,3.19,0.0,4.63,2.95,2.18
1626817.0,2.4,1.4,17.89,6.03,1.2,1.63,1.87,3.36
1219546.0,5.3,0.8,23.369999999999997,7.59,2.98,4.36,1.95,0.39
1225599.0,3.9,2.2,16.79,1.58,5.0,1.26,2.85,0.0
1220524.0,5.5,1.4,16.11,0.0,1.53,2.17,3.87,1.64
1388500.0,3.8,1.4,10.719999999999999,0.0,0.54,2.66,0.0,2.32
1224262.0,5.7,0.8,20.009999999999998,2.73,2.45,4.43,3.01,0.89
1469748.0,3.6,2.8,25.279999999999998,6.89,1.79,3.41,4.54,2.25
1200612.0,5.1,2.6,18.189999999999998,1.84,1.59,1.83,3.02,2.21
1225231.0,6.3,1.5,23.31,7.78,2.12,3.0,0.59,2.02
1301215.0,6.2,3.6,25.730000000000004,4.78,2.58,4.75,2.1,1.72
1216025.0,4.6,2.0,18.599999999999998,2.99,4.2,1.78,2.4,0.63
1226335.0,5.1,0.9,16.689999999999998,2.73,0.0,3.79,0.0,4.17
1096010.0,6.3,3.5,31.169999999999998,5.02,7.04,5.91,1.49,1.91
1208482.0,5.4,2.2,32.870000000000005,4.55,5.23,5.6,5.35,4.54
1226615.0,5.2,0.9,14.58,3.57,2.57,0.0,0.15,2.19
1301906.0,5.8,3.1,29.02,4.14,1.87,5.63,5.21,3.27
1005192.0,2.9,2.6,13.07,0.0,2.92,2.75,0.0,1.9
1228821.0,5.1,0.7,21.169999999999998,1.96,2.86,2.57,3.0,4.98
1512172.0,2.4,3.9,18.05,4.74,0.0,4.98,0.0,2.03
1354668.0,5.0,2.2,22.45,5.32,3.06,3.8,0.0,3.07
1228944.0,5.6,1.6,15.299999999999999,0.71,0.0,5.56,0.0,1.83
1187180.0,7.0,3.9,29.67,3.39,4.3,1.71,4.62,4.75
1646537.0,3.1,2.1,16.99,4.94,1.25,1.2,1.34,3.06
1230100.0,5.5,0.8,14.969999999999999,0.37,3.36,3.23,0.93,0.78
1306825.0,5.4,3.5,24.03,3.92,3.49,1.25,4.06,2.41
1203757.0,5.3,2.3,15.12,1.26,0.1,1.47,0.36,4.33
1230896.0,5.6,1.0,21.15,2.95,1.04,2.16,6.38,2.02
1424298.0,6.6,3.9,25.219999999999995,0.0,4.06,4.2,4.81,1.65
1168463.0,5.0,2.3,21.14,0.0,5.86,0.68,4.23,3.07
1231072.0,6.1,0.9,17.27,5.07,1.66,2.35,0.4,0.79
1355838.0,6.4,3.2,21.2,3.59,0.03,1.72,3.49,2.77
1227404.0,6.8,2.1,17.26,0.0,3.33,3.27,0.47,1.29
1231390.0,5.7,1.2,17.67,2.21,0.0,6.67,1.18,0.71
1624493.0,3.4,2.9,24.480000000000004,4.73,0.0,2.67,7.04,3.74
1162285.0,4.4,2.6,15.16,0.13,4.35,0.86,0.0,2.82
1232329.0,5.7,1.4,23.92,0.37,2.23,2.26,6.06,5.9
1008708.0,5.0,2.9,22.310000000000002,0.0,2.79,3.87,1.88,5.87
1232969.0,6.9,1.6,24.360000000000003,4.39,0.0,4.49,5.17,1.81
1585488.0,2.7,4.1,22.25,4.5,3.0,4.16,2.52,1.27
1162702.0,6.7,2.3,14.790000000000001,0.0,0.0,1.15,3.49,1.15
1233191.0,8.0,0.7,15.77,2.77,0.0,0.0,2.26,2.04
731831.0,9.1,3.6,18.939999999999998,2.84,0.0,0.11,0.81,2.48
1137714.0,5.0,2.2,15.92,2.3,0.0,5.27,0.88,0.27
1234734.0,5.4,1.8,16.24,1.04,2.62,3.11,1.65,0.62
1221427.0,4.8,2.6,25.06,3.51,2.07,5.17,2.59,4.32
1235665.0,6.1,1.0,22.650000000000002,3.07,3.92,4.3,2.42,1.84
1204203.0,6.4,3.6,21.819999999999997,0.54,3.89,2.58,1.43,3.38
1260157.0,1.0,2.5,14.32,2.77,2.89,1.1,2.27,1.79
1235814.0,3.5,0.8,22.840000000000003,6.96,2.97,2.26,3.39,2.96
1050753.0,6.5,3.5,19.669999999999998,2.13,0.74,4.3,1.96,0.54
1227649.0,5.1,2.0,15.93,2.45,0.92,0.0,2.1,3.36
1236548.0,4.5,0.9,14.78,0.0,0.95,2.39,5.18,0.86
1238482.0,5.2,2.2,19.46,2.99,1.63,0.89,2.17,4.38
1236620.0,4.7,1.1,21.85,5.24,3.56,4.48,1.07,1.7
1261073.0,6.7,3.0,21.800000000000004,2.14,4.4,0.47,1.76,3.33
1234709.0,4.9,2.3,20.950000000000003,0.76,5.97,4.03,0.14,2.85
1237543.0,5.3,1.4,22.139999999999997,6.92,5.14,2.95,0.43,0.0
1213178.0,6.4,4.7,21.46,4.33,0.0,0.94,3.71,1.38
1181572.0,4.6,2.3,19.409999999999997,4.58,1.63,0.78,2.82,2.7
1237766.0,6.0,0.8,20.89,4.42,4.24,4.18,0.0,1.25
1532179.0,4.2,2.7,21.85,4.31,2.28,0.34,5.16,2.86
1238390.0,4.4,2.1,23.489999999999995,9.69,3.75,1.99,0.0,1.56
1238416.0,4.9,1.2,25.46,3.5,6.05,5.92,2.35,1.54
1229519.0,5.8,3.9,22.880000000000003,1.62,4.6,3.95,0.12,2.89
1701749.0,5.5,2.0,19.639999999999997,3.82,1.63,3.24,1.52,1.93
1238555.0,9.0,1.5,28.590000000000003,5.96,3.78,5.05,1.52,1.78
713867.0,10.4,3.6,19.6,0.0,0.64,4.12,0.0,0.84
1688306.0,5.0,1.8,21.14,2.45,1.18,6.43,3.18,1.1
1239381.0,6.6,0.6,13.6,0.0,0.0,3.8,2.26,0.34
1072079.0,6.7,3.1,26.67,2.75,3.07,5.3,3.36,2.39
1507236.0,6.3,2.5,26.939999999999998,9.56,3.34,0.65,0.99,3.6
1239800.0,8.2,0.9,29.56,5.01,6.49,1.99,3.41,3.56
952983.0,9.3,2.8,27.730000000000004,4.46,2.74,1.83,2.44,4.16
1204263.0,4.7,2.4,25.549999999999997,5.71,0.78,4.55,1.41,6.0
1241155.0,6.0,1.2,18.0,1.87,0.9,1.53,1.87,4.63
1263426.0,5.9,3.6,18.87,2.47,0.0,2.59,0.77,3.54
1154212.0,6.3,2.3,26.669999999999998,4.12,1.32,7.36,5.27,0.0
1159157.0,4.8,1.6,18.18,7.15,2.2,1.75,0.0,0.68
1244111.0,5.0,0.7,23.82,2.97,6.08,3.96,0.43,4.68
1547332.0,2.8,2.3,12.19,2.92,2.24,0.22,0.53,1.18
1254991.0,6.6,2.1,23.639999999999997,7.5,0.77,2.57,0.97,3.13
1245817.0,6.3,1.6,21.03,4.35,0.52,5.54,1.1,1.62
1237394.0,6.6,3.6,30.379999999999995,3.04,0.93,5.31,5.34,5.56
1228866.0,5.2,1.9,13.709999999999999,0.12,1.48,0.77,1.08,3.16
1246675.0,6.3,1.4,26.21,4.39,7.92,1.3,0.0,4.9
1322801.0,5.2,3.8,23.290000000000003,3.33,3.39,5.02,1.6,0.95
1322622.0,4.8,1.7,20.91,0.0,4.82,1.81,4.73,3.05
1247707.0,6.9,1.3,19.310000000000002,0.64,3.11,2.19,3.19,1.98
1167770.0,5.3,2.3,20.72,3.1,1.01,4.35,1.55,3.11
1248033.0,5.1,1.7,22.03,3.87,2.74,5.43,1.16,2.03
1034916.0,8.1,3.4,28.090000000000003,2.59,3.89,2.3,4.48,3.33
1224361.0,4.5,2.4,23.11,6.8,2.05,0.0,3.26,4.1
1249729.0,5.7,1.3,21.880000000000003,0.0,6.2,4.66,2.1,1.92
1560825.0,4.6,3.0,17.61,0.0,2.34,4.04,0.0,3.63
1209512.0,5.4,2.5,26.46,1.62,5.11,4.23,3.09,4.51
1251238.0,6.0,1.6,20.34,3.4,1.75,3.14,3.18,1.27
1253382.0,8.5,3.6,29.35,6.08,5.21,2.47,0.0,3.49
1582628.0,1.9,1.8,21.94,5.66,4.25,2.74,4.93,0.66
1251354.0,6.7,1.2,17.67,2.57,0.0,2.35,0.0,4.85
1278537.0,5.6,3.2,17.42,1.59,1.17,4.69,0.19,0.98
865170.0,6.2,2.2,20.330000000000002,4.04,1.36,1.22,3.5,1.81
1253237.0,6.1,1.1,21.78,4.03,1.23,5.43,1.1,2.79
924124.0,8.6,2.8,22.68,6.17,0.0,0.0,2.79,2.32
1253555.0,7.6,1.2,20.39,1.09,5.44,3.05,0.0,2.01
711107.0,9.7,3.9,24.13,2.52,0.48,0.68,5.86,0.99
1084117.0,5.6,2.2,19.33,0.0,2.92,3.92,0.0,4.69
1253937.0,6.0,1.0,15.540000000000001,0.46,2.18,0.0,2.12,3.78
1400168.0,6.2,3.6,25.67,2.43,2.83,4.55,4.28,1.78
1176000.0,6.8,2.0,24.849999999999998,8.28,3.23,2.95,0.21,1.38
1255097.0,5.4,1.5,15.0,0.64,0.75,1.68,0.47,4.56
1403684.0,6.0,2.8,24.67,4.67,2.13,2.24,2.51,4.32
1332245.0,4.1,2.1,18.04,5.41,2.41,3.0,0.0,1.02
1255842.0,4.9,1.0,17.37,0.87,3.68,2.66,2.55,1.71
1211565.0,5.0,2.8,25.1,3.52,0.0,5.24,4.55,3.99
1606876.0,1.2,2.1,14.54,1.73,0.92,5.19,0.85,2.55
1256130.0,5.1,2.9,16.61,1.53,2.44,4.47,0.0,0.17
1148145.0,5.6,2.2,20.48,3.72,2.22,0.0,2.79,3.95
1256647.0,5.7,0.9,22.79,2.56,4.72,0.42,5.66,2.83
1290117.0,5.6,3.6,19.79,1.09,0.08,1.45,2.17,5.8
1443648.0,4.5,1.7,20.75,6.36,2.57,1.58,3.41,0.63
1257941.0,5.0,1.0,20.96,2.66,4.57,2.05,4.02,1.66
1085881.0,6.6,3.3,15.669999999999998,0.68,3.69,1.22,0.0,0.18
1224098.0,4.4,2.4,14.299999999999999,0.0,2.67,1.2,2.27,1.36
1258016.0,5.1,0.8,25.020000000000003,5.76,9.88,2.49,0.42,0.57
1181350.0,6.3,3.6,25.32,3.17,1.91,2.5,4.44,3.4
1267827.0,4.5,2.1,22.439999999999998,2.06,0.0,2.98,6.63,4.17
1260844.0,5.6,0.4,20.27,4.52,0.0,4.13,5.1,0.52
1362277.0,5.8,3.6,18.88,0.0,2.18,4.05,0.88,2.37
1394117.0,4.8,2.0,20.8,7.08,1.97,1.42,1.59,1.94
1262370.0,5.5,1.1,18.84,5.63,0.0,3.3,3.08,0.23
1338475.0,5.8,3.4,20.319999999999997,4.01,1.31,1.31,3.25,1.24
1113184.0,5.8,3.1,24.990000000000002,4.7,3.33,3.43,2.17,2.46
1262954.0,7.3,0.7,25.76,2.6,4.03,4.69,4.78,1.66
1241735.0,7.2,3.5,30.119999999999997,6.52,6.9,2.75,0.71,2.54
1642081.0,2.0,2.8,19.810000000000002,3.71,1.16,3.01,2.05,5.08
1264206.0,6.2,1.6,17.97,0.0,2.52,3.59,3.45,0.61
1728187.0,2.5,2.6,13.339999999999998,0.65,4.11,2.54,0.0,0.94
1315370.0,5.5,2.5,20.949999999999996,0.11,5.63,6.24,0.0,0.97
1264815.0,7.0,1.4,21.860000000000003,0.85,3.15,4.91,0.0,4.55
1388707.0,6.6,2.3,19.919999999999998,2.11,0.68,2.89,3.36,1.98
1468966.0,3.4,2.0,22.36,5.85,2.94,4.18,1.85,2.14
1265921.0,5.0,0.7,26.560000000000002,3.72,6.22,5.37,1.71,3.84
1381707.0,4.9,3.9,26.990000000000006,6.71,2.5,1.94,4.19,2.85
1169318.0,6.2,2.3,26.720000000000002,2.14,4.64,4.75,4.64,2.05
1266886.0,6.5,1.2,19.980000000000004,1.42,4.06,5.37,0.42,1.01
1367447.0,6.3,3.1,21.71,5.29,3.06,0.52,0.0,3.44
1166781.0,6.0,2.3,17.57,0.0,2.96,3.23,1.1,1.98
1267167.0,8.3,1.0,22.689999999999998,5.66,0.0,2.61,2.26,2.86
1150122.0,6.2,2.4,24.029999999999998,3.44,1.5,2.3,4.31,3.88
1267667.0,5.1,1.1,26.1,7.36,2.07,2.82,5.64,2.01
1301519.0,5.7,3.9,27.0,6.28,2.62,3.77,3.72,1.01
1270533.0,7.4,2.8,27.04,3.45,5.44,3.68,0.99,3.28
1268100.0,2.8,0.8,12.749999999999998,3.92,0.18,1.09,3.18,0.78
1243794.0,5.3,1.9,24.29,2.95,4.3,3.26,3.07,3.51
1268915.0,6.1,0.8,23.619999999999997,4.65,2.71,3.17,3.81,2.38
1377316.0,5.7,2.6,19.03,2.23,1.69,0.0,4.35,2.46
1087669.0,9.2,3.0,29.380000000000003,3.8,5.6,4.64,1.59,1.55
1269424.0,7.0,1.5,18.82,4.85,0.99,1.96,1.61,0.91
1223488.0,4.0,2.6,15.21,1.69,0.02,3.46,1.14,2.3
1270101.0,5.3,1.1,14.999999999999998,0.0,2.6,1.86,2.03,2.11
1178481.0,6.1,3.5,19.93,0.0,2.29,4.47,1.78,1.79
1266830.0,4.5,2.0,21.550000000000004,1.07,4.57,2.16,3.08,4.17
1272366.0,6.1,0.8,19.189999999999998,3.37,3.35,3.07,0.0,2.5
1691346.0,3.7,2.8,9.88,1.06,0.0,0.32,2.0,0.0
1258131.0,5.8,2.3,18.299999999999997,4.89,0.0,2.92,2.39,0.0
1272720.0,7.5,0.8,22.72,0.0,3.54,2.35,3.02,5.51
929889.0,7.9,3.8,26.99,4.45,3.04,3.67,2.68,1.45
1265142.0,5.8,2.5,28.260000000000005,4.99,5.9,1.58,4.67,2.82
1273118.0,5.6,1.7,11.03,0.29,0.0,1.74,0.0,1.7
1356454.0,5.6,4.4,24.099999999999998,3.35,5.05,0.61,1.41,3.68
1293874.0,4.2,2.3,17.939999999999998,2.36,4.73,0.0,3.72,0.63
1273525.0,4.7,0.9,15.260000000000002,0.0,1.53,1.04,3.81,3.28
1334518.0,5.7,3.6,29.61,6.52,0.84,2.78,6.97,3.2
1273260.0,4.8,2.0,18.08,1.73,0.0,1.21,5.82,2.52
1273904.0,5.6,1.0,18.48,3.74,3.24,0.88,3.05,0.97
1311232.0,6.9,2.8,18.1,0.0,2.97,2.79,2.2,0.44
1242857.0,3.9,2.1,17.12,1.23,0.0,5.95,0.22,3.72
1277827.0,6.4,1.1,14.699999999999998,3.63,0.0,1.03,1.92,0.62
729086.0,7.5,3.8,25.120000000000005,3.47,6.11,0.0,2.49,1.75
1224791.0,6.0,2.6,23.340000000000003,4.45,3.3,3.87,0.0,3.12
1278758.0,6.9,1.4,26.54,4.31,3.72,5.33,1.21,3.67
1127810.0,5.1,2.5,28.839999999999996,8.25,1.64,3.81,5.53,2.01
1282024.0,5.4,1.0,18.240000000000002,3.69,1.65,6.4,0.0,0.1
925994.0,8.1,3.6,26.009999999999998,0.0,3.46,3.74,3.15,3.96
1604436.0,5.1,2.5,16.000000000000004,3.45,2.46,0.0,0.55,1.94
1283574.0,6.6,1.4,27.020000000000003,9.1,4.28,2.46,2.07,1.11
1428199.0,6.1,3.2,24.1,4.99,2.07,0.92,4.48,2.34
1274990.0,5.7,2.2,20.43,1.7,1.56,4.93,0.0,4.34
1284083.0,5.5,0.9,16.22,3.0,1.85,4.3,0.65,0.02
1391293.0,5.3,3.5,24.71,7.86,2.8,1.54,1.64,2.07
1353511.0,4.3,1.8,14.97,2.38,0.18,3.76,1.07,1.48
1285283.0,6.9,1.2,23.240000000000002,3.86,5.47,1.94,0.38,3.49
1224112.0,6.7,4.2,26.339999999999996,1.31,0.11,6.58,4.02,3.42
1245851.0,6.0,2.2,25.539999999999996,7.82,4.2,3.51,0.0,1.81
1285491.0,5.6,1.0,15.350000000000001,1.31,0.05,0.64,2.64,4.11
1337989.0,6.7,2.8,22.899999999999995,5.97,0.27,3.06,2.15,1.95
1202599.0,5.0,2.3,20.919999999999998,4.42,1.62,6.82,0.02,0.74
1285977.0,4.8,0.8,19.849999999999998,1.48,1.95,2.34,4.14,4.34
1308702.0,5.1,3.4,29.410000000000004,4.69,7.51,5.71,0.0,3.0
1342646.0,3.7,2.3,21.79,4.18,3.3,0.78,4.72,2.81
1287049.0,5.4,1.0,26.369999999999997,4.74,0.87,4.75,8.4,1.21
1316896.0,7.0,4.4,32.769999999999996,3.22,4.07,5.1,3.57,5.41
1180229.0,4.6,2.1,21.639999999999993,5.38,4.4,0.0,3.15,2.01
1287115.0,5.5,1.1,16.14,6.66,0.0,0.69,0.6,1.59
822333.0,9.6,4.1,36.75,4.81,4.67,1.11,7.01,5.45
1151547.0,5.5,2.7,22.27,5.71,3.69,1.4,3.27,0.0
1287410.0,5.7,1.2,16.34,0.0,1.82,6.28,0.0,1.34
1273892.0,7.1,3.0,17.49,0.92,0.24,1.86,1.25,3.12
842846.0,5.9,2.8,29.25,1.13,2.39,8.66,4.53,3.84
1289076.0,4.8,1.1,13.370000000000001,0.07,0.85,2.48,3.56,0.51
869181.0,7.1,3.7,27.930000000000003,3.92,3.79,3.08,3.21,3.13
1339222.0,5.5,2.2,24.71,0.23,6.48,0.98,4.5,4.82
1289893.0,7.6,0.9,22.39,2.05,1.46,7.02,0.0,3.36
960693.0,9.2,3.6,22.759999999999998,1.43,1.63,0.8,2.17,3.93
1267627.0,4.2,2.3,21.64,7.59,0.0,2.62,2.14,2.79
1290659.0,5.5,1.1,15.13,2.22,0.08,3.9,1.59,0.74
1424147.0,5.4,3.4,25.820000000000004,3.09,6.94,4.27,1.8,0.92
1258194.0,5.7,2.0,19.310000000000002,3.56,1.32,1.31,1.89,3.53
1293393.0,7.5,1.5,20.45,3.65,0.0,4.5,1.16,2.14
902281.0,9.5,4.0,26.79,3.63,3.15,5.69,0.0,0.82
1518351.0,3.9,2.0,25.199999999999996,2.3,5.13,5.0,2.61,4.26
1293532.0,6.6,0.7,27.440000000000005,5.72,3.55,4.74,2.42,3.71
868620.0,7.6,2.7,18.9,0.0,2.74,2.37,2.72,0.77
1294148.0,7.1,1.1,24.669999999999998,3.9,1.34,4.03,4.9,2.3
657273.0,10.0,3.9,29.18,7.71,0.0,2.31,0.87,4.39
1278225.0,5.0,2.2,17.419999999999998,2.0,3.64,1.41,1.6,1.57
1294861.0,6.9,1.7,26.979999999999997,2.18,4.35,4.45,3.4,4.0
1407153.0,6.0,3.8,30.83,3.05,3.72,5.36,3.0,5.9
1032227.0,6.9,1.9,23.990000000000002,0.0,7.11,4.32,0.0,3.76
1295620.0,6.8,1.2,18.759999999999998,1.1,4.85,0.39,3.38,1.04
567803.0,10.8,3.9,22.03,0.94,2.5,2.45,1.44,0.0
1269551.0,5.6,2.1,18.61,5.98,0.76,2.33,0.0,1.84
1295646.0,6.2,1.4,12.419999999999998,0.0,0.0,3.78,0.27,0.77
1327415.0,5.8,3.1,20.280000000000005,3.73,1.65,3.98,0.42,1.6
1252607.0,6.0,2.0,21.79,3.64,3.77,1.96,1.81,2.61
1297174.0,6.2,0.9,25.61,9.23,2.68,2.0,0.0,4.6
1229641.0,7.4,3.8,14.61,0.0,0.0,2.25,0.0,1.16
1233104.0,5.8,2.6,33.46,6.48,2.76,5.51,5.07,5.24
1297389.0,8.6,1.3,20.55,3.78,0.12,3.22,2.75,0.78
1210435.0,5.4,2.4,17.85,3.24,0.66,5.44,0.0,0.71
1297642.0,5.9,1.2,20.87,4.02,4.05,4.38,0.86,0.46
1323746.0,6.2,2.8,36.64,7.12,5.76,4.11,6.14,4.51
1144621.0,5.5,2.5,18.8,2.93,1.92,2.97,0.94,2.04
1298225.0,8.4,0.8,27.36,2.23,3.97,3.32,6.99,1.65
763291.0,9.0,3.9,38.400000000000006,6.68,3.82,6.28,6.2,2.52
1394315.0,4.2,2.3,18.830000000000002,1.25,3.0,3.74,2.36,1.98
1301506.0,6.0,1.5,23.09,4.37,2.53,5.52,2.02,1.15
1396382.0,6.9,3.8,25.75,5.05,3.21,0.0,3.89,2.9
1230481.0,5.5,2.3,18.459999999999997,5.08,0.0,1.36,1.32,2.9
1301508.0,6.1,1.0,17.560000000000002,2.88,2.84,0.73,1.08,2.93
1259946.0,6.4,3.6,23.91,5.05,1.73,3.43,0.0,3.7
1638131.0,4.4,1.8,16.869999999999997,0.22,3.37,2.26,1.98,2.84
1301950.0,7.2,1.5,21.07,0.63,0.92,4.34,1.64,4.84
1677724.0,4.0,1.9,8.96,0.0,0.21,0.62,1.52,0.71
1302929.0,4.0,0.9,16.64,5.81,0.0,2.94,0.9,2.09
1284541.0,4.7,2.3,19.61,0.0,4.29,0.0,5.8,2.52
1303123.0,6.0,1.3,32.26,6.62,5.61,4.01,6.39,2.33
1391654.0,5.8,3.4,25.17,2.66,2.69,3.84,3.21,3.57
1296356.0,5.1,2.1,17.13,0.78,0.0,2.08,4.53,2.54
1303499.0,5.6,1.0,18.459999999999997,4.52,2.64,0.97,1.92,1.81
1461297.0,5.1,2.9,25.88,3.17,5.89,4.31,3.0,1.51
1294543.0,3.9,1.7,23.270000000000003,5.9,5.34,3.53,2.19,0.71
1304624.0,5.0,1.0,15.4,0.61,1.54,2.67,2.59,1.99
1441459.0,4.7,3.2,24.349999999999998,5.62,0.29,1.62,5.02,3.9
1307770.0,5.0,2.1,20.599999999999994,4.87,0.54,3.5,1.33,3.26
1307767.0,4.9,1.3,18.45,2.73,0.0,2.53,0.99,6.0
1349471.0,5.7,3.4,26.72,5.8,2.17,4.97,3.54,1.14
1518953.0,4.8,1.9,21.66,4.0,2.02,3.26,3.9,1.78
1309083.0,7.3,1.7,23.860000000000003,3.97,1.04,0.24,4.48,5.13
944374.0,7.8,3.9,34.92,8.97,2.3,4.88,6.0,1.07
1203161.0,5.4,2.2,20.790000000000003,4.09,2.71,1.76,3.07,1.56
1309223.0,7.1,1.9,29.63,7.54,4.91,3.02,1.59,3.57
1015785.0,8.7,3.8,23.099999999999998,2.06,2.78,0.41,2.13,3.22
1344992.0,4.6,2.2,14.980000000000002,1.75,0.0,3.3,0.13,3.0
1310421.0,5.7,1.0,20.01,3.19,3.56,1.83,1.78,2.95
1532692.0,5.1,2.9,25.520000000000003,8.63,0.45,4.91,0.0,3.53
1161008.0,5.5,2.5,25.21,8.04,1.93,1.93,0.1,5.21
1310761.0,5.4,0.8,16.89,0.0,3.92,2.64,1.81,2.32
1232715.0,5.6,2.5,18.95,1.35,1.68,6.32,0.0,1.5
1311483.0,6.5,1.3,24.46,9.3,0.0,0.63,5.66,1.07
1387948.0,7.1,3.0,29.77,5.51,3.78,5.44,2.15,2.79
1590847.0,3.4,1.7,16.47,4.75,2.4,0.12,2.94,1.16
1311503.0,4.7,0.7,26.729999999999997,5.67,1.52,3.16,5.4,5.58
976750.0,7.3,3.1,20.45,6.54,0.34,0.65,0.24,2.28
1174898.0,5.1,2.0,18.22,1.81,0.07,4.07,2.6,2.57
1311574.0,4.6,0.8,20.199999999999996,4.98,2.94,0.59,3.32,2.97
933244.0,7.8,3.9,27.53,0.0,3.45,7.32,2.94,2.12
1324339.0,5.2,2.2,26.889999999999997,4.84,5.98,3.57,2.45,2.65
1315730.0,6.6,1.6,29.69,8.09,1.28,3.32,4.67,4.13
1384007.0,6.3,2.8,25.58,1.41,1.97,6.27,3.18,3.65
1305877.0,5.5,1.7,21.09,1.59,0.31,3.9,4.3,3.79
1315786.0,4.9,0.9,17.91,1.16,3.58,1.83,2.81,2.73
1391320.0,7.1,3.6,34.550000000000004,8.14,5.33,5.1,3.83,1.45
1509507.0,3.7,2.2,14.22,3.81,1.9,2.12,0.0,0.49
1316301.0,5.3,0.8,20.68,5.5,3.68,0.49,2.12,2.79
1233563.0,4.5,2.1,24.43,4.72,2.89,3.51,3.27,3.44
1319998.0,4.9,1.0,15.39,6.53,1.81,1.15,0.0,0.0
1723628.0,3.9,2.6,18.939999999999998,4.09,2.29,0.19,2.93,2.94
1305855.0,5.3,2.5,16.69,3.0,2.7,2.53,0.0,0.66
1321539.0,7.1,1.3,25.48,3.67,4.31,3.19,2.66,3.25
965516.0,7.6,4.2,25.89,0.9,2.52,3.76,1.57,5.34
1301748.0,4.4,1.8,19.830000000000005,4.94,3.62,1.48,3.49,0.1
1321704.0,5.7,1.1,28.319999999999997,4.67,5.43,6.02,2.38,3.02
1396939.0,5.7,3.6,16.04,1.43,0.54,3.03,0.0,1.74
1381504.0,3.8,1.8,17.08,0.56,3.78,2.71,1.39,3.04
1323400.0,5.9,1.2,14.05,1.57,0.39,1.83,0.58,2.58
1259516.0,6.1,3.2,21.880000000000003,3.18,0.0,0.08,4.25,5.07
1076253.0,7.1,2.1,23.95,5.88,2.03,4.05,1.02,1.77
1324959.0,9.2,1.1,25.45,2.24,2.43,3.71,2.87,3.9
590068.0,10.9,4.0,33.29,6.53,1.56,1.19,3.11,6.0
1428784.0,2.5,1.8,19.94,2.71,3.01,4.53,2.07,3.32
1325148.0,5.9,1.0,23.78,6.55,1.27,5.41,3.37,0.28
1258156.0,8.3,3.3,31.17,6.23,4.61,4.96,0.55,3.22
1080504.0,5.6,2.4,26.5,5.71,4.04,5.36,0.0,3.39
1325331.0,5.5,1.2,20.75,2.82,2.36,4.71,0.44,3.72
837797.0,9.3,3.9,30.709999999999994,3.34,4.15,0.52,6.35,3.15
1178329.0,4.8,2.4,16.859999999999996,3.5,0.0,3.27,2.4,0.49
1327009.0,4.6,1.1,12.919999999999998,0.69,1.47,1.3,2.68,1.08
1333486.0,6.2,2.8,27.560000000000002,0.91,4.5,7.14,3.02,2.99
1255652.0,5.4,2.2,25.45,7.19,1.61,1.38,2.56,5.11
1329718.0,6.0,1.3,17.53,0.19,2.81,1.59,0.12,5.52
1175259.0,8.6,3.5,23.87,6.22,1.02,1.73,0.0,2.8
1313366.0,4.9,1.6,23.250000000000004,6.05,2.55,4.89,1.3,1.96
1330019.0,6.5,1.4,22.019999999999996,0.0,5.21,2.16,2.17,4.58
1410853.0,5.7,3.2,25.25,4.3,2.01,2.63,4.26,3.15
1367529.0,4.7,1.5,16.34,5.64,0.22,0.82,1.28,2.18
1330559.0,4.9,0.9,19.090000000000003,3.24,4.45,2.94,0.83,1.83
1302972.0,4.9,3.4,19.82,2.64,1.53,6.27,0.0,1.08
1337027.0,5.9,2.0,27.87,3.92,3.26,3.16,3.76,5.87
1331961.0,7.3,1.5,19.770000000000003,3.75,0.0,3.91,1.1,2.21
860673.0,9.6,3.2,24.730000000000004,1.73,2.55,2.23,4.44,0.98
1326981.0,4.6,2.0,18.74,0.66,3.62,2.96,2.92,1.98
1332499.0,6.9,1.8,21.130000000000006,4.11,3.57,0.67,2.3,1.78
1409930.0,4.5,3.4,15.94,4.55,0.48,3.01,0.0,0.0
1381697.0,4.3,2.3,26.630000000000003,7.54,2.85,4.39,2.62,2.63
1332899.0,4.9,1.0,16.34,4.25,3.52,0.42,0.34,1.91
1295230.0,4.2,2.4,18.68,0.0,3.91,2.67,1.74,3.76
1333147.0,5.7,1.4,22.769999999999996,2.76,4.52,3.92,0.36,4.11
1217785.0,6.4,3.4,23.64,4.63,2.62,1.05,3.59,1.95
1351610.0,4.8,1.8,17.709999999999997,5.35,1.7,4.06,0.0,0.0
1334577.0,6.5,1.5,16.96,2.62,1.67,1.53,1.3,1.84
1130324.0,6.7,2.9,19.39,2.37,3.22,3.03,0.0,1.17
1334720.0,8.2,0.8,24.759999999999998,5.36,1.27,5.84,1.12,2.17
979444.0,4.6,3.8,25.51,4.04,2.98,4.98,2.99,2.12
1473231.0,5.6,2.3,18.68,5.02,2.09,1.14,0.0,2.53
1336189.0,4.7,0.7,22.67,7.78,1.44,1.68,1.84,4.53
1336597.0,6.9,2.8,32.94,8.11,3.47,3.26,7.4,1.0
1688688.0,3.0,1.7,18.14,1.25,1.16,4.59,3.45,2.99
1336250.0,4.7,1.0,20.05,4.96,1.94,5.1,0.0,2.35
1397093.0,5.3,3.8,16.14,0.0,0.83,0.09,2.84,3.28
1676872.0,4.0,1.5,17.240000000000002,5.1,3.32,0.22,0.32,2.78
1336542.0,7.3,0.9,17.779999999999998,3.53,4.9,0.0,1.15,0.0
1108553.0,7.3,3.3,20.18,2.99,3.03,2.57,0.0,0.99
1279033.0,5.8,2.2,17.89,3.69,2.66,3.54,0.0,0.0
1337045.0,5.9,1.6,17.71,0.0,4.24,0.57,3.48,1.92
1328682.0,6.2,3.8,27.29,5.67,3.76,2.52,2.36,2.98
1380433.0,4.0,1.8,19.29,2.11,2.89,1.79,2.47,4.23
1337580.0,4.5,1.1,14.990000000000002,0.4,3.77,2.71,0.39,2.12
1305912.0,5.6,4.0,17.610000000000003,0.0,2.95,3.37,0.0,1.69
1334191.0,4.7,1.8,17.07,1.95,1.93,2.14,2.67,1.88
1337858.0,6.4,0.9,19.930000000000003,7.26,1.54,3.71,0.0,0.12
1402384.0,4.7,1.7,24.630000000000003,5.24,1.22,4.72,4.39,2.66
1338797.0,4.8,0.8,19.700000000000003,2.06,4.19,3.46,2.2,2.19
1458759.0,6.1,3.3,23.909999999999997,5.26,0.59,3.56,4.74,0.36
1392212.0,3.2,2.0,19.529999999999998,7.86,3.73,1.15,0.0,1.59
1339353.0,6.2,1.0,20.099999999999998,5.13,1.53,1.59,2.31,2.34
1375371.0,3.7,1.9,19.75,2.94,5.31,2.96,0.0,2.94
1340120.0,4.4,1.0,21.02,4.43,2.5,2.12,3.34,3.23
1467422.0,4.4,2.8,26.55,9.92,3.85,0.0,2.24,3.34
1293703.0,4.9,2.2,20.71,2.09,3.75,4.93,0.0,2.84
1294110.0,4.8,2.2,24.11,4.63,3.06,4.15,0.0,5.27
1344785.0,4.9,1.0,22.46,2.02,6.37,5.65,1.85,0.67
767174.0,8.8,4.1,25.35,2.21,1.25,5.28,3.35,0.36
1363254.0,4.0,1.9,18.89,4.08,2.79,3.0,0.0,3.12
1345961.0,4.9,0.7,23.34,1.97,5.25,4.15,3.96,2.41
1379308.0,5.8,3.9,22.66,1.71,2.62,6.18,2.45,0.0
1310356.0,4.5,2.0,26.27,8.37,4.07,2.9,2.92,1.51
1347010.0,5.3,1.2,21.24,1.68,4.87,1.66,3.15,3.38
1549413.0,4.9,3.0,23.750000000000004,3.67,2.84,3.73,4.42,1.19
1307087.0,5.6,2.0,17.29,3.15,1.26,2.04,0.57,2.67
1347517.0,5.9,1.3,25.42,5.03,4.72,0.0,4.37,4.1
1275376.0,6.3,3.2,20.88,4.08,5.2,0.38,1.72,0.0
1320567.0,6.3,2.2,16.990000000000002,1.61,3.98,1.65,0.7,0.55
1347801.0,5.5,1.5,15.540000000000001,5.44,1.34,1.61,0.0,0.15
1501028.0,6.5,2.7,24.91,4.03,3.17,1.29,3.28,3.94
1654575.0,4.4,1.6,13.570000000000002,0.0,2.72,2.54,0.0,2.31
1348160.0,7.1,1.1,24.32,2.83,5.15,5.56,0.0,2.58
1320183.0,5.7,1.8,24.41,3.85,3.47,1.49,3.73,4.37
1350444.0,5.4,0.9,16.36,1.72,4.12,0.15,0.0,4.07
1445216.0,5.8,3.3,24.45,3.9,0.89,3.68,4.73,2.15
1703498.0,2.8,2.1,16.340000000000003,0.0,4.95,3.31,0.0,3.18
1351420.0,5.9,0.6,16.51,4.5,0.0,3.16,1.64,0.71
1289565.0,5.3,2.3,22.34,3.78,3.14,3.86,2.39,1.57
1351490.0,5.5,1.2,21.83,8.41,1.16,2.8,0.61,2.15
1383288.0,5.6,3.3,25.259999999999994,6.77,1.91,4.08,1.2,2.4
1361971.0,4.6,2.1,26.990000000000002,7.37,1.39,1.39,5.75,4.39
1352023.0,4.3,0.9,21.380000000000003,3.73,5.52,3.83,0.0,3.1
1407563.0,4.6,3.3,16.84,3.34,2.45,2.69,0.0,0.46
1345160.0,4.4,2.2,22.880000000000006,7.93,2.92,1.39,0.85,3.19
1352668.0,4.9,1.3,19.98,2.35,3.68,0.1,2.15,5.5
1587408.0,4.5,3.3,16.13,2.31,1.85,1.33,0.0,2.84
1169086.0,4.5,2.6,25.62,6.49,4.58,2.61,2.11,2.73
1353636.0,5.3,1.3,27.63,6.08,4.88,4.48,4.06,1.53
1401757.0,4.1,1.8,31.519999999999996,8.71,2.15,5.79,3.43,5.54
1356324.0,5.3,0.9,19.909999999999997,3.3,5.02,2.31,0.0,3.08
1250891.0,7.3,3.9,23.1,3.79,4.7,0.62,1.53,1.26
1348378.0,4.9,1.7,24.730000000000004,5.13,2.71,2.72,5.15,2.42
1358739.0,6.1,1.0,17.560000000000002,0.71,3.61,1.74,1.3,3.1
1509891.0,5.2,3.0,20.400000000000002,5.96,3.62,0.15,1.1,1.37
1670657.0,3.4,1.2,18.11,2.05,0.93,1.86,2.67,6.0
1358915.0,8.1,1.1,24.91,3.62,3.56,4.37,2.97,1.19
967080.0,8.1,3.3,29.209999999999997,3.83,3.78,3.64,4.26,2.3
1333493.0,4.1,2.1,18.54,4.22,1.7,5.37,0.0,1.05
1360671.0,4.9,0.9,23.44,5.04,4.64,5.83,2.13,0.0
1721479.0,3.9,2.5,18.23,1.69,3.58,4.81,0.19,1.56
1270761.0,4.2,1.9,15.819999999999999,1.56,1.69,2.12,2.77,1.58
1361796.0,4.9,0.9,18.41,4.96,0.0,2.43,1.59,3.63
1438740.0,1.9,2.5,23.46,4.58,4.84,5.17,1.38,3.09
1363049.0,5.9,0.3,23.73,4.03,4.19,5.51,0.0,3.8
1342470.0,6.3,3.5,22.89,3.77,2.23,1.56,3.91,1.62
1091250.0,4.5,2.5,13.77,2.42,2.02,1.1,0.0,1.23
1364474.0,4.7,1.2,26.350000000000005,4.49,3.05,7.14,3.83,1.94
1670337.0,3.1,1.4,14.17,1.71,2.31,2.09,1.74,1.82
1364733.0,4.9,0.9,18.5,0.0,4.82,2.31,4.18,1.39
1422044.0,5.5,3.2,24.150000000000002,2.89,1.51,4.68,2.59,3.78
1284488.0,4.9,1.6,20.029999999999998,5.79,1.16,1.54,4.13,0.91
1368376.0,4.6,0.8,19.11,0.96,5.01,1.31,2.09,4.34
1581726.0,4.5,2.3,18.369999999999997,0.0,3.22,1.77,1.82,4.76
1659887.0,1.6,1.0,15.669999999999998,3.14,5.39,0.27,1.39,2.88
1368386.0,4.1,0.7,15.179999999999998,2.37,1.46,3.43,0.69,2.43
1339129.0,4.7,2.3,21.03,2.68,4.21,4.25,1.17,1.72
1368731.0,5.0,1.6,24.939999999999998,5.28,4.77,2.8,2.45,3.04
1345009.0,4.0,2.0,20.389999999999997,4.68,2.83,3.3,1.79,1.79
1368749.0,5.0,0.7,16.51,0.0,2.17,4.03,3.58,1.03
1602060.0,3.1,2.6,24.27,3.28,3.76,5.03,2.84,3.66
1304325.0,4.8,2.2,19.68,7.47,0.0,1.12,2.31,1.78
1368983.0,1.6,0.8,23.64,6.75,2.45,0.17,6.33,5.54
1261902.0,4.7,1.7,15.04,2.78,1.47,2.62,1.04,0.73
1369159.0,4.2,2.6,18.79,3.95,1.88,2.15,1.03,2.98
1746662.0,2.9,2.6,21.72,1.69,2.85,6.0,2.43,3.25
1696960.0,2.8,1.8,16.96,2.41,3.89,1.91,2.28,1.87
1371456.0,5.4,0.9,25.76,5.36,1.34,5.75,3.78,3.23
1138949.0,6.3,3.5,29.119999999999997,3.7,5.36,4.97,3.4,1.89
1365941.0,4.0,1.9,15.790000000000001,0.45,2.3,3.04,0.0,4.1
1373280.0,4.5,0.9,30.76,8.34,6.5,4.47,3.96,2.09
1391309.0,4.8,3.2,22.689999999999998,2.6,4.0,1.45,1.9,4.74
1251982.0,3.9,1.1,23.32,10.0,0.73,1.74,2.0,3.85
1374915.0,7.2,0.9,19.17,3.08,2.47,1.05,1.04,3.43
1686383.0,2.3,3.2,20.31,2.94,4.45,0.12,4.07,3.23
1084513.0,5.7,2.5,18.459999999999997,5.13,0.0,3.88,0.0,1.25
1375722.0,5.2,0.9,22.43,3.2,0.0,6.47,3.98,2.68
950482.0,6.5,3.8,27.540000000000003,4.75,3.0,6.69,2.8,0.0
618484.0,7.5,4.0,23.16,4.28,0.37,1.23,4.88,0.9
1379119.0,5.0,1.3,16.14,4.75,1.03,1.22,0.27,2.57
1078721.0,6.8,3.6,26.26,4.08,0.0,4.09,3.62,4.07
846285.0,5.2,0.0,16.01,1.2,5.61,0.26,3.08,0.66
1381199.0,2.9,1.3,20.28,2.86,2.54,4.01,6.44,0.23
1317389.0,4.0,-0.3,11.13,0.0,3.11,1.19,1.47,1.66
1576835.0,2.0,1.9,22.61,0.0,3.55,3.99,6.31,4.86
1383966.0,3.6,0.4,17.15,1.57,1.52,5.2,2.7,2.16
1306413.0,4.7,2.4,22.28,6.31,0.0,3.46,2.34,3.07
1388918.0,3.8,0.6,20.31,7.29,0.42,2.02,2.74,3.44
1038622.0,4.8,3.7,22.59,3.48,3.02,2.95,3.12,1.52
1021884.0,5.1,2.7,17.259999999999998,0.76,3.39,4.14,0.0,1.17
1389110.0,5.6,0.7,22.65,2.87,5.05,1.06,4.13,3.24
1319135.0,5.6,3.8,21.33,4.33,1.83,2.21,0.0,3.56
1280436.0,4.1,2.2,20.87,2.8,2.49,4.64,1.71,2.93
1389298.0,5.4,1.2,21.779999999999998,4.15,1.83,6.07,2.23,0.9
1662541.0,2.0,0.8,11.97,1.13,1.56,2.14,1.33,3.01
1389354.0,4.0,0.3,18.11,0.0,4.67,3.48,0.0,5.66
1408860.0,4.5,3.4,22.819999999999997,3.51,1.38,6.53,2.51,0.99
1357283.0,4.8,2.1,22.07,2.37,2.46,0.49,4.49,5.36
1389890.0,5.0,1.0,19.16,2.99,0.82,3.6,3.45,2.3
1465718.0,6.2,4.1,15.44,0.36,0.41,2.92,0.35,1.1
1621178.0,2.6,1.6,21.97,5.75,2.84,3.08,2.67,3.43
1390441.0,4.9,0.8,13.37,0.0,1.6,1.2,2.38,2.49
1369933.0,3.5,2.0,16.830000000000002,2.46,3.81,3.22,0.64,1.2
1391408.0,5.3,0.8,18.14,0.02,0.51,7.6,0.0,3.91
1516883.0,4.6,3.6,22.37,6.76,0.55,4.32,1.42,1.12
1346665.0,5.2,2.1,17.19,0.0,4.8,1.83,1.26,2.0
1391836.0,5.3,1.1,12.430000000000001,3.79,0.0,0.0,0.71,1.53
1510241.0,6.2,3.8,24.99,4.95,1.5,0.48,4.34,3.72
1699762.0,3.9,1.8,17.69,3.12,0.0,5.3,2.36,1.21
1394115.0,6.0,0.7,16.02,2.99,2.04,1.39,2.9,0.0
1364389.0,4.7,1.9,16.94,3.56,3.3,1.71,0.08,1.69
1395042.0,5.5,1.4,22.68,6.82,3.94,3.2,1.18,0.64
1476586.0,5.3,3.6,16.25,5.27,0.0,1.53,0.55,0.0
1655550.0,3.2,2.1,18.26,0.0,0.0,4.69,4.18,4.09
1395453.0,5.9,1.2,22.27,3.18,1.94,3.77,1.8,4.48
1023828.0,6.5,3.9,22.9,6.25,0.0,2.39,2.28,1.58
1693397.0,3.2,2.2,14.350000000000001,2.99,0.0,3.28,1.88,0.8
1395470.0,5.9,0.3,23.24,2.23,4.74,4.03,4.89,1.15
1381518.0,2.2,-0.2,18.970000000000002,4.57,3.72,6.47,0.0,2.21
1396202.0,4.5,2.3,23.5,9.06,2.43,4.48,0.73,0.0
1651702.0,1.2,1.7,12.09,1.69,0.23,4.47,0.0,2.8
1400685.0,3.3,0.6,14.629999999999999,4.18,1.45,0.76,1.95,2.39
1339671.0,5.0,1.9,20.86,4.54,3.51,4.08,0.0,1.83
1402664.0,4.4,1.1,17.3,3.16,0.82,6.22,0.0,1.6
1491280.0,5.8,3.4,18.409999999999997,0.0,1.59,2.73,2.63,2.26
1552681.0,3.7,1.7,22.78,6.25,4.5,3.57,1.85,1.21
1403340.0,5.2,0.8,27.66,5.88,1.3,7.05,2.12,5.31
1591278.0,3.2,2.5,20.749999999999996,2.15,4.37,4.26,1.08,3.19
1404966.0,5.3,0.8,17.86,1.45,4.12,2.21,0.0,3.98
703363.0,8.5,3.7,21.279999999999998,0.99,2.49,2.51,1.32,1.77
1279268.0,4.2,2.3,25.779999999999998,4.73,2.81,5.39,3.29,3.06
1405106.0,5.9,1.2,14.31,2.77,0.51,0.0,0.0,3.93
703010.0,8.6,3.9,25.39,1.01,2.97,4.07,0.21,4.63
1338499.0,4.7,2.2,21.470000000000002,1.39,1.91,1.19,5.8,4.28
1406208.0,4.7,1.2,24.020000000000003,4.06,1.78,1.34,6.41,4.53
1601137.0,3.9,3.3,16.42,2.76,1.27,1.31,1.72,2.16
1105150.0,6.8,2.5,31.580000000000002,2.55,7.37,5.42,4.05,2.89
1420152.0,6.9,1.3,25.3,4.41,1.33,5.36,0.0,6.0
1120221.0,5.6,2.3,23.64,3.7,4.38,4.37,2.82,0.47
1422945.0,6.7,0.9,23.84,5.79,0.0,4.28,3.15,3.02
656823.0,10.4,3.5,38.64,7.84,2.02,7.77,4.12,2.99
1586868.0,4.3,1.2,16.96,1.29,0.0,4.53,2.85,2.79
1424048.0,4.9,1.2,23.700000000000003,5.34,2.31,5.05,0.5,4.4
1517283.0,1.5,2.8,20.479999999999997,1.56,0.89,3.97,6.36,3.4
1424343.0,4.3,1.1,16.31,4.99,0.0,4.54,1.38,0.0
1659052.0,4.4,3.7,17.92,0.0,2.45,1.82,2.29,3.26
1194857.0,5.5,2.5,25.439999999999998,3.48,1.75,5.68,3.95,2.58
1424613.0,6.2,0.9,29.9,4.34,6.1,3.53,4.33,4.5
772094.0,9.0,3.5,33.949999999999996,7.25,4.64,4.97,2.56,2.03
1536106.0,2.5,0.5,17.75,2.97,2.14,2.94,3.85,2.85
1427764.0,2.2,2.4,6.6499999999999995,0.0,0.0,0.39,0.66,1.0
1369357.0,4.1,1.9,18.569999999999997,0.14,1.91,4.19,1.69,4.64
1428201.0,6.0,0.9,18.92,3.74,1.66,0.5,4.3,1.82
856979.0,7.7,3.2,27.980000000000004,7.4,4.16,3.85,0.01,1.66
1393052.0,3.0,1.7,19.11,2.24,2.63,1.42,3.6,4.52
1430339.0,5.2,1.7,18.5,3.36,2.54,0.0,2.81,2.89
1312692.0,3.3,2.6,18.8,2.72,2.84,1.97,3.48,1.89
1430441.0,4.5,1.3,22.400000000000002,4.77,4.84,1.83,0.12,5.04
1327484.0,3.7,2.1,16.21,2.31,1.43,0.82,1.26,4.59
1433490.0,4.4,1.3,22.120000000000005,0.94,1.55,6.83,2.25,4.85
1401035.0,4.4,1.8,22.549999999999997,5.18,4.18,3.04,1.49,2.46
1439714.0,8.2,1.0,17.83,2.09,1.08,2.28,1.4,1.78
497815.0,12.5,3.5,31.259999999999998,3.47,2.38,2.39,4.21,2.81
1499758.0,3.0,1.6,20.040000000000003,1.54,4.73,4.85,0.97,3.35
1443581.0,4.3,0.7,19.3,3.48,1.74,4.69,0.0,4.39
1302134.0,4.4,1.1,24.1,5.84,4.61,0.8,3.93,3.42
1316335.0,4.2,1.8,28.619999999999997,9.14,3.82,1.83,4.58,3.25
1448687.0,6.4,0.9,23.780000000000005,7.62,0.4,3.7,1.91,2.85
622302.0,10.4,4.1,26.30999999999999,2.08,3.51,1.83,2.83,1.56
1405871.0,3.9,2.4,17.63,0.0,3.74,1.38,4.39,1.82
1453059.0,3.3,1.0,14.809999999999999,1.94,3.11,1.21,2.62,1.63
1330821.0,6.6,3.9,20.25,3.86,1.44,2.12,0.0,2.33
1347809.0,4.8,2.2,24.45,4.5,2.25,3.79,3.21,3.7
1454948.0,5.9,1.2,22.99,5.63,1.87,2.9,3.61,1.88
1122806.0,4.5,2.3,15.209999999999999,1.15,4.88,0.0,0.4,1.98
1459222.0,4.8,0.6,18.16,4.9,2.36,0.0,2.08,3.42
1008472.0,6.2,2.5,16.33,0.0,5.08,0.0,0.02,2.53
1459566.0,4.0,1.4,14.95,1.92,0.0,2.55,1.29,3.79
1193488.0,10.8,4.8,28.77,3.38,0.38,3.23,4.12,2.06
1369971.0,6.2,1.8,25.68,3.85,2.29,2.66,5.02,3.86
1459811.0,4.4,1.1,24.21,2.68,3.57,4.88,4.73,2.85
1595137.0,3.1,0.7,10.93,1.57,3.25,0.95,0.0,1.36
1465152.0,6.3,0.4,26.689999999999998,4.23,4.52,5.53,1.79,3.92
1651749.0,4.3,1.5,18.990000000000002,3.78,2.79,5.02,0.0,1.6
1465587.0,6.3,1.4,24.47,4.37,3.6,3.71,2.1,2.99
1278039.0,5.9,2.3,21.59,5.17,0.47,3.58,3.72,0.45
1468347.0,7.1,1.0,16.39,1.3,0.91,0.77,3.9,1.41
950740.0,9.5,3.3,28.95,4.31,2.26,3.16,1.76,4.66
1455201.0,2.8,1.7,17.46,3.57,3.17,1.78,1.69,2.75
1473521.0,4.0,1.0,23.009999999999998,7.89,5.54,4.04,0.47,0.07
1698178.0,2.4,1.7,17.799999999999997,5.3,2.92,0.24,4.13,1.11
1476784.0,3.5,0.1,14.38,0.0,1.71,5.62,2.15,1.3
1359636.0,3.6,2.5,21.01,7.85,2.86,2.23,0.62,1.35
1484122.0,4.9,0.3,19.07,2.95,3.82,1.11,1.8,4.19
1641318.0,4.2,1.4,14.260000000000002,5.29,0.8,0.0,1.57,1.0
1484703.0,5.8,1.2,18.54,4.05,3.78,0.77,2.94,0.0
1300930.0,5.4,2.2,16.900000000000002,2.45,0.98,2.33,2.83,0.71
1492360.0,5.0,1.1,16.82,7.28,1.33,0.61,0.86,0.64
641920.0,7.8,3.1,23.84,3.03,1.12,4.82,1.36,2.61
686500.0,8.9,2.5,24.05,1.01,2.19,3.77,4.57,1.11
1494380.0,4.3,1.7,25.939999999999998,4.79,3.0,5.15,3.08,3.92
1513741.0,5.9,3.3,23.33,0.05,4.98,3.48,2.11,3.51
1252012.0,2.8,1.5,11.09,0.54,2.51,0.51,1.0,2.23
1495970.0,3.3,1.3,17.72,1.97,3.96,2.34,0.0,4.85
1095927.0,5.2,2.2,15.4,1.53,2.21,2.51,0.98,0.77
1496813.0,-1.3,1.0,10.95,0.0,0.23,4.8,2.33,3.89
1669002.0,2.4,1.1,10.28,1.84,0.26,3.35,1.19,0.14
1498870.0,4.5,1.1,22.86,5.44,0.03,3.94,4.52,3.33
1500413.0,0.3,0.8,19.310000000000002,7.63,3.15,3.36,0.0,4.07
1397151.0,3.2,1.6,17.09,2.78,1.29,3.54,3.58,1.1
1505365.0,3.7,0.6,21.029999999999998,3.28,0.0,4.05,3.76,5.64
835609.0,8.6,3.0,24.35,2.52,2.04,2.96,0.53,4.7
1508544.0,7.6,0.8,24.599999999999998,5.18,3.92,1.97,2.36,2.77
726599.0,11.7,3.7,30.8,5.48,3.28,4.7,0.0,1.94
1451497.0,5.3,2.0,25.799999999999997,4.51,2.4,2.74,4.31,4.54
1515062.0,6.9,1.8,17.220000000000002,0.0,1.11,4.74,2.05,0.62
589282.0,10.7,4.0,23.369999999999997,0.0,2.91,1.63,2.16,1.97
1666350.0,4.1,2.2,22.81,5.4,0.0,4.59,3.32,3.2
1517006.0,4.3,1.0,13.79,0.0,0.0,0.81,6.26,1.42
1005646.0,6.8,2.5,30.03,7.13,6.35,0.5,1.39,5.36
1521526.0,7.5,1.3,15.990000000000002,0.0,2.06,0.17,2.23,2.73
604089.0,11.8,4.1,27.639999999999997,4.5,0.0,5.17,0.33,1.74
1426428.0,4.5,2.1,19.349999999999998,2.78,4.22,1.11,2.41,2.23
1525456.0,5.2,0.9,23.830000000000002,7.73,3.03,5.66,0.0,1.31
903820.0,7.4,3.3,25.9,3.68,4.99,3.52,0.0,3.01
1693394.0,2.7,1.4,17.23,2.39,4.36,2.97,1.42,1.99
1535821.0,4.9,0.7,19.58,3.26,2.03,4.8,2.61,1.28
1419680.0,4.4,1.7,11.590000000000002,0.0,1.56,3.05,0.88,0.0
1536605.0,5.8,0.7,20.749999999999996,2.78,4.09,3.42,3.13,0.83
1535921.0,3.4,2.6,16.21,1.08,0.0,4.17,0.04,4.92
1536923.0,4.5,0.9,24.09,7.73,3.66,2.5,2.07,2.73
1177315.0,5.8,2.6,20.33,1.2,4.62,1.2,3.65,1.26
1647335.0,6.3,1.7,27.69,5.27,4.01,7.1,0.0,3.31
1542539.0,7.1,1.0,28.23,7.81,0.37,6.26,0.73,4.96
1698486.0,3.8,1.9,21.439999999999998,3.34,4.98,0.67,3.85,2.9
1543332.0,6.2,1.2,30.1,5.54,4.48,3.51,5.99,3.18
888752.0,7.6,3.2,22.720000000000002,3.82,0.41,2.85,1.41,3.43
1683333.0,5.1,1.9,17.18,3.13,0.08,1.07,1.86,4.04
1549970.0,5.7,1.1,27.14,6.02,2.86,4.0,3.42,4.04
1667779.0,4.6,1.4,28.31,7.7,3.83,5.58,3.73,1.47
1562973.0,4.6,0.5,13.7,0.0,1.89,1.62,2.97,2.12
1314717.0,6.2,3.7,29.55,5.13,7.04,1.73,4.16,1.59
677529.0,10.0,2.3,32.599999999999994,5.34,6.15,3.36,3.11,2.34
1563226.0,5.8,1.4,12.52,0.0,0.0,2.24,1.57,1.51
283324.0,13.1,4.5,26.970000000000002,1.76,0.0,3.35,3.31,0.95
1529346.0,3.4,2.0,17.86,1.75,2.04,4.11,0.81,3.75
1567228.0,6.0,1.0,18.73,0.98,3.11,0.85,4.49,2.3
728946.0,9.5,3.5,27.07,5.32,4.34,0.0,0.74,3.67
1439440.0,3.6,2.4,19.58,4.42,3.71,1.33,0.0,4.12
1589371.0,4.5,1.3,29.04,6.3,1.7,2.93,9.09,3.22
1066858.0,5.4,2.2,18.340000000000003,0.42,3.9,0.0,2.08,4.34
1590251.0,6.5,0.5,24.08,5.72,2.36,2.28,6.11,0.61
800686.0,9.8,3.7,29.33,3.53,4.48,2.79,3.49,1.54
1514019.0,3.2,1.8,13.45,1.92,2.93,0.6,0.81,2.19
1593250.0,5.6,0.9,15.39,2.0,0.0,4.21,0.0,2.68
836865.0,7.7,4.1,29.529999999999998,3.84,1.65,3.47,5.04,3.73
1497237.0,2.8,0.0,11.110000000000001,0.0,1.86,1.53,2.5,2.42
1594580.0,1.2,-0.3,15.23,1.81,5.06,2.59,4.08,0.79
1298669.0,3.8,2.2,25.270000000000003,6.87,3.68,5.73,0.0,2.99
1599065.0,3.1,0.7,13.82,3.76,3.58,0.08,0.49,2.11
732562.0,10.0,3.8,31.820000000000004,5.16,4.73,2.08,3.91,2.14
1644027.0,1.9,2.0,17.81,0.73,2.31,4.67,6.12,0.08
1602144.0,2.8,-0.1,12.34,2.68,0.0,0.95,3.31,2.7
1531395.0,1.7,1.2,19.64,5.54,3.49,5.53,1.23,0.95
1604519.0,3.0,0.6,23.68,7.18,4.47,2.37,1.63,4.43
1684016.0,2.9,0.7,18.23,4.38,0.0,4.62,1.77,3.86
1608284.0,4.4,1.1,14.61,5.05,0.04,2.25,1.67,0.1
1576641.0,3.4,1.9,16.439999999999998,3.2,1.68,0.0,4.01,2.25
1608487.0,3.7,0.6,11.970000000000002,0.7,3.49,0.13,1.31,2.04
1114278.0,7.2,3.5,26.709999999999997,2.73,4.47,2.93,2.66,3.22
1355906.0,2.2,1.2,21.279999999999998,5.1,1.75,4.08,6.37,0.58
1611940.0,-0.5,-0.3,19.27,7.53,3.61,5.01,3.92,0.0
960486.0,5.0,4.0,29.56,6.69,4.42,3.72,1.5,4.23
1233218.0,3.5,2.1,17.29,2.75,2.66,3.61,1.65,1.02
1614917.0,6.1,0.2,14.38,2.41,0.0,2.18,0.0,3.49
1661676.0,3.6,2.1,16.060000000000002,0.0,6.65,2.28,0.0,1.43
1615094.0,3.5,0.7,21.61,10.0,1.98,1.43,2.53,1.47
1516517.0,3.3,3.7,20.400000000000002,2.59,2.71,3.64,2.1,2.36
1597407.0,2.5,1.7,26.389999999999997,8.28,4.04,1.56,3.61,4.7
1617139.0,3.9,0.5,12.91,1.1,1.8,2.1,0.0,3.51
682662.0,10.9,3.0,31.16,4.36,3.48,4.17,4.76,0.49
1618109.0,8.4,2.1,24.12,2.82,2.5,1.91,1.93,4.46
333781.0,13.3,4.3,27.530000000000005,1.94,0.0,2.94,1.86,3.19
983179.0,6.5,2.4,21.49,0.07,2.94,1.98,3.72,3.88
1622248.0,5.8,1.5,25.36,3.76,2.14,3.61,3.76,4.79
773858.0,8.5,3.5,26.43,0.0,0.16,4.33,6.11,3.83
1685537.0,1.0,0.9,14.7,3.21,3.75,3.74,0.76,1.34
1623087.0,4.2,0.4,22.8,5.17,4.66,4.66,0.0,3.71
1696182.0,4.0,2.9,22.82,4.0,0.48,3.39,3.09,4.96
1449357.0,4.4,1.8,18.77,4.64,3.11,2.19,0.0,2.63
1528341.0,4.3,1.9,19.98,1.81,3.92,0.71,3.79,3.55
1638871.0,5.1,0.7,24.97,2.82,4.02,6.84,1.57,3.92
1589996.0,3.4,1.6,13.81,0.0,1.31,1.17,2.25,4.08
1641104.0,5.9,1.4,18.73,4.91,2.83,0.78,0.0,2.91
845961.0,8.2,4.0,33.64,7.84,3.66,4.13,3.48,2.33
1491866.0,4.9,2.2,11.479999999999999,0.6,0.74,1.78,0.08,1.18
1647762.0,5.8,1.5,25.55,4.72,6.16,3.85,2.27,1.25
711937.0,7.7,4.6,25.790000000000003,5.43,4.33,0.28,0.32,3.13
1677736.0,1.8,1.0,11.96,4.69,0.17,0.76,0.42,3.12
1648299.0,4.3,1.0,20.080000000000002,3.64,4.42,3.92,0.0,2.8
1377628.0,4.9,3.5,24.03,4.35,3.27,1.88,3.42,2.71
1622888.0,3.3,1.4,9.129999999999999,1.75,0.0,2.0,0.0,0.68
1652040.0,5.5,1.2,25.25,8.86,2.62,3.3,2.69,1.08
896849.0,8.2,4.0,29.279999999999998,5.49,4.25,3.48,2.13,1.73
1232748.0,4.5,2.3,19.84,5.38,2.08,3.4,0.0,2.18
1653608.0,4.0,0.9,17.439999999999998,5.87,4.1,1.74,0.0,0.83
1622311.0,3.6,1.6,21.729999999999997,4.11,2.46,0.79,4.25,4.92
1658658.0,6.3,1.4,28.490000000000002,7.75,1.58,5.01,5.12,1.33
869360.0,9.2,4.0,26.299999999999997,1.07,4.13,3.59,1.64,2.67
1701780.0,3.1,1.5,18.38,5.98,0.33,2.7,1.24,3.53
1662705.0,3.5,1.0,24.259999999999998,3.13,5.41,3.81,2.38,5.03
1630031.0,4.0,3.5,20.4,5.7,1.36,1.25,2.29,2.3
1483947.0,3.9,1.2,21.57,2.49,5.49,1.59,5.01,1.89
1667324.0,3.0,0.0,11.74,0.0,0.62,2.27,2.63,3.22
1666123.0,2.6,1.6,22.389999999999997,7.25,2.35,0.51,3.81,4.27
1670409.0,3.9,1.2,11.18,0.0,1.09,1.26,1.43,2.3
1688060.0,2.6,1.8,27.049999999999997,8.37,3.84,6.68,3.76,0.0
1671013.0,3.0,0.7,19.709999999999997,3.4,4.37,3.01,2.25,2.98
1542252.0,5.3,3.1,25.46,1.92,3.38,4.53,5.91,1.32
1658553.0,1.2,1.5,14.01,3.76,1.46,0.56,3.93,1.6
1700285.0,3.5,0.8,15.080000000000002,3.39,0.39,1.22,0.0,5.78
983402.0,8.6,2.3,29.660000000000004,8.85,1.48,2.53,4.69,1.21
1715212.0,8.1,1.1,21.9,0.0,6.38,2.56,1.1,2.66
492628.0,11.9,3.9,25.820000000000004,1.1,5.19,2.06,0.28,1.39
1703806.0,1.2,1.1,21.09,7.19,4.24,2.89,2.38,2.09
1720005.0,4.8,1.0,24.439999999999998,4.13,2.48,3.49,4.93,3.61
1661865.0,2.1,0.5,14.1,3.69,2.59,2.07,1.31,1.84
1727243.0,1.5,0.1,11.53,2.29,4.31,0.25,2.09,0.99
1226306.0,5.8,2.6,23.11,5.39,0.0,3.44,4.55,1.33
1731312.0,5.3,0.8,24.37,6.27,7.54,2.28,0.49,1.69
952599.0,8.6,4.1,29.99,4.04,4.18,6.05,0.05,2.97
1557938.0,4.5,1.9,20.21,0.07,2.19,3.48,3.17,4.9
1742815.0,3.9,0.9,16.66,2.37,2.52,1.87,2.58,2.52
1379810.0,4.8,2.0,27.54,5.81,2.74,5.34,3.18,3.67
1745410.0,1.8,0.8,11.39,1.14,0.0,4.26,1.42,1.97
1658122.0,2.4,1.4,20.06,4.57,5.45,0.0,3.61,2.63
1748292.0,5.9,1.0,26.520000000000003,3.04,0.29,4.95,8.31,3.03
800559.0,7.8,3.9,24.4,0.8,3.68,3.13,1.03,4.06
1540552.0,3.0,2.1,23.620000000000005,7.07,2.13,3.76,2.12,3.44
1756581.0,2.6,1.0,18.04,6.49,2.75,3.31,1.05,0.84
1694887.0,3.3,1.0,19.45,5.12,4.35,1.62,0.43,3.63
1759722.0,3.5,0.5,16.64,5.61,0.0,2.74,2.89,1.4
1656376.0,3.0,2.6,13.829999999999998,1.35,2.23,0.19,1.27,3.19
1700740.0,1.7,2.7,16.53,5.66,1.15,3.68,0.0,1.64
1761020.0,4.3,0.6,21.53,1.07,4.19,1.97,4.73,4.67
1476267.0,5.5,3.5,24.33,3.93,6.7,2.13,1.04,1.53
1631951.0,1.8,0.8,18.869999999999997,2.9,4.02,4.7,0.0,4.65
1761423.0,1.4,0.3,10.17,2.32,3.25,0.0,0.89,2.01
1682326.0,3.7,2.5,18.51,3.91,0.0,5.28,1.19,1.93
1790108.0,3.0,0.5,20.450000000000003,8.55,0.0,4.03,0.0,4.37
1702660.0,1.9,1.1,21.17,7.69,2.84,4.21,1.34,2.09
1793455.0,3.2,0.3,19.54,4.37,3.77,3.72,2.98,1.2
1325715.0,3.8,2.2,19.85,4.16,2.98,3.3,1.38,2.03
1802036.0,3.1,0.2,13.63,5.02,0.0,3.52,1.48,0.31
1321004.0,4.0,2.4,15.249999999999998,2.67,0.0,1.88,2.78,1.52
1803524.0,2.6,1.0,17.849999999999998,3.5,0.83,4.63,1.38,3.91
1701307.0,2.8,-1.4,5.800000000000001,0.0,0.0,2.84,0.0,1.56
1807514.0,3.3,1.0,17.88,3.11,2.41,2.72,1.62,3.72
1519061.0,3.8,2.1,16.97,3.69,0.15,1.83,3.15,2.25
1812802.0,4.4,0.6,21.01,10.0,2.46,0.0,0.61,2.94
1703529.0,4.1,1.1,14.68,0.3,1.89,3.13,1.68,2.48
1816297.0,4.7,0.6,20.81,6.09,2.88,1.61,1.13,3.8
1249792.0,5.6,2.6,26.11,6.33,4.99,5.19,0.0,1.4
1820318.0,5.2,1.0,22.520000000000003,4.61,5.2,6.51,0.0,0.0
1577221.0,6.5,2.2,23.539999999999996,0.0,4.54,6.35,0.61,3.34
1823903.0,0.8,0.1,8.190000000000001,0.0,0.92,1.88,2.77,1.72
1186323.0,6.1,2.2,23.220000000000002,4.46,2.07,1.07,3.47,3.85
1830569.0,5.7,1.1,24.450000000000003,5.18,4.19,2.63,4.12,1.53
865291.0,9.3,3.4,28.890000000000004,7.04,1.19,2.85,2.4,2.71
1832201.0,-0.6,0.2,17.099999999999998,7.5,1.6,2.7,3.3,2.4
954442.0,8.0,2.4,25.07,2.38,4.65,0.51,3.59,3.54
1838351.0,7.1,1.4,18.67,2.28,0.75,4.56,2.21,0.37
562940.0,11.9,4.2,32.51,2.83,5.31,4.55,0.0,3.72
1528451.0,3.9,2.0,26.23,8.41,1.62,3.05,3.12,4.13
1842416.0,6.2,0.7,17.02,0.0,3.55,4.66,1.73,0.18
705444.0,7.9,3.6,30.37,4.37,8.05,2.25,0.0,4.2
1698479.0,3.2,1.2,15.18,0.0,3.1,0.62,3.16,3.9
1853011.0,3.7,0.2,20.819999999999997,4.43,2.73,3.94,2.76,3.06
1067806.0,7.0,3.8,26.99,6.35,3.62,1.09,3.72,1.41
1703791.0,2.2,1.5,14.329999999999998,1.14,6.1,1.52,0.0,1.87
1854174.0,2.9,0.6,10.31,0.93,0.0,4.46,1.42,0.0
124323.0,18.2,3.7,30.539999999999996,0.99,1.64,2.95,0.0,3.06
1512463.0,3.0,-0.2,10.77,4.69,1.94,0.0,0.0,1.34
1440832.0,3.2,2.4,19.05,1.11,5.7,2.15,2.21,2.28
1556892.0,1.4,0.5,20.6,9.02,2.01,3.57,0.0,4.1
1337495.0,6.2,1.7,21.340000000000003,4.06,1.14,5.82,1.07,1.35
151901.0,18.2,4.8,32.480000000000004,0.34,4.08,2.42,1.37,1.27
1297653.0,2.0,3.8,21.999999999999996,7.53,4.78,3.26,0.34,0.29
371225.0,10.5,4.8,39.34,3.42,7.18,4.23,3.26,5.95
1118763.0,6.4,1.9,23.419999999999998,2.66,4.05,3.31,2.97,2.13
197638.0,18.2,4.1,32.029999999999994,3.0,1.46,4.01,0.0,1.26
903079.0,8.8,2.6,24.200000000000003,5.47,0.0,3.25,2.53,1.55
651934.0,10.0,2.8,38.24,4.94,6.96,4.78,3.3,5.46
1529832.0,3.6,1.6,18.27,4.14,1.19,3.7,1.6,2.44
389202.0,13.3,2.9,25.75,1.81,0.51,2.19,0.88,4.16
1543285.0,3.0,1.7,22.430000000000003,2.97,2.25,6.32,4.23,1.96
124177.0,16.7,3.5,40.27,6.37,2.96,3.86,4.11,2.77
104078.0,16.3,4.3,35.33,4.48,3.25,4.6,0.0,2.4
1203492.0,5.4,2.4,15.290000000000001,0.0,2.89,2.25,2.35,0.0
553734.0,11.0,3.9,37.07,6.78,2.92,4.86,1.75,5.86
293299.0,14.1,4.8,23.279999999999998,1.97,0.0,0.0,0.0,2.41
1666647.0,3.9,2.2,21.11,4.65,0.0,4.7,4.87,0.79
961833.0,9.3,2.4,28.020000000000003,6.17,2.78,2.32,2.84,2.21
360970.0,14.2,4.1,30.999999999999996,7.01,0.0,0.94,0.88,3.87
1614278.0,3.7,2.8,20.84,4.61,4.4,3.38,1.29,0.66
367311.0,13.8,3.6,30.189999999999998,1.42,7.81,1.47,0.07,2.02
1690531.0,2.8,0.9,18.07,2.65,3.86,3.85,0.0,4.01
386287.0,7.9,4.0,30.88,2.4,5.22,3.95,6.42,0.99
1214685.0,5.3,2.8,16.58,4.24,2.02,0.52,0.0,1.7
285565.0,17.0,3.6,28.55,1.45,1.5,2.18,0.0,2.82
122108.0,14.0,3.5,35.97,6.27,6.17,1.38,2.04,2.61
700131.0,5.0,3.5,33.65,7.33,3.37,5.28,3.79,5.38
55014.0,18.1,3.9,30.150000000000002,1.73,0.0,1.87,2.5,2.05
323918.0,14.9,3.0,34.55,0.88,6.5,2.99,4.79,1.49
175784.0,17.7,3.4,30.149999999999995,2.04,1.24,0.45,2.32,3.0
195881.0,16.0,3.5,38.04,7.21,3.98,2.5,3.88,0.97
416426.0,13.5,3.6,27.89,4.72,0.0,2.28,0.0,3.79
654118.0,11.1,2.8,31.029999999999998,6.54,6.53,1.88,0.12,2.06
512588.0,11.4,2.9,28.91,6.3,0.0,4.22,2.66,1.43
267880.0,14.1,3.6,35.0,3.84,2.8,3.23,4.0,3.43
325338.0,15.2,2.8,36.53,6.36,3.98,1.94,1.27,4.98
888061.0,7.1,3.5,29.46,3.05,3.95,5.9,3.49,2.47
431031.0,10.2,3.2,30.14,3.32,0.97,0.21,6.73,5.51
120413.0,15.2,3.8,27.369999999999997,1.72,0.0,2.43,1.43,2.79
118095.0,17.4,3.6,38.85,6.88,1.71,2.43,4.93,1.9
1468565.0,3.8,2.0,17.35,3.52,1.9,1.14,0.14,4.85
421534.0,11.0,5.0,31.57,4.68,1.23,6.59,1.91,1.16
1350927.0,3.8,1.1,16.810000000000002,2.63,5.13,0.0,2.15,2.0
1673665.0,2.8,1.9,20.96,2.1,1.65,3.13,5.53,3.85
1633063.0,1.8,1.5,14.68,0.33,3.26,2.13,0.0,5.66
1331128.0,4.5,1.8,23.439999999999998,3.87,5.62,1.13,3.06,3.46
1630390.0,3.6,1.7,17.509999999999998,3.94,2.65,3.85,1.41,0.36
1579041.0,3.7,2.5,25.76,4.64,3.3,3.67,4.93,3.02
1611884.0,1.1,2.2,16.810000000000002,7.42,0.0,1.49,4.6,0.0
553633.0,11.1,3.0,24.269999999999996,0.28,1.32,2.29,2.56,3.72
319496.0,11.2,3.3,28.82,2.88,4.83,2.08,0.0,4.53
1432271.0,4.5,1.7,17.91,2.48,3.1,2.73,1.32,2.08
1466586.0,3.1,1.3,20.86,7.34,0.0,4.26,1.12,3.74
1427472.0,3.8,1.9,24.400000000000002,5.14,5.14,2.43,3.46,2.53
1186972.0,5.2,2.4,23.68,4.91,3.25,3.96,1.29,2.67
1453056.0,3.7,2.0,17.15,1.7,5.01,2.73,0.35,1.66
1596097.0,1.5,-0.2,17.9,4.59,0.69,1.09,4.85,5.38
1703701.0,2.7,1.5,15.980000000000002,5.37,0.18,1.62,1.62,2.99
281510.0,19.2,3.5,39.95,5.9,4.88,2.71,3.76,0.0
1246734.0,5.4,2.3,15.92,1.22,3.24,0.11,0.0,3.65
282114.0,15.2,2.2,31.93,3.52,4.16,0.95,2.41,3.49
579114.0,9.2,3.1,22.349999999999998,3.53,2.21,1.54,1.38,1.39
1440958.0,5.1,1.9,19.81,4.34,0.96,2.95,3.22,1.34
1389073.0,2.6,2.4,18.4,3.61,3.33,3.25,0.08,3.13
1555464.0,4.3,1.3,19.63,7.17,3.24,0.19,2.11,1.32
124930.0,17.0,3.7,31.99,3.41,2.62,2.52,0.81,1.93
121492.0,15.7,4.6,35.66,4.46,3.8,3.08,4.02,0.0
294451.0,14.4,4.2,26.01,0.0,0.0,4.11,1.61,1.69
1103540.0,7.6,2.5,23.71,2.4,5.79,2.25,0.0,3.17
505021.0,12.4,4.2,31.870000000000005,5.94,0.85,3.75,2.65,2.08
804686.0,7.2,2.4,24.39,6.19,2.27,0.98,3.78,1.57
124366.0,16.2,3.2,33.269999999999996,3.25,2.86,4.85,0.0,2.91
105855.0,15.5,4.4,34.269999999999996,3.25,4.55,4.25,0.0,2.32
372007.0,15.2,3.2,29.569999999999997,3.07,0.0,3.65,1.39,3.06
1675910.0,4.3,1.9,28.62,3.7,3.86,5.53,4.3,5.03
972507.0,8.7,3.5,26.41,3.22,2.23,3.94,0.0,4.82
1387096.0,3.9,2.0,20.28,0.0,6.29,2.77,2.33,2.99
1376482.0,4.4,2.1,20.04,1.79,4.02,3.02,1.6,3.11
1699489.0,3.3,1.6,19.93,1.99,2.69,6.78,1.65,1.92
885795.0,6.2,3.4,19.16,1.89,4.19,1.48,0.77,1.23
1667960.0,2.4,0.8,19.590000000000003,7.67,1.69,3.52,2.19,1.32
1058836.0,6.2,3.4,26.39,8.3,0.0,4.19,1.83,2.47
822736.0,11.2,2.8,22.599999999999998,1.2,0.85,3.17,2.4,0.98
532480.0,9.9,4.4,27.36,4.79,0.0,3.07,2.97,2.23
1216633.0,7.0,2.3,21.990000000000002,4.52,2.94,0.81,0.0,4.42
667955.0,12.5,3.4,30.720000000000002,4.27,2.31,3.08,3.67,1.49
291565.0,16.1,3.7,32.68,2.9,2.35,2.68,3.76,1.19
1425540.0,4.0,1.8,17.659999999999997,5.01,4.61,1.5,0.0,0.74
1405340.0,4.4,1.7,15.04,2.92,1.13,0.97,1.52,2.4
853307.0,6.6,2.7,22.939999999999998,4.26,2.36,3.34,1.08,2.6
1286918.0,3.5,2.2,20.28,2.72,6.44,2.37,1.68,1.37
805401.0,8.3,6.0,22.259999999999998,0.03,1.42,2.94,1.74,1.83
1643810.0,0.0,-0.2,15.8,2.85,6.06,4.54,0.0,2.55
1047325.0,5.8,2.2,28.209999999999997,5.8,5.38,5.58,1.75,1.7
213051.0,16.0,3.4,30.83,2.45,3.33,2.57,0.0,3.08
121551.0,14.8,2.9,24.78,2.75,0.3,3.69,0.08,0.26
116800.0,15.0,4.2,33.09,0.92,2.75,5.76,0.0,4.46
784572.0,6.2,1.0,21.12,3.02,1.29,3.07,2.98,3.56
290595.0,14.1,1.6,23.779999999999998,3.09,3.2,0.0,0.0,1.79
408279.0,12.7,3.1,24.65,1.65,0.72,2.39,1.02,3.07
1132728.0,1.8,1.4,23.9,6.09,1.46,5.43,3.68,4.04
1300531.0,2.9,2.7,19.07,1.55,3.62,1.15,2.96,4.19
1213469.0,7.7,3.2,20.98,1.34,3.73,1.08,0.74,3.19
1261943.0,7.2,1.2,16.330000000000002,6.5,1.43,0.0,0.0,0.0
1703683.0,1.9,-0.2,20.41,7.43,1.25,2.96,2.5,4.57
273154.0,13.2,2.9,29.52,3.76,3.08,0.14,1.87,4.57
1525440.0,4.2,1.2,17.06,1.77,2.18,2.77,3.83,1.11
1686462.0,3.0,2.0,17.68,3.88,1.74,1.57,3.07,2.42
1567259.0,2.1,3.9,17.880000000000003,2.39,4.34,1.89,1.89,1.37
1516493.0,6.3,1.8,20.669999999999998,3.29,2.2,1.36,4.22,1.5
721104.0,3.9,2.9,23.24,3.14,4.72,3.54,1.88,3.16
1692187.0,2.9,1.6,16.52,0.0,3.39,5.22,1.29,2.12
119395.0,17.9,3.7,38.75999999999999,1.17,5.06,2.99,4.66,3.28
1553078.0,4.4,1.8,14.14,0.74,1.54,3.11,1.48,1.07
1199903.0,6.7,3.6,19.05,0.02,1.19,3.5,3.2,0.84
1264453.0,0.0,0.0,8.459999999999999,3.52,1.33,0.0,2.17,1.44
543488.0,10.2,2.2,26.87,0.0,5.53,4.76,3.17,1.01
980683.0,0.3,-0.3,15.32,4.26,0.0,6.45,1.57,3.04
910619.0,6.5,1.9,23.82,5.44,2.26,1.56,3.82,2.34
888773.0,5.0,2.3,19.599999999999998,6.05,2.2,3.2,0.72,0.13
150672.0,15.2,5.0,36.379999999999995,7.24,1.3,2.56,1.79,3.29
1511212.0,7.3,2.3,20.4,0.0,0.44,3.48,2.73,4.15
1395661.0,7.8,0.0,26.55,8.25,1.93,4.55,0.99,3.03
190474.0,17.3,3.8,29.68,2.15,2.63,1.46,0.12,2.22
1153172.0,6.2,2.2,20.57,2.69,2.66,2.98,2.19,1.65
1393999.0,5.5,2.5,12.82,0.34,0.21,2.61,1.27,0.39
739853.0,9.6,4.3,25.139999999999997,3.22,1.37,3.69,1.72,1.24
1583715.0,6.9,2.2,19.810000000000002,1.68,1.72,3.89,1.48,1.94
1141657.0,9.4,2.5,24.770000000000003,7.63,1.44,0.47,2.23,1.1
608860.0,10.3,3.2,23.29,4.48,2.02,0.0,2.22,1.07
74352.0,18.5,3.9,41.26,5.05,4.41,3.46,4.22,1.72
1081213.0,5.2,2.5,24.169999999999998,2.2,2.55,3.95,4.75,3.02
166331.0,15.5,2.9,33.76,3.31,3.84,4.65,2.68,0.88
1564323.0,6.1,2.3,18.21,0.0,1.14,2.92,3.47,2.28
852469.0,9.4,3.1,33.72,6.45,5.69,3.18,3.14,2.76
1007197.0,6.0,2.7,23.299999999999997,3.63,0.0,1.89,5.26,3.82
1371148.0,3.9,2.5,14.330000000000002,4.11,0.0,0.35,0.24,3.23
1320287.0,0.5,3.1,18.319999999999997,5.27,3.78,0.0,4.61,1.06
1687264.0,2.2,1.0,22.64,0.0,6.39,4.81,5.82,2.42
1690428.0,2.5,1.6,18.75,5.62,1.89,2.08,2.78,2.28
113505.0,17.4,3.0,29.689999999999998,3.69,0.63,2.73,0.41,1.83
116464.0,18.0,3.6,42.74,8.66,3.33,1.66,3.07,4.42
1650775.0,5.0,0.8,17.77,2.82,3.44,0.88,4.08,0.75
1666165.0,5.0,-0.6,16.16,5.48,3.87,1.61,0.0,0.8
1702074.0,2.2,0.7,13.330000000000002,1.49,0.39,5.02,0.08,3.45
1556854.0,0.2,1.5,10.59,2.05,3.94,1.85,0.0,1.05
1565062.0,3.0,1.4,25.63,3.61,5.45,4.34,3.06,4.77
1662373.0,2.2,0.2,15.59,0.0,2.75,2.16,4.06,4.22
1522748.0,5.2,1.0,15.059999999999999,1.97,1.95,2.0,0.0,2.94
1617108.0,1.8,2.3,20.539999999999996,6.85,1.29,1.26,2.57,4.47
1623702.0,0.0,1.9,24.85,8.96,3.08,0.44,5.11,5.36
1107365.0,3.5,1.2,18.650000000000002,0.94,5.49,0.0,4.58,2.94
1262513.0,4.4,2.9,23.67,3.68,0.94,4.63,4.04,3.08
1383380.0,5.8,2.2,16.5,3.36,0.0,0.0,2.71,2.43
1343140.0,4.5,1.6,21.229999999999997,5.12,2.12,4.31,0.0,3.58
1682578.0,-1.4,0.0,15.68,1.6,3.89,3.85,5.49,2.25
1276885.0,3.9,2.6,25.81,5.36,3.26,5.17,1.49,4.03
102272.0,14.5,2.2,26.509999999999998,1.7,4.6,0.99,1.34,1.18
1411244.0,2.6,3.1,20.330000000000002,3.38,1.29,6.58,0.0,3.38
928994.0,5.5,2.2,22.46,4.36,2.48,2.9,1.12,3.9
1700131.0,2.2,1.2,15.77,0.0,0.0,4.48,4.02,3.87
1347142.0,3.6,1.9,27.259999999999998,7.47,1.55,3.46,5.77,3.51
1215071.0,4.6,2.4,21.27,2.53,4.25,1.69,3.14,2.66
150847.0,16.8,3.8,38.71,8.72,2.38,2.29,0.55,4.17
1450436.0,3.0,1.4,13.450000000000001,5.01,0.14,1.28,0.22,2.4
830823.0,7.3,2.6,17.340000000000003,1.79,1.82,2.08,0.0,1.75
1115869.0,3.0,1.5,16.669999999999998,0.0,1.65,4.76,3.36,2.4
1032868.0,7.7,2.4,19.59,0.0,3.41,2.31,2.77,1.0
1178839.0,6.4,2.2,20.190000000000005,3.98,0.43,4.26,1.67,1.25
1384805.0,3.1,2.4,20.48,3.61,3.42,5.04,0.28,2.63
1363757.0,2.8,1.2,27.970000000000002,8.85,3.24,3.28,7.19,1.41
1670010.0,4.2,2.2,17.55,0.96,2.11,4.21,0.3,3.57
1625279.0,3.6,1.3,15.940000000000001,0.0,0.0,5.36,3.75,1.93
1012779.0,7.8,2.5,26.72,3.13,1.43,4.42,2.58,4.86
1218277.0,3.9,2.5,27.270000000000003,2.21,5.28,7.72,3.74,1.92
467602.0,13.8,3.3,34.02,7.59,4.31,2.14,2.31,0.57
635115.0,8.9,3.0,27.15,3.33,2.49,2.81,4.7,1.92
1036517.0,7.8,2.0,16.37,1.06,2.4,0.02,0.67,2.42
1308582.0,4.0,2.3,19.009999999999998,4.11,3.95,0.0,2.07,2.58
326453.0,17.2,4.2,35.31,1.0,2.69,3.3,4.7,2.22
227754.0,16.1,3.2,32.07,3.05,1.97,1.94,1.99,3.82
277434.0,16.5,3.7,31.87,0.0,4.51,3.09,4.07,0.0
1192258.0,4.5,1.7,20.33,4.73,5.53,2.22,0.0,1.65
1683585.0,2.5,1.0,15.370000000000001,1.7,0.65,5.18,3.1,1.24
631462.0,10.9,3.4,28.979999999999997,3.87,3.31,1.67,2.15,3.68
1281563.0,6.3,2.5,19.229999999999997,5.26,2.42,1.15,0.63,0.97
164027.0,12.0,2.2,23.689999999999998,3.19,0.16,3.17,0.57,2.4
1555082.0,6.1,3.0,22.18,4.74,3.9,0.07,0.0,4.37
298547.0,15.6,3.4,34.230000000000004,4.5,1.39,4.65,2.03,2.66
1484839.0,4.0,1.6,16.69,5.72,1.8,2.29,0.0,1.28
1498227.0,3.2,1.9,16.35,5.29,0.66,4.27,0.0,1.03
1362270.0,4.1,1.5,17.39,1.15,0.17,3.52,3.95,3.0
780242.0,8.5,4.2,27.84,2.65,4.2,3.32,1.82,3.15
1114003.0,6.8,2.7,28.880000000000003,1.7,5.33,3.6,3.58,5.17
578463.0,11.2,4.2,26.629999999999995,2.54,1.7,2.41,2.88,1.7
59285.0,18.0,3.6,35.84,0.51,0.54,4.31,3.07,5.81
281271.0,16.6,3.4,29.66,2.73,1.65,0.0,3.52,1.76
1601396.0,7.0,1.9,20.720000000000002,3.26,4.29,0.14,0.19,3.94
877848.0,11.4,3.4,23.26,2.96,0.0,1.9,2.58,1.02
1423242.0,5.2,1.9,21.72,4.12,4.35,3.02,0.0,3.13
872000.0,9.8,3.3,31.050000000000004,5.85,5.25,3.84,3.01,0.0
1614253.0,2.8,1.9,13.940000000000001,0.24,5.2,0.83,1.75,1.22
803761.0,8.8,4.0,25.57,0.66,1.86,5.51,1.75,2.99
1657381.0,3.8,0.5,8.559999999999999,0.33,0.21,2.75,0.31,0.66
786422.0,6.9,3.8,26.210000000000004,5.62,2.03,5.53,1.21,1.12
1528150.0,3.3,2.2,13.07,0.0,0.96,1.81,0.19,4.61
973373.0,7.1,3.0,21.24,0.0,2.91,2.3,2.62,3.31
1703738.0,3.1,1.6,19.42,3.66,2.37,1.46,2.47,4.76
1053008.0,8.8,3.0,22.12,3.1,1.87,1.33,1.52,2.5
1661053.0,2.9,1.1,16.82,8.25,2.51,1.34,0.18,0.54
884942.0,9.2,3.6,30.449999999999996,3.57,3.75,1.66,3.91,4.76
1689916.0,4.6,1.6,20.71,4.73,3.67,1.26,3.94,0.91
1265535.0,6.3,3.2,24.099999999999998,2.45,2.98,1.52,5.79,1.86
1510132.0,2.6,1.1,25.440000000000005,4.37,5.37,5.73,1.76,4.51
1180770.0,8.2,3.5,23.03,2.38,0.0,4.12,4.26,0.57
1507893.0,5.0,4.4,20.98,6.11,3.18,0.47,0.0,1.82
291537.0,15.4,2.4,31.25,2.86,0.5,3.8,2.19,4.1
1695943.0,1.4,1.1,8.19,0.0,1.04,1.92,2.47,0.26
1612381.0,1.7,0.9,16.98,2.38,3.05,1.47,3.05,4.43
961894.0,8.3,4.4,23.639999999999997,3.82,2.42,2.23,0.52,1.95
871164.0,6.4,2.5,29.880000000000003,9.92,4.0,5.37,0.0,1.69
185248.0,16.4,2.8,28.970000000000002,7.14,1.69,0.0,0.62,0.32
105618.0,16.7,3.7,30.669999999999998,0.09,5.21,3.2,1.77,0.0
85187.0,16.4,4.5,31.15,3.2,0.0,2.51,1.33,3.21
297987.0,15.8,3.2,29.720000000000002,5.83,2.03,0.23,1.85,0.78
260520.0,16.0,4.2,37.72,4.21,2.89,2.76,5.16,2.5
1161355.0,7.0,2.4,25.540000000000003,4.43,2.86,2.48,2.74,3.63
637428.0,11.1,4.1,29.07,2.36,1.23,4.69,2.45,3.14
1701580.0,4.1,1.0,16.97,0.94,6.11,1.07,2.53,1.22
1182820.0,8.7,3.9,22.13,0.0,3.89,3.28,1.72,0.64
356016.0,12.5,3.8,29.59,3.19,2.06,2.32,0.49,5.23
124395.0,17.0,3.7,33.67,0.0,6.57,2.88,0.0,3.52
1637200.0,4.5,1.6,18.48,1.19,4.56,3.39,2.58,0.66
1634761.0,5.5,2.2,18.18,1.91,3.11,0.08,3.2,2.18
1328838.0,5.1,1.9,22.390000000000004,6.46,2.42,2.27,2.44,1.8
124686.0,17.3,3.7,25.930000000000003,0.36,0.26,2.58,1.73,0.0
78781.0,16.5,4.5,32.019999999999996,5.51,0.44,0.0,1.07,4.0
1636696.0,4.2,2.5,23.26,4.24,1.8,3.21,4.36,2.95
654961.0,11.2,3.8,37.51,5.89,1.13,4.72,4.77,6.0
1378599.0,4.9,2.3,19.830000000000002,2.98,0.38,2.45,1.49,5.33
1681996.0,2.7,1.9,15.529999999999998,1.19,2.07,1.45,3.92,2.3
1233364.0,4.0,3.5,25.480000000000004,3.92,5.19,4.24,3.42,1.21
299881.0,15.8,4.1,26.479999999999997,0.25,3.27,1.14,0.0,1.92
1350956.0,4.6,2.3,22.220000000000002,2.17,4.25,1.77,3.35,3.78
459612.0,13.1,3.7,27.66,6.08,0.0,1.61,1.08,2.09
256406.0,14.9,3.4,27.69,0.0,0.69,3.7,1.48,3.52
976610.0,7.5,3.0,31.620000000000005,4.15,0.0,7.34,6.74,2.89
1691834.0,4.2,1.0,26.740000000000006,7.24,5.71,1.55,2.92,4.12
1129022.0,7.3,3.1,28.490000000000002,5.79,3.21,3.75,3.72,1.62
1590529.0,4.2,1.7,16.8,1.13,1.89,2.75,3.64,1.49
827452.0,11.3,3.3,24.71,6.2,0.45,0.0,1.01,2.45
1628351.0,3.0,1.7,15.18,1.07,3.5,3.33,2.19,0.39
949968.0,7.8,4.0,22.99,5.13,1.79,1.46,0.0,2.81
1683274.0,3.2,1.9,22.76,5.53,5.19,2.85,0.0,4.09
903287.0,7.5,3.7,26.939999999999998,5.92,4.0,0.72,3.87,1.23
955594.0,7.0,2.3,21.030000000000005,3.15,1.07,3.5,0.48,3.53
818472.0,7.1,4.6,35.16,6.14,3.73,5.01,6.15,2.43
1158997.0,5.5,2.8,21.36,3.02,5.84,4.2,0.0,0.0
944195.0,7.1,3.1,24.040000000000003,7.44,5.17,0.0,1.23,0.0
1194209.0,4.8,2.2,18.57,1.32,4.17,0.8,1.28,4.0
660489.0,10.1,3.9,31.09,8.46,2.86,2.68,3.09,0.0
1630302.0,3.0,1.5,18.79,2.27,4.01,1.57,3.07,3.37
791054.0,7.0,3.9,25.6,2.56,3.09,2.86,2.78,3.41
1662033.0,2.5,1.6,16.52,1.35,1.85,4.41,1.11,3.7
791005.0,8.3,3.6,25.19,0.0,3.14,3.19,1.58,5.38
1471066.0,3.4,2.2,19.470000000000002,2.88,2.47,2.64,2.6,3.28
839103.0,9.3,4.0,27.519999999999996,4.29,3.09,4.02,0.31,2.51
1525834.0,3.7,2.2,12.490000000000002,0.0,4.38,0.82,0.0,1.39
1070515.0,7.4,3.2,21.130000000000006,3.4,0.0,3.84,2.28,1.01
1702321.0,2.9,2.0,10.620000000000001,0.0,0.0,4.84,0.0,0.88
978388.0,8.3,3.4,21.4,4.6,1.68,0.83,0.0,2.59
1694564.0,2.2,1.0,18.5,5.76,1.61,3.68,0.86,3.39
1165056.0,5.6,4.2,26.77,4.85,3.8,3.83,3.09,1.4
1413955.0,4.8,1.6,15.62,4.24,0.0,0.79,2.5,1.69
1208608.0,7.6,3.8,23.83,0.42,2.7,1.92,1.87,5.52
1627079.0,4.0,1.0,17.32,4.04,7.48,0.0,0.05,0.75
1223621.0,7.1,3.8,21.099999999999998,0.0,0.32,4.79,2.27,2.82
1695158.0,4.5,2.2,20.56,8.07,1.79,3.17,0.67,0.16
734662.0,8.3,4.3,23.65,2.44,0.0,3.96,2.15,2.5
1483035.0,2.8,1.7,17.53,4.34,0.0,0.07,5.34,3.28
188344.0,15.7,3.3,34.36,6.32,2.99,0.28,1.59,4.18
1524392.0,2.4,1.6,20.91,3.81,5.37,2.56,1.83,3.34
252163.0,15.6,3.2,36.81999999999999,6.86,3.82,2.99,3.41,0.94
1479668.0,3.2,0.0,11.94,2.46,4.79,1.49,0.0,0.0
346306.0,7.0,6.0,26.619999999999997,2.5,4.38,2.92,0.97,2.85
374122.0,15.4,3.0,38.5,3.99,2.68,3.25,5.82,4.36
1679193.0,4.4,1.6,18.72,0.72,3.59,4.0,0.62,3.79
1703191.0,3.0,1.1,27.519999999999996,2.87,6.19,4.88,6.4,3.08
996280.0,9.6,4.1,24.49,1.86,0.95,1.11,3.12,3.75
257930.0,14.3,4.1,29.35,1.67,2.96,2.14,0.0,4.18
1680943.0,5.0,1.9,20.400000000000002,3.89,3.73,3.71,0.19,1.98
952778.0,7.5,2.3,23.64,5.79,0.0,0.0,3.8,4.25
578153.0,9.5,4.1,27.999999999999996,9.02,0.66,1.77,2.72,0.23
1679005.0,2.9,1.2,24.0,3.54,7.42,1.46,3.11,4.37
1217897.0,6.1,1.4,24.35,6.0,3.06,2.07,3.39,2.33
148719.0,18.6,4.2,34.47,0.0,4.09,4.18,0.25,3.15
256864.0,14.6,4.1,26.369999999999997,1.59,2.02,0.06,0.0,4.0
288169.0,15.0,4.5,28.98,0.55,2.88,2.98,1.36,1.71
250736.0,19.0,3.4,29.829999999999995,5.08,0.0,0.0,0.13,2.22
914866.0,9.6,3.0,31.140000000000004,0.0,2.47,5.44,5.83,4.8
1160912.0,8.3,2.8,30.079999999999995,4.56,7.1,0.63,2.92,3.77
1697910.0,4.4,1.5,18.96,3.63,0.0,3.59,4.26,1.58
480535.0,11.7,3.2,32.169999999999995,5.68,2.22,3.46,2.2,3.71
453865.0,13.1,3.2,28.51,0.0,3.04,3.32,4.16,1.69
83880.0,17.6,3.8,33.690000000000005,6.68,0.0,2.06,0.53,3.02
401575.0,13.8,3.2,32.31,4.94,0.12,3.54,1.74,4.97
365960.0,14.9,3.5,32.31,2.48,4.33,2.68,2.63,1.79
1043139.0,8.6,2.5,29.610000000000003,3.34,2.93,2.8,4.85,4.59
344712.0,12.9,3.2,32.690000000000005,4.85,0.0,2.65,5.14,3.95
724572.0,11.2,3.2,25.04,5.38,3.75,0.2,0.12,1.19
832320.0,9.6,3.1,26.189999999999998,3.68,1.88,3.47,4.46,0.0
184817.0,16.7,3.6,35.65,5.34,3.39,0.8,0.11,5.71
209736.0,16.6,3.6,43.61000000000001,8.46,1.91,4.04,3.38,5.62
294897.0,16.4,3.5,30.97,5.27,5.32,0.0,0.0,0.48
296657.0,14.8,3.8,28.369999999999997,3.43,2.36,1.4,0.0,2.58
1623352.0,7.3,2.6,22.3,6.61,2.23,0.0,2.88,0.68
1298726.0,7.4,2.8,19.58,3.28,2.12,0.39,1.8,1.79
1668610.0,7.9,2.4,19.83,0.8,0.82,2.59,2.67,2.65
1124230.0,9.8,3.4,23.220000000000002,5.8,0.0,1.1,1.01,2.11
968850.0,9.4,3.0,21.14,3.17,0.86,0.1,1.44,3.17
1548938.0,7.2,2.4,21.22,5.41,0.0,2.48,0.0,3.73
1694489.0,5.0,1.8,22.930000000000003,4.85,2.21,3.92,3.71,1.44
631497.0,10.7,3.0,25.0,1.28,2.42,5.75,1.85,0.0
431170.0,13.1,3.4,25.68,1.81,0.48,2.88,1.35,2.66
328669.0,14.9,3.5,25.919999999999998,3.33,0.0,2.17,0.79,1.23
215453.0,16.5,3.6,31.910000000000004,4.78,4.07,0.52,0.0,2.44
1027770.0,5.0,2.7,15.219999999999999,3.15,0.17,4.2,0.0,0.0
813524.0,6.5,1.5,25.96,7.56,1.1,4.72,0.0,4.58
276527.0,11.9,2.4,32.31,7.0,5.71,2.25,1.36,1.69
263806.0,14.0,4.1,35.38,6.87,2.13,1.98,3.48,2.82
866315.0,6.5,2.2,21.09,5.37,1.4,5.31,0.31,0.0
947125.0,6.9,2.4,18.08,0.75,1.43,1.57,1.79,3.24
319270.0,13.7,3.6,24.8,2.24,1.7,0.0,0.76,2.8
1402326.0,2.0,-0.8,13.120000000000001,0.66,2.75,4.03,3.6,0.88
1354134.0,4.1,1.8,19.93,0.74,4.76,2.75,1.26,4.52
282989.0,12.4,3.2,37.300000000000004,8.0,4.07,3.83,1.52,4.28
1285823.0,1.5,1.0,11.02,0.0,2.42,2.35,1.14,2.61
1342726.0,5.3,2.1,24.95,7.08,1.52,5.91,1.67,1.37
322982.0,12.2,3.0,23.93,4.8,2.22,0.0,0.0,1.71
1268396.0,2.2,3.5,16.61,5.93,0.0,2.12,2.34,0.52
1262344.0,5.3,2.5,19.06,0.89,4.14,0.64,1.91,3.68
294238.0,10.8,3.0,25.439999999999998,1.13,4.97,4.09,0.39,1.06
1122032.0,6.6,2.6,29.720000000000002,8.58,5.51,2.21,2.17,2.05
1000582.0,2.5,2.2,23.41,5.53,1.98,5.93,0.9,4.37
124614.0,17.6,3.9,34.23,0.34,2.92,4.67,2.23,2.57
254688.0,15.9,3.5,32.92,4.39,0.78,4.27,2.44,1.64
1670575.0,3.6,2.9,20.7,5.56,3.61,0.51,3.14,1.38
378204.0,13.4,3.6,24.049999999999997,2.02,0.52,2.84,1.18,0.49
1265013.0,4.9,2.4,17.740000000000002,3.73,0.0,3.67,0.0,3.04
404803.0,12.9,2.8,26.520000000000003,4.32,0.0,3.48,1.01,2.01
1681459.0,2.9,1.1,14.67,2.79,0.0,2.48,2.57,2.83
394814.0,13.5,2.2,29.32,1.7,5.12,0.0,4.22,2.58
1671132.0,4.1,1.9,17.97,3.04,1.31,1.32,2.3,4.0
854121.0,7.4,3.7,18.240000000000002,2.19,2.72,2.23,0.0,0.0
888159.0,9.0,2.9,21.18,0.0,2.97,2.18,2.2,1.93
468679.0,13.3,4.2,22.94,0.71,0.73,0.0,1.96,2.04
96196.0,17.7,3.8,34.67,0.0,1.47,2.63,6.33,2.74
123409.0,17.4,4.0,42.74,5.6,5.35,4.96,2.89,2.54
1563420.0,4.5,2.2,18.45,0.45,4.16,1.57,2.02,3.55
1030818.0,8.4,4.0,24.830000000000002,0.45,2.72,3.99,2.54,2.73
270136.0,17.0,3.5,34.08,1.89,2.63,4.2,0.51,4.35
1632222.0,4.3,1.5,18.1,0.15,5.2,3.89,0.0,3.06
1028828.0,10.5,3.1,23.54,6.48,0.14,2.48,0.84,0.0
289020.0,15.1,4.6,35.529999999999994,4.33,4.26,2.29,1.06,3.89
1667895.0,3.7,2.3,13.91,1.9,3.81,1.45,0.0,0.75
1053932.0,10.6,3.3,24.749999999999996,2.94,3.72,1.79,0.0,2.4
1702850.0,4.7,2.0,19.590000000000003,2.26,3.93,2.71,0.67,3.32
1086662.0,8.7,3.2,23.189999999999998,0.99,5.06,1.93,0.16,3.15
583751.0,12.1,3.0,27.42,2.43,2.15,3.35,0.93,3.46
397770.0,13.6,4.0,29.470000000000002,1.09,4.14,2.64,2.86,1.14
94807.0,19.9,4.1,44.55,6.81,3.21,3.91,3.24,3.38
1141788.0,4.2,2.5,16.160000000000004,1.19,2.4,0.0,2.88,2.99
692182.0,8.1,3.0,29.240000000000002,6.52,5.1,0.0,2.49,4.03
933900.0,4.8,2.0,23.799999999999997,8.03,1.08,1.89,1.71,4.29
1635944.0,2.4,1.0,17.5,4.86,2.12,3.12,0.0,4.0
818460.0,9.2,2.8,23.700000000000003,4.6,2.59,0.11,3.53,0.87
1143911.0,6.4,2.7,24.850000000000005,4.55,2.77,3.24,3.42,1.77
918103.0,7.1,2.5,24.400000000000002,7.41,2.99,0.0,2.03,2.37
1483526.0,8.0,1.5,22.46,2.19,4.02,2.18,1.6,2.97
1701020.0,-2.5,1.2,15.54,7.35,3.11,3.28,0.0,3.1
1604269.0,0.8,1.5,13.71,0.18,2.24,2.61,1.34,5.04
803836.0,4.8,2.6,14.55,0.0,0.23,2.6,3.82,0.5
299551.0,13.6,3.5,27.97,0.0,3.89,0.0,4.06,2.92
408997.0,13.0,2.9,28.450000000000003,0.0,4.1,1.14,2.3,5.01
1584302.0,3.0,1.0,19.63,4.96,1.93,2.63,4.36,1.75
360491.0,8.9,2.3,28.85,6.23,2.26,3.24,3.28,2.64
110689.0,18.0,3.8,37.379999999999995,7.56,4.08,1.01,1.93,1.0
299154.0,12.0,3.1,37.410000000000004,1.28,2.69,6.62,6.57,5.15
206782.0,8.5,2.4,25.100000000000005,8.99,0.48,1.21,0.42,3.1
1130397.0,5.3,2.4,25.35,4.51,5.63,4.47,1.87,1.17
1088462.0,6.8,2.6,24.85,6.53,1.2,3.8,0.78,3.14
307364.0,6.3,2.6,23.630000000000003,3.54,2.98,2.5,3.49,2.22
84761.0,18.0,3.6,32.11,0.62,2.63,3.66,1.7,1.9
878391.0,7.6,2.7,24.090000000000003,1.2,6.05,3.94,0.0,2.6
462631.0,11.2,3.9,34.63,5.07,4.06,3.6,4.8,2.0
1335152.0,5.6,2.6,16.2,4.23,0.0,2.02,0.48,1.27
1277679.0,5.2,2.0,18.05,3.03,1.61,2.37,1.77,2.07
483566.0,16.5,2.4,39.18,5.3,4.41,2.52,5.3,2.75
1499510.0,5.7,2.4,22.37,0.0,1.55,0.66,9.18,2.88
589369.0,10.3,2.8,28.120000000000005,2.92,5.3,0.0,3.71,3.09
228617.0,16.8,3.9,27.87,1.93,0.55,3.23,0.0,1.46
911277.0,7.5,2.8,17.42,1.15,1.22,3.38,1.27,0.1
150605.0,17.3,3.7,26.56,2.58,0.0,1.37,0.0,1.61
953917.0,6.3,2.6,33.33,5.29,7.34,5.53,4.15,2.12
373937.0,13.2,3.7,26.039999999999996,0.2,2.29,0.52,5.23,0.9
89550.0,17.0,3.5,32.32,3.28,3.64,1.17,0.08,3.65
1335883.0,3.5,2.1,20.429999999999996,4.89,1.7,1.86,2.88,3.5
1173543.0,5.3,2.4,25.38,2.62,3.84,4.63,3.84,2.75
285419.0,15.8,3.6,32.03,5.36,1.46,1.03,3.7,1.08
643675.0,11.1,2.8,29.089999999999996,1.19,3.04,4.93,2.45,3.58
971583.0,6.3,2.5,18.69,1.51,3.58,2.89,0.0,1.91
1342597.0,5.1,2.2,22.96,6.67,3.5,2.62,0.0,2.87
244356.0,16.0,3.5,40.92000000000001,6.78,3.96,4.92,2.24,3.52
1700039.0,1.5,-0.5,18.86,4.36,1.24,3.68,3.66,4.92
1653302.0,3.8,1.3,21.26,3.63,2.21,4.21,4.61,1.5
1576442.0,2.5,1.0,15.43,3.36,1.96,5.15,0.35,1.11
1700073.0,1.0,1.4,18.95,8.9,1.95,2.48,0.29,2.93
1587546.0,0.2,1.0,18.25,6.24,5.26,3.11,0.0,2.44
1456913.0,2.0,0.0,19.57,3.7,5.31,2.93,1.12,4.51
1548546.0,3.5,1.4,19.180000000000003,2.25,1.33,3.4,4.32,2.98
1542845.0,3.6,2.1,17.64,4.84,0.0,5.46,1.63,0.01
1669133.0,2.2,1.8,15.29,2.57,0.81,4.01,1.79,2.11
119975.0,15.5,3.1,32.760000000000005,0.55,0.0,3.58,6.31,3.72
282173.0,15.4,4.0,31.46,3.05,3.14,2.07,0.37,3.43
1419369.0,5.3,1.0,19.569999999999997,5.8,1.61,3.91,0.0,1.95
254844.0,13.0,4.1,40.89,8.84,4.75,1.4,4.3,4.5
1554180.0,3.6,1.1,15.989999999999998,6.55,2.43,1.19,0.0,1.12
1387922.0,4.2,2.6,19.89,1.31,2.36,3.25,4.07,2.1
649021.0,9.6,3.1,27.02,6.51,1.75,3.32,0.74,2.0
140219.0,16.4,3.8,34.599999999999994,3.54,4.39,2.47,0.7,3.3
776004.0,10.7,2.9,24.909999999999997,0.95,3.98,4.35,1.82,0.21
297934.0,15.1,3.8,32.89,3.18,5.28,0.0,1.68,3.85
1698611.0,3.2,1.2,15.48,1.11,3.93,2.53,1.13,2.38
1639517.0,2.8,1.5,15.0,4.53,0.0,2.08,0.83,3.26
1460875.0,3.4,2.2,18.08,3.39,3.03,1.56,1.69,2.81
1528423.0,1.8,0.8,14.43,7.43,0.9,0.0,1.78,1.72
1234232.0,5.0,3.5,19.66,0.0,2.39,3.31,0.42,5.04
1036664.0,9.5,5.0,27.2,3.39,1.94,2.52,2.95,1.9
1637106.0,2.3,1.1,16.57,2.64,0.37,3.65,1.36,5.15
293336.0,13.9,3.9,30.660000000000004,2.58,1.3,3.85,2.74,2.39
1590275.0,3.0,2.2,22.759999999999998,6.34,3.89,4.07,1.68,1.58
1666720.0,3.3,1.3,16.98,2.68,0.96,1.62,3.99,3.13
1554496.0,0.9,1.0,12.91,0.96,2.31,1.23,2.87,3.64
524131.0,11.3,2.9,26.63,5.03,0.79,3.54,0.0,3.07
1454263.0,4.5,-0.6,12.01,0.38,3.67,1.9,0.0,2.16
90950.0,16.7,3.8,38.64,3.62,6.34,5.11,1.23,1.84
123712.0,17.2,3.2,37.38,4.49,5.77,1.73,0.43,4.56
1117919.0,5.0,2.4,23.400000000000002,2.56,3.05,4.32,3.53,2.54
187368.0,16.9,2.4,31.779999999999998,0.14,1.41,6.14,1.59,3.2
719681.0,8.1,2.8,32.300000000000004,5.61,1.76,7.66,3.67,2.7
1321423.0,6.2,0.5,25.17,2.43,4.89,3.08,4.49,3.58
1703603.0,4.5,1.6,15.62,1.11,1.37,2.15,1.38,3.51
1546543.0,4.1,2.0,20.450000000000003,2.94,6.57,2.17,0.0,2.67
806816.0,6.9,3.3,24.3,4.35,3.56,1.43,2.05,2.71
674866.0,6.8,3.0,23.48,2.94,4.14,3.44,0.59,2.57
1560821.0,0.2,2.2,20.57,8.1,2.42,0.52,3.92,3.21
854945.0,8.5,5.0,24.63,4.7,0.0,4.02,0.0,2.41
1354610.0,2.5,2.2,14.31,3.83,0.0,4.74,0.95,0.09
124752.0,17.8,3.7,38.900000000000006,5.8,4.54,1.65,0.82,4.59
116611.0,15.4,4.5,36.489999999999995,5.23,5.12,3.51,0.0,2.73
583347.0,9.3,3.5,30.42,4.93,3.51,7.14,0.0,2.04
468581.0,12.6,4.4,22.62,0.0,0.23,1.12,0.0,4.27
390271.0,12.4,3.2,26.77,3.4,0.46,1.61,0.32,5.38
1221546.0,4.0,4.8,29.73,5.14,3.53,5.54,3.16,3.56
800599.0,6.0,2.6,20.040000000000003,0.0,1.42,3.74,4.16,2.12
289828.0,12.4,2.6,27.409999999999997,3.86,0.18,5.13,1.29,1.95
670964.0,8.4,3.3,21.74,0.55,2.63,0.53,2.68,3.65
240073.0,16.4,2.7,35.99999999999999,4.91,3.38,4.42,1.79,2.4
1354486.0,6.8,3.5,28.31,4.29,3.4,2.99,2.53,4.8
1511960.0,2.2,0.0,15.67,4.69,2.42,1.65,2.95,1.76
101299.0,17.0,3.5,30.770000000000003,0.0,2.44,2.33,1.16,4.34
861899.0,4.1,3.9,20.24,2.38,0.47,2.6,2.24,4.55
1293991.0,3.9,2.4,20.42,4.24,2.23,1.14,2.1,4.41
110242.0,13.9,3.5,26.779999999999998,1.24,0.52,3.21,1.64,2.77
389357.0,5.4,2.0,32.36,4.66,6.22,3.22,6.84,4.02
1611008.0,-0.1,1.1,20.92,5.63,5.13,2.24,1.39,5.53
1640538.0,2.6,1.2,17.82,2.8,0.37,3.17,4.35,3.33
1493821.0,2.6,2.1,23.72,4.8,0.67,4.1,4.88,4.57
1440420.0,1.4,1.4,12.88,1.43,1.35,2.3,2.94,2.06
1411252.0,2.7,1.6,19.800000000000004,7.37,2.1,2.86,3.17,0.0
968465.0,8.6,1.6,19.05,3.52,2.87,0.12,1.71,0.63
265153.0,14.4,4.0,26.81,4.12,0.0,2.52,0.28,1.49
110987.0,18.2,3.8,30.19,1.01,2.05,2.25,0.0,2.88
397202.0,12.8,3.1,26.53,1.52,2.18,4.4,0.0,2.53
200587.0,13.6,3.2,31.72,0.88,0.14,4.06,5.58,4.26
1311555.0,2.2,2.2,13.76,2.74,1.74,0.33,3.54,1.01
123582.0,17.1,3.5,34.970000000000006,3.43,0.35,3.53,3.67,3.39
1674065.0,2.8,0.8,16.099999999999998,6.5,0.65,1.26,2.94,1.15
1687021.0,0.0,-0.2,13.3,0.68,5.59,0.0,3.32,3.91
1695017.0,3.3,1.6,14.79,3.08,0.0,3.18,1.36,2.27
1570989.0,3.0,1.0,21.86,4.45,0.0,5.87,1.67,5.87
626862.0,9.7,3.0,26.31,0.0,4.34,2.13,3.36,3.78
1211640.0,5.8,2.3,19.700000000000003,3.66,2.68,2.34,0.0,2.92
259973.0,16.1,3.6,37.75,9.75,2.43,0.0,3.44,2.43
1059311.0,7.4,2.7,25.390000000000004,2.5,3.37,3.94,1.1,4.38
424797.0,13.0,3.3,34.16,1.86,3.99,3.39,6.14,2.48
1312566.0,5.1,2.3,15.83,3.03,1.8,1.19,0.0,2.41
1484123.0,4.7,1.5,27.279999999999998,7.49,3.25,7.88,1.15,1.31
261984.0,16.4,3.5,33.15,3.53,1.49,5.64,0.0,2.59
168048.0,16.5,3.4,30.269999999999996,0.0,4.88,1.45,0.0,4.04
203886.0,17.2,3.9,36.94,5.3,6.78,3.76,0.0,0.0
231720.0,16.0,3.4,30.57,5.74,0.32,2.3,1.73,1.08
1392456.0,4.9,2.0,20.3,3.88,1.34,4.98,0.32,2.88
554803.0,10.9,3.6,27.810000000000002,1.92,2.84,3.4,1.66,3.49
114432.0,17.3,3.5,37.31,3.48,2.29,5.03,3.2,2.51
73821.0,17.0,3.9,35.24999999999999,3.37,2.65,4.71,0.82,2.8
122814.0,13.7,4.2,36.089999999999996,4.58,2.78,2.85,4.79,3.19
270601.0,18.0,4.0,35.41,5.34,2.88,3.97,0.0,1.22
1701046.0,-1.8,2.2,11.51,0.0,0.4,3.88,0.92,5.91
1677876.0,4.8,2.3,19.96,0.54,4.43,2.41,3.56,1.92
1621057.0,2.0,2.2,15.55,3.85,1.83,2.4,0.0,3.27
1418524.0,2.1,2.1,13.769999999999998,4.07,2.02,2.01,0.62,0.85
1228681.0,6.5,2.5,20.310000000000002,2.87,2.57,2.95,0.0,2.92
1369943.0,3.4,0.9,17.950000000000003,4.95,0.0,2.4,1.63,4.67
253749.0,20.8,2.5,34.24,3.59,0.0,3.38,3.97,0.0
1560429.0,1.5,3.5,13.569999999999999,0.71,3.01,0.0,2.5,2.35
124197.0,12.4,2.8,29.23,2.29,2.58,3.16,0.0,6.0
278374.0,15.5,3.5,33.33,6.38,6.14,0.0,0.0,1.81
1387164.0,5.4,3.3,23.58,5.12,4.56,3.66,0.0,1.54
1420462.0,1.0,1.8,13.28,2.05,1.5,3.44,0.0,3.49
1510131.0,3.0,2.8,31.549999999999997,9.53,7.15,2.27,3.79,3.01
123295.0,17.5,2.9,34.339999999999996,2.37,4.86,3.82,2.89,0.0
124292.0,17.9,3.9,39.379999999999995,4.61,1.81,5.77,2.13,3.26
295179.0,16.3,2.7,30.98,2.03,3.56,1.32,1.28,3.79
1569453.0,3.0,1.8,15.88,1.73,1.22,3.59,1.98,2.56
1323865.0,3.9,1.9,20.6,8.18,2.31,0.0,2.69,1.62
1405483.0,2.2,0.6,19.48,3.25,4.35,4.54,1.25,3.29
1488169.0,5.0,1.0,15.1,4.71,0.0,1.54,1.45,1.4
1525510.0,2.6,1.5,17.6,2.01,3.4,2.82,2.54,2.73
1487933.0,2.8,-0.2,17.78,4.3,2.06,5.72,2.24,0.86
124190.0,17.4,3.7,40.21999999999999,5.03,3.17,4.0,4.8,2.12
1370244.0,4.2,1.0,16.33,3.55,1.91,0.98,0.52,4.17
1609201.0,3.5,0.2,25.119999999999997,10.0,1.15,4.98,2.98,2.31
294019.0,15.1,3.5,36.97,4.34,0.97,4.84,3.09,5.13
1649714.0,3.4,1.6,12.479999999999999,1.43,1.02,1.54,0.77,2.72
1207686.0,2.8,1.2,23.12,2.08,4.06,3.01,4.78,5.19
1373511.0,4.8,3.5,15.879999999999999,0.0,3.44,2.51,0.69,0.94
1598476.0,4.0,2.3,25.979999999999997,4.62,7.38,3.61,1.65,2.42
737330.0,7.8,2.7,23.590000000000003,2.93,3.24,3.67,0.94,2.31
758246.0,7.2,2.6,26.250000000000004,4.3,4.42,2.56,2.44,2.73
486774.0,11.8,3.6,29.35,4.07,2.51,1.35,2.03,3.99
1700108.0,4.7,1.8,22.770000000000003,6.47,2.28,1.25,3.03,3.24
934683.0,6.3,4.0,22.419999999999998,6.67,1.17,2.9,0.0,1.38
123368.0,17.4,3.6,39.18,4.4,5.31,4.55,3.92,0.0
79133.0,17.1,4.6,35.150000000000006,2.64,4.26,2.87,0.0,3.68
1214393.0,4.9,2.4,21.939999999999998,5.17,3.11,4.03,0.0,2.33
660719.0,9.8,4.1,26.58,0.0,4.5,2.18,0.0,6.0
299268.0,16.1,3.1,28.62,0.0,1.16,5.42,0.0,2.84
1533605.0,2.5,1.7,19.98,3.92,3.47,4.18,0.76,3.45
651733.0,10.2,5.0,31.720000000000002,6.9,5.71,2.31,0.16,1.44
1186585.0,5.3,2.2,18.869999999999997,3.26,1.64,2.46,1.15,2.86
56657.0,16.3,3.7,35.150000000000006,3.73,4.28,1.93,2.61,2.6
