basari_sirasi,ayt_matematik,ayt_kimya,ayt_biyoloji,ayt_fizik,toplam_net
31.0,39.9,12.8,13.0,14.0,79.7
30.0,40.0,13.0,12.8,14.0,79.8
70.0,40.0,13.0,12.8,13.6,79.39999999999999
24.0,40.0,13.0,13.0,13.6,79.6
43.0,40.0,13.0,13.0,13.8,79.8
75.0,40.0,13.0,12.8,13.6,79.39999999999999
254.0,38.8,13.0,12.4,14.0,78.2
69.0,40.0,13.0,13.0,14.0,80.0
430.0,40.0,13.0,12.6,13.6,79.19999999999999
203.0,39.3,12.8,12.2,13.8,78.1
71.0,40.0,13.0,13.0,13.5,79.5
357.0,39.8,12.7,12.9,13.3,78.7
122.0,39.5,12.6,12.6,14.0,78.7
98.0,39.9,13.0,12.7,13.9,79.5
156.0,39.7,12.9,12.9,13.7,79.2
286.0,39.4,12.8,12.5,13.8,78.5
242.0,39.9,12.8,12.5,13.8,79.0
350.0,39.9,12.8,12.8,13.6,79.1
363.0,39.8,12.5,12.7,13.8,78.8
250.0,39.8,12.9,12.2,13.8,78.69999999999999
1292.0,39.8,12.6,12.6,13.1,78.1
386.0,39.1,12.5,12.5,13.9,78.0
297.0,39.6,12.9,12.6,13.8,78.89999999999999
383.0,39.9,12.6,12.6,13.4,78.5
1234.0,37.9,12.2,13.0,13.6,76.69999999999999
316.0,40.0,13.0,12.4,13.7,79.10000000000001
660.0,40.0,12.6,12.6,13.6,78.8
532.0,38.8,12.4,12.6,13.6,77.39999999999999
374.0,40.0,13.0,12.1,13.4,78.5
523.0,39.8,12.8,12.6,13.4,78.6
452.0,39.3,12.6,12.6,13.8,78.3
480.0,39.7,12.9,12.5,13.8,78.89999999999999
811.0,39.8,12.6,12.7,13.3,78.39999999999999
758.0,39.0,12.8,12.2,13.7,77.7
495.0,39.5,13.0,12.4,13.8,78.7
693.0,39.5,12.9,12.7,13.3,78.39999999999999
945.0,38.7,12.4,12.5,13.6,77.2
716.0,39.5,12.9,12.4,13.7,78.5
878.0,39.8,12.6,12.6,13.1,78.1
1008.0,38.7,12.5,12.5,13.6,77.3
775.0,39.7,12.9,12.5,13.7,78.8
315.0,39.9,12.8,12.8,13.6,79.1
1419.0,38.0,13.0,13.0,13.2,77.2
796.0,39.7,13.0,12.7,13.4,78.80000000000001
571.0,39.8,13.0,13.0,13.8,79.6
1311.0,38.2,12.6,12.5,13.6,76.9
884.0,39.5,12.9,12.4,13.7,78.5
716.0,39.9,12.6,12.7,13.4,78.60000000000001
3064.0,37.5,11.6,11.9,13.9,74.9
948.0,39.5,13.0,12.3,14.0,78.8
1450.0,40.0,12.2,12.2,13.6,78.0
1242.0,38.3,12.3,12.4,13.6,76.6
1089.0,39.4,12.9,12.3,13.6,78.19999999999999
1482.0,39.7,12.5,12.5,12.9,77.60000000000001
1348.0,38.3,12.3,12.4,13.6,76.6
1147.0,39.4,12.9,12.2,13.7,78.2
1179.0,39.7,12.5,12.5,13.2,77.9
1391.0,37.8,12.3,12.2,13.7,76.0
1151.0,39.6,12.9,12.4,13.3,78.2
1658.0,39.7,12.3,12.2,12.7,76.9
2140.0,36.3,12.6,12.6,12.8,74.3
1259.0,39.1,12.7,12.7,13.4,77.9
2098.0,39.2,12.2,12.5,12.8,76.7
1288.0,38.4,12.4,12.4,13.6,76.8
1436.0,39.4,12.7,12.0,13.6,77.69999999999999
1054.0,39.8,12.5,12.5,13.0,77.8
1804.0,37.1,11.8,12.1,13.6,74.60000000000001
1511.0,39.2,13.0,11.9,13.9,78.00000000000001
1578.0,39.7,12.4,12.6,12.4,77.10000000000001
1734.0,36.7,12.1,12.5,13.5,74.80000000000001
1534.0,39.4,12.7,12.3,13.0,77.39999999999999
1326.0,39.4,12.4,12.8,12.4,77.0
2519.0,38.0,12.2,12.2,13.5,75.9
1632.0,39.3,12.8,12.3,13.3,77.69999999999999
2457.0,39.3,12.3,12.8,13.5,77.89999999999999
1676.0,37.6,12.3,12.1,13.4,75.4
1660.0,39.2,12.8,12.1,13.6,77.69999999999999
2192.0,39.6,12.4,12.4,12.5,76.9
1763.0,37.6,12.3,12.2,13.5,75.60000000000001
1665.0,39.1,12.6,12.1,13.8,77.60000000000001
1686.0,39.5,12.2,12.4,13.1,77.2
1858.0,37.6,12.0,12.1,13.6,75.3
1669.0,39.2,12.8,12.1,13.5,77.6
1143.0,39.9,12.6,12.5,13.1,78.1
1935.0,37.2,12.2,12.3,13.5,75.2
1754.0,39.0,12.7,12.0,13.5,77.2
2290.0,39.6,12.2,12.4,12.4,76.60000000000001
2053.0,37.5,12.2,12.1,13.5,75.30000000000001
1784.0,39.0,12.8,12.1,13.6,77.5
1448.0,39.7,12.4,12.6,12.6,77.3
2474.0,36.9,11.8,12.0,13.0,73.7
1839.0,39.0,12.4,12.2,13.9,77.5
2291.0,39.0,11.4,12.2,13.1,75.69999999999999
1603.0,38.1,12.1,12.1,13.5,75.80000000000001
1913.0,39.1,12.7,11.8,13.6,77.19999999999999
2094.0,39.6,12.2,12.2,12.8,76.8
3113.0,36.7,11.6,12.5,13.8,74.60000000000001
1999.0,39.5,12.7,12.1,13.5,77.8
2215.0,39.7,12.1,12.5,12.7,77.00000000000001
2544.0,36.8,11.4,12.1,13.1,73.39999999999999
2218.0,39.8,12.3,12.0,13.0,77.1
3406.0,39.6,12.4,12.6,11.9,76.5
2392.0,37.1,11.9,12.2,13.6,74.8
2364.0,39.0,12.7,11.5,13.5,76.7
1879.0,39.6,12.5,12.1,12.6,76.8
2826.0,36.0,11.9,12.2,13.3,73.39999999999999
2449.0,38.8,12.6,11.9,13.4,76.7
3042.0,39.4,12.0,11.9,12.2,75.5
2408.0,37.1,11.8,12.1,13.5,74.5
2551.0,38.8,12.5,11.5,13.5,76.3
3346.0,39.3,12.1,12.1,12.5,76.0
2086.0,37.2,11.9,12.5,13.6,75.2
2562.0,38.8,12.8,11.7,13.5,76.8
2813.0,39.7,12.0,12.3,12.3,76.3
2388.0,37.2,11.9,12.2,13.5,74.8
2601.0,39.0,12.5,11.7,13.6,76.8
2580.0,39.4,12.1,12.2,12.7,76.4
4099.0,35.7,11.6,12.3,13.3,72.9
2823.0,39.0,12.4,11.8,13.2,76.4
2358.0,39.9,12.2,11.6,12.9,76.6
3356.0,36.3,11.7,11.8,13.2,73.0
2888.0,38.6,12.6,11.5,13.5,76.2
3437.0,39.7,12.1,12.2,12.3,76.3
4035.0,35.4,12.4,12.7,13.7,74.2
2919.0,38.3,13.0,11.1,14.0,76.4
4806.0,39.5,11.5,11.3,12.5,74.8
2774.0,37.4,11.5,12.2,13.5,74.6
3105.0,38.8,12.7,12.1,13.2,76.8
2110.0,39.8,12.0,12.5,12.7,77.0
2681.0,35.4,11.8,12.5,13.5,73.2
3110.0,38.7,12.3,11.5,13.5,76.0
2651.0,39.8,11.9,12.1,12.3,76.1
3063.0,36.7,11.8,12.0,13.3,73.8
3163.0,38.7,12.5,11.7,13.5,76.4
3283.0,39.5,12.3,11.8,12.5,76.1
3294.0,36.5,11.9,12.2,13.4,74.0
3212.0,38.8,12.6,11.7,13.4,76.5
2559.0,39.7,12.3,12.4,12.6,77.0
3787.0,36.2,11.4,11.8,13.2,72.60000000000001
3272.0,38.5,12.5,11.9,13.5,76.4
5018.0,39.4,11.5,12.1,12.1,75.1
4886.0,36.4,11.7,11.4,12.9,72.39999999999999
3346.0,38.3,12.7,11.6,13.1,75.7
3131.0,39.8,11.8,12.0,12.4,76.0
2792.0,36.4,12.1,12.1,13.4,74.0
3366.0,38.6,12.4,11.7,13.5,76.2
5000.0,39.3,11.9,11.9,12.3,75.39999999999999
4377.0,35.9,11.5,11.9,13.4,72.7
3388.0,38.7,12.5,11.6,13.5,76.30000000000001
3576.0,39.6,11.9,11.9,12.2,75.6
3689.0,35.8,11.8,12.1,13.4,73.1
3429.0,38.6,12.7,11.8,13.5,76.6
2712.0,39.5,12.1,12.2,12.5,76.3
3577.0,35.7,11.8,12.0,13.3,72.8
3533.0,38.4,12.6,11.7,13.4,76.10000000000001
4353.0,39.2,12.0,12.0,12.1,75.3
3771.0,36.0,11.8,12.0,13.3,73.1
3584.0,38.7,12.6,11.5,13.5,76.30000000000001
2695.0,39.5,12.2,12.1,12.7,76.5
2963.0,37.0,12.2,12.1,13.4,74.7
3611.0,38.6,12.7,11.8,13.4,76.5
4973.0,39.4,11.8,12.0,12.0,75.2
5946.0,35.3,11.4,11.8,12.9,71.4
3677.0,38.8,12.5,11.5,13.3,76.1
2851.0,39.4,12.3,12.2,12.2,76.10000000000001
4122.0,36.5,12.1,11.5,13.5,73.6
3702.0,38.5,12.6,11.3,13.5,75.9
8101.0,38.8,11.5,11.2,11.3,72.8
6579.0,35.1,10.0,11.8,12.6,69.5
3752.0,38.4,12.7,11.1,13.1,75.3
4861.0,39.4,12.4,12.1,12.1,76.0
3035.0,38.0,12.1,12.0,13.3,75.4
3863.0,38.5,12.8,12.0,13.3,76.6
2449.0,39.7,11.8,12.3,13.1,76.89999999999999
6205.0,35.2,11.2,11.5,13.2,71.10000000000001
3937.0,37.6,12.5,11.5,13.4,75.0
3646.0,39.7,11.8,11.8,11.9,75.2
3658.0,35.7,12.0,12.1,13.3,73.10000000000001
4061.0,38.4,12.5,11.5,13.3,75.7
4670.0,39.3,11.9,11.8,12.2,75.2
4344.0,35.0,11.7,12.0,13.1,71.8
4111.0,38.3,12.7,11.3,13.2,75.5
5178.0,39.0,11.9,12.1,12.0,75.0
6066.0,34.4,11.2,11.8,13.1,70.49999999999999
4574.0,38.1,12.5,11.5,13.0,75.1
5735.0,39.4,11.8,11.8,11.9,74.9
34638.0,22.0,11.8,11.8,10.2,55.8
4643.0,40.0,13.0,11.8,12.8,77.6
7471.0,38.8,11.8,11.8,11.5,73.89999999999999
2508.0,36.6,11.8,11.8,13.4,73.60000000000001
4679.0,38.4,12.4,11.8,13.4,76.0
6305.0,38.8,11.0,10.6,12.9,73.3
2887.0,37.9,12.2,12.4,13.4,75.89999999999999
4781.0,38.9,12.6,12.1,13.4,77.0
3455.0,39.4,12.4,12.4,12.7,76.9
3659.0,35.9,11.7,12.2,13.3,73.1
4832.0,38.1,12.5,11.4,13.3,75.3
6321.0,39.2,11.7,11.7,12.0,74.60000000000001
9295.0,33.0,10.9,11.5,12.8,68.2
4867.0,38.0,12.5,11.7,13.3,75.5
3591.0,39.4,12.6,11.9,12.8,76.7
4840.0,35.2,11.6,11.9,12.9,71.60000000000001
4973.0,38.3,12.3,11.1,13.3,75.0
6503.0,39.3,11.5,11.4,11.9,74.1
5725.0,34.9,11.4,11.8,13.1,71.19999999999999
5039.0,38.4,12.3,11.5,13.4,75.60000000000001
5056.0,39.3,11.9,11.9,12.2,75.3
5145.0,34.9,11.5,12.0,13.1,71.5
5090.0,38.1,12.4,11.4,13.3,75.2
4030.0,39.3,12.0,12.0,12.2,75.5
9296.0,32.8,11.8,11.8,13.1,69.49999999999999
6228.0,35.0,10.6,12.2,13.6,71.39999999999999
4978.0,38.3,12.5,11.9,13.6,76.3
4691.0,39.2,11.2,12.2,11.9,74.50000000000001
5290.0,35.2,11.6,12.0,13.2,72.0
5303.0,38.0,12.4,11.4,13.3,75.1
5159.0,39.2,11.9,11.9,12.1,75.1
7296.0,34.4,10.9,11.5,12.7,69.5
5437.0,37.6,12.6,11.4,12.9,74.5
6233.0,38.9,12.1,11.5,11.5,74.0
8262.0,34.0,11.1,11.6,13.0,69.7
5478.0,38.1,12.4,11.4,13.3,75.2
6131.0,39.1,11.9,11.8,12.3,75.1
4775.0,35.2,10.8,11.8,13.4,71.2
5199.0,34.7,11.5,11.9,12.9,71.0
5568.0,37.9,12.4,11.2,13.2,74.7
5949.0,39.1,11.7,11.7,11.8,74.3
4686.0,35.0,11.6,11.9,13.2,71.7
5741.0,38.2,12.1,11.3,13.3,74.9
7820.0,38.9,11.7,11.6,11.6,73.8
14749.0,32.8,11.1,11.9,13.2,69.0
5927.0,37.3,12.6,11.6,13.3,74.8
7153.0,39.4,11.5,11.3,10.9,73.10000000000001
4270.0,35.8,11.8,12.0,13.5,73.1
6062.0,37.8,12.5,11.3,13.1,74.69999999999999
7501.0,39.3,11.6,11.9,12.0,74.8
6399.0,34.2,11.5,11.8,13.1,70.6
6071.0,38.0,12.3,11.4,13.1,74.8
6490.0,39.2,11.7,11.7,12.0,74.60000000000001
9175.0,34.0,11.1,11.1,13.0,69.2
6158.0,37.5,12.2,11.8,13.1,74.6
6275.0,39.4,11.4,12.2,11.8,74.8
5109.0,34.6,11.3,12.1,13.0,71.0
5787.0,33.9,11.2,11.8,12.8,69.69999999999999
6258.0,37.6,12.1,11.3,13.1,74.1
6428.0,39.1,11.6,11.6,11.6,73.9
6639.0,33.5,11.3,11.8,12.9,69.5
6420.0,37.8,12.2,11.0,13.3,74.3
5476.0,39.1,11.7,12.0,11.8,74.6
6128.0,33.8,10.7,11.8,12.8,69.1
6493.0,36.4,12.0,11.8,13.6,73.8
6667.0,38.6,12.1,11.9,11.8,74.4
5947.0,34.8,11.3,11.5,12.9,70.5
6498.0,37.9,12.3,11.0,13.0,74.2
9285.0,38.7,11.5,11.3,11.5,73.0
6545.0,34.2,11.3,11.7,13.0,70.2
6524.0,38.2,12.6,11.3,12.4,74.50000000000001
5026.0,39.2,11.6,11.5,11.9,74.2
5793.0,36.0,11.3,11.6,13.3,72.2
6542.0,38.3,11.8,11.2,13.7,75.0
5121.0,38.9,12.3,11.9,12.6,75.7
6727.0,33.2,11.2,11.3,12.5,68.2
6560.0,36.9,12.4,11.1,13.4,73.8
5521.0,38.9,11.9,11.6,11.8,74.2
4910.0,35.8,11.8,11.4,13.3,72.3
6666.0,38.1,12.4,11.0,13.0,74.5
10646.0,39.2,11.3,11.0,11.3,72.8
73278.0,21.0,7.2,9.8,10.2,48.2
6806.0,37.6,12.2,11.3,13.1,74.19999999999999
12716.0,38.0,11.5,10.1,11.9,71.5
6650.0,34.8,12.2,12.2,12.3,71.5
6809.0,37.7,11.8,9.7,13.2,72.4
7769.0,39.3,11.3,11.8,11.6,73.99999999999999
12531.0,32.9,10.5,11.5,13.0,67.9
6811.0,38.6,12.1,10.8,13.1,74.6
6310.0,34.4,11.5,11.7,13.1,70.69999999999999
6838.0,38.0,12.3,11.0,13.2,74.5
8078.0,39.0,11.6,11.5,11.8,73.9
14245.0,33.1,10.4,10.9,12.6,67.0
6884.0,38.5,11.9,10.7,13.2,74.3
5678.0,39.2,11.8,11.4,11.6,74.0
7583.0,34.5,11.1,11.7,12.9,70.2
6885.0,37.8,12.1,11.1,13.3,74.3
7269.0,38.9,11.6,11.8,11.7,74.0
20538.0,31.6,10.9,11.2,12.4,66.10000000000001
6897.0,37.8,12.2,10.5,13.4,73.9
8482.0,38.6,11.3,11.5,11.5,72.9
7320.0,33.4,11.1,11.8,12.8,69.1
7276.0,37.5,12.2,11.1,13.3,74.10000000000001
7173.0,38.9,11.8,11.7,11.6,74.0
10901.0,32.7,10.7,11.4,12.7,67.5
7387.0,37.5,12.3,11.1,13.2,74.1
7006.0,39.1,11.5,11.7,12.0,74.3
11721.0,34.4,9.6,10.8,12.6,67.39999999999999
7512.0,37.5,12.5,11.0,13.5,74.5
6489.0,38.8,11.9,11.1,11.1,72.89999999999999
6762.0,34.5,11.2,11.6,12.8,70.10000000000001
7662.0,37.2,11.9,11.1,13.2,73.4
10180.0,38.6,11.5,11.1,11.3,72.5
14670.0,30.5,8.8,9.5,14.0,62.8
7746.0,38.8,11.8,10.5,12.3,73.39999999999999
11801.0,38.3,11.8,10.9,11.1,72.1
8734.0,32.9,11.3,11.8,13.6,69.6
7853.0,36.3,11.8,11.6,12.5,72.19999999999999
11153.0,38.1,10.4,12.6,10.9,72.0
7571.0,33.2,11.2,11.6,12.8,68.80000000000001
8012.0,37.6,12.1,10.8,13.1,73.6
8780.0,38.9,11.5,11.5,11.4,73.3
9162.0,33.1,10.8,11.5,12.8,68.2
8111.0,37.5,12.3,11.0,13.0,73.8
11027.0,38.6,11.1,11.1,11.4,72.2
13450.0,32.8,11.0,11.5,12.7,68.0
8126.0,37.9,12.4,11.4,13.1,74.8
6177.0,39.4,11.9,11.5,12.0,74.8
9025.0,34.0,11.1,11.7,12.7,69.5
8302.0,38.1,12.2,11.0,12.9,74.2
7549.0,39.4,11.8,11.6,11.7,74.5
10795.0,33.3,11.0,11.4,12.9,68.6
8381.0,37.7,12.1,11.1,13.1,74.0
9617.0,38.8,11.4,11.5,11.8,73.5
8071.0,33.0,11.0,11.8,12.5,68.3
8437.0,37.7,12.2,11.0,13.1,74.0
8079.0,38.9,11.5,11.6,11.7,73.7
8580.0,33.4,10.9,11.7,12.8,68.8
8458.0,37.5,12.2,11.0,13.0,73.7
8295.0,39.0,11.6,11.6,11.7,73.9
7769.0,34.0,11.7,11.6,13.1,70.4
8495.0,37.1,12.0,11.2,13.3,73.6
10223.0,38.5,11.3,10.8,11.6,72.19999999999999
8917.0,33.8,9.7,11.4,12.6,67.5
8517.0,37.1,12.2,11.0,13.5,73.8
7876.0,39.2,11.9,11.5,11.5,74.1
7572.0,33.8,11.8,12.4,13.1,71.1
8541.0,37.2,13.0,10.5,13.4,74.10000000000001
23134.0,27.2,9.1,11.4,13.2,60.89999999999999
8578.0,36.3,11.1,12.4,14.0,73.8
13319.0,38.8,11.8,10.5,11.6,72.69999999999999
7310.0,34.0,11.3,11.7,13.0,70.0
8660.0,37.2,12.2,11.1,13.1,73.60000000000001
13604.0,38.5,11.3,10.9,11.3,72.0
9937.0,31.7,9.8,12.2,12.3,66.0
8948.0,38.3,12.2,10.1,12.3,72.9
10462.0,38.8,11.6,10.9,11.2,72.5
11700.0,32.5,10.6,11.4,12.7,67.2
8974.0,37.1,12.1,10.7,13.1,73.0
10677.0,38.9,11.3,10.9,11.6,72.7
8201.0,33.0,11.1,11.7,12.7,68.5
9220.0,37.0,11.8,11.1,13.0,72.9
10291.0,38.6,11.2,11.4,11.5,72.69999999999999
9627.0,32.5,10.9,11.6,12.7,67.7
9449.0,37.0,12.0,10.9,13.2,73.1
9880.0,38.8,11.4,11.5,11.3,73.0
12336.0,34.0,10.3,10.8,11.8,66.89999999999999
9460.0,37.8,12.3,10.3,12.8,73.19999999999999
7725.0,39.2,11.0,11.4,12.0,73.6
8566.0,33.5,10.1,11.3,12.0,66.9
9476.0,37.5,12.5,10.2,13.0,73.2
10845.0,38.1,10.9,11.9,11.1,72.0
18769.0,30.1,10.7,10.8,12.9,64.5
9573.0,37.0,12.1,10.9,13.1,73.1
11482.0,38.6,11.2,11.4,11.2,72.39999999999999
13973.0,31.8,10.5,11.2,12.6,66.1
9764.0,37.4,11.9,10.7,13.1,73.1
9926.0,38.8,11.3,11.4,11.7,73.19999999999999
16190.0,31.5,10.1,11.2,11.8,64.6
9765.0,37.5,12.4,10.9,13.2,74.0
9748.0,39.2,11.1,10.5,12.0,72.80000000000001
9745.0,30.7,11.3,11.8,12.7,66.5
9808.0,37.1,12.2,11.0,13.1,73.39999999999999
10306.0,38.5,11.1,11.5,11.3,72.4
7430.0,34.0,11.3,11.7,13.1,70.1
9886.0,37.3,12.1,10.8,13.1,73.3
13032.0,38.6,11.2,11.0,11.3,72.1
12286.0,32.7,10.7,11.7,12.6,67.7
10158.0,37.0,11.7,11.3,13.2,73.2
9476.0,38.7,11.6,11.5,11.6,73.4
9716.0,31.9,11.1,11.6,12.5,67.1
10277.0,36.4,11.8,10.6,13.1,71.9
10993.0,38.4,11.4,11.1,11.3,72.2
10165.0,32.6,10.7,11.6,12.7,67.6
10339.0,37.0,12.0,10.8,12.9,72.7
10541.0,38.7,11.5,11.5,11.3,73.0
7721.0,33.2,11.0,11.8,13.0,69.0
10348.0,37.1,12.0,10.8,13.1,73.0
15860.0,38.2,11.0,10.5,11.2,70.9
13485.0,32.2,10.5,11.2,12.8,66.7
10400.0,37.0,12.0,11.1,12.8,72.9
11746.0,39.0,11.1,11.0,11.3,72.4
9287.0,31.4,10.8,11.8,12.9,66.9
10427.0,36.8,11.8,10.5,12.6,71.69999999999999
12455.0,38.9,11.4,11.8,10.6,72.69999999999999
10484.0,32.4,10.1,11.6,12.9,67.0
10429.0,37.4,12.1,9.9,12.3,71.7
10002.0,38.6,11.6,11.5,10.6,72.3
8956.0,32.4,10.9,11.8,12.8,67.89999999999999
10594.0,36.7,12.2,10.8,13.2,72.9
16496.0,38.6,10.1,10.8,10.8,70.3
13746.0,30.8,11.3,11.8,12.6,66.5
10699.0,36.3,12.4,10.7,12.7,72.1
6659.0,38.6,11.8,12.5,11.3,74.2
18246.0,30.5,9.4,10.4,12.6,62.9
10798.0,37.0,12.4,10.2,13.5,73.1
11357.0,38.7,11.4,11.3,10.9,72.30000000000001
10779.0,31.8,10.6,11.5,13.1,67.0
10897.0,37.3,12.7,11.0,12.9,73.9
12958.0,39.1,10.6,10.1,12.1,71.9
19139.0,30.7,9.9,10.8,12.7,64.10000000000001
10935.0,37.2,12.4,10.3,12.6,72.5
8619.0,39.4,10.5,11.9,11.7,73.5
10612.0,32.6,10.9,11.6,12.7,67.8
10995.0,36.9,11.9,10.7,13.0,72.5
10763.0,38.9,11.6,11.5,11.4,73.4
11535.0,32.3,10.7,11.5,12.6,67.1
11149.0,36.8,12.0,10.8,12.9,72.5
11774.0,38.8,11.3,11.2,11.4,72.7
13564.0,32.2,10.8,11.4,12.6,67.0
11378.0,36.3,11.9,11.0,12.7,71.89999999999999
15189.0,38.2,10.9,11.0,10.8,70.9
10386.0,32.4,10.2,10.7,13.2,66.5
11455.0,36.6,11.8,10.5,13.4,72.30000000000001
12814.0,39.3,10.3,11.1,10.6,71.3
11733.0,32.4,10.9,11.2,12.6,67.1
11527.0,36.9,11.8,10.5,12.9,72.10000000000001
15537.0,38.2,10.8,10.9,10.9,70.8
24963.0,28.2,10.4,11.1,12.1,61.8
11598.0,36.8,11.9,10.7,13.3,72.69999999999999
8205.0,39.2,11.2,11.2,12.0,73.60000000000001
25986.0,27.7,9.7,10.7,11.8,59.89999999999999
11610.0,36.7,11.6,11.0,13.1,72.4
12308.0,39.1,10.9,11.0,11.4,72.4
17383.0,30.9,10.3,10.8,12.6,64.6
11627.0,37.3,11.8,10.6,13.1,72.8
13889.0,38.3,11.1,11.1,11.5,72.0
11324.0,32.4,11.3,11.0,12.6,67.3
11720.0,35.7,11.8,11.3,12.9,71.7
11823.0,38.1,10.9,11.4,11.1,71.5
10321.0,31.8,11.0,11.9,12.7,67.39999999999999
11853.0,36.4,11.8,10.6,13.0,71.80000000000001
12103.0,38.6,11.1,11.3,11.4,72.4
11277.0,32.1,10.7,11.4,12.8,67.0
11876.0,36.8,12.0,10.7,12.9,72.4
10788.0,38.7,11.5,11.6,11.4,73.2
9589.0,33.4,11.1,11.4,12.9,68.8
11881.0,37.3,11.7,10.6,13.0,72.6
19614.0,38.4,10.8,10.2,10.6,70.0
15094.0,30.7,10.4,11.3,12.5,64.9
11920.0,36.6,11.8,10.9,13.1,72.4
13437.0,38.7,11.2,10.9,11.0,71.80000000000001
9610.0,32.8,11.1,11.8,12.6,68.3
11921.0,36.3,11.9,10.9,12.9,72.0
18184.0,38.0,11.1,10.5,10.5,70.1
12201.0,32.6,10.7,11.6,12.9,67.8
11955.0,36.9,11.9,10.8,12.8,72.39999999999999
8856.0,39.2,11.6,11.8,12.3,74.9
10139.0,32.2,10.0,11.6,12.8,66.60000000000001
11975.0,34.8,12.5,10.1,13.1,70.5
12880.0,38.4,11.3,11.6,10.1,71.4
12900.0,32.7,11.5,11.2,13.3,68.7
12057.0,36.2,11.8,11.1,13.4,72.5
13251.0,38.8,11.1,11.1,10.8,71.8
12236.0,31.5,10.5,11.5,12.6,66.1
12062.0,35.9,11.9,10.8,12.9,71.5
12314.0,38.4,11.1,11.2,11.1,71.8
19015.0,29.8,11.2,11.2,11.7,63.900000000000006
12117.0,35.3,12.2,10.8,13.2,71.5
10587.0,38.8,11.1,12.2,11.1,73.19999999999999
12558.0,31.6,10.4,11.4,12.8,66.2
12119.0,36.9,11.6,10.7,12.7,71.9
8991.0,39.1,11.5,11.6,11.5,73.7
12817.0,31.1,12.4,11.1,13.1,67.7
12140.0,36.8,11.3,10.1,12.8,71.0
12730.0,38.6,11.2,9.8,11.6,71.19999999999999
24264.0,30.7,9.5,10.0,11.5,61.7
12145.0,36.7,12.1,10.9,12.8,72.5
10276.0,38.4,11.3,11.0,11.0,71.7
13177.0,32.0,10.8,11.5,12.5,66.8
12228.0,37.2,12.3,10.3,13.0,72.8
11101.0,39.1,11.8,11.5,11.2,73.60000000000001
120511.0,19.2,7.3,8.8,7.8,43.1
12235.0,37.4,11.9,10.1,13.5,72.9
30872.0,36.0,9.7,10.4,9.8,65.9
12683.0,31.6,10.7,11.3,12.4,66.0
12324.0,36.6,11.7,10.6,12.9,71.8
12050.0,38.6,11.1,11.3,11.2,72.2
11318.0,30.3,10.6,11.4,12.5,64.8
12325.0,36.9,11.8,10.1,13.0,71.80000000000001
11341.0,38.3,11.4,11.5,11.2,72.39999999999999
18131.0,31.6,10.2,11.1,12.1,65.0
12380.0,37.6,12.0,9.4,13.2,72.2
12833.0,38.5,10.6,11.3,11.2,71.60000000000001
14565.0,31.0,12.2,9.7,11.9,64.80000000000001
12522.0,38.2,10.9,10.5,13.6,73.2
14237.0,38.4,11.3,10.9,9.8,70.4
17942.0,30.5,10.7,11.1,12.2,64.5
12541.0,35.7,12.2,11.0,12.9,71.80000000000001
16625.0,38.3,11.1,10.2,10.7,70.3
18714.0,31.5,9.5,8.9,12.0,61.9
12784.0,37.7,11.5,8.8,13.4,71.4
17820.0,38.0,10.7,11.1,10.8,70.60000000000001
22181.0,30.5,10.6,11.1,12.6,64.8
12934.0,36.6,11.7,10.4,13.1,71.8
13655.0,38.5,11.5,10.8,11.3,72.1
15359.0,31.8,10.8,11.0,13.0,66.6
13034.0,37.9,11.6,10.1,12.5,72.1
21059.0,37.5,10.7,9.2,11.3,68.7
13176.0,31.4,10.5,11.3,12.4,65.60000000000001
13058.0,36.4,11.6,10.5,12.9,71.4
13061.0,38.5,11.2,11.3,11.2,72.2
10925.0,31.7,10.8,11.3,12.5,66.3
13135.0,36.4,11.7,10.5,12.8,71.39999999999999
12257.0,38.0,11.6,11.5,10.9,72.0
19569.0,29.3,9.7,11.3,12.5,62.8
13139.0,36.6,12.0,9.8,13.3,71.7
12369.0,38.8,11.5,10.5,11.1,71.89999999999999
11519.0,31.4,10.5,11.5,12.3,65.7
13217.0,35.6,11.3,10.5,12.6,70.0
13336.0,37.9,11.2,10.8,11.2,71.1
11890.0,29.1,9.4,11.5,12.8,62.8
13379.0,36.3,12.3,9.8,12.8,71.19999999999999
14346.0,38.0,11.0,11.4,11.3,71.7
11438.0,30.3,10.6,11.6,13.2,65.7
13423.0,34.8,11.4,10.8,12.7,69.7
13318.0,37.9,11.2,11.7,11.0,71.8
13250.0,31.6,10.6,11.3,12.5,66.0
13616.0,36.5,11.7,10.4,12.8,71.4
14222.0,38.4,11.1,11.2,11.1,71.8
13487.0,31.0,10.3,11.2,12.2,64.7
13738.0,36.2,11.5,10.1,12.7,70.5
14125.0,38.6,11.3,10.7,10.9,71.50000000000001
13324.0,31.2,10.4,11.3,12.6,65.5
13831.0,35.6,12.0,10.5,12.9,71.0
14450.0,38.3,11.1,11.1,10.9,71.4
16052.0,32.2,10.4,11.6,12.6,66.8
14017.0,36.8,11.7,10.6,13.0,72.1
9761.0,38.9,11.6,11.4,11.9,73.8
23272.0,29.7,9.7,10.2,12.2,61.8
14246.0,36.0,11.8,10.4,12.9,71.1
15816.0,38.3,11.0,10.5,11.2,71.0
17132.0,30.4,10.5,11.0,12.5,64.4
14352.0,36.3,11.4,10.6,13.1,71.39999999999999
17798.0,38.2,11.0,10.5,10.9,70.60000000000001
12342.0,32.1,11.1,11.3,12.7,67.2
14363.0,36.1,11.8,10.7,12.9,71.50000000000001
19381.0,37.8,10.8,10.4,11.2,70.19999999999999
17310.0,31.5,10.1,11.1,12.3,65.0
14431.0,36.7,11.6,10.2,13.0,71.5
26044.0,30.7,10.5,11.0,12.5,64.7
14500.0,36.6,12.1,10.8,13.0,72.5
14265.0,38.7,11.4,11.2,11.5,72.8
13255.0,31.5,10.7,11.2,12.4,65.80000000000001
14501.0,36.4,11.8,10.4,12.7,71.3
20727.0,37.6,10.6,10.4,10.7,69.3
14610.0,31.0,10.3,11.2,12.4,64.9
14578.0,36.4,11.8,10.3,12.8,71.3
13597.0,38.5,11.2,11.1,11.2,72.0
14136.0,31.8,10.5,11.3,12.3,65.89999999999999
14836.0,36.3,11.7,10.4,12.8,71.2
15121.0,38.3,11.2,11.0,11.0,71.5
14203.0,31.6,10.8,11.0,11.8,65.2
14879.0,36.4,11.8,10.6,12.8,71.60000000000001
15164.0,38.3,11.2,10.3,11.2,71.0
15038.0,30.9,10.5,11.3,12.2,64.9
14984.0,35.8,11.6,10.4,12.7,70.5
15210.0,37.9,11.0,10.9,10.9,70.7
12463.0,31.6,10.7,11.4,12.6,66.3
15158.0,36.0,11.9,10.1,12.7,70.7
23660.0,37.0,10.7,10.2,10.4,68.30000000000001
15033.0,30.6,10.0,11.3,12.4,64.30000000000001
15449.0,35.8,11.4,10.4,13.1,70.69999999999999
15308.0,38.2,11.0,11.0,11.0,71.2
14988.0,30.8,10.4,11.2,12.3,64.7
15468.0,36.0,11.5,10.4,12.7,70.6
15314.0,38.2,11.2,11.1,10.9,71.4
15007.0,31.1,10.4,11.1,12.7,65.3
15577.0,36.2,11.7,10.4,12.8,71.10000000000001
15994.0,38.2,11.1,10.9,11.1,71.3
22192.0,30.5,9.9,10.6,12.3,63.3
15582.0,35.6,11.8,10.3,12.7,70.4
18566.0,38.0,11.0,10.0,11.0,70.0
36119.0,26.5,9.8,10.5,11.8,58.6
15691.0,35.0,13.0,10.5,14.0,72.5
17865.0,37.8,11.8,10.5,9.0,69.1
16761.0,30.1,10.2,11.2,12.3,63.8
15724.0,36.1,11.4,9.9,12.7,70.1
14807.0,38.1,11.0,11.0,11.1,71.2
19498.0,29.9,10.2,11.1,12.4,63.6
15938.0,35.9,11.7,10.3,12.8,70.69999999999999
22863.0,37.7,10.7,10.0,10.8,69.2
15684.0,30.2,9.8,11.5,12.0,63.5
16017.0,35.4,11.8,10.3,12.4,69.9
16663.0,38.4,10.9,11.0,10.7,71.0
13713.0,31.1,10.2,11.6,12.6,65.5
16054.0,35.9,12.1,10.4,12.6,71.0
16131.0,38.2,10.5,10.0,11.3,70.0
25722.0,28.3,10.7,10.2,11.2,60.400000000000006
16169.0,35.6,11.0,11.4,13.2,71.2
22186.0,38.6,9.9,10.7,11.3,70.5
115193.0,21.2,6.7,6.6,8.8,43.3
16334.0,36.4,10.7,11.6,12.9,71.6
34044.0,37.5,10.4,9.2,10.0,67.1
17071.0,30.3,10.2,10.9,12.0,63.4
16477.0,35.8,11.5,10.1,12.8,70.2
17459.0,38.0,10.7,10.5,10.6,69.8
13125.0,32.5,10.2,11.2,12.4,66.30000000000001
16507.0,36.5,11.5,10.1,12.9,71.0
30017.0,37.3,10.1,9.4,10.0,66.8
16089.0,31.8,10.4,11.1,12.6,65.9
16517.0,36.8,11.7,10.2,12.9,71.60000000000001
24236.0,37.9,10.7,10.0,10.8,69.39999999999999
18662.0,29.4,10.0,11.3,11.9,62.6
16595.0,35.5,11.3,10.6,12.7,70.1
14983.0,38.7,11.0,10.8,11.2,71.7
26106.0,28.7,9.1,10.4,12.0,60.2
16745.0,35.6,12.0,10.1,12.4,70.10000000000001
18332.0,37.6,10.7,11.1,10.5,69.9
16394.0,31.1,10.5,11.3,12.5,65.4
16779.0,36.4,11.5,10.1,12.8,70.8
19174.0,37.8,11.2,10.8,10.9,70.7
16846.0,30.6,10.4,11.0,12.2,64.2
16982.0,36.5,11.5,10.2,12.7,70.9
16848.0,38.2,11.1,10.9,10.9,71.10000000000001
17828.0,30.0,10.2,11.1,12.0,63.3
17009.0,35.1,11.4,10.4,12.8,69.7
16461.0,38.2,10.9,10.9,10.8,70.8
16552.0,30.6,10.3,11.1,12.6,64.60000000000001
17015.0,35.5,11.5,10.3,12.8,70.1
20973.0,37.6,10.6,10.1,11.1,69.4
20245.0,30.5,9.8,10.9,12.3,63.5
17038.0,36.7,11.6,9.9,12.2,70.4
22181.0,37.8,10.5,9.9,10.5,68.69999999999999
18453.0,29.7,9.8,11.0,12.7,63.2
17405.0,36.3,11.1,10.3,12.8,70.5
16011.0,37.9,11.4,11.1,10.5,70.9
14089.0,31.7,10.0,10.7,12.4,64.80000000000001
17417.0,35.6,11.2,10.2,12.6,69.6
25266.0,37.3,10.5,9.5,10.5,67.8
13547.0,31.3,10.7,11.4,12.6,66.0
17442.0,35.7,12.0,9.9,12.9,70.5
26082.0,36.7,10.3,10.2,10.4,67.60000000000001
17273.0,30.1,10.2,11.0,12.0,63.3
17532.0,35.8,11.3,10.1,12.7,69.89999999999999
17479.0,37.9,11.0,11.0,10.7,70.6
17890.0,30.8,9.9,11.0,12.3,64.0
17540.0,36.4,11.1,10.7,12.7,70.9
22882.0,37.2,10.7,10.3,10.9,69.10000000000001
17596.0,30.2,10.0,10.9,12.3,63.400000000000006
17606.0,35.8,11.4,10.1,12.8,70.1
16715.0,31.0,10.0,11.3,11.8,64.1
17901.0,36.2,11.3,10.6,12.7,70.8
17537.0,38.5,10.5,9.9,11.2,70.1
17162.0,30.5,10.1,11.2,12.2,64.0
17934.0,32.8,12.1,9.9,12.8,67.6
16501.0,37.6,11.0,11.2,10.9,70.7
15819.0,31.7,10.4,11.1,12.3,65.5
17947.0,35.8,11.6,10.4,13.0,70.8
23706.0,37.4,10.6,10.0,10.8,68.8
17824.0,30.3,10.3,11.3,12.2,64.10000000000001
18121.0,35.6,11.4,10.0,12.7,69.7
18399.0,37.9,10.9,10.8,11.0,70.6
18118.0,29.6,10.0,11.2,12.1,62.9
18185.0,35.1,11.5,10.1,12.3,69.0
19885.0,37.7,10.8,10.3,10.5,69.3
22669.0,30.2,9.8,10.6,11.9,62.5
18220.0,35.3,11.3,10.4,12.9,69.89999999999999
24481.0,37.9,10.8,9.8,10.6,69.1
19963.0,29.8,10.0,11.0,12.1,62.9
18320.0,35.1,11.4,10.3,12.5,69.3
20044.0,37.4,10.8,10.7,10.4,69.30000000000001
36278.0,26.7,10.6,10.9,11.5,59.7
18372.0,35.7,11.8,9.8,12.3,69.6
25379.0,38.1,10.0,10.5,9.7,68.3
18600.0,29.4,10.1,11.2,12.2,62.900000000000006
18453.0,35.2,11.5,10.3,12.7,69.7
17796.0,38.0,11.0,10.8,10.7,70.5
27595.0,28.2,9.4,10.1,11.8,59.5
18459.0,35.6,11.3,10.2,12.6,69.7
21514.0,37.8,11.0,10.4,10.6,69.8
18333.0,29.7,10.3,11.0,12.2,63.2
18478.0,35.3,11.3,10.3,12.6,69.49999999999999
18013.0,37.9,10.9,10.8,10.8,70.39999999999999
19973.0,30.3,9.5,10.1,12.2,62.1
18493.0,36.1,9.9,9.7,12.3,68.0
18099.0,38.8,10.3,10.7,11.1,70.89999999999999
53984.0,28.2,9.2,10.1,12.0,59.5
18506.0,35.8,11.1,9.7,13.1,69.69999999999999
18256.0,38.5,11.1,10.6,11.0,71.2
27165.0,28.8,9.4,10.5,12.1,60.8
18573.0,36.2,11.4,10.1,12.7,70.4
20267.0,38.1,10.7,10.2,11.1,70.1
18907.0,29.6,10.1,11.1,12.1,62.900000000000006
18608.0,35.7,11.5,10.1,12.6,69.9
18877.0,38.1,10.7,10.8,10.7,70.3
38177.0,26.0,9.3,10.4,11.5,57.2
18661.0,36.8,11.6,9.5,12.3,70.2
18195.0,38.2,10.2,10.0,10.4,68.80000000000001
11527.0,31.7,10.9,11.7,12.6,66.89999999999999
18673.0,35.5,11.5,10.3,12.8,70.1
31702.0,36.5,10.4,9.3,9.5,65.7
19220.0,30.3,9.8,10.8,12.5,63.400000000000006
18756.0,35.7,11.7,10.2,12.9,70.50000000000001
23009.0,37.8,10.5,10.1,10.4,68.8
19442.0,28.8,9.8,10.8,12.1,61.50000000000001
19230.0,35.0,11.3,9.8,12.4,68.5
19017.0,37.6,10.6,10.5,10.6,69.3
18120.0,30.8,10.4,11.0,12.6,64.8
19244.0,34.9,10.8,10.3,12.2,68.2
19062.0,37.5,10.9,10.4,10.6,69.39999999999999
25678.0,30.5,10.0,10.3,12.2,63.0
19392.0,35.7,12.1,10.1,13.1,71.0
16977.0,38.5,10.8,10.2,11.3,70.8
27829.0,28.8,9.9,10.2,11.9,60.8
19421.0,35.7,11.4,10.2,12.8,70.1
23273.0,37.5,10.6,9.9,11.1,69.1
29316.0,30.4,9.0,9.1,11.0,59.5
19524.0,36.1,11.5,9.9,12.0,69.5
22484.0,36.8,10.7,10.3,10.6,68.39999999999999
22037.0,29.2,10.3,10.9,12.2,62.6
19547.0,35.6,11.6,9.9,12.6,69.7
20624.0,38.0,11.0,10.3,10.6,69.89999999999999
27337.0,28.8,9.3,10.6,12.0,60.7
19555.0,35.5,11.3,10.7,13.0,70.5
36961.0,36.7,10.9,9.9,10.1,67.6
18719.0,30.9,10.3,11.0,12.2,64.4
19573.0,36.0,11.5,10.2,12.6,70.3
19631.0,38.2,10.9,11.0,11.1,71.2
19077.0,30.8,10.1,11.2,12.2,64.3
19642.0,36.3,11.5,10.4,12.9,71.1
19061.0,38.4,11.3,10.9,11.0,71.6
17522.0,30.5,10.4,11.3,12.4,64.60000000000001
14398.0,31.2,10.1,11.0,12.8,65.1
20048.0,35.2,11.2,9.9,12.8,69.10000000000001
30161.0,36.0,10.3,10.2,9.9,66.4
19538.0,30.3,9.6,10.0,12.0,61.9
20136.0,34.3,11.6,9.6,12.3,67.8
21459.0,37.6,10.7,10.2,10.2,68.7
17488.0,31.6,9.7,10.4,11.7,63.39999999999999
20169.0,36.3,11.0,8.9,12.5,68.69999999999999
19462.0,37.7,10.6,10.6,10.3,69.2
20037.0,28.8,9.9,11.1,12.3,62.10000000000001
20189.0,35.2,11.2,10.0,12.4,68.80000000000001
19935.0,37.4,10.8,10.5,10.6,69.3
18690.0,30.7,10.0,11.0,12.2,63.900000000000006
20269.0,35.4,11.3,10.4,12.4,69.5
18412.0,38.1,10.3,11.1,9.5,69.0
20156.0,29.0,9.8,11.0,11.8,61.6
20276.0,35.2,11.3,9.8,12.6,68.89999999999999
20130.0,37.7,10.7,10.8,10.7,69.9
19320.0,29.8,9.7,11.2,11.9,62.6
20496.0,35.2,11.1,10.0,12.5,68.80000000000001
21267.0,37.7,10.6,10.6,10.4,69.30000000000001
22125.0,31.1,10.4,11.4,12.6,65.5
20574.0,35.5,11.5,10.5,13.0,70.5
19247.0,37.8,10.1,10.6,11.3,69.8
20419.0,29.1,9.7,10.9,12.1,61.8
20615.0,35.0,11.0,10.1,12.4,68.5
20634.0,37.6,10.8,10.4,10.5,69.30000000000001
26805.0,28.4,10.0,10.4,11.6,60.4
20685.0,35.2,11.3,9.6,12.7,68.8
24158.0,37.1,10.9,10.2,10.0,68.2
20962.0,29.2,10.3,11.0,11.6,62.1
20826.0,35.2,11.2,10.1,12.3,68.80000000000001
19420.0,38.0,10.7,10.1,10.7,69.5
27586.0,27.9,9.7,10.9,11.8,60.3
20929.0,34.9,10.9,10.2,12.5,68.5
26213.0,36.9,10.3,10.4,10.2,67.8
17018.0,31.9,10.3,10.9,12.5,65.6
21010.0,36.5,11.2,9.6,12.7,70.0
27046.0,38.4,10.3,9.8,10.5,69.0
19203.0,31.2,9.0,10.6,11.0,61.8
21359.0,37.0,11.4,10.1,13.0,71.5
20078.0,37.8,11.0,9.9,10.4,69.1
16371.0,30.1,10.4,11.0,12.4,63.9
21387.0,35.2,11.0,10.0,12.4,68.60000000000001
32598.0,36.4,10.1,9.3,10.0,65.8
22842.0,27.7,9.6,10.2,11.1,58.6
21391.0,36.2,11.1,9.6,13.1,70.0
18094.0,36.3,11.0,10.8,11.5,69.6
20060.0,29.8,10.1,11.0,11.9,62.8
21399.0,34.5,11.4,9.9,12.7,68.5
29075.0,36.6,10.1,9.7,10.4,66.80000000000001
21103.0,29.6,9.9,10.8,11.9,62.2
21423.0,35.1,11.2,9.9,12.6,68.8
21968.0,37.5,10.6,10.6,10.2,68.9
15660.0,32.2,10.3,11.3,12.8,66.6
21431.0,35.6,11.4,10.6,12.8,70.4
24599.0,37.7,10.6,10.5,11.4,70.2
33408.0,28.2,10.0,10.9,12.1,61.2
21479.0,35.2,11.7,10.2,12.5,69.60000000000001
20550.0,37.9,11.1,10.7,10.7,70.4
21168.0,29.9,10.0,10.8,12.0,62.7
21510.0,35.4,11.3,10.1,12.6,69.4
15778.0,38.4,11.0,11.1,11.3,71.8
30795.0,27.5,9.1,10.1,12.1,58.8
21602.0,35.2,11.6,9.5,12.6,68.9
27534.0,37.2,10.3,10.1,10.2,67.8
21156.0,29.3,10.0,10.9,11.6,61.8
21723.0,34.5,11.2,9.5,12.8,68.0
22279.0,37.6,10.5,10.3,10.7,69.10000000000001
56309.0,24.4,8.6,9.5,11.5,54.0
21748.0,34.4,11.5,10.3,12.7,68.9
20329.0,37.2,11.0,10.5,11.0,69.7
30322.0,27.5,8.9,10.1,11.7,58.2
21884.0,35.7,10.7,8.9,12.6,67.9
21772.0,38.8,10.9,9.9,10.6,70.19999999999999
36438.0,28.3,9.2,9.3,11.1,57.9
21930.0,35.3,10.5,9.6,12.5,67.9
24857.0,38.0,10.8,9.6,10.4,68.8
24768.0,28.7,9.4,10.0,12.0,60.1
21944.0,35.7,10.9,10.5,12.3,69.4
18161.0,37.8,11.3,11.3,11.0,71.39999999999999
20430.0,29.5,10.0,11.0,12.6,63.1
21969.0,35.2,11.2,9.8,12.6,68.8
21912.0,37.6,10.6,10.6,9.9,68.7
23914.0,31.4,11.0,11.2,12.4,66.0
22017.0,35.9,10.9,10.6,12.8,70.2
31418.0,37.0,10.3,10.0,9.9,67.2
23352.0,30.0,9.9,10.8,12.0,62.7
22033.0,34.9,11.3,10.4,12.4,69.0
22447.0,35.9,10.9,10.6,10.2,67.6
22085.0,28.4,9.5,10.9,11.7,60.5
22046.0,34.5,11.2,9.9,12.6,68.2
21606.0,37.5,10.7,10.4,10.6,69.2
29827.0,25.1,9.4,11.8,10.8,57.1
22081.0,34.5,11.4,10.2,12.5,68.6
23186.0,37.4,11.2,9.8,11.7,70.1
42372.0,27.4,7.6,9.8,11.4,56.2
22085.0,34.1,11.3,11.1,12.1,68.60000000000001
18852.0,38.4,11.6,10.4,11.7,72.1
21427.0,29.2,9.7,10.9,11.9,61.7
22092.0,34.7,11.4,9.9,12.6,68.6
22568.0,37.5,10.6,10.7,10.3,69.1
18127.0,30.8,9.9,11.4,12.4,64.5
22286.0,35.9,11.1,10.3,12.6,69.89999999999999
33422.0,36.6,9.9,9.7,10.7,66.9
21230.0,28.3,9.8,11.8,11.1,61.00000000000001
22307.0,34.3,10.7,10.6,11.6,67.2
21865.0,36.7,11.4,10.5,10.9,69.5
22233.0,28.9,9.5,10.8,11.8,61.0
22314.0,35.5,10.8,9.7,12.4,68.4
23309.0,37.6,10.5,10.2,10.2,68.5
26161.0,29.1,9.1,10.9,11.6,60.7
22397.0,35.4,11.7,9.7,13.0,69.8
23586.0,37.4,11.0,9.7,10.2,68.3
39458.0,26.2,9.2,9.6,10.9,55.9
22491.0,35.1,10.0,9.3,11.6,66.0
26643.0,38.1,10.1,9.4,10.2,67.8
23389.0,29.1,10.0,10.8,11.9,61.8
22516.0,35.2,11.4,9.7,12.6,68.89999999999999
20486.0,38.0,11.0,10.5,10.7,70.2
17105.0,32.0,10.5,12.2,13.4,68.10000000000001
22528.0,36.7,11.6,10.9,13.3,72.5
97259.0,34.1,8.3,10.2,9.4,62.00000000000001
22161.0,28.5,9.8,10.8,11.7,60.8
22544.0,34.3,11.1,9.6,12.3,67.3
23447.0,37.3,10.6,10.4,10.2,68.5
22575.0,27.9,10.0,10.6,11.7,60.2
22564.0,34.4,10.7,9.8,12.6,67.49999999999999
22328.0,37.6,10.4,9.8,10.6,68.39999999999999
51924.0,25.7,9.4,9.4,11.8,56.3
22621.0,34.2,10.7,9.1,13.1,67.10000000000001
25166.0,37.4,10.4,10.2,10.2,68.2
21534.0,27.6,9.4,11.1,11.0,59.1
22647.0,34.0,10.8,10.8,12.1,67.69999999999999
22892.0,36.3,10.4,11.6,10.2,68.5
35652.0,28.5,9.6,10.8,11.7,60.60000000000001
22754.0,35.2,11.7,10.0,12.6,69.5
23334.0,37.7,11.0,10.3,10.8,69.8
23818.0,28.3,9.1,11.1,11.0,59.5
22870.0,34.1,10.2,9.3,12.5,66.1
22314.0,28.6,9.7,10.8,11.8,60.89999999999999
22873.0,34.8,11.1,9.7,12.5,68.1
23680.0,37.4,10.4,10.4,10.1,68.3
23884.0,29.4,9.9,10.8,11.8,61.89999999999999
22913.0,35.1,11.3,10.0,12.6,69.0
20960.0,37.9,11.0,10.4,10.5,69.8
20330.0,29.6,10.5,11.2,12.4,63.7
23137.0,34.9,11.2,9.8,12.7,68.6
31715.0,36.7,10.3,9.6,10.3,66.9
18767.0,31.6,9.6,10.9,11.8,63.900000000000006
23188.0,35.0,11.9,10.4,12.5,69.8
19642.0,38.6,10.9,11.5,10.8,71.8
23457.0,28.3,9.7,10.6,11.9,60.5
23398.0,34.4,10.8,9.7,12.6,67.5
35701.0,25.2,10.1,10.6,12.0,57.9
23410.0,35.1,9.3,10.1,10.3,64.80000000000001
26799.0,36.1,10.8,8.0,10.3,65.2
22287.0,29.4,10.5,9.9,11.9,61.7
23596.0,33.2,10.5,9.0,12.5,65.2
34037.0,37.6,9.7,9.6,9.6,66.5
23583.0,28.5,9.8,10.8,11.4,60.49999999999999
23742.0,34.2,10.9,9.9,12.4,67.4
23958.0,37.0,10.5,10.4,9.9,67.8
39647.0,26.0,8.9,9.9,11.3,56.1
23845.0,33.4,11.6,10.0,11.6,66.6
23194.0,36.0,11.4,10.7,11.0,69.1
23284.0,29.5,9.9,10.7,11.8,61.89999999999999
23892.0,35.1,11.1,9.8,12.4,68.4
23403.0,37.9,10.9,10.6,10.4,69.8
23448.0,29.1,9.7,11.0,11.9,61.7
23894.0,35.4,11.1,9.8,12.6,68.89999999999999
23615.0,37.7,10.9,10.7,10.8,70.1
24130.0,28.0,9.8,10.7,11.7,60.2
23933.0,34.6,10.9,9.7,12.4,67.60000000000001
22609.0,37.6,10.8,10.2,10.5,69.10000000000001
30796.0,26.9,9.4,11.1,11.1,58.5
23997.0,33.8,11.6,10.0,13.0,68.4
26199.0,37.2,10.6,10.0,10.0,67.80000000000001
31577.0,27.5,9.0,10.4,10.7,57.6
24022.0,34.6,10.8,9.1,12.3,66.80000000000001
28538.0,36.3,9.5,10.0,10.8,66.6
23451.0,28.2,9.9,10.9,11.8,60.8
24091.0,34.2,11.0,9.9,12.3,67.4
25100.0,37.3,10.5,10.4,10.0,68.19999999999999
26792.0,26.1,9.7,10.6,12.4,58.8
24153.0,34.6,11.1,9.9,13.0,68.6
22119.0,38.0,11.1,9.8,10.1,69.0
23323.0,28.2,9.6,10.8,11.6,60.2
24169.0,34.1,10.9,9.8,12.4,67.2
25219.0,37.4,10.7,10.3,9.8,68.19999999999999
23517.0,28.3,9.3,10.8,11.7,60.10000000000001
24193.0,34.5,11.1,9.5,12.3,67.4
25384.0,37.1,10.6,10.1,10.4,68.2
16409.0,31.5,10.6,11.2,12.6,65.89999999999999
24266.0,34.5,11.4,9.9,12.7,68.5
33448.0,36.2,9.9,9.5,10.5,66.1
24589.0,27.4,9.6,11.0,11.8,59.8
24290.0,33.5,11.3,9.6,12.5,66.9
24938.0,37.6,10.6,10.5,9.7,68.4
15217.0,32.4,11.5,11.5,13.2,68.6
24309.0,33.7,11.6,10.8,13.8,69.9
30401.0,38.8,11.3,9.8,11.0,70.89999999999999
29446.0,27.8,9.7,10.1,11.9,59.5
24373.0,35.1,10.8,9.7,12.5,68.10000000000001
26858.0,37.3,10.1,9.9,10.5,67.8
34200.0,27.2,8.9,9.9,11.5,57.5
24384.0,34.9,10.8,9.8,12.7,68.2
28567.0,37.2,10.8,9.4,10.4,67.8
23094.0,28.0,10.0,11.0,12.1,61.1
24554.0,33.9,11.0,9.9,12.7,67.5
26218.0,37.5,10.7,10.3,9.9,68.4
26676.0,28.6,9.6,10.2,11.0,59.400000000000006
24700.0,34.1,10.9,10.3,12.5,67.8
21023.0,38.2,11.1,10.4,10.1,69.8
38038.0,25.8,8.7,9.7,11.7,55.900000000000006
24737.0,34.0,11.3,10.4,12.6,68.3
31804.0,36.8,9.3,9.1,10.0,65.19999999999999
24094.0,27.9,9.7,10.8,12.0,60.39999999999999
24841.0,33.6,11.0,9.6,12.2,66.4
25412.0,37.2,10.5,10.1,9.9,67.7
24461.0,27.6,9.8,11.0,11.6,60.00000000000001
25044.0,34.0,11.2,9.7,12.3,67.2
25972.0,37.1,10.6,10.2,10.3,68.2
24752.0,27.7,9.7,10.5,11.5,59.4
25055.0,33.9,11.0,10.1,12.5,67.5
25041.0,37.1,10.7,9.9,9.9,67.6
41082.0,22.0,12.0,10.5,10.2,54.7
25094.0,35.0,10.5,8.0,12.8,66.3
47841.0,39.0,12.0,5.0,11.5,67.5
31449.0,28.6,9.9,10.8,11.6,60.9
25169.0,35.0,11.8,9.9,12.4,69.1
28921.0,37.6,10.5,10.0,10.4,68.5
25361.0,28.5,9.3,10.3,11.7,59.8
25180.0,34.4,10.8,9.3,12.2,66.7
25682.0,37.2,10.4,10.1,10.1,67.8
24218.0,28.3,10.5,10.9,11.2,60.89999999999999
25220.0,32.9,13.0,11.4,13.1,70.39999999999999
26017.0,37.0,10.4,9.9,11.3,68.6
24517.0,27.0,9.1,10.8,11.6,58.50000000000001
25229.0,32.4,11.5,9.8,12.6,66.3
25656.0,36.4,10.4,10.5,9.0,66.3
36935.0,26.6,8.3,10.0,11.0,55.900000000000006
25267.0,35.3,10.6,9.1,12.1,67.1
27210.0,37.4,10.2,9.9,10.7,68.19999999999999
18145.0,31.1,10.0,11.3,12.1,64.5
25278.0,34.4,10.8,9.4,11.7,66.3
33982.0,28.0,8.8,10.8,11.8,59.39999999999999
25344.0,33.2,10.2,9.0,12.4,64.80000000000001
28403.0,37.9,10.4,10.3,9.7,68.3
29065.0,27.9,9.6,10.5,11.9,59.9
25429.0,34.7,11.0,9.4,12.1,67.2
31256.0,36.4,10.1,9.5,9.9,65.9
23783.0,29.2,9.9,10.9,12.2,62.2
25556.0,34.5,11.1,9.6,12.5,67.7
35682.0,36.3,10.1,9.6,9.7,65.7
294956.0,22.1,5.0,4.8,8.9,40.8
25661.0,34.1,11.5,10.4,12.6,68.6
38519.0,35.1,10.5,9.3,9.7,64.60000000000001
35288.0,26.8,9.2,9.8,11.5,57.3
25681.0,35.2,11.0,9.6,12.4,68.2
33483.0,36.8,10.1,9.3,9.9,66.10000000000001
25811.0,28.0,9.5,10.7,11.5,59.7
25739.0,34.0,10.9,9.5,12.3,66.7
24864.0,36.9,10.3,10.2,10.5,67.9
57519.0,24.5,8.7,9.8,10.8,53.8
25822.0,35.2,11.2,9.5,12.4,68.30000000000001
20149.0,38.5,11.3,10.6,10.6,71.0
38275.0,26.4,8.5,10.6,10.9,56.4
25968.0,34.5,10.9,9.4,11.6,66.39999999999999
24850.0,36.6,11.1,10.1,10.4,68.2
17949.0,30.8,10.8,11.7,12.6,65.89999999999999
26031.0,35.9,11.6,10.4,13.0,70.9
25654.0,27.4,9.3,10.6,11.7,59.0
26066.0,33.7,10.9,9.7,12.5,66.8
27180.0,36.7,10.3,10.2,10.2,67.4
26829.0,28.5,9.2,10.0,10.7,58.400000000000006
26076.0,34.0,10.3,9.7,12.0,66.0
23755.0,37.0,11.0,10.0,10.0,68.0
46219.0,25.9,7.0,9.9,11.2,54.0
26100.0,33.9,11.3,9.2,11.8,66.2
30649.0,36.8,10.7,8.9,10.0,66.4
34627.0,26.2,9.3,10.1,11.6,57.2
26150.0,34.6,11.0,9.2,12.4,67.2
35121.0,36.4,9.7,8.7,9.9,64.7
28191.0,27.6,9.4,9.3,12.2,58.5
26182.0,34.2,10.5,9.6,12.5,66.80000000000001
25859.0,36.2,10.2,10.1,10.5,67.0
25044.0,27.6,9.5,10.4,11.4,58.9
26210.0,34.6,10.6,9.5,11.9,66.60000000000001
20521.0,37.8,10.6,10.5,10.2,69.1
27550.0,28.0,10.2,11.6,10.4,60.2
26277.0,32.7,10.5,10.1,12.2,65.5
23908.0,37.1,9.2,11.3,9.4,67.0
26382.0,28.9,9.2,10.2,11.6,59.9
26400.0,34.0,10.9,9.5,12.3,66.7
24953.0,37.2,10.6,10.1,10.4,68.30000000000001
28342.0,27.4,9.3,10.4,11.3,58.400000000000006
26451.0,33.6,10.5,9.6,12.2,65.9
27537.0,37.0,10.6,10.0,10.1,67.7
30608.0,27.5,9.4,10.3,12.1,59.3
26677.0,35.0,10.6,9.2,12.4,67.2
31889.0,36.9,10.3,9.4,10.2,66.8
24510.0,29.7,9.1,10.4,12.2,61.39999999999999
26684.0,35.1,10.8,9.4,12.0,67.30000000000001
31480.0,37.2,10.4,9.2,10.0,66.8
22581.0,29.1,10.1,10.9,12.4,62.5
26723.0,34.4,10.9,9.6,12.6,67.5
34612.0,36.1,10.1,9.5,10.2,65.9
26180.0,27.4,9.5,10.6,11.6,59.1
26767.0,33.6,10.8,9.5,12.3,66.2
28163.0,36.8,10.5,10.3,10.0,67.6
25780.0,27.7,9.5,10.6,11.4,59.2
26849.0,33.9,10.8,9.6,12.5,66.80000000000001
28525.0,37.2,10.6,9.9,9.9,67.60000000000001
29719.0,28.1,9.1,9.8,11.8,58.8
26896.0,34.1,10.4,9.2,12.6,66.3
32894.0,35.8,10.0,9.9,10.0,65.69999999999999
32248.0,24.8,9.6,11.3,11.6,57.3
26941.0,34.7,9.9,9.1,13.0,66.7
30351.0,34.8,9.7,10.5,10.9,65.9
34710.0,26.1,9.2,9.1,12.4,56.8
27052.0,36.4,10.7,9.1,12.2,68.39999999999999
25548.0,37.9,10.0,10.5,10.2,68.6
28740.0,27.2,9.0,9.9,12.0,58.1
27063.0,32.5,10.4,9.6,12.4,64.9
25448.0,37.0,11.1,10.6,8.6,67.3
32580.0,26.2,9.6,10.1,12.2,58.1
27090.0,34.5,11.0,8.7,12.7,66.9
27924.0,36.8,10.8,9.8,9.6,66.99999999999999
27146.0,28.0,10.0,10.9,11.5,60.4
27160.0,34.1,10.8,9.4,12.1,66.4
24656.0,37.1,10.9,10.2,10.5,68.7
26897.0,27.3,9.3,10.7,11.5,58.8
27217.0,33.7,10.9,9.5,12.3,66.4
28283.0,37.1,10.3,10.4,9.9,67.7
28376.0,27.6,9.4,10.6,11.1,58.7
27276.0,33.8,10.6,9.8,12.2,66.4
24579.0,37.2,10.5,10.4,9.8,67.9
38550.0,27.3,9.4,10.5,11.9,59.1
27355.0,34.8,11.3,9.7,12.7,68.5
25837.0,36.9,10.5,10.1,10.9,68.4
48305.0,25.3,8.3,9.2,11.1,53.9
27584.0,33.9,10.6,9.6,13.1,67.2
31484.0,36.3,10.6,9.3,9.8,66.0
36423.0,28.1,10.2,10.7,11.8,60.8
27637.0,35.6,11.1,10.5,13.3,70.5
75693.0,37.4,10.6,9.9,10.9,68.8
29049.0,27.1,9.2,10.5,11.7,58.5
27673.0,34.0,11.0,9.5,12.3,66.8
24140.0,37.5,10.6,10.2,10.3,68.6
26345.0,27.7,9.4,10.6,11.3,59.0
27792.0,33.3,10.9,9.8,12.2,66.2
29647.0,36.6,10.5,10.3,9.7,67.10000000000001
26474.0,28.4,9.6,10.9,11.6,60.5
27793.0,34.2,10.9,9.4,12.5,67.0
26347.0,37.3,10.8,10.5,10.4,69.0
39558.0,25.8,8.8,9.4,11.1,55.1
27795.0,33.9,11.1,9.9,12.5,67.4
34400.0,37.3,10.1,9.1,9.8,66.3
27177.0,27.9,9.3,10.6,11.6,59.400000000000006
27868.0,33.9,10.6,9.4,12.1,66.0
24201.0,37.3,10.5,10.0,10.3,68.1
27427.0,26.9,9.4,10.5,11.6,58.4
27881.0,33.6,10.7,9.3,12.2,65.8
28799.0,36.5,10.5,10.1,9.9,67.0
27352.0,28.0,9.2,10.6,11.3,59.10000000000001
27892.0,34.3,10.9,9.8,12.0,67.0
27741.0,37.4,10.3,10.3,10.2,68.2
64663.0,23.6,9.1,9.8,11.1,53.6
27959.0,33.4,11.5,10.2,12.5,67.6
37782.0,35.5,10.8,9.7,10.6,66.6
27034.0,27.3,9.2,10.6,11.5,58.6
27991.0,33.8,10.6,9.3,12.1,65.8
29596.0,37.0,10.4,10.0,9.8,67.2
27909.0,27.9,9.3,10.4,11.5,59.1
28092.0,34.6,10.8,9.4,12.0,66.80000000000001
27516.0,26.9,9.3,10.4,11.4,58.0
28118.0,33.5,10.6,9.2,12.1,65.39999999999999
29360.0,36.7,10.3,10.1,10.0,67.1
23431.0,29.8,10.0,10.9,12.5,63.2
28233.0,34.0,10.9,9.8,12.6,67.3
44877.0,35.0,9.7,9.7,10.0,64.4
26429.0,27.7,9.2,10.5,11.5,58.9
28298.0,33.5,10.7,10.1,12.4,66.7
22455.0,37.8,10.8,10.6,10.4,69.6
28236.0,27.9,9.7,10.2,11.5,59.3
28337.0,33.3,10.6,9.5,12.2,65.6
26136.0,36.8,10.7,9.9,10.2,67.6
20117.0,28.2,9.6,12.0,12.0,61.8
28345.0,34.7,10.5,9.6,12.6,67.4
39741.0,24.3,9.8,10.2,10.7,55.0
28380.0,33.4,10.0,9.9,12.4,65.7
30868.0,35.8,10.1,10.2,9.5,65.6
28505.0,32.8,10.5,11.8,9.0,64.1
18053.0,38.8,8.0,10.5,10.3,67.6
39669.0,26.0,8.8,9.7,11.1,55.6
28518.0,34.6,10.8,9.3,12.1,66.8
33033.0,36.3,10.2,9.4,10.2,66.1
29883.0,27.2,9.8,10.6,12.1,59.7
28632.0,34.5,10.9,9.8,12.5,67.7
27349.0,37.6,10.6,10.2,10.1,68.5
31207.0,26.0,8.4,10.4,10.1,54.9
28672.0,33.5,10.6,9.6,12.8,66.5
28776.0,34.5,10.3,10.1,10.0,64.9
28100.0,26.9,9.1,10.6,11.5,58.1
28728.0,33.3,11.0,9.4,12.1,65.8
29789.0,36.6,10.3,10.0,9.8,66.7
29333.0,27.0,9.5,10.8,11.5,58.8
28837.0,33.4,10.9,9.9,12.4,66.6
26038.0,37.5,10.7,10.1,10.5,68.80000000000001
65419.0,26.1,8.2,8.8,10.7,53.8
28982.0,34.5,10.5,9.7,12.0,66.7
30943.0,38.2,9.9,9.3,9.0,66.4
31519.0,26.0,8.6,10.6,11.8,57.0
29025.0,31.9,10.7,9.7,12.2,64.5
29383.0,37.0,9.7,9.4,9.9,66.0
46372.0,26.6,8.1,10.1,10.0,54.8
29128.0,34.7,10.5,8.6,12.1,65.9
33803.0,37.6,10.9,8.8,9.1,66.39999999999999
27311.0,27.8,9.5,10.5,11.6,59.4
29149.0,34.0,10.8,9.4,12.1,66.3
24576.0,37.5,10.8,10.5,10.7,69.5
28414.0,27.3,9.1,10.3,11.3,58.0
29192.0,33.4,10.7,9.5,12.1,65.69999999999999
30002.0,36.6,10.4,10.0,9.8,66.8
30671.0,26.7,9.3,9.8,10.8,56.6
29196.0,31.7,11.3,9.6,11.8,64.4
27674.0,36.3,10.0,10.0,9.6,65.89999999999999
23360.0,28.3,10.1,10.7,12.0,61.1
29203.0,33.5,10.9,9.5,12.4,66.3
38518.0,35.3,10.3,9.6,9.2,64.39999999999999
35574.0,27.2,9.5,11.3,11.4,59.4
29274.0,33.4,11.0,9.5,12.4,66.3
31207.0,37.1,10.4,10.5,10.6,68.6
55213.0,24.8,9.0,9.2,10.8,53.8
29487.0,33.8,10.7,10.4,12.2,67.1
36469.0,34.9,9.3,9.0,9.6,62.8
29190.0,27.2,9.3,10.2,11.4,58.1
29527.0,33.5,10.8,9.7,12.6,66.6
28467.0,37.3,10.3,9.9,9.9,67.39999999999999
30038.0,26.8,9.0,10.5,11.5,57.8
29643.0,33.5,10.7,9.1,12.1,65.4
27379.0,37.0,10.4,10.0,9.8,67.2
29256.0,26.9,9.3,10.5,10.8,57.5
29660.0,32.9,11.3,9.1,12.7,66.0
31110.0,36.9,10.1,9.5,11.0,67.5
27750.0,29.3,9.4,10.3,11.7,60.7
29663.0,34.6,10.9,10.0,12.7,68.2
39894.0,35.5,9.9,9.4,9.5,64.3
47749.0,25.3,8.4,10.8,10.5,55.0
29765.0,32.6,10.1,9.8,12.4,64.9
32334.0,28.3,9.5,10.3,11.8,59.89999999999999
29815.0,34.9,10.9,9.5,12.2,67.5
33310.0,36.7,10.2,9.9,9.8,66.60000000000001
29854.0,33.8,10.5,9.3,12.8,66.39999999999999
29100.0,36.5,13.0,8.0,9.5,67.0
29182.0,26.8,9.1,10.5,11.6,58.0
29886.0,33.1,10.5,9.4,12.0,65.0
29941.0,36.6,10.5,10.1,10.0,67.2
28704.0,27.7,9.0,10.3,11.2,58.2
29950.0,33.1,10.7,9.4,12.2,65.39999999999999
28284.0,37.0,10.7,10.2,10.0,67.9
45259.0,25.8,9.3,10.0,10.1,55.2
30005.0,34.1,11.3,8.3,12.1,65.8
27646.0,36.8,10.1,10.4,8.7,66.0
40913.0,24.6,10.2,9.5,11.8,56.1
30089.0,34.0,10.7,9.2,9.8,63.7
31797.0,36.2,10.6,9.3,9.2,65.30000000000001
84271.0,19.8,7.4,8.8,9.7,45.7
30419.0,33.3,11.3,10.8,11.9,67.3
34591.0,35.2,9.3,9.9,9.7,64.1
29704.0,26.8,8.9,10.6,11.3,57.60000000000001
30492.0,32.2,10.7,9.6,12.8,65.30000000000001
31341.0,35.7,10.9,9.6,10.8,67.0
30469.0,26.7,9.1,10.4,11.2,57.39999999999999
30537.0,32.9,10.4,9.5,11.9,64.7
29661.0,36.4,10.5,9.8,9.6,66.3
30090.0,25.9,8.6,10.3,10.6,55.4
30555.0,32.8,10.3,8.9,11.9,63.89999999999999
32743.0,36.2,9.7,10.0,10.4,66.30000000000001
30424.0,26.3,9.0,10.0,11.4,56.7
30639.0,33.1,10.1,9.2,12.3,64.7
30210.0,36.4,10.3,9.9,9.7,66.3
29679.0,32.0,6.8,9.2,12.8,60.8
30755.0,35.3,13.0,10.5,14.0,72.8
31085.0,27.4,8.4,10.5,11.7,58.0
30784.0,32.8,11.2,10.1,12.5,66.6
27749.0,38.0,9.9,8.9,9.4,66.2
49197.0,27.0,8.9,10.1,11.9,57.9
30788.0,34.2,11.4,9.8,12.5,67.9
24971.0,37.6,10.9,10.4,10.5,69.4
30722.0,26.4,9.5,10.3,11.2,57.400000000000006
30855.0,33.4,10.6,9.2,12.1,65.3
30036.0,36.2,10.4,10.1,10.0,66.7
30774.0,26.4,9.5,10.2,10.7,56.8
30869.0,33.4,11.2,9.7,12.3,66.6
29896.0,36.8,10.4,10.3,9.5,67.0
31183.0,26.6,9.2,10.2,11.2,57.2
30982.0,33.4,10.7,9.1,11.8,65.0
29064.0,36.5,10.4,9.7,10.0,66.6
25282.0,28.2,9.5,10.7,12.4,60.8
31062.0,32.7,10.3,9.6,11.9,64.5
44448.0,33.7,10.5,9.5,9.9,63.6
51175.0,24.7,7.6,10.3,9.8,52.39999999999999
31138.0,33.7,11.5,9.8,12.3,67.3
31902.0,36.8,10.0,9.0,10.3,66.1
31102.0,26.6,9.7,10.4,11.1,57.8
31144.0,33.4,10.8,9.3,11.8,65.3
28443.0,36.8,10.2,10.0,10.0,67.0
33932.0,26.0,9.5,10.8,11.5,57.8
31274.0,33.3,11.2,9.6,12.1,66.2
28137.0,37.0,10.5,10.0,9.8,67.3
53028.0,23.1,9.0,10.2,10.4,52.7
31310.0,33.0,10.8,9.4,12.5,65.69999999999999
41824.0,34.3,9.7,8.3,9.5,61.8
39206.0,26.3,9.4,11.0,11.4,58.1
31319.0,33.1,11.0,9.5,12.6,66.2
28912.0,37.5,10.7,10.0,10.1,68.3
34163.0,26.5,9.4,10.2,11.9,57.99999999999999
31325.0,33.9,10.3,9.0,12.1,65.3
39632.0,36.1,9.9,9.2,9.3,64.5
31544.0,26.6,9.3,10.3,11.1,57.3
31361.0,32.7,10.5,9.3,12.2,64.7
30597.0,36.4,10.3,10.1,9.7,66.5
32348.0,26.4,8.9,9.3,11.6,56.2
31474.0,34.0,10.0,8.6,11.7,64.3
28427.0,36.7,11.3,8.8,10.0,66.8
59350.0,23.5,8.6,8.9,11.1,52.1
31476.0,34.1,11.0,8.6,12.3,66.0
31660.0,26.7,9.3,10.5,11.0,57.5
31536.0,33.1,10.7,9.4,12.0,65.19999999999999
30100.0,36.6,10.4,10.0,9.9,66.9
82296.0,22.2,6.2,7.6,9.4,45.4
31636.0,34.2,10.0,9.3,12.3,65.8
39361.0,34.9,9.7,8.9,10.2,63.69999999999999
31624.0,24.2,7.5,10.6,13.1,55.4
31794.0,34.6,10.2,7.1,11.3,63.2
29094.0,37.0,10.6,9.1,9.1,65.8
43512.0,24.6,9.0,9.9,11.5,55.0
31882.0,33.4,10.7,9.3,12.1,65.49999999999999
38162.0,35.1,10.0,9.2,10.1,64.39999999999999
42046.0,26.2,7.4,8.9,10.1,52.6
32036.0,34.6,11.0,8.3,12.7,66.60000000000001
42869.0,35.0,9.4,8.7,8.8,61.89999999999999
32399.0,24.9,9.6,10.1,10.6,55.2
32040.0,32.1,10.2,8.5,13.0,63.8
32350.0,36.3,10.5,9.9,8.9,65.6
28506.0,28.2,9.3,10.5,12.3,60.3
32152.0,36.2,10.6,9.4,12.8,69.0
53639.0,35.8,9.1,7.7,8.2,60.8
92833.0,22.6,6.8,8.2,9.0,46.6
32165.0,33.0,11.2,9.3,12.6,66.1
28292.0,37.3,10.3,9.6,10.2,67.39999999999999
37310.0,25.1,9.2,11.2,11.6,57.1
32207.0,33.0,10.8,10.3,11.9,66.0
35360.0,35.9,10.0,10.2,9.6,65.69999999999999
38552.0,26.4,8.6,9.4,11.0,55.4
32208.0,33.3,10.9,8.8,12.2,65.2
45077.0,35.8,9.5,8.3,8.9,62.49999999999999
27413.0,28.0,9.3,10.7,11.9,59.9
32210.0,34.0,10.8,9.1,12.5,66.4
46464.0,34.7,9.7,8.9,10.0,63.3
57900.0,23.3,7.8,9.2,11.6,51.9
32303.0,34.2,11.3,9.5,12.1,67.1
30783.0,36.7,9.7,9.4,10.9,66.7
32946.0,25.8,8.9,10.0,11.0,55.7
32333.0,33.0,10.2,9.2,12.0,64.4
30841.0,36.3,10.3,10.0,9.5,66.1
31788.0,26.1,8.5,11.4,11.7,57.7
32402.0,34.7,10.4,9.7,12.1,66.89999999999999
57956.0,33.0,8.9,8.0,9.1,59.0
32790.0,26.6,8.7,10.2,11.1,56.6
32418.0,33.2,10.5,9.7,12.1,65.5
31511.0,36.5,10.4,9.4,9.5,65.8
44262.0,23.8,8.2,11.4,10.6,54.0
32441.0,34.0,9.9,9.3,11.5,64.7
37016.0,35.2,10.4,10.4,8.0,64.0
32565.0,26.4,8.8,10.4,11.1,56.7
32518.0,33.3,10.5,9.2,12.0,65.0
31301.0,36.5,10.5,9.9,9.5,66.4
33878.0,26.0,9.1,10.4,11.8,57.3
32521.0,32.8,10.7,9.1,11.8,64.4
30487.0,36.1,10.1,9.5,10.3,66.0
26383.0,28.4,10.1,11.3,12.0,61.8
32681.0,33.9,10.8,8.8,12.1,65.6
44394.0,35.4,10.0,8.9,9.2,63.5
48281.0,26.2,7.2,9.1,10.2,52.7
32683.0,37.3,8.7,8.9,11.3,66.2
40992.0,36.3,7.9,8.7,9.0,61.89999999999999
32701.0,35.3,10.5,11.8,10.3,67.89999999999999
42199.0,30.5,10.8,9.3,9.5,60.1
34888.0,27.3,9.2,9.9,11.4,57.8
32738.0,32.9,10.7,9.1,12.4,65.1
41851.0,35.8,9.9,8.6,9.4,63.7
32995.0,25.6,9.2,10.6,10.4,55.8
32915.0,32.7,10.4,9.0,11.1,63.2
31189.0,37.3,10.2,9.9,7.9,65.3
77845.0,28.5,9.6,10.6,11.7,60.400000000000006
32917.0,35.9,11.7,10.2,12.6,70.39999999999999
27405.0,38.5,11.5,11.1,11.2,72.3
34675.0,25.2,9.4,10.5,11.2,56.3
32921.0,33.5,9.6,8.3,12.1,63.50000000000001
43495.0,33.5,9.7,10.0,10.5,63.7
33097.0,26.7,8.8,10.0,11.1,56.6
33151.0,32.9,10.4,9.3,11.9,64.5
32132.0,36.3,10.5,9.9,9.6,66.3
39047.0,26.4,8.4,9.9,11.1,55.8
33268.0,33.9,10.5,8.8,12.1,65.3
28037.0,36.6,10.4,10.2,9.6,66.8
42098.0,25.5,8.4,10.4,10.5,54.8
33272.0,33.2,10.7,9.4,11.6,64.9
45341.0,33.5,9.8,8.8,9.2,61.3
34219.0,26.4,8.8,10.7,10.0,55.900000000000006
33373.0,31.6,11.3,9.0,12.4,64.30000000000001
31048.0,35.6,10.0,10.1,10.2,65.9
54018.0,25.9,6.8,9.3,10.5,52.5
33416.0,34.3,9.6,8.7,11.9,64.5
42177.0,35.3,9.1,9.2,9.4,62.99999999999999
50707.0,24.5,8.6,8.4,10.3,51.8
33441.0,32.3,10.8,9.5,12.2,64.8
38149.0,35.0,10.4,9.0,9.8,64.2
33854.0,26.6,8.6,10.2,11.2,56.60000000000001
33470.0,32.8,10.2,9.2,11.9,64.10000000000001
31407.0,36.5,10.0,9.8,9.8,66.1
38232.0,25.6,8.8,9.9,11.2,55.5
33490.0,31.9,11.6,8.7,11.8,64.0
32178.0,36.3,10.2,10.5,8.5,65.5
29330.0,28.1,9.0,9.4,11.9,58.4
33492.0,34.9,9.8,9.5,11.1,65.3
40872.0,37.7,9.7,8.8,9.4,65.60000000000001
33565.0,26.4,8.8,10.1,11.0,56.3
33543.0,33.0,10.7,9.2,12.1,65.0
32954.0,36.3,10.2,9.9,9.8,66.2
35360.0,27.2,8.9,9.8,11.4,57.3
33678.0,32.7,10.4,9.3,12.1,64.5
40619.0,35.9,9.8,9.1,9.8,64.60000000000001
34281.0,23.9,9.9,10.4,11.5,55.7
33757.0,31.9,10.7,9.0,11.3,62.89999999999999
32391.0,33.3,10.1,10.5,11.0,64.9
32228.0,26.5,9.3,10.4,11.4,57.6
33895.0,32.4,10.4,9.2,11.7,63.7
34541.0,35.7,10.1,9.2,9.4,64.4
41081.0,26.0,8.5,9.7,11.8,56.0
33906.0,32.2,11.0,9.6,12.2,65.0
35917.0,34.8,9.7,8.9,10.6,64.0
34778.0,26.3,8.9,10.2,10.9,56.3
33968.0,32.7,10.4,9.2,11.8,64.1
32698.0,36.3,10.3,9.4,9.8,65.8
34116.0,26.0,9.2,10.3,11.0,56.5
34012.0,32.8,10.5,9.0,12.0,64.3
33105.0,36.4,10.0,9.4,9.8,65.6
32716.0,26.8,8.2,10.0,11.2,56.2
34107.0,32.8,10.6,9.4,11.2,64.0
32857.0,36.5,10.2,9.0,9.6,65.3
44266.0,28.3,8.4,9.8,11.3,57.8
34113.0,34.8,10.3,8.7,11.7,65.5
36929.0,35.3,9.9,10.3,10.6,66.1
45605.0,23.8,7.5,10.6,9.5,51.4
34210.0,33.4,10.0,8.0,11.9,63.3
37138.0,36.0,8.4,9.4,9.3,63.1
34643.0,26.5,8.9,10.3,10.9,56.6
34213.0,33.7,10.0,9.2,11.6,64.5
35733.0,35.0,10.9,9.1,8.9,63.9
36067.0,25.5,8.2,10.2,11.1,55.00000000000001
34276.0,31.7,10.8,9.1,12.2,63.8
32731.0,35.5,10.4,10.2,9.4,65.5
44135.0,24.4,9.3,11.4,11.2,56.3
34277.0,32.0,10.7,9.9,12.1,64.7
30647.0,36.7,10.2,10.1,10.2,67.2
34285.0,25.7,8.9,10.4,11.2,56.2
34302.0,32.9,10.5,8.8,11.6,63.8
33762.0,36.5,10.1,9.8,9.2,65.60000000000001
27956.0,27.3,9.6,10.3,12.2,59.400000000000006
34345.0,33.1,10.7,9.3,12.2,65.3
46178.0,35.0,9.6,8.9,9.6,63.1
45641.0,25.2,8.6,10.4,9.9,54.1
34390.0,35.0,10.8,8.2,11.9,65.9
40963.0,36.2,9.8,7.3,7.8,61.1
35795.0,25.3,8.2,10.8,11.8,56.1
34571.0,31.9,9.8,9.6,11.8,63.10000000000001
33003.0,35.3,10.3,10.0,9.2,64.8
117752.0,20.1,6.7,9.0,9.2,45.0
34666.0,32.8,10.6,9.5,12.4,65.3
33665.0,37.1,8.9,8.4,9.6,64.0
36571.0,29.1,7.5,10.0,10.7,57.3
34822.0,33.9,9.7,8.5,11.7,63.8
39112.0,35.8,9.5,9.7,8.4,63.4
94000.0,22.0,6.7,8.9,9.5,47.1
34904.0,32.9,9.7,8.8,11.4,62.79999999999999
33002.0,36.3,11.0,9.6,8.7,65.6
34037.0,27.6,8.8,10.2,11.6,58.20000000000001
34910.0,33.3,10.6,9.2,12.2,65.3
42492.0,36.1,9.7,9.3,9.3,64.39999999999999
43044.0,27.2,8.8,10.4,11.9,58.3
34927.0,33.7,10.8,9.3,12.6,66.39999999999999
36382.0,37.0,10.4,9.0,10.3,66.7
35079.0,26.6,8.7,10.0,10.8,56.1
34930.0,32.8,10.5,9.3,11.4,63.99999999999999
33532.0,36.2,10.0,9.7,9.5,65.4
31866.0,26.2,9.1,10.5,11.7,57.5
34952.0,31.8,10.2,9.6,12.1,63.7
23414.0,36.5,10.5,11.6,10.1,68.7
35417.0,26.0,9.1,9.8,10.7,55.60000000000001
35076.0,33.1,10.1,8.7,12.1,64.0
34192.0,36.0,9.9,9.8,9.5,65.2
35666.0,25.9,9.0,10.1,11.1,56.1
35178.0,32.7,10.3,8.4,11.9,63.3
34532.0,36.5,10.0,10.0,9.2,65.7
33863.0,27.0,9.2,10.4,11.5,58.1
35225.0,33.1,10.6,9.4,12.1,65.2
37270.0,37.1,9.8,9.4,9.8,66.10000000000001
37002.0,25.6,8.9,9.8,11.0,55.3
35263.0,32.2,10.5,8.9,12.3,63.900000000000006
33413.0,36.0,9.8,10.1,9.6,65.5
43475.0,24.4,8.8,10.2,10.8,54.2
35404.0,29.9,11.4,9.8,12.6,63.7
32938.0,35.8,10.4,8.2,9.5,63.89999999999999
35472.0,26.7,7.9,9.4,12.1,56.1
35408.0,33.1,10.5,8.3,11.4,63.3
50583.0,24.9,8.3,8.6,10.7,52.5
35456.0,34.9,7.6,7.5,12.4,62.4
33862.0,35.5,10.8,10.0,8.8,65.1
35496.0,25.3,9.1,10.1,11.0,55.5
35566.0,32.4,10.5,9.2,12.1,64.19999999999999
34356.0,36.0,10.2,9.8,9.5,65.5
33050.0,26.4,10.6,10.5,11.4,58.9
35628.0,31.3,10.6,8.5,12.8,63.2
33217.0,34.6,8.9,9.6,10.4,63.5
31493.0,27.9,9.4,10.0,11.7,59.0
35679.0,33.1,10.5,9.4,12.3,65.3
42087.0,35.9,9.9,8.7,9.8,64.3
38082.0,26.0,9.4,8.8,10.9,55.1
35680.0,32.3,9.1,9.0,12.0,62.4
48735.0,34.2,10.3,9.1,8.0,61.6
65711.0,22.6,8.4,10.2,9.8,51.0
35740.0,33.8,10.9,9.4,12.2,66.3
32429.0,36.1,11.0,10.4,10.4,67.9
35968.0,25.7,9.0,9.9,10.6,55.2
35779.0,32.6,10.2,8.8,11.7,63.3
35568.0,35.9,9.9,9.6,9.4,64.8
36077.0,26.6,8.7,9.8,10.9,55.99999999999999
35820.0,32.6,10.3,9.0,11.8,63.7
34259.0,36.7,10.2,9.8,9.6,66.3
33937.0,26.9,8.6,10.5,9.2,55.2
35824.0,33.9,8.3,7.2,11.1,60.50000000000001
38295.0,35.2,10.0,9.5,9.1,63.8
37891.0,29.0,10.2,9.1,9.6,57.900000000000006
35841.0,31.6,9.0,9.3,11.3,61.2
41761.0,34.9,10.3,8.4,8.9,62.5
46116.0,24.8,8.5,9.6,10.5,53.4
35895.0,32.5,10.4,9.0,12.0,63.9
41166.0,35.8,9.6,9.1,9.3,63.8
36794.0,26.5,9.1,10.6,11.2,57.400000000000006
35917.0,33.5,10.4,9.2,11.8,64.89999999999999
34870.0,36.7,10.1,9.5,9.7,66.0
36002.0,24.5,9.0,10.4,10.8,54.7
35923.0,33.0,10.1,9.3,12.5,64.9
33121.0,37.2,10.3,9.6,8.9,66.0
36788.0,26.1,8.5,10.4,11.7,56.7
35942.0,31.6,10.8,9.3,11.8,63.5
35829.0,35.9,10.2,9.4,9.2,64.69999999999999
36271.0,26.1,8.8,10.0,11.1,56.00000000000001
36111.0,32.1,10.4,9.3,11.8,63.6
35547.0,35.5,10.0,9.6,9.5,64.6
40161.0,25.3,8.7,9.5,11.2,54.7
36137.0,32.5,10.5,9.1,11.9,64.0
41759.0,35.0,9.9,9.2,9.5,63.6
34692.0,26.2,8.6,10.5,11.6,56.9
36188.0,32.0,10.3,9.1,12.0,63.4
53716.0,33.1,8.8,8.4,8.8,59.10000000000001
36649.0,23.7,7.2,11.8,10.6,53.3
36290.0,30.6,10.9,9.3,12.2,63.0
35656.0,36.1,10.1,8.9,9.3,64.4
36548.0,25.4,8.6,10.4,10.8,55.2
36345.0,32.2,10.3,9.1,11.5,63.1
35702.0,35.7,10.1,9.5,9.6,64.9
37312.0,27.6,8.4,9.9,9.6,55.5
36413.0,33.0,10.0,8.2,11.2,62.400000000000006
34229.0,35.0,9.9,9.9,9.5,64.3
36316.0,25.9,9.4,10.0,10.4,55.7
36591.0,33.2,9.4,9.3,12.1,64.0
35359.0,36.5,10.3,9.8,9.5,66.1
39225.0,25.9,8.4,9.2,10.5,54.0
36661.0,32.7,9.8,9.3,12.4,64.2
35720.0,37.0,10.4,10.4,8.9,66.7
36937.0,25.6,8.7,9.8,10.8,54.89999999999999
36670.0,32.6,10.2,8.6,11.9,63.3
35899.0,35.8,10.2,9.5,9.4,64.9
51884.0,22.6,8.8,10.3,10.5,52.2
36703.0,33.1,9.6,9.8,11.7,64.2
38443.0,35.8,9.5,9.5,10.5,65.3
47802.0,24.7,8.7,9.5,10.9,53.8
36708.0,33.1,10.6,9.1,12.1,64.9
41281.0,36.1,9.9,9.2,9.6,64.8
42967.0,26.4,9.0,9.8,10.7,55.900000000000006
36732.0,32.3,10.3,9.5,12.0,64.1
41870.0,34.4,9.7,10.2,9.1,63.4
33211.0,27.0,9.8,11.1,11.3,59.2
36821.0,33.8,10.3,8.9,11.2,64.19999999999999
44573.0,35.4,10.6,8.6,9.4,64.0
52248.0,24.2,6.7,9.4,10.8,51.1
36853.0,32.4,9.5,8.6,12.3,62.8
44137.0,35.1,9.8,9.3,9.4,63.6
37569.0,25.5,8.3,10.3,10.6,54.7
36901.0,32.8,10.2,8.8,11.7,63.5
34333.0,35.3,10.1,10.0,9.7,65.1
38057.0,24.7,8.8,10.4,10.9,54.8
36903.0,32.4,10.1,8.9,11.7,63.1
36395.0,35.8,10.3,9.6,9.4,65.1
31450.0,26.8,9.5,10.5,11.4,58.2
36943.0,32.9,10.9,9.2,11.8,64.8
47547.0,34.7,9.4,9.3,9.1,62.50000000000001
64432.0,21.7,7.4,8.9,10.1,48.1
36957.0,30.7,10.8,9.9,12.4,63.8
44786.0,33.9,9.2,9.2,8.7,61.0
40178.0,26.2,8.4,9.9,11.3,55.8
37073.0,33.2,10.4,8.9,12.1,64.6
44630.0,35.8,9.6,9.4,8.6,63.4
38608.0,25.1,8.7,9.9,10.8,54.5
37095.0,32.6,9.9,8.9,11.5,62.9
36080.0,35.7,10.2,9.9,9.3,65.10000000000001
36921.0,26.6,9.1,8.9,11.4,56.0
37118.0,31.6,10.0,9.5,12.2,63.3
36356.0,36.7,10.1,9.8,8.8,65.4
58010.0,24.3,8.4,8.3,9.4,50.4
37236.0,33.7,9.7,10.2,11.5,65.10000000000001
36106.0,36.8,9.6,9.3,9.1,64.8
39679.0,24.9,8.1,10.4,10.3,53.7
37241.0,32.1,10.0,9.0,11.4,62.5
33230.0,34.8,9.9,10.4,9.5,64.6
36696.0,25.4,8.4,10.2,9.8,53.8
37247.0,32.0,9.8,9.1,11.8,62.7
41147.0,35.6,8.8,8.0,8.0,60.400000000000006
49327.0,25.2,8.5,10.5,11.0,55.2
36575.0,33.2,11.1,9.7,12.2,66.2
25555.0,38.2,11.0,10.7,10.6,70.5
37524.0,32.0,10.8,8.0,10.3,61.1
48413.0,30.8,10.5,13.0,6.0,60.3
75701.0,22.3,7.6,9.3,10.3,49.5
37603.0,32.8,10.7,9.1,12.3,64.9
31540.0,36.9,10.3,9.7,10.2,67.10000000000001
38191.0,25.4,9.0,9.3,10.7,54.400000000000006
37779.0,32.3,11.2,7.9,12.0,63.4
38073.0,34.3,9.7,9.7,8.0,61.7
38200.0,25.1,8.7,10.1,10.5,54.4
38084.0,32.4,10.3,8.8,11.8,63.3
38370.0,35.7,10.1,9.4,9.3,64.5
39123.0,25.4,8.5,10.0,10.6,54.5
38087.0,32.2,10.3,9.0,12.0,63.5
37281.0,36.2,10.1,9.4,9.4,65.10000000000001
51152.0,25.6,8.5,8.9,9.2,52.2
38094.0,33.3,9.7,10.0,11.2,64.2
36415.0,35.8,10.2,10.1,8.2,64.3
39280.0,25.1,8.2,9.6,10.1,53.0
38234.0,32.9,10.3,8.3,11.2,62.7
37020.0,35.6,9.1,10.0,9.4,64.10000000000001
39898.0,23.8,8.4,10.3,11.3,53.8
38276.0,32.0,10.4,8.9,11.3,62.6
37215.0,35.0,10.3,9.3,8.1,62.7
39508.0,26.4,8.5,10.5,10.7,56.1
38446.0,33.1,10.5,9.2,11.4,64.2
38374.0,36.1,9.9,9.7,9.8,65.5
36073.0,25.2,9.0,10.2,10.8,55.2
38475.0,31.6,10.2,8.9,11.9,62.6
39645.0,23.8,9.5,10.2,10.3,53.8
38497.0,33.3,10.9,8.3,10.8,63.3
37578.0,35.8,9.8,9.3,9.9,64.8
44468.0,24.9,8.0,9.7,10.3,52.89999999999999
38599.0,31.5,10.1,8.6,11.9,62.1
38085.0,35.4,9.8,8.8,9.9,63.9
48516.0,23.1,7.7,10.2,11.4,52.4
38647.0,31.1,10.4,9.3,12.3,63.1
46977.0,34.3,9.1,9.4,9.3,62.1
39392.0,24.4,8.9,10.3,10.6,54.2
38743.0,31.5,10.1,9.1,11.8,62.5
38692.0,35.2,10.1,9.4,9.3,64.0
38298.0,28.8,9.0,10.1,11.2,59.1
38835.0,34.8,9.6,8.2,11.8,64.39999999999999
31327.0,37.2,10.0,9.6,9.9,66.7
45619.0,26.7,7.7,9.8,10.3,54.5
38858.0,31.5,9.5,8.5,11.6,61.1
45824.0,35.1,9.3,7.8,9.0,61.2
48478.0,24.4,8.6,9.9,11.0,53.9
38865.0,32.9,10.3,9.1,12.1,64.4
43992.0,35.9,9.6,8.9,9.3,63.7
39965.0,25.1,8.4,10.1,10.6,54.2
38866.0,32.4,10.1,8.9,11.7,63.1
35286.0,36.4,9.9,9.5,9.5,65.3
39986.0,25.2,8.6,10.4,11.3,55.5
38881.0,32.5,10.1,9.0,11.5,63.1
39874.0,35.5,10.0,9.3,9.0,63.8
43584.0,23.4,9.8,9.7,11.1,54.00000000000001
38883.0,30.4,10.6,6.4,11.2,58.6
38066.0,32.4,9.5,11.3,9.0,62.2
59030.0,24.6,7.2,10.0,11.0,52.8
38898.0,33.7,9.8,7.9,11.8,63.2
46078.0,26.4,6.7,8.9,9.2,51.2
38903.0,31.3,9.8,8.6,11.6,61.3
46410.0,35.4,10.7,9.1,8.6,63.8
49798.0,23.5,8.3,10.1,10.8,52.7
38949.0,33.1,9.8,9.0,11.1,63.00000000000001
39783.0,24.6,8.4,10.1,10.8,53.900000000000006
39003.0,31.8,10.3,9.0,11.7,62.8
39886.0,35.5,10.3,9.5,9.0,64.3
40646.0,25.2,8.8,9.9,10.3,54.2
39088.0,32.3,9.7,8.8,11.3,62.1
38745.0,35.3,9.7,9.5,9.6,64.1
46890.0,25.6,8.4,9.7,10.9,54.6
39283.0,32.9,10.3,8.9,12.0,64.1
40125.0,35.8,9.8,8.9,9.3,63.8
65660.0,22.1,7.2,8.2,10.2,47.7
39304.0,31.9,9.9,8.0,11.2,61.0
46056.0,35.6,8.4,8.3,9.2,61.5
44456.0,23.6,8.3,10.0,11.0,52.900000000000006
39536.0,31.1,10.9,9.2,10.5,61.7
36328.0,34.6,10.1,9.4,10.0,64.1
53865.0,24.1,7.8,9.2,10.7,51.8
39543.0,32.5,10.5,9.2,11.7,63.900000000000006
43553.0,35.1,9.5,9.0,9.3,62.900000000000006
38243.0,26.7,9.0,9.5,11.1,56.3
39608.0,32.1,10.3,8.7,12.0,63.10000000000001
45917.0,34.9,9.5,8.6,9.3,62.3
48036.0,24.4,8.6,10.3,10.4,53.7
39666.0,32.3,10.3,9.3,11.4,63.29999999999999
34011.0,36.5,10.1,9.6,9.5,65.7
86445.0,17.5,8.6,9.3,9.4,44.8
39720.0,31.2,9.5,9.1,12.1,61.900000000000006
49186.0,34.5,10.0,8.1,7.8,60.4
180292.0,16.8,4.8,6.6,6.5,34.7
39730.0,32.6,9.1,9.6,11.7,63.0
39365.0,34.8,10.1,10.8,8.3,64.0
55006.0,25.1,7.9,8.1,10.6,51.7
39786.0,32.9,10.0,9.0,12.0,63.9
44192.0,36.3,9.6,8.2,8.7,62.8
42679.0,25.1,8.5,9.4,10.7,53.7
39792.0,32.1,10.1,9.0,11.8,63.0
48669.0,34.5,9.6,9.0,8.6,61.7
41070.0,24.8,8.4,9.6,10.6,53.400000000000006
39817.0,32.3,10.0,8.8,11.6,62.7
39062.0,35.5,10.5,9.3,8.7,64.0
40929.0,25.5,8.5,10.2,10.1,54.3
39867.0,32.6,10.0,9.0,11.5,63.1
39590.0,35.8,10.0,9.6,9.5,64.9
40592.0,24.7,8.8,9.8,10.8,54.1
39880.0,31.5,9.9,8.6,11.8,61.8
40106.0,35.3,10.1,9.2,9.1,63.7
55208.0,24.4,8.3,9.0,10.3,52.0
39953.0,32.1,10.0,8.8,12.8,63.7
43727.0,35.5,9.5,7.9,10.1,63.0
45500.0,22.9,9.1,10.2,11.1,53.3
40025.0,32.9,10.0,9.1,11.2,63.2
38451.0,36.1,9.7,9.5,8.9,64.2
45030.0,24.4,8.0,9.7,10.9,52.99999999999999
40031.0,32.9,10.3,8.6,12.0,63.8
47520.0,34.8,9.4,8.9,8.9,61.99999999999999
41068.0,24.3,8.6,10.1,10.8,53.8
40053.0,31.4,10.3,8.9,11.5,62.1
40444.0,35.7,9.8,9.5,8.5,63.5
45221.0,25.0,8.9,9.3,10.0,53.2
40096.0,32.3,8.6,9.0,12.3,62.2
49644.0,36.2,7.6,6.9,8.1,58.8
32688.0,27.8,9.0,9.9,11.7,58.39999999999999
40128.0,32.7,10.1,9.1,12.2,64.10000000000001
50704.0,34.3,9.5,8.6,9.2,61.6
41149.0,25.3,8.5,10.1,10.9,54.8
40186.0,32.0,10.0,8.7,12.5,63.2
38645.0,35.5,10.1,9.6,9.2,64.4
39838.0,25.9,8.2,9.9,11.8,55.8
40226.0,32.6,9.9,8.2,11.1,61.8
42530.0,35.6,9.1,8.8,9.4,62.9
42385.0,25.0,8.6,9.4,9.5,52.5
40251.0,32.9,9.6,10.3,10.9,63.7
159990.0,10.0,8.0,6.2,8.2,32.4
40469.0,31.9,10.2,9.0,11.6,62.7
62768.0,33.8,9.2,9.1,7.4,59.5
57606.0,23.4,7.2,9.1,10.9,50.6
40513.0,32.0,9.9,7.9,11.1,60.9
41854.0,35.2,9.8,8.6,8.4,62.0
41419.0,25.1,8.4,9.5,10.8,53.8
40515.0,32.9,9.6,9.4,11.9,63.8
28565.0,28.5,9.7,10.5,11.9,60.6
40577.0,32.7,10.6,9.2,11.8,64.3
51958.0,34.5,9.2,8.0,9.5,61.2
41743.0,24.3,8.5,9.7,10.4,52.9
40729.0,32.1,10.2,8.7,11.8,62.8
40889.0,35.8,9.8,9.2,9.2,64.0
41654.0,25.0,8.4,9.9,10.5,53.8
40800.0,31.5,10.0,8.6,11.8,61.900000000000006
41148.0,35.2,9.9,9.4,9.1,63.6
35349.0,26.3,8.9,10.5,11.5,57.2
40836.0,32.0,9.9,9.0,12.1,63.0
50290.0,33.6,9.4,9.0,8.7,60.7
51255.0,26.5,8.5,9.5,11.1,55.6
40949.0,32.8,10.2,9.0,12.3,64.3
53366.0,36.2,10.2,8.8,9.0,64.2
66715.0,22.3,7.0,9.6,10.0,48.9
41033.0,30.7,10.4,9.3,11.8,62.2
39095.0,35.1,9.9,9.2,9.1,63.3
42246.0,23.6,9.2,9.4,11.4,53.6
41091.0,31.6,8.9,9.6,9.8,59.900000000000006
38560.0,35.3,10.0,8.3,9.5,63.1
31383.0,27.2,9.5,10.0,11.4,58.1
41104.0,31.9,10.4,8.7,11.8,62.8
49462.0,34.0,10.2,8.6,8.7,61.5
35831.0,25.6,9.2,10.6,11.3,56.7
41146.0,31.7,10.5,8.9,11.9,63.0
40349.0,35.2,10.1,9.6,9.3,64.2
40203.0,26.0,8.8,10.1,11.3,56.2
41222.0,32.1,10.1,9.5,12.2,63.900000000000006
49000.0,34.3,9.6,8.7,9.1,61.7
62994.0,23.2,8.1,9.3,9.8,50.39999999999999
41230.0,31.8,9.9,9.1,11.9,62.7
41360.0,35.1,8.8,9.3,9.0,62.2
55923.0,22.6,10.2,9.0,11.2,53.0
41235.0,33.3,10.8,8.7,11.6,64.39999999999999
45207.0,35.1,9.6,8.5,8.1,61.3
41444.0,24.3,8.6,9.2,11.7,53.8
41274.0,32.0,9.7,8.4,11.4,61.5
39172.0,34.9,10.5,8.7,9.7,63.8
44190.0,24.8,8.3,10.0,10.3,53.400000000000006
41275.0,31.7,9.9,8.8,11.7,62.10000000000001
41190.0,35.6,10.0,9.3,8.9,63.8
45792.0,24.9,8.3,9.4,10.9,53.5
41325.0,32.0,10.2,8.7,11.8,62.7
48794.0,34.6,9.3,8.6,8.8,61.30000000000001
40626.0,25.4,8.9,10.3,10.7,55.3
41342.0,31.8,10.0,9.4,11.7,62.89999999999999
44653.0,35.0,10.0,9.2,9.2,63.400000000000006
55925.0,23.5,7.7,9.4,10.6,51.2
41380.0,31.6,10.3,9.0,11.9,62.8
44663.0,35.2,9.9,8.7,9.3,63.1
42615.0,24.9,8.9,10.0,10.1,53.9
41445.0,31.6,9.2,9.4,11.0,61.2
40381.0,35.1,9.1,9.6,9.0,62.8
41767.0,24.9,8.3,10.0,10.4,53.6
41517.0,31.8,9.9,8.8,11.7,62.2
41974.0,35.6,9.8,9.6,8.9,63.900000000000006
42465.0,23.9,8.6,10.2,10.9,53.6
41606.0,31.8,9.8,9.2,11.3,62.1
36660.0,35.2,10.0,9.7,9.4,64.30000000000001
42801.0,24.6,8.3,9.9,10.7,53.5
41615.0,32.4,9.9,8.7,11.5,62.5
39353.0,35.5,10.2,9.5,9.2,64.4
42721.0,24.1,8.3,10.1,10.6,53.10000000000001
41719.0,31.5,10.0,8.6,12.0,62.1
41576.0,35.3,10.0,9.3,9.3,63.89999999999999
44370.0,21.4,9.0,11.1,12.1,53.6
41747.0,33.1,9.7,9.3,11.9,63.99999999999999
51908.0,35.8,9.4,8.6,8.0,61.8
53058.0,23.5,9.2,7.8,9.8,50.3
41754.0,33.3,10.7,8.4,11.4,63.8
38566.0,35.6,9.6,8.9,10.0,64.1
48400.0,26.3,7.6,8.9,10.8,53.6
41876.0,33.5,8.8,8.6,11.3,62.2
39723.0,36.5,10.0,9.4,9.8,65.7
43129.0,24.7,8.7,9.6,10.2,53.2
41929.0,31.4,9.9,8.8,11.1,61.2
42262.0,35.0,9.9,9.6,9.1,63.6
43465.0,25.2,8.5,10.0,10.7,54.400000000000006
41958.0,32.4,10.4,8.6,11.9,63.3
41578.0,36.1,9.9,9.7,9.0,64.7
53080.0,21.8,7.6,10.3,10.3,50.0
42090.0,30.5,10.8,8.6,12.4,62.3
36103.0,35.6,9.7,8.9,8.7,62.89999999999999
43279.0,24.5,8.1,10.0,10.5,53.1
42096.0,31.6,9.7,8.8,11.5,61.6
42466.0,35.2,9.8,8.6,9.2,62.8
52679.0,23.4,7.8,10.0,11.0,52.2
42133.0,32.4,10.0,9.0,12.0,63.4
43123.0,35.5,9.9,9.1,9.5,64.0
37839.0,26.5,8.8,10.3,11.5,57.1
42219.0,32.7,10.0,8.9,11.7,63.3
49564.0,34.9,9.5,8.7,9.1,62.2
44442.0,24.9,8.8,10.0,11.8,55.5
42331.0,31.3,9.3,8.6,12.1,61.3
49541.0,34.2,9.0,7.5,10.2,60.900000000000006
46593.0,25.0,8.5,9.8,10.9,54.2
42341.0,32.3,10.3,9.3,12.0,63.89999999999999
39931.0,36.1,10.0,9.6,9.7,65.4
40479.0,25.6,9.0,9.9,11.4,55.9
42376.0,32.6,10.0,8.7,11.2,62.5
48588.0,34.4,9.7,9.4,8.7,62.19999999999999
43566.0,23.7,8.3,9.9,10.6,52.5
42424.0,31.1,10.1,8.8,11.9,61.9
42545.0,35.4,9.7,8.7,9.1,62.9
78195.0,21.8,8.0,9.2,9.9,48.9
42427.0,31.9,9.6,9.7,11.4,62.6
42048.0,36.5,9.7,8.6,8.2,63.0
56143.0,22.0,7.9,10.6,10.0,50.5
42444.0,31.2,10.1,9.1,11.6,62.0
48993.0,34.9,8.3,8.9,8.8,60.900000000000006
44952.0,24.9,8.2,9.9,10.1,53.1
42647.0,30.8,9.1,8.3,11.4,59.6
50885.0,34.3,10.6,6.9,8.4,60.2
59517.0,23.0,7.7,8.9,10.1,49.7
42654.0,32.4,10.0,8.9,11.9,63.2
46098.0,34.9,9.7,8.9,9.1,62.6
44134.0,24.7,8.4,9.8,10.4,53.3
42752.0,31.5,9.9,8.9,11.5,61.8
42738.0,34.9,10.1,9.3,9.2,63.5
35386.0,25.4,9.2,10.9,11.9,57.39999999999999
42773.0,33.0,10.2,7.6,11.5,62.3
43621.0,35.3,9.9,8.6,8.4,62.2
64174.0,24.0,8.4,9.9,11.6,53.9
42774.0,31.0,10.7,8.2,12.1,62.00000000000001
64945.0,33.0,9.2,7.8,8.9,58.9
44017.0,24.7,8.4,10.1,10.2,53.400000000000006
42806.0,32.2,10.1,8.7,11.4,62.4
41324.0,35.8,9.9,9.5,9.1,64.3
44384.0,24.0,8.5,9.4,10.1,52.0
42812.0,31.2,10.2,8.8,11.6,61.8
42873.0,34.8,9.7,9.2,9.1,62.8
39027.0,25.0,8.9,10.0,11.0,54.9
42863.0,30.9,9.9,9.0,11.4,61.2
42622.0,35.0,9.9,9.5,8.8,63.2
42549.0,25.1,9.0,10.1,10.7,54.900000000000006
42885.0,31.6,10.1,8.7,11.7,62.10000000000001
39880.0,35.0,10.2,9.5,9.2,63.900000000000006
64525.0,22.4,7.4,8.6,9.6,48.0
42981.0,30.9,10.3,8.9,12.1,62.2
48935.0,34.4,10.0,7.9,9.1,61.4
41800.0,24.9,8.5,9.9,10.2,53.5
42983.0,31.7,9.9,8.4,11.5,61.5
40771.0,35.0,10.2,9.4,8.9,63.5
42933.0,24.0,8.8,10.6,10.2,53.6
43094.0,31.5,10.3,9.0,11.6,62.4
43561.0,25.5,8.6,9.8,11.4,55.3
43171.0,31.7,10.0,9.1,11.4,62.2
45062.0,34.9,9.5,8.8,9.1,62.3
42319.0,25.8,7.9,10.4,11.0,55.1
43201.0,31.7,10.4,9.3,12.0,63.400000000000006
46659.0,33.9,9.9,9.3,8.7,61.8
44729.0,24.5,8.1,9.0,10.2,51.8
43225.0,30.9,8.8,9.0,12.0,60.7
44003.0,36.3,9.7,9.6,8.6,64.2
46955.0,24.1,8.2,9.8,10.8,52.89999999999999
43436.0,31.7,10.3,8.4,11.8,62.2
46297.0,35.0,9.8,8.8,8.7,62.3
60191.0,23.8,8.9,10.3,10.2,53.2
43602.0,32.7,10.6,7.6,11.2,62.10000000000001
48864.0,34.0,10.0,9.8,9.0,62.8
44914.0,24.7,8.3,9.7,10.6,53.3
43623.0,31.7,10.1,8.7,11.4,61.9
43157.0,35.4,9.8,9.3,9.5,64.0
56003.0,23.2,8.1,9.0,10.5,50.8
43641.0,31.6,9.8,8.9,11.6,61.900000000000006
47353.0,34.8,9.8,8.6,9.1,62.3
45064.0,24.1,8.4,9.8,10.1,52.4
43644.0,32.2,9.7,8.7,11.6,62.20000000000001
43211.0,35.0,9.8,9.5,9.1,63.4
46547.0,28.2,5.9,5.6,11.4,51.1
43794.0,33.3,10.7,8.7,11.4,64.10000000000001
47933.0,35.1,9.6,8.4,9.8,62.900000000000006
49825.0,24.1,8.2,9.9,10.4,52.6
43825.0,32.2,10.2,8.8,11.8,63.0
36993.0,36.0,10.1,9.7,9.5,65.3
47967.0,23.0,7.8,10.5,9.5,50.8
44306.0,32.0,9.4,9.0,11.3,61.7
47811.0,33.8,8.5,8.4,7.7,58.4
58550.0,24.2,8.2,8.2,10.5,51.1
44337.0,31.7,10.7,9.0,12.1,63.5
43936.0,37.4,9.5,7.5,8.7,63.1
48204.0,24.0,6.7,9.2,10.8,50.7
44340.0,30.8,9.9,9.6,11.6,61.900000000000006
41768.0,34.7,9.9,11.1,9.1,64.8
42798.0,25.7,8.8,10.0,11.1,55.6
44355.0,31.8,10.3,8.6,11.7,62.400000000000006
52154.0,34.1,9.1,8.3,9.2,60.7
49316.0,24.3,8.1,9.0,10.7,52.1
44446.0,30.8,10.4,8.9,12.0,62.1
47227.0,34.9,8.7,8.7,7.3,59.6
44962.0,23.8,8.5,9.6,10.4,52.3
44509.0,31.2,9.8,8.3,11.1,60.4
44007.0,34.9,9.4,9.4,8.5,62.2
43621.0,24.5,8.6,10.2,10.5,53.8
44541.0,30.8,10.4,8.7,11.5,61.400000000000006
42863.0,35.6,10.1,9.4,8.8,63.900000000000006
57114.0,24.7,8.2,9.3,10.2,52.400000000000006
44566.0,31.6,10.9,8.7,11.4,62.6
53839.0,33.4,9.4,8.4,8.5,59.7
44009.0,26.6,9.2,10.8,11.2,57.8
44625.0,29.6,10.2,7.5,12.5,59.8
61273.0,35.5,10.1,7.3,8.9,61.8
46375.0,25.0,9.1,7.2,9.9,51.2
44769.0,31.4,10.8,8.1,11.3,61.60000000000001
45320.0,35.0,9.6,8.5,9.1,62.2
39907.0,24.6,8.3,10.0,10.9,53.8
44833.0,31.2,9.2,8.4,11.4,60.2
70078.0,24.1,7.9,6.8,9.1,47.9
45052.0,32.5,10.4,8.7,12.0,63.6
61947.0,30.3,8.9,8.6,8.4,56.2
46883.0,22.7,8.4,10.6,10.9,52.6
45086.0,30.9,9.9,8.7,11.6,61.1
52090.0,32.7,9.8,8.8,6.4,57.7
47699.0,24.4,8.2,7.4,11.0,50.99999999999999
45131.0,32.5,10.3,7.0,11.0,60.8
58563.0,34.1,9.3,7.6,8.4,59.400000000000006
59633.0,23.0,7.8,9.4,10.2,50.400000000000006
45317.0,31.8,9.6,8.2,11.7,61.3
50908.0,33.5,9.5,8.6,8.6,60.2
103228.0,21.5,7.7,8.9,9.9,48.0
45357.0,32.8,10.3,9.0,12.1,64.19999999999999
43599.0,36.1,9.9,9.6,9.6,65.2
99762.0,20.8,7.1,8.5,10.7,47.1
45384.0,31.4,9.8,8.3,12.0,61.5
50147.0,34.8,8.5,7.7,9.7,60.7
46615.0,23.2,8.0,9.4,11.4,52.0
45437.0,30.7,9.3,9.2,11.9,61.1
45027.0,34.6,9.5,8.7,8.9,61.7
109811.0,18.2,6.8,8.4,9.4,42.8
45444.0,31.8,10.8,8.0,12.1,62.7
77591.0,31.6,8.9,8.0,6.9,55.4
45658.0,23.0,8.2,10.6,10.6,52.4
45492.0,31.0,9.2,8.2,11.1,59.50000000000001
45585.0,35.0,9.5,9.5,8.4,62.4
46168.0,24.6,7.8,8.2,10.8,51.39999999999999
45497.0,30.9,10.5,9.7,11.4,62.49999999999999
45719.0,34.6,10.3,9.1,9.0,63.00000000000001
49994.0,23.8,7.9,8.4,10.4,50.5
45620.0,31.1,9.6,8.8,11.9,61.4
41764.0,35.0,9.9,9.9,9.1,63.9
57060.0,24.1,8.6,8.6,10.7,52.0
45633.0,31.1,10.4,8.2,11.9,61.6
46152.0,23.7,8.1,10.2,10.6,52.6
45635.0,30.7,9.6,9.0,11.6,60.9
35480.0,34.6,10.5,10.0,9.1,64.2
46971.0,24.8,8.2,9.3,11.3,53.6
45752.0,31.8,9.5,8.4,11.7,61.39999999999999
50917.0,34.0,9.3,9.1,9.0,61.4
63073.0,22.7,7.8,8.7,9.8,49.0
40710.0,25.7,8.6,10.1,11.1,55.5
45791.0,31.3,9.9,8.8,11.3,61.3
56619.0,32.2,9.5,8.3,8.5,58.5
39641.0,24.9,8.5,10.3,11.2,54.900000000000006
45814.0,30.9,11.0,9.4,12.0,63.3
54016.0,34.8,10.6,9.0,8.8,63.2
81935.0,20.9,8.3,9.2,11.8,50.2
45822.0,32.2,9.8,9.9,11.7,63.6
48937.0,35.6,9.1,7.8,9.0,61.5
83879.0,21.3,7.1,8.0,9.8,46.2
45823.0,30.8,9.7,8.8,11.9,61.2
45636.0,34.7,9.5,8.6,8.2,61.0
46322.0,24.4,7.4,9.8,10.2,51.8
45880.0,30.5,10.0,8.0,11.6,60.1
46479.0,36.0,9.4,8.7,8.2,62.3
45817.0,23.3,8.4,10.1,10.6,52.400000000000006
45908.0,30.6,9.8,8.9,11.2,60.5
43197.0,35.1,10.2,9.7,8.4,63.4
80141.0,20.8,7.6,9.4,9.6,47.4
45962.0,32.1,9.9,8.9,11.7,62.6
49889.0,35.8,10.0,8.3,8.1,62.2
46125.0,24.6,8.8,8.0,11.5,52.900000000000006
45969.0,30.1,10.8,8.6,11.8,61.30000000000001
42321.0,34.9,9.8,9.2,10.0,63.900000000000006
46226.0,25.1,7.9,10.3,10.1,53.4
46084.0,30.9,9.7,7.8,10.7,59.1
46461.0,34.4,9.3,8.8,8.2,60.7
100935.0,18.8,6.5,8.5,8.6,42.4
46133.0,32.3,8.9,8.2,11.5,60.89999999999999
42078.0,35.9,9.2,8.3,8.8,62.19999999999999
51113.0,23.6,8.4,9.5,10.2,51.7
46161.0,31.4,10.2,8.6,10.5,60.7
43774.0,34.7,8.5,9.0,8.4,60.6
44960.0,23.6,8.8,10.0,11.0,53.400000000000006
46314.0,31.5,9.7,8.4,11.5,61.1
53959.0,33.5,9.1,8.4,8.6,59.6
120295.0,18.0,6.3,7.4,9.0,40.7
46405.0,32.7,10.2,8.3,12.0,63.2
42110.0,35.3,9.9,9.5,10.0,64.69999999999999
63617.0,23.4,7.2,8.2,10.0,48.8
46513.0,31.8,9.9,8.6,10.5,60.8
48303.0,35.6,10.0,8.7,8.2,62.5
52330.0,22.0,6.9,10.2,11.9,50.99999999999999
46638.0,32.1,9.6,6.9,11.3,59.900000000000006
51407.0,32.7,8.8,8.3,8.5,58.3
46682.0,23.8,8.1,9.8,10.2,51.900000000000006
46752.0,30.7,9.9,8.7,11.6,60.9
44990.0,34.6,9.9,9.1,9.0,62.6
52381.0,23.0,7.9,9.3,10.6,50.8
46835.0,30.7,9.8,8.6,11.7,60.8
53349.0,34.2,9.1,8.2,8.8,60.3
54591.0,24.3,8.2,7.6,10.6,50.7
46869.0,31.5,9.8,8.8,11.8,61.89999999999999
49514.0,35.5,10.0,8.5,8.2,62.2
64386.0,21.8,8.0,9.4,9.2,48.400000000000006
46966.0,30.9,10.5,8.4,11.9,61.7
47466.0,23.5,8.4,9.5,10.2,51.6
46995.0,32.3,9.2,7.3,11.0,59.8
46797.0,31.9,9.6,9.0,8.4,58.9
46639.0,23.8,8.3,9.9,10.2,52.2
47006.0,30.8,9.8,8.5,11.4,60.5
43368.0,35.0,9.9,9.3,8.9,63.1
73940.0,22.0,7.6,8.3,10.1,48.00000000000001
47063.0,31.6,10.3,8.5,10.9,61.3
46468.0,35.0,10.3,9.6,8.7,63.6
47214.0,22.6,8.6,9.8,10.2,51.2
47076.0,31.3,9.2,8.5,10.7,59.7
46643.0,34.5,9.8,9.3,8.0,61.6
55581.0,22.1,8.6,10.7,10.1,51.50000000000001
47116.0,29.9,10.5,8.1,11.8,60.3
47960.0,32.3,9.7,10.3,7.7,60.0
46343.0,23.6,8.8,10.3,10.8,53.5
47251.0,30.8,10.3,9.1,11.6,61.8
63415.0,22.4,7.6,8.8,9.6,48.4
47310.0,31.2,9.6,8.3,11.5,60.6
50800.0,33.9,9.6,8.9,9.0,61.4
79550.0,23.4,8.0,9.0,10.5,50.9
47315.0,31.7,10.8,9.3,12.0,63.8
49918.0,35.6,9.8,8.9,9.2,63.5
99844.0,19.2,6.1,7.9,9.0,42.2
47343.0,31.6,9.8,9.4,11.5,62.3
48803.0,23.8,8.5,9.5,9.7,51.5
47844.0,31.2,9.7,8.4,11.6,60.9
56487.0,33.4,9.3,8.4,8.1,59.2
47890.0,23.2,8.1,9.6,10.2,51.1
47938.0,30.4,9.6,8.7,11.4,60.1
46471.0,34.5,9.7,9.3,8.6,62.1
49145.0,24.6,8.1,8.9,10.4,52.0
47964.0,31.2,9.1,9.1,11.7,61.1
44928.0,34.1,10.7,9.4,9.3,63.5
43626.0,24.7,8.4,10.1,10.8,54.0
47986.0,31.3,9.8,8.8,12.1,62.00000000000001
46255.0,24.3,8.8,10.2,10.3,53.6
47995.0,31.2,10.0,8.5,11.8,61.5
54930.0,21.6,8.8,8.9,10.6,49.900000000000006
48061.0,31.4,9.4,7.8,11.0,59.6
57312.0,33.1,8.6,8.4,7.5,57.6
41770.0,25.4,8.1,9.8,10.9,54.2
48157.0,30.5,9.8,9.0,11.6,60.9
68103.0,21.7,7.4,8.9,10.0,48.0
48233.0,30.8,9.9,8.1,11.5,60.3
52434.0,33.6,9.5,8.7,8.3,60.1
48133.0,23.0,7.9,9.7,10.0,50.6
48347.0,31.1,9.6,8.0,11.1,59.8
47787.0,33.8,9.7,8.9,8.7,61.1
107952.0,21.0,5.8,8.0,8.4,43.2
48356.0,30.8,9.8,8.5,11.7,60.8
50172.0,34.8,10.3,8.6,8.1,61.8
54704.0,22.2,7.1,9.3,9.7,48.3
48391.0,30.2,9.7,9.2,10.8,59.89999999999999
56191.0,33.5,9.3,8.3,7.6,58.7
169551.0,19.2,3.4,6.1,6.2,34.9
48414.0,29.8,10.0,9.0,11.1,59.9
47394.0,34.2,9.7,8.6,10.3,62.80000000000001
89387.0,22.7,7.0,9.2,10.4,49.3
48450.0,31.8,10.2,8.4,11.6,62.0
43928.0,35.2,9.6,9.0,9.3,63.10000000000001
48351.0,24.6,8.4,9.2,10.9,53.1
48484.0,31.2,9.7,8.8,11.6,61.3
58784.0,32.8,9.2,7.8,9.2,59.0
174317.0,16.1,4.5,5.4,9.4,35.4
48487.0,32.0,9.8,8.1,12.5,62.4
78440.0,30.1,8.3,8.1,8.3,54.80000000000001
47732.0,24.6,9.0,10.4,10.7,54.7
48592.0,30.9,9.9,8.7,11.8,61.3
56164.0,33.2,9.7,9.1,8.2,60.2
47612.0,23.8,8.9,9.9,11.0,53.6
48607.0,31.3,9.4,8.2,11.7,60.60000000000001
59232.0,33.4,9.0,8.3,8.2,58.900000000000006
47589.0,25.4,8.2,9.7,10.4,53.7
48663.0,31.3,9.9,8.7,11.4,61.3
48824.0,22.8,9.1,9.6,11.4,52.9
48671.0,29.2,8.9,7.9,12.7,58.7
48001.0,35.9,10.7,9.0,7.7,63.3
48295.0,21.3,8.2,10.7,10.0,50.2
48692.0,30.3,8.8,7.8,11.1,58.0
48073.0,34.4,8.7,9.6,8.3,61.0
58833.0,21.9,5.5,9.9,8.4,45.7
48693.0,30.1,8.3,8.6,9.3,56.30000000000001
54344.0,34.5,9.5,7.2,9.0,60.2
48447.0,24.5,8.1,10.0,10.1,52.7
48808.0,30.6,10.0,8.5,11.1,60.2
46476.0,34.8,9.7,9.1,9.2,62.8
73862.0,22.5,6.4,7.7,9.0,45.6
49088.0,30.8,9.9,9.4,11.6,61.7
54091.0,35.9,9.6,7.5,8.3,61.3
48836.0,22.9,7.5,11.2,8.2,49.8
49160.0,30.0,9.6,9.3,11.3,60.2
48191.0,32.8,10.3,9.8,9.0,61.89999999999999
59650.0,23.4,7.6,8.2,10.0,49.2
49295.0,29.8,10.1,8.9,11.2,60.0
49952.0,33.0,9.5,7.9,9.7,60.1
47282.0,24.2,8.2,9.4,10.9,52.7
49369.0,30.9,9.8,8.1,11.7,60.5
59978.0,33.3,9.3,8.3,8.6,59.49999999999999
48449.0,24.1,8.0,9.5,10.8,52.400000000000006
49398.0,31.3,9.4,8.7,11.6,61.00000000000001
56390.0,33.2,9.2,8.4,8.7,59.5
46419.0,24.6,8.5,9.8,10.7,53.60000000000001
49425.0,31.4,9.5,8.8,11.8,61.5
55411.0,34.2,9.6,8.0,8.8,60.60000000000001
48470.0,23.6,7.8,9.8,10.1,51.3
49571.0,30.7,9.9,8.2,11.1,59.9
46824.0,34.3,10.1,9.2,8.1,61.7
52472.0,24.0,7.7,9.2,10.2,51.1
49604.0,31.2,9.7,8.1,11.2,60.2
47436.0,33.8,9.4,9.2,8.4,60.79999999999999
54143.0,23.0,7.9,7.5,9.8,48.2
49611.0,28.7,10.6,9.6,11.0,59.9
48869.0,33.3,9.8,8.9,9.2,61.19999999999999
52062.0,23.4,8.2,9.3,10.9,51.8
49623.0,30.7,10.2,8.3,11.6,60.8
54911.0,33.2,9.4,8.7,8.6,59.9
40461.0,25.3,8.7,9.8,10.8,54.6
49676.0,30.7,9.8,8.7,11.5,60.7
44055.0,35.6,9.8,9.1,9.3,63.80000000000001
50059.0,24.2,7.6,9.1,9.9,50.8
49682.0,30.2,9.6,8.0,11.2,59.0
43835.0,34.8,9.3,7.2,9.6,60.9
54052.0,23.1,7.8,9.2,10.1,50.2
49684.0,31.0,9.8,8.3,11.2,60.3
52933.0,33.9,9.4,8.6,8.3,60.2
52095.0,21.2,7.8,9.3,10.2,48.5
49797.0,29.5,9.4,8.0,12.6,59.5
49678.0,33.2,9.2,9.5,7.6,59.50000000000001
43139.0,26.3,9.1,9.7,10.9,55.99999999999999
49849.0,31.2,10.0,8.5,11.8,61.5
61103.0,33.7,9.2,8.0,8.8,59.7
49135.0,24.8,8.3,9.0,9.9,52.0
50224.0,29.8,9.7,7.5,11.9,58.9
48884.0,34.4,9.5,8.6,8.4,60.9
55330.0,25.2,7.0,8.2,9.2,49.60000000000001
50227.0,31.0,9.1,7.8,10.6,58.5
58762.0,32.2,10.2,7.6,8.6,58.60000000000001
68030.0,19.2,6.6,8.9,7.1,41.8
50246.0,29.9,10.1,9.3,11.5,60.8
49915.0,33.5,9.5,9.9,9.6,62.5
64597.0,22.3,8.0,9.2,9.5,49.0
50318.0,30.6,9.6,8.4,11.1,59.7
59629.0,33.8,9.4,8.1,8.6,59.9
68786.0,20.8,7.3,9.4,10.1,47.6
50401.0,29.4,10.0,9.0,10.0,58.4
50249.0,33.1,10.6,7.5,9.0,60.2
49606.0,23.8,7.8,9.3,9.9,50.8
50465.0,30.7,9.3,8.4,11.2,59.6
49731.0,34.3,9.4,9.1,8.6,61.4
51040.0,23.5,7.0,11.5,10.4,52.4
50489.0,31.6,9.7,7.0,11.1,59.4
48027.0,35.3,10.3,8.9,7.5,61.99999999999999
50895.0,23.5,7.8,9.5,9.9,50.7
50590.0,30.5,9.8,8.1,11.1,59.5
48299.0,34.7,9.8,8.8,8.7,62.0
81212.0,25.3,8.9,9.7,11.1,55.00000000000001
50685.0,32.8,10.6,9.4,12.0,64.8
53530.0,35.4,10.4,9.7,10.1,65.6
57557.0,22.6,8.6,9.1,11.8,52.10000000000001
50732.0,29.4,9.9,8.9,12.2,60.39999999999999
54492.0,33.5,8.3,8.1,8.6,58.5
57085.0,23.0,7.4,9.0,9.8,49.2
50915.0,30.6,9.6,8.2,11.0,59.400000000000006
59022.0,33.3,9.1,8.2,8.0,58.6
52711.0,21.8,9.7,9.8,10.2,51.5
50930.0,28.6,9.4,10.1,11.3,59.400000000000006
48745.0,35.3,9.8,8.3,9.1,62.49999999999999
50759.0,24.2,8.2,10.1,8.9,51.4
50942.0,29.6,10.2,8.7,11.4,59.9
47655.0,34.3,9.6,10.5,8.5,62.9
53369.0,23.1,7.8,8.2,10.6,49.7
50946.0,29.5,9.4,7.5,11.4,57.8
63698.0,31.7,8.6,6.1,8.3,54.7
50727.0,23.1,7.9,9.1,10.4,50.5
51155.0,30.4,9.1,8.5,10.8,58.8
49251.0,34.3,9.6,8.9,8.7,61.5
53885.0,23.5,7.0,8.2,9.6,48.3
51187.0,29.4,10.1,9.0,10.9,59.4
50436.0,33.1,11.1,7.5,8.0,59.7
57851.0,23.1,8.0,9.0,10.4,50.5
51200.0,30.8,9.8,8.1,12.2,60.900000000000006
53522.0,33.9,9.5,8.7,9.2,61.3
65722.0,19.8,8.4,9.0,10.4,47.6
51275.0,30.3,9.3,6.8,10.8,57.2
54511.0,35.6,9.7,8.0,8.8,62.1
52274.0,23.2,8.4,10.0,10.4,52.0
51366.0,30.9,9.7,8.2,10.9,59.7
60217.0,33.0,8.9,8.7,7.9,58.49999999999999
57730.0,21.8,10.2,8.6,9.7,50.3
51436.0,31.8,9.8,7.0,10.4,59.0
67708.0,31.9,10.0,7.2,8.2,57.3
73158.0,22.1,7.4,8.0,9.5,47.0
51473.0,31.0,9.7,8.2,11.4,60.3
50208.0,34.6,9.8,8.0,9.5,61.900000000000006
62635.0,20.5,6.7,9.8,10.2,47.2
51555.0,32.8,9.1,6.2,9.6,57.7
69011.0,31.5,7.6,7.2,7.1,53.400000000000006
62297.0,22.5,7.8,9.0,9.9,49.2
51601.0,30.3,9.7,8.4,11.3,59.7
55435.0,33.8,9.1,8.4,9.1,60.4
76362.0,22.8,6.8,7.8,10.0,47.4
51677.0,31.4,9.9,8.5,10.2,60.0
51020.0,34.6,8.9,9.5,8.3,61.3
49819.0,23.3,7.7,9.3,10.1,50.4
51699.0,30.8,9.8,8.4,11.1,60.1
50187.0,23.1,7.8,9.5,10.1,50.50000000000001
51902.0,29.9,9.8,8.7,10.8,59.2
51196.0,34.0,9.9,9.0,8.2,61.1
76055.0,18.7,7.5,10.7,10.8,47.7
51994.0,30.2,9.4,8.4,9.9,57.9
49934.0,35.5,8.6,8.1,9.5,61.7
56324.0,22.3,8.1,9.4,9.9,49.7
52052.0,30.1,9.4,8.1,10.9,58.5
53967.0,33.4,9.7,8.5,8.3,59.89999999999999
54185.0,22.0,9.1,8.6,10.4,50.1
52056.0,26.0,11.0,8.0,12.3,57.3
58161.0,31.5,9.6,8.0,8.4,57.5
64639.0,18.6,8.0,10.8,9.8,47.2
52134.0,29.4,8.7,7.9,11.6,57.6
57939.0,33.4,8.6,8.4,8.0,58.4
53133.0,23.6,8.1,9.8,10.0,51.5
52185.0,31.2,9.4,8.4,11.1,60.1
53064.0,34.7,9.9,9.1,8.4,62.1
42636.0,25.2,9.0,9.0,11.1,54.3
52245.0,30.3,9.3,9.1,11.6,60.3
59610.0,31.4,9.5,8.6,7.3,56.8
56852.0,23.3,8.3,9.0,11.0,51.6
52302.0,30.5,9.5,7.9,10.1,58.0
57485.0,32.0,9.7,8.8,8.4,58.9
58944.0,21.4,8.8,8.9,10.2,49.3
52349.0,31.9,9.2,8.0,11.6,60.7
55967.0,36.5,9.1,6.4,9.5,61.5
51827.0,22.5,7.4,9.9,10.0,49.8
52412.0,29.9,10.2,7.8,11.6,59.49999999999999
50087.0,35.9,8.8,7.8,8.6,61.1
62317.0,23.6,7.6,9.0,9.9,50.1
52494.0,31.5,9.8,7.4,11.0,59.7
53621.0,22.6,8.2,9.6,10.2,50.6
52622.0,29.9,9.9,8.6,10.4,58.8
49376.0,35.5,8.8,7.8,8.3,60.39999999999999
65582.0,21.6,7.0,10.0,9.6,48.2
52654.0,29.3,10.4,7.3,11.6,58.6
51768.0,34.8,9.6,9.9,7.6,61.9
53956.0,23.0,8.4,9.6,10.2,51.2
52734.0,30.1,9.5,8.8,11.4,59.8
65698.0,31.6,8.8,7.7,7.9,56.00000000000001
104529.0,19.2,5.6,8.2,8.0,41.0
53064.0,29.0,10.5,8.4,11.6,59.5
47457.0,35.8,9.9,9.0,9.7,64.39999999999999
52405.0,20.6,8.1,9.4,11.2,49.3
53106.0,30.8,9.7,7.2,10.1,57.8
49682.0,31.8,8.6,9.5,7.3,57.2
51245.0,23.8,7.6,9.5,10.1,51.0
53212.0,29.7,9.7,8.2,11.3,58.89999999999999
51562.0,33.6,9.6,8.7,8.5,60.400000000000006
49222.0,24.7,8.5,9.3,10.9,53.4
53217.0,31.2,9.8,9.1,12.0,62.1
63451.0,32.8,9.0,8.7,8.5,59.0
57953.0,22.6,7.7,9.5,10.2,50.0
53240.0,30.1,9.7,8.8,11.5,60.1
49281.0,33.3,9.8,9.6,9.3,62.0
51511.0,23.2,8.1,9.4,10.0,50.7
53383.0,29.6,9.5,8.5,11.0,58.6
52589.0,33.2,9.7,9.0,8.4,60.3
68137.0,21.4,8.6,8.9,7.5,46.4
53472.0,30.9,8.9,8.4,11.3,59.5
52476.0,33.2,10.1,7.3,8.7,59.3
61136.0,20.0,6.9,9.4,11.9,48.2
53499.0,28.3,9.9,8.4,12.2,58.8
69826.0,29.7,9.0,7.2,7.4,53.3
121480.0,19.4,5.8,6.9,9.2,41.3
53525.0,31.8,9.7,8.2,10.6,60.3
49941.0,33.8,9.1,8.2,9.1,60.2
52734.0,21.6,8.2,10.5,10.1,50.4
53530.0,29.8,8.6,8.2,11.3,57.89999999999999
49795.0,33.7,9.7,8.8,9.1,61.3
137184.0,16.8,6.8,8.7,9.0,41.3
55204.0,23.6,8.1,9.3,11.1,52.1
53557.0,31.0,9.8,8.6,11.2,60.6
59639.0,34.4,9.4,8.0,8.8,60.6
50642.0,20.9,9.7,9.8,9.2,49.6
53676.0,29.2,10.2,7.4,10.3,57.1
45164.0,34.8,10.2,8.9,8.8,62.7
68682.0,22.3,7.0,9.2,9.1,47.6
53707.0,30.5,9.1,8.2,11.1,58.9
49727.0,33.9,9.7,9.1,8.8,61.5
60059.0,20.8,6.2,9.7,10.8,47.5
53730.0,29.9,7.3,7.7,11.6,56.5
65754.0,30.5,8.2,8.5,8.5,55.7
65314.0,21.8,7.8,9.1,9.4,48.1
53794.0,30.3,9.8,8.0,10.5,58.6
50724.0,33.9,9.9,9.5,8.6,61.9
65815.0,21.9,7.4,8.8,10.1,48.2
53816.0,30.0,9.2,8.1,11.4,58.7
57421.0,33.7,9.3,8.0,8.1,59.1
43915.0,25.3,8.3,10.1,11.0,54.7
53949.0,31.0,9.5,7.7,11.0,59.2
62737.0,32.5,9.3,8.0,8.2,58.0
29261.0,27.5,10.2,10.6,11.8,60.10000000000001
53982.0,30.2,9.5,8.6,11.7,60.0
74046.0,31.3,8.7,8.0,8.0,56.0
54259.0,23.8,7.3,9.3,11.0,51.400000000000006
54318.0,30.2,8.8,8.6,11.3,58.900000000000006
64178.0,34.1,8.4,7.3,7.9,57.7
58759.0,21.8,7.8,9.2,10.3,49.1
54346.0,28.9,9.6,7.9,11.0,57.4
48497.0,34.8,9.8,8.7,8.8,62.1
53031.0,23.4,8.1,8.8,9.9,50.2
54351.0,29.0,9.7,8.3,10.9,57.9
51466.0,34.0,9.7,9.2,8.6,61.50000000000001
76169.0,21.3,7.3,8.1,8.7,45.400000000000006
54491.0,29.6,9.8,8.6,10.7,58.7
54599.0,33.8,9.9,8.5,8.2,60.39999999999999
53925.0,23.7,7.9,9.6,10.1,51.3
54493.0,30.6,9.3,8.2,11.5,59.60000000000001
55484.0,34.3,9.4,8.6,8.6,60.9
82179.0,19.5,7.6,8.4,9.3,44.8
54500.0,30.2,10.1,8.2,10.9,59.4
47019.0,35.1,10.2,8.0,9.5,62.8
52421.0,22.4,8.3,9.6,9.4,49.7
54528.0,29.7,9.5,8.4,11.2,58.8
53869.0,33.1,9.6,9.0,8.1,59.8
68367.0,21.6,7.5,8.5,9.6,47.2
54666.0,30.8,9.5,8.1,11.3,59.7
58228.0,33.7,9.3,8.4,8.1,59.5
58181.0,22.2,7.9,9.1,10.1,49.3
54761.0,29.9,9.6,8.5,10.7,58.7
60165.0,33.0,9.3,8.3,7.7,58.3
78636.0,21.8,7.1,8.6,9.3,46.8
54766.0,30.0,9.1,8.2,10.8,58.1
54436.0,33.3,9.0,8.8,8.6,59.7
54670.0,23.7,8.0,8.8,10.5,51.0
54773.0,30.5,9.4,7.8,11.4,59.1
60054.0,33.9,9.0,7.8,8.2,58.89999999999999
144278.0,15.8,5.4,7.9,8.1,37.2
54831.0,30.8,10.3,8.3,10.3,59.7
54262.0,34.6,9.7,7.0,8.3,59.6
107436.0,20.3,5.8,6.9,8.6,41.6
54859.0,30.3,10.3,7.8,11.8,60.2
46883.0,35.2,9.2,8.8,9.5,62.7
53346.0,24.3,8.1,9.6,10.6,52.6
54919.0,30.8,10.7,8.4,12.0,61.9
61202.0,32.8,9.3,8.1,9.1,59.3
61892.0,24.1,6.9,7.4,8.4,46.8
54967.0,30.1,10.0,7.8,9.8,57.7
61131.0,35.9,9.0,7.6,7.9,60.4
51356.0,22.2,7.5,11.4,10.8,51.900000000000006
55066.0,31.0,8.9,7.5,11.6,59.0
49789.0,35.1,10.4,9.1,8.5,63.1
59677.0,21.5,8.6,7.7,10.3,48.10000000000001
55445.0,29.5,10.6,8.4,12.2,60.7
64975.0,30.5,9.2,7.6,8.8,56.10000000000001
96496.0,18.5,7.4,9.6,8.8,44.3
55641.0,29.8,10.1,7.3,10.1,57.3
54699.0,31.8,8.3,6.9,9.8,56.8
66833.0,21.1,6.9,10.4,9.9,48.3
55710.0,30.5,8.3,8.7,11.3,58.8
65392.0,21.8,7.9,8.9,9.7,48.3
55726.0,30.4,9.7,8.3,11.1,59.49999999999999
84175.0,21.4,6.3,7.1,9.1,43.9
55790.0,29.9,8.8,7.8,12.2,58.7
81768.0,29.0,9.8,8.2,7.9,54.9
67382.0,22.1,8.0,8.5,10.9,49.5
55801.0,31.2,8.4,8.0,11.9,59.5
59073.0,33.4,9.4,8.5,10.2,61.5
61665.0,21.9,7.8,9.0,11.3,50.0
55834.0,31.5,9.4,7.9,10.5,59.3
47786.0,24.2,8.6,9.7,11.1,53.6
55834.0,30.6,9.3,8.1,11.4,59.400000000000006
64850.0,32.3,9.2,8.0,8.6,58.1
53130.0,24.2,7.6,7.6,9.5,48.9
55852.0,29.9,10.0,8.1,12.6,60.6
59411.0,21.4,8.3,8.3,10.7,48.7
55906.0,30.2,8.9,7.3,12.2,58.6
54628.0,32.0,9.3,8.7,8.5,58.5
94137.0,20.8,7.1,8.7,9.7,46.3
55966.0,30.5,9.9,8.5,11.8,60.7
60128.0,33.6,9.5,8.7,9.1,60.9
55911.0,22.6,7.8,9.2,9.4,49.0
56006.0,29.7,9.3,8.4,10.9,58.3
52922.0,34.0,9.6,9.0,8.7,61.3
55647.0,22.3,8.7,9.5,10.3,50.8
56026.0,29.6,9.4,8.1,10.9,58.0
64186.0,31.4,9.4,8.1,7.7,56.6
56043.0,22.5,8.1,10.0,10.3,50.900000000000006
56031.0,29.5,9.8,8.5,11.0,58.8
43012.0,34.7,10.0,9.2,9.0,62.900000000000006
92216.0,20.5,6.4,8.8,8.3,44.0
56171.0,30.7,9.4,8.1,11.2,59.400000000000006
56845.0,22.7,8.2,9.7,9.2,49.8
56192.0,30.5,9.6,8.3,11.0,59.400000000000006
54604.0,34.5,9.4,8.9,8.0,60.8
70857.0,24.8,6.9,7.2,8.8,47.7
56244.0,32.7,11.2,9.3,13.4,66.60000000000001
80177.0,32.9,8.1,7.2,7.7,55.900000000000006
93619.0,20.4,7.1,7.5,8.4,43.4
56293.0,29.7,10.1,9.6,11.0,60.4
58319.0,34.6,9.7,8.2,8.2,60.7
63219.0,21.9,7.8,7.7,11.6,49.0
56352.0,31.0,8.1,7.5,11.2,57.8
52218.0,30.9,10.5,10.0,8.5,59.9
53765.0,22.4,7.6,9.6,10.0,49.6
56472.0,29.5,9.1,8.3,11.0,57.900000000000006
54915.0,33.0,9.8,8.8,8.3,59.89999999999999
54317.0,22.4,7.9,9.4,9.8,49.5
56493.0,29.5,9.3,8.3,10.8,57.89999999999999
55527.0,34.0,9.3,8.4,8.1,59.8
57160.0,22.5,8.1,10.0,10.0,50.6
56719.0,28.8,9.1,8.8,11.2,57.900000000000006
56555.0,33.2,9.2,9.0,7.7,59.10000000000001
150836.0,16.8,5.5,6.3,7.9,36.5
56871.0,30.4,8.9,8.6,10.0,57.9
69205.0,21.3,7.0,8.7,9.6,46.6
57048.0,30.2,9.5,8.0,10.9,58.6
60493.0,32.5,9.6,8.1,8.2,58.400000000000006
86875.0,20.9,7.6,5.9,11.3,45.7
57090.0,28.9,9.6,7.3,12.3,58.1
65238.0,29.5,9.1,8.2,10.2,57.0
71934.0,20.6,8.4,9.2,10.8,49.0
57099.0,28.8,8.7,9.8,10.7,58.0
56200.0,34.3,10.2,7.7,7.1,59.3
42146.0,26.2,8.7,9.3,11.5,55.7
57169.0,29.2,9.3,8.8,11.4,58.7
76573.0,31.2,8.3,7.3,7.6,54.4
73195.0,18.9,7.9,10.7,8.7,46.2
57223.0,30.4,7.8,7.9,10.2,56.3
60663.0,32.7,9.3,7.1,8.4,57.5
71773.0,20.9,7.0,8.8,9.6,46.3
57240.0,30.3,9.2,7.6,11.1,58.2
61406.0,32.7,8.9,8.2,8.3,58.1
69553.0,19.8,6.8,8.5,10.2,45.3
57312.0,29.5,8.8,8.1,11.1,57.5
63399.0,29.7,7.9,7.9,8.6,54.1
55288.0,22.4,7.9,9.5,9.9,49.7
57338.0,29.8,9.7,8.0,11.0,58.5
56228.0,33.2,9.4,8.9,8.7,60.2
84114.0,21.4,6.5,7.7,7.9,43.5
57418.0,30.7,9.6,8.0,11.1,59.4
56137.0,34.6,9.8,7.7,8.1,60.20000000000001
66446.0,20.3,6.7,9.1,9.4,45.5
57492.0,29.2,9.4,7.9,11.8,58.3
67550.0,31.4,9.1,7.9,7.9,56.3
54297.0,22.9,8.2,9.5,10.1,50.7
57561.0,30.1,9.9,8.4,11.4,59.8
56709.0,34.2,9.6,8.8,8.5,61.10000000000001
84725.0,19.2,7.0,7.3,9.7,43.2
57785.0,29.9,9.9,8.9,10.6,59.3
61434.0,34.9,8.9,8.4,7.2,59.4
55183.0,23.4,8.6,7.8,9.9,49.7
57833.0,31.2,8.8,7.6,11.6,59.2
57302.0,33.2,10.3,9.5,7.5,60.5
60036.0,22.0,7.8,9.2,10.3,49.3
57977.0,29.5,9.4,8.1,11.4,58.4
63082.0,32.2,9.3,8.4,8.6,58.5
73984.0,21.2,7.1,8.9,9.5,46.7
58066.0,29.7,9.4,8.5,11.1,58.7
62878.0,32.8,8.9,8.1,8.1,57.9
56867.0,22.5,7.8,9.5,10.1,49.9
58069.0,29.4,9.6,8.0,10.9,57.9
55156.0,22.5,8.2,9.6,9.6,49.9
58123.0,29.9,9.0,8.0,10.5,57.4
54145.0,34.0,9.3,9.0,8.3,60.6
79790.0,19.4,7.5,8.5,10.3,45.7
58339.0,29.8,10.0,7.5,10.2,57.5
57069.0,34.1,8.9,8.3,6.4,57.7
59529.0,21.2,7.6,9.3,9.9,47.99999999999999
58350.0,28.8,8.6,8.8,11.1,57.3
53688.0,32.7,10.1,8.7,8.8,60.3
55434.0,22.3,8.1,9.8,10.3,50.5
58387.0,29.2,9.6,7.5,11.1,57.4
70910.0,31.4,8.9,7.8,7.6,55.7
79045.0,21.7,7.5,8.3,9.3,46.8
58409.0,29.7,9.9,8.2,10.8,58.6
50928.0,34.8,9.6,8.9,8.4,61.7
103194.0,20.9,5.8,7.8,7.6,42.1
58513.0,29.6,10.0,8.1,11.1,58.8
60112.0,34.4,8.4,9.4,6.7,58.9
60187.0,22.1,7.6,9.1,10.6,49.400000000000006
58525.0,29.1,9.5,8.0,11.2,57.8
68907.0,32.3,8.7,7.4,8.1,56.5
72794.0,21.0,7.9,9.0,9.6,47.5
58868.0,29.8,9.2,8.0,10.7,57.7
64926.0,32.7,9.0,8.1,7.5,57.3
87433.0,20.8,7.2,8.9,10.1,47.0
58869.0,30.0,9.7,8.4,11.5,59.6
52287.0,34.7,9.7,8.2,8.8,61.400000000000006
54038.0,22.6,8.3,9.4,10.5,50.8
58920.0,29.6,9.1,8.1,10.8,57.60000000000001
66447.0,32.0,8.6,8.2,8.0,56.8
135198.0,17.7,6.8,8.8,8.1,41.4
58958.0,28.9,9.6,8.0,11.5,58.0
58756.0,32.1,8.6,7.2,7.7,55.60000000000001
78485.0,19.3,7.0,8.9,8.2,43.400000000000006
59046.0,28.0,10.0,8.4,12.1,58.5
60514.0,33.8,8.5,7.8,7.7,57.8
66067.0,22.8,7.9,8.6,10.9,50.2
59089.0,28.4,9.2,8.6,11.2,57.39999999999999
74437.0,31.4,8.2,7.3,7.7,54.6
66912.0,20.5,8.0,9.4,9.8,47.7
59150.0,30.1,9.2,8.7,10.8,58.8
52887.0,34.1,9.2,8.6,8.5,60.4
68344.0,21.5,7.3,8.8,9.6,47.2
59156.0,29.5,9.5,8.5,11.2,58.7
64426.0,32.5,8.6,7.8,8.0,56.9
54892.0,21.3,8.5,9.9,10.2,49.900000000000006
59165.0,28.3,9.0,8.8,10.9,56.99999999999999
68823.0,31.5,9.1,8.5,7.4,56.5
77760.0,22.0,7.0,6.8,8.5,44.3
59168.0,29.2,9.7,7.8,12.0,58.7
56674.0,35.0,8.8,7.5,9.0,60.3
59234.0,24.9,7.8,9.7,11.1,53.49999999999999
59171.0,31.0,9.0,8.6,12.2,60.8
79655.0,29.1,8.0,9.4,8.4,54.9
107591.0,18.8,6.1,8.7,8.1,41.7
59242.0,30.0,8.8,8.1,11.4,58.3
58404.0,32.3,8.7,8.4,8.8,58.2
53952.0,22.6,7.8,9.6,10.6,50.6
59276.0,28.9,9.7,8.5,10.6,57.7
66934.0,30.8,9.0,8.4,7.3,55.49999999999999
58656.0,22.6,7.9,9.3,9.1,48.9
59277.0,29.1,9.5,8.4,10.5,57.5
57154.0,33.5,9.5,8.8,8.5,60.3
85573.0,20.8,8.1,6.8,9.3,45.0
59457.0,30.3,9.3,8.7,10.2,58.5
64887.0,34.7,8.7,7.4,6.9,57.7
58946.0,21.4,7.7,9.2,10.0,48.3
59593.0,29.1,9.2,7.7,10.6,56.6
58174.0,33.0,9.5,8.2,8.0,58.7
64969.0,21.2,7.3,8.8,9.6,46.9
59641.0,28.9,9.5,8.0,10.8,57.2
68909.0,31.4,8.8,7.7,7.4,55.3
233379.0,16.4,5.2,7.1,6.9,35.599999999999994
59745.0,29.7,9.5,8.0,9.3,56.5
57761.0,31.2,9.6,8.5,9.1,58.4
100739.0,17.6,6.7,7.9,8.9,41.1
59952.0,30.3,9.1,7.4,10.5,57.3
56623.0,34.9,9.2,7.9,7.3,59.29999999999999
62400.0,21.5,8.0,9.2,10.6,49.3
60079.0,29.4,9.5,7.7,11.5,58.1
68881.0,31.8,8.7,7.7,8.0,56.2
65516.0,21.6,6.8,8.1,10.0,46.5
60155.0,29.9,9.4,6.9,10.5,56.7
62162.0,32.5,9.3,8.0,8.6,58.4
63782.0,23.7,5.9,6.6,10.9,47.1
60299.0,31.2,8.9,7.3,11.5,58.9
75585.0,29.8,9.4,8.2,8.1,55.50000000000001
61202.0,24.2,7.4,7.6,10.0,49.2
60381.0,28.8,9.2,8.9,11.7,58.6
96072.0,28.1,6.7,6.9,7.7,49.400000000000006
79817.0,19.7,6.2,8.8,9.5,44.2
60421.0,30.1,9.3,7.5,11.8,58.7
70895.0,32.0,8.4,6.8,6.8,53.99999999999999
69250.0,21.4,7.2,8.7,9.2,46.5
60587.0,30.0,8.9,7.6,11.3,57.8
65945.0,31.8,9.2,8.0,7.5,56.5
69262.0,22.2,7.6,9.4,9.7,48.89999999999999
60644.0,28.9,10.0,8.3,11.3,58.5
56908.0,33.3,9.3,8.5,8.2,59.3
74823.0,21.1,7.1,8.2,9.0,45.400000000000006
60649.0,29.4,9.3,7.9,11.2,57.8
65731.0,31.6,9.0,7.7,7.6,55.900000000000006
71627.0,21.1,7.5,8.5,8.9,46.0
60652.0,30.4,8.4,6.6,12.1,57.5
70120.0,31.9,9.5,8.2,7.2,56.8
81169.0,22.4,6.3,8.0,7.9,44.6
60660.0,29.3,7.8,8.7,10.6,56.4
69974.0,31.7,9.3,6.8,8.4,56.2
68439.0,22.6,7.0,8.9,10.4,48.9
60690.0,29.6,9.6,8.3,11.1,58.6
65043.0,32.2,9.4,8.0,7.6,57.2
59912.0,24.5,8.5,7.6,10.0,50.6
62622.0,21.8,7.8,9.6,9.6,48.8
61094.0,28.9,9.5,7.6,11.0,57.0
69074.0,31.2,9.3,8.1,7.6,56.2
60130.0,21.7,7.8,9.5,9.4,48.4
61281.0,29.2,9.1,7.9,10.6,56.8
59728.0,33.5,9.6,8.5,8.1,59.7
81824.0,19.9,7.2,8.5,9.4,44.99999999999999
61297.0,28.5,9.4,8.1,10.7,56.7
63132.0,33.1,8.7,7.8,8.1,57.7
90406.0,19.2,6.8,8.7,7.8,42.5
61356.0,30.0,8.7,8.0,10.6,57.3
53320.0,33.0,9.4,8.6,8.0,59.0
90718.0,19.4,6.7,8.0,8.2,42.3
61713.0,28.9,9.3,8.0,10.3,56.5
59843.0,33.5,9.3,8.1,7.6,58.5
85473.0,22.2,5.6,7.2,8.5,43.5
61744.0,29.5,8.9,6.9,11.2,56.5
92626.0,30.8,9.2,6.5,6.2,52.7
61424.0,21.8,7.8,8.8,9.0,47.400000000000006
61784.0,27.5,10.0,8.3,10.3,56.1
65438.0,30.2,9.2,8.4,8.4,56.2
167227.0,15.2,4.0,6.9,7.4,33.5
101584.0,19.3,7.3,8.9,9.2,44.7
61942.0,29.4,9.8,9.2,10.9,59.3
50945.0,33.3,10.1,8.8,9.5,61.7
105661.0,18.1,6.6,7.6,9.8,42.10000000000001
61982.0,29.4,8.7,8.1,10.9,57.1
64434.0,21.9,7.6,8.0,9.0,46.5
62027.0,28.7,9.0,7.7,10.4,55.8
71954.0,30.3,9.0,7.4,8.6,55.3
87333.0,18.9,7.1,8.7,9.5,44.2
62151.0,33.9,10.5,6.2,9.5,60.1
69464.0,33.8,7.3,8.6,7.9,57.6
61796.0,22.6,7.4,8.1,8.3,46.400000000000006
62312.0,28.0,9.5,8.1,11.3,56.900000000000006
62555.0,33.5,9.5,8.6,7.4,59.0
70328.0,21.0,7.4,8.4,9.5,46.3
62327.0,28.4,8.5,7.9,10.5,55.3
62781.0,33.6,9.7,7.4,7.9,58.6
76908.0,20.2,6.9,8.4,9.0,44.5
62484.0,29.5,9.0,7.1,10.8,56.400000000000006
69468.0,32.0,8.9,7.7,7.2,55.8
64124.0,21.5,7.4,9.1,10.3,48.3
62486.0,29.0,9.1,7.9,11.4,57.4
72820.0,31.6,8.2,7.4,8.0,55.2
77346.0,19.9,6.5,8.4,9.4,44.2
62519.0,29.4,9.4,6.7,11.5,57.0
52589.0,23.4,8.2,9.4,10.5,51.5
62528.0,29.3,9.4,7.9,11.1,57.7
74874.0,30.8,8.7,7.6,8.0,55.1
93106.0,23.2,5.5,7.7,8.2,44.6
62536.0,31.6,9.4,7.5,10.0,58.5
56579.0,35.4,8.7,7.8,7.2,59.1
58422.0,22.1,7.6,9.8,9.7,49.2
62564.0,28.1,9.3,8.1,12.1,57.60000000000001
74389.0,30.0,8.3,7.7,7.3,53.3
70746.0,21.8,8.6,8.9,10.8,50.1
62847.0,31.8,7.9,7.1,11.5,58.3
77389.0,34.1,5.3,4.2,8.6,52.2
100747.0,18.4,6.8,7.8,11.6,44.6
62885.0,32.5,8.9,8.8,10.4,60.6
37359.0,34.4,11.8,11.8,12.1,70.1
146346.0,14.5,4.9,7.2,8.4,35.0
62930.0,30.5,9.0,8.4,10.9,58.8
66455.0,34.5,8.4,8.1,8.2,59.2
100108.0,21.8,5.4,7.1,7.6,41.900000000000006
62953.0,28.3,8.5,7.9,11.6,56.3
64244.0,30.7,10.1,8.5,8.4,57.7
66898.0,21.0,7.2,9.4,9.8,47.400000000000006
63221.0,28.6,9.0,8.7,10.8,57.1
64346.0,31.8,9.2,8.9,7.9,57.8
63181.0,19.6,8.2,8.9,9.6,46.3
63403.0,27.1,9.2,9.2,11.5,57.0
66740.0,32.2,9.3,7.8,7.4,56.7
63663.0,21.2,7.9,9.1,9.7,47.900000000000006
63449.0,29.5,9.2,7.7,10.6,57.00000000000001
64251.0,32.7,9.1,8.1,7.7,57.60000000000001
60246.0,22.7,8.0,8.5,9.3,48.5
63520.0,29.5,9.3,7.9,11.5,58.2
57262.0,33.8,9.3,9.6,10.0,62.7
101893.0,19.2,6.6,7.6,9.1,42.5
63723.0,30.0,8.9,7.7,11.3,57.900000000000006
64487.0,32.5,8.9,7.9,9.0,58.3
74212.0,19.5,7.4,9.4,8.6,44.9
63726.0,29.5,8.6,7.3,10.3,55.7
55686.0,32.4,9.1,8.8,8.9,59.2
86560.0,21.9,6.1,8.7,8.7,45.400000000000006
63806.0,29.7,9.3,7.6,11.4,58.0
58869.0,34.0,9.1,7.9,8.6,59.6
72574.0,19.1,6.9,8.4,9.3,43.7
63954.0,28.7,10.6,8.0,11.4,58.7
74040.0,21.0,7.6,9.0,9.6,47.2
63972.0,29.7,9.0,7.9,11.4,58.0
67662.0,33.2,8.8,6.9,8.2,57.1
75278.0,20.2,7.2,8.9,9.8,46.1
63995.0,29.2,8.7,8.0,10.7,56.6
56989.0,32.9,10.2,7.7,7.8,58.6
83597.0,20.8,7.0,9.0,8.6,45.4
64321.0,28.4,9.9,8.6,10.5,57.4
62392.0,32.9,9.6,8.7,8.6,59.8
86193.0,19.6,6.7,8.3,9.3,43.900000000000006
64445.0,29.5,9.1,7.9,10.8,57.3
68870.0,32.8,8.9,7.7,7.5,56.9
55464.0,23.1,8.6,9.2,9.9,50.8
64531.0,29.0,8.7,8.2,10.8,56.7
74506.0,31.1,8.2,7.7,7.3,54.3
68542.0,21.8,7.2,8.3,9.9,47.2
64610.0,28.9,8.7,7.7,10.9,56.2
68930.0,32.3,8.8,7.8,8.1,56.99999999999999
59949.0,22.5,8.1,9.2,10.8,50.6
64742.0,29.8,9.2,7.8,10.9,57.7
80505.0,30.5,8.5,6.9,7.8,53.7
63672.0,22.2,7.6,8.8,9.9,48.49999999999999
64807.0,29.0,8.8,7.2,11.3,56.3
84679.0,29.1,8.4,7.5,6.8,51.8
66141.0,21.8,7.2,8.2,9.9,47.1
64863.0,29.4,9.3,7.7,11.0,57.400000000000006
70306.0,32.7,9.3,8.2,7.7,57.900000000000006
77794.0,21.0,7.0,6.5,9.5,44.0
64972.0,28.8,8.3,7.7,10.7,55.5
64274.0,33.8,8.1,7.2,8.3,57.400000000000006
59071.0,22.3,7.7,9.1,9.3,48.400000000000006
65015.0,27.9,9.1,8.0,10.7,55.7
80884.0,30.0,8.7,7.1,7.2,53.00000000000001
79700.0,22.4,6.0,8.3,9.0,45.7
65096.0,26.1,8.6,8.3,11.4,54.4
71780.0,30.8,10.1,8.1,6.9,55.9
87139.0,19.9,6.9,8.2,9.3,44.3
65181.0,28.0,8.8,8.5,10.3,55.6
67755.0,32.7,8.7,7.9,7.9,57.2
83586.0,20.8,6.2,8.0,9.4,44.4
65231.0,27.9,9.8,8.1,10.8,56.60000000000001
70623.0,30.4,8.7,8.4,7.5,54.99999999999999
95489.0,17.1,5.8,8.9,9.9,41.7
65232.0,30.9,8.4,7.0,11.0,57.3
65168.0,31.8,8.9,7.5,7.8,56.0
69941.0,21.1,7.3,9.1,9.3,46.8
65319.0,29.1,9.3,8.2,10.8,57.400000000000006
56972.0,21.5,7.3,8.9,11.1,48.8
65333.0,29.0,9.8,7.6,10.6,57.0
79512.0,30.7,8.7,6.2,7.1,52.7
62343.0,22.2,7.9,9.3,9.5,48.900000000000006
65376.0,29.5,9.4,8.1,10.7,57.7
55679.0,33.8,9.4,8.6,8.9,60.7
78438.0,18.5,7.3,10.1,9.9,45.8
65463.0,27.9,9.5,8.1,10.4,55.9
54576.0,33.4,9.5,8.5,8.3,59.7
69115.0,21.1,6.6,9.3,9.5,46.5
65692.0,29.2,8.9,7.6,10.8,56.5
77551.0,32.2,8.4,7.6,7.9,56.1
70286.0,22.8,7.1,9.9,7.2,47.0
65724.0,27.5,9.1,8.8,9.1,54.50000000000001
61814.0,35.3,8.3,7.3,6.4,57.29999999999999
62651.0,21.2,7.5,8.9,8.4,46.0
65781.0,27.5,9.3,8.9,11.0,56.7
57704.0,32.1,9.4,8.8,8.9,59.2
58558.0,22.7,7.9,9.7,10.4,50.7
65782.0,29.7,8.8,7.8,10.7,57.0
86946.0,30.1,8.0,7.6,8.0,53.7
70554.0,21.0,7.3,7.9,8.5,44.7
65836.0,27.7,9.4,8.3,9.8,55.2
74176.0,29.9,9.5,8.1,7.5,55.0
61004.0,22.2,7.4,9.1,9.8,48.5
65885.0,27.8,9.0,7.8,11.0,55.6
72365.0,30.8,8.5,7.7,7.1,54.1
63967.0,20.8,6.6,9.5,9.6,46.5
65926.0,28.1,8.8,7.4,11.2,55.5
89412.0,31.0,8.0,6.1,7.7,52.8
64101.0,21.3,7.4,9.2,9.2,47.10000000000001
65954.0,27.7,9.1,7.9,10.4,55.1
63826.0,32.4,9.3,8.4,7.4,57.5
67656.0,19.2,7.5,8.4,10.0,45.1
66012.0,30.1,8.6,8.0,10.1,56.8
59601.0,32.1,9.4,9.8,6.7,58.0
75656.0,16.2,9.0,10.2,10.2,45.6
66154.0,26.8,9.2,8.1,11.6,55.7
63108.0,33.6,9.0,8.7,9.3,60.6
90134.0,19.4,6.6,8.0,8.8,42.8
66156.0,28.6,9.0,7.5,10.8,55.900000000000006
75415.0,31.2,8.4,7.7,7.9,55.2
70397.0,21.3,7.3,8.7,10.0,47.3
66161.0,28.2,8.9,8.0,11.2,56.3
71059.0,32.3,8.7,7.7,7.9,56.6
63152.0,20.7,8.6,9.7,10.7,49.7
66241.0,30.9,5.8,7.4,9.8,53.89999999999999
80589.0,28.3,9.2,8.3,8.0,53.8
150824.0,20.2,5.1,7.1,7.7,40.1
66271.0,27.1,8.8,8.1,11.0,55.00000000000001
62547.0,33.6,8.6,7.3,6.9,56.4
69737.0,21.3,7.4,9.1,9.3,47.10000000000001
66274.0,28.2,9.2,8.2,10.9,56.49999999999999
62045.0,32.4,9.1,8.9,8.3,58.7
88267.0,19.6,6.6,8.7,8.3,43.2
66511.0,30.2,8.9,7.5,10.7,57.3
62345.0,33.7,9.7,8.0,8.0,59.400000000000006
80662.0,20.1,6.2,8.7,7.9,42.9
66512.0,30.5,8.7,6.8,10.2,56.2
68126.0,33.2,8.9,7.2,7.4,56.7
67324.0,21.3,7.5,9.0,9.9,47.7
66634.0,28.8,9.3,7.8,10.4,56.3
63457.0,33.4,9.2,8.5,7.5,58.6
73770.0,20.3,7.1,8.9,10.2,46.5
66732.0,28.9,9.2,7.2,11.0,56.3
71079.0,31.9,8.5,7.8,8.3,56.5
129751.0,18.5,5.2,7.4,7.4,38.5
66792.0,28.7,8.5,7.8,10.7,55.7
64092.0,32.7,9.5,8.6,7.6,58.400000000000006
87188.0,19.7,6.4,8.0,8.6,42.7
66911.0,28.4,9.0,8.0,10.6,56.0
68862.0,32.4,8.6,7.8,7.5,56.3
66849.0,21.9,7.4,9.5,9.4,48.2
66938.0,28.5,9.3,8.4,10.1,56.3
71384.0,31.4,9.3,8.3,8.1,57.1
74849.0,20.7,7.5,9.0,9.0,46.2
67046.0,28.3,9.4,8.0,10.8,56.5
57040.0,33.1,9.0,8.6,8.0,58.7
78964.0,21.5,6.4,9.1,9.6,46.6
67076.0,28.8,9.8,8.0,10.8,57.400000000000006
77854.0,33.1,9.0,8.5,7.9,58.5
76054.0,20.8,7.7,8.0,10.0,46.5
67120.0,28.3,7.4,7.8,12.0,55.5
54886.0,34.6,8.3,7.5,8.3,58.7
82215.0,19.3,6.6,9.6,8.8,44.3
67125.0,29.0,9.9,7.6,10.0,56.5
58419.0,31.6,9.2,8.6,9.0,58.4
76789.0,20.2,6.3,9.1,10.0,45.6
67203.0,29.0,8.8,7.3,10.8,55.89999999999999
70422.0,30.9,8.5,8.6,5.7,53.7
70603.0,21.8,7.3,8.8,9.0,46.900000000000006
67215.0,28.8,8.9,8.1,9.5,55.3
73208.0,31.5,8.7,7.7,7.2,55.10000000000001
110386.0,18.8,5.2,7.3,8.3,39.6
67241.0,28.4,8.3,8.6,9.8,55.10000000000001
76113.0,31.4,9.4,6.8,7.7,55.3
84581.0,18.4,6.5,8.1,9.2,42.2
67271.0,27.7,9.4,8.1,9.3,54.5
70180.0,33.3,8.6,6.8,6.2,54.9
79226.0,19.5,7.3,8.6,9.2,44.6
67503.0,27.3,9.5,8.0,10.8,55.6
65319.0,32.8,9.1,7.7,7.7,57.3
62437.0,21.7,8.4,9.4,9.8,49.3
67749.0,27.3,8.8,7.7,10.7,54.5
82127.0,30.4,8.6,7.0,6.9,52.9
50478.0,24.7,8.4,9.5,11.1,53.7
67879.0,28.8,9.3,7.9,11.2,57.2
99244.0,29.7,8.3,6.6,6.0,50.6
166541.0,19.1,3.6,5.3,4.8,32.800000000000004
67993.0,30.3,7.4,6.1,10.8,54.60000000000001
67071.0,34.3,9.2,6.4,6.0,55.9
73749.0,20.8,6.5,8.1,8.8,44.2
68051.0,26.5,8.5,7.8,10.9,53.7
65711.0,33.0,8.8,7.8,8.4,57.99999999999999
79715.0,19.8,6.7,7.9,8.7,43.1
68054.0,26.6,8.7,7.2,11.3,53.8
67024.0,33.6,9.5,7.7,7.0,57.8
63001.0,21.0,9.1,8.8,11.7,50.60000000000001
68257.0,27.6,8.4,8.1,11.0,55.1
86463.0,29.2,8.6,7.6,6.4,51.8
88036.0,20.2,6.8,8.8,8.8,44.6
68259.0,28.5,9.0,8.0,10.7,56.2
74148.0,32.8,9.3,8.0,7.7,57.8
81654.0,19.8,7.0,8.7,9.4,44.9
68307.0,28.2,8.9,8.3,11.3,56.7
80766.0,30.7,8.4,7.6,7.4,54.1
68887.0,19.8,7.5,9.4,9.8,46.5
68437.0,29.3,9.2,8.0,11.3,57.8
77584.0,31.5,8.8,6.6,7.5,54.4
84293.0,19.2,7.0,7.9,9.8,43.900000000000006
68503.0,30.1,8.5,7.3,9.9,55.8
91655.0,31.4,8.1,6.6,5.9,52.0
76811.0,20.0,7.8,9.2,9.9,46.9
68541.0,28.0,9.1,8.1,10.6,55.8
67326.0,33.5,9.2,8.2,7.8,58.7
94963.0,18.4,6.2,8.2,7.5,40.3
68639.0,28.5,8.5,7.9,11.4,56.3
77578.0,31.8,9.0,6.7,5.9,53.4
87995.0,19.5,6.5,8.0,8.9,42.9
68683.0,28.6,8.4,7.8,10.2,55.0
71807.0,32.0,8.6,7.2,7.5,55.3
203472.0,13.0,4.3,6.6,5.0,28.9
68757.0,27.9,9.4,8.2,11.8,57.3
64699.0,33.8,8.8,8.3,7.9,58.79999999999999
83445.0,19.8,6.4,8.4,8.4,43.0
68840.0,27.8,9.3,8.1,10.9,56.1
59893.0,34.4,8.1,7.5,5.8,55.8
61002.0,22.4,8.1,9.0,10.9,50.4
68975.0,28.4,9.2,7.7,10.8,56.1
75211.0,31.5,8.6,7.8,8.1,56.0
85304.0,19.7,6.8,9.0,8.7,44.2
69268.0,28.6,8.6,7.9,10.5,55.6
76467.0,31.0,8.3,8.1,7.7,55.1
91104.0,20.2,6.0,8.1,8.6,42.9
69277.0,28.6,8.9,7.8,10.9,56.2
79940.0,30.9,8.6,7.3,7.2,54.0
93958.0,18.9,6.7,8.6,9.1,43.3
69958.0,19.6,7.7,9.4,8.3,45.0
69376.0,28.0,9.5,8.1,9.8,55.400000000000006
79332.0,31.2,8.5,7.9,8.3,55.900000000000006
80577.0,19.4,7.7,8.8,8.9,44.8
69419.0,28.0,9.2,7.6,11.4,56.2
62935.0,32.5,8.4,8.8,7.8,57.5
63097.0,22.7,7.9,8.4,10.0,49.0
69435.0,28.1,9.1,7.8,11.1,56.1
74247.0,32.0,8.8,8.2,7.2,56.2
63236.0,21.3,7.4,10.5,10.2,49.400000000000006
69507.0,28.3,8.3,8.4,10.1,55.1
84956.0,29.0,8.7,7.2,5.6,50.50000000000001
78748.0,20.5,6.0,10.3,8.8,45.6
69585.0,26.9,10.4,8.6,9.5,55.4
42359.0,35.8,8.0,10.2,7.8,61.8
115287.0,18.0,7.0,7.8,9.7,42.5
69590.0,29.1,9.0,6.7,11.1,55.900000000000006
67196.0,34.9,7.2,7.6,6.3,56.0
83011.0,19.8,6.7,8.7,8.6,43.8
69595.0,27.8,8.8,7.6,10.4,54.6
77411.0,29.8,9.0,7.9,7.3,53.99999999999999
74959.0,20.6,6.6,7.1,9.8,44.10000000000001
69686.0,29.5,9.3,6.0,11.5,56.3
86278.0,29.3,5.9,6.0,7.4,48.6
63553.0,20.4,7.7,10.0,9.9,47.99999999999999
69728.0,27.9,8.8,7.8,10.6,55.1
78936.0,29.3,8.9,7.9,7.2,53.3
66397.0,24.9,6.9,8.7,9.6,50.1
69761.0,30.1,8.6,7.7,10.8,57.2
88831.0,33.2,7.9,6.4,7.0,54.5
72231.0,20.6,7.3,8.8,9.2,45.900000000000006
69859.0,27.8,8.4,7.8,11.0,55.0
74363.0,31.5,8.9,8.1,7.5,56.0
180713.0,17.4,5.4,6.7,6.5,36.0
69871.0,28.6,9.0,8.3,10.0,55.900000000000006
68328.0,32.6,9.1,8.5,7.3,57.5
79109.0,19.6,7.1,8.4,9.3,44.400000000000006
69946.0,27.4,9.3,8.6,11.0,56.3
61565.0,32.8,9.4,7.9,7.9,57.99999999999999
77493.0,20.5,7.3,8.6,9.9,46.3
70119.0,27.5,8.9,7.8,10.9,55.1
76907.0,30.6,8.4,7.7,8.0,54.7
74288.0,21.9,6.9,9.0,8.4,46.2
63239.0,21.6,8.0,8.0,10.7,48.3
70413.0,28.7,8.1,8.1,10.0,54.9
94310.0,29.4,8.0,7.0,5.5,49.9
65554.0,23.1,7.7,8.6,9.9,49.3
70496.0,30.6,8.6,7.2,10.3,56.7
85092.0,32.7,7.9,6.5,6.9,54.0
73496.0,21.7,6.9,8.6,8.7,45.900000000000006
70499.0,27.7,8.7,8.2,10.1,54.7
70095.0,31.9,8.7,8.3,7.3,56.19999999999999
74988.0,20.7,7.0,8.1,9.9,45.7
70514.0,28.6,8.5,7.8,11.0,55.9
74632.0,31.7,8.4,7.4,7.7,55.2
73118.0,20.9,7.4,8.3,9.9,46.49999999999999
70528.0,28.3,9.0,7.2,11.2,55.7
77328.0,30.7,8.6,7.7,7.4,54.4
74258.0,20.4,6.3,9.2,8.8,44.7
70755.0,27.8,9.1,8.2,10.0,55.1
66438.0,31.7,8.6,8.8,7.6,56.7
79359.0,18.8,6.9,8.9,9.8,44.400000000000006
70792.0,29.1,8.6,7.6,10.7,56.0
53576.0,33.2,9.6,8.7,8.6,60.1
74762.0,20.3,7.3,8.6,9.6,45.8
70893.0,27.9,8.8,7.6,10.3,54.60000000000001
69968.0,31.8,8.6,8.2,7.6,56.2
157534.0,16.8,5.4,6.9,7.6,36.7
70897.0,28.9,8.9,7.5,11.4,56.7
63652.0,32.2,9.1,8.0,8.5,57.8
78799.0,20.0,7.2,8.4,8.3,43.900000000000006
70969.0,27.5,9.1,7.9,10.3,54.8
81265.0,30.7,8.5,7.3,6.6,53.1
102022.0,18.8,5.9,7.8,8.6,41.1
89820.0,21.7,6.7,7.8,8.5,44.7
71262.0,27.3,8.3,8.8,9.4,53.8
71410.0,32.6,8.6,7.2,6.8,55.2
75999.0,19.5,6.1,8.7,9.7,44.0
71379.0,26.8,8.6,7.9,10.4,53.7
73290.0,19.9,7.1,9.3,8.9,45.2
71471.0,28.4,7.6,7.7,11.6,55.3
69636.0,30.9,6.9,9.3,7.3,54.39999999999999
79581.0,17.9,7.0,10.2,7.9,42.99999999999999
71632.0,28.4,8.5,6.7,10.6,54.2
70426.0,31.6,9.1,8.0,7.4,56.1
119235.0,17.7,5.6,7.9,7.9,39.1
71887.0,28.6,8.8,7.5,10.4,55.3
73309.0,32.6,8.5,7.8,7.9,56.8
63811.0,22.0,7.5,8.6,9.7,47.8
71942.0,28.6,8.6,7.4,10.5,55.1
89101.0,30.6,8.1,7.4,6.1,52.2
66534.0,20.8,7.3,9.0,9.9,47.0
72027.0,27.3,8.7,8.1,10.8,54.900000000000006
74608.0,31.2,8.4,7.6,7.0,54.2
75176.0,20.5,7.3,8.3,10.0,46.1
72080.0,28.0,8.6,7.5,10.4,54.5
82366.0,30.3,8.2,6.9,7.2,52.6
85596.0,18.9,5.3,8.4,8.7,41.3
72096.0,27.4,7.4,6.4,10.9,52.1
67887.0,32.4,7.8,6.3,7.6,54.1
86037.0,19.8,6.6,8.7,8.4,43.49999999999999
72155.0,29.3,8.2,7.1,9.8,54.400000000000006
77039.0,30.9,8.7,7.2,5.0,51.8
87475.0,21.2,5.5,8.6,9.4,44.7
72182.0,31.0,8.1,7.3,10.0,56.4
64292.0,37.7,9.6,5.7,5.9,58.900000000000006
70964.0,21.1,7.1,9.2,9.8,47.2
72217.0,26.6,8.8,7.7,10.5,53.60000000000001
98032.0,27.6,8.2,7.0,6.2,49.0
89967.0,17.4,5.9,8.0,9.3,40.6
72475.0,29.5,9.2,6.7,10.2,55.60000000000001
92592.0,17.5,6.0,6.5,6.2,36.2
72526.0,25.6,9.0,5.5,12.8,52.900000000000006
83236.0,29.8,8.6,7.4,6.9,52.7
132715.0,17.5,5.8,7.9,6.9,38.1
72557.0,28.8,8.5,7.6,10.3,55.2
65030.0,33.2,8.8,8.2,7.9,58.1
64178.0,21.4,7.9,9.3,9.2,47.8
72562.0,26.8,9.3,8.4,10.4,54.9
83970.0,29.6,9.1,7.5,6.9,53.1
83040.0,20.4,5.8,8.7,9.1,44.0
72604.0,29.0,8.9,7.1,10.4,55.4
74146.0,29.9,8.2,8.4,6.9,53.39999999999999
182858.0,17.0,5.5,6.5,6.6,35.6
72669.0,28.8,8.2,8.2,10.3,55.5
67807.0,33.1,9.3,8.3,7.9,58.6
66547.0,22.0,7.4,9.0,10.1,48.5
72896.0,28.6,8.6,7.8,10.5,55.5
83979.0,20.0,5.7,8.7,9.5,43.9
73074.0,28.3,8.3,8.0,11.0,55.6
71175.0,31.2,8.4,7.6,8.7,55.900000000000006
98876.0,18.5,5.4,7.1,9.5,40.5
73125.0,27.3,9.4,8.2,10.9,55.8
84648.0,20.2,6.8,8.0,8.9,43.9
73251.0,28.8,9.6,5.4,10.3,54.1
77471.0,31.8,7.7,8.1,6.7,54.3
90955.0,19.7,6.2,7.5,8.6,42.0
73287.0,27.9,8.5,7.4,10.8,54.6
84251.0,31.4,8.2,8.0,7.8,55.39999999999999
76453.0,20.2,7.6,9.1,9.1,46.0
73305.0,27.9,8.6,7.7,10.7,54.900000000000006
81676.0,19.3,7.1,8.7,9.4,44.49999999999999
73344.0,29.3,8.6,7.3,10.6,55.8
92090.0,18.7,6.7,7.8,8.6,41.8
73466.0,27.3,8.4,7.5,10.1,53.3
78705.0,30.6,8.5,7.7,7.4,54.2
107087.0,18.2,7.1,8.1,9.8,43.2
73527.0,28.3,8.9,7.6,10.6,55.400000000000006
77828.0,32.8,8.7,7.5,8.1,57.1
76108.0,20.3,6.8,9.2,8.7,45.0
73650.0,28.2,8.9,7.9,9.6,54.6
68534.0,32.1,9.5,8.2,7.6,57.4
67116.0,21.4,7.4,9.2,10.2,48.2
73679.0,27.2,8.8,7.6,10.7,54.3
85869.0,29.1,7.8,7.0,7.4,51.3
279654.0,15.2,4.6,6.1,6.3,32.2
73883.0,27.0,8.6,7.5,10.3,53.400000000000006
79829.0,30.8,8.4,7.2,7.2,53.60000000000001
94185.0,20.2,5.7,8.7,8.7,43.3
74006.0,29.1,7.8,8.2,10.2,55.3
86096.0,31.3,8.4,7.1,5.8,52.6
70521.0,20.6,7.2,9.5,9.2,46.5
74033.0,28.3,8.9,8.0,9.8,55.0
77738.0,31.7,8.9,8.2,6.8,55.6
85496.0,21.2,6.6,8.0,8.6,44.4
74058.0,28.0,8.3,6.5,9.9,52.7
73835.0,30.8,7.1,8.7,6.3,52.89999999999999
72908.0,21.5,7.7,9.1,9.8,48.1
74202.0,28.4,9.3,8.7,11.4,57.8
88097.0,20.2,6.5,8.3,7.6,42.6
74207.0,27.8,8.0,7.6,10.3,53.7
78367.0,31.2,9.2,6.9,8.9,56.2
76264.0,20.6,7.3,8.9,9.8,46.60000000000001
74294.0,28.4,9.0,7.1,10.5,55.0
78121.0,31.2,8.5,7.7,8.2,55.60000000000001
106580.0,20.2,6.0,7.9,7.5,41.6
74418.0,27.6,8.6,7.7,10.7,54.60000000000001
74648.0,30.0,8.3,7.8,7.6,53.7
130728.0,17.3,6.2,7.4,8.0,38.9
74459.0,28.5,8.5,7.5,9.6,54.1
65675.0,33.0,9.5,8.6,7.2,58.3
87035.0,19.3,6.7,9.2,8.5,43.7
74475.0,29.2,8.7,8.0,10.2,56.1
79748.0,21.1,6.9,9.2,9.2,46.400000000000006
74478.0,28.8,9.0,7.8,10.9,56.49999999999999
167368.0,17.4,4.6,7.2,5.4,34.6
74486.0,26.3,8.4,8.5,9.5,52.7
66832.0,32.6,9.6,7.5,7.6,57.3
74502.0,19.9,6.6,9.0,9.0,44.5
74601.0,27.5,9.0,7.9,10.5,54.9
67718.0,20.6,7.1,9.3,9.2,46.2
74602.0,26.8,9.2,7.3,9.6,52.9
91332.0,28.3,8.8,7.3,6.1,50.5
101327.0,18.7,6.0,8.0,8.2,40.900000000000006
74650.0,27.4,8.5,7.8,10.4,54.1
82749.0,30.5,8.9,7.6,7.7,54.7
77090.0,22.4,8.0,6.2,9.4,46.0
74676.0,29.0,8.9,6.8,11.0,55.7
84785.0,29.1,8.7,7.9,5.5,51.2
71072.0,21.2,7.1,8.8,9.7,46.8
74747.0,26.3,9.3,8.1,10.5,54.2
83959.0,29.6,8.7,7.0,7.3,52.6
156661.0,15.1,5.0,6.7,7.1,33.9
74765.0,27.5,8.8,7.5,10.5,54.3
79478.0,31.1,8.3,7.4,6.8,53.6
74300.0,20.1,7.0,9.2,8.7,45.0
74887.0,26.4,8.4,8.7,10.4,53.9
86011.0,29.7,8.3,7.7,6.9,52.6
78600.0,17.8,8.0,8.6,10.5,44.9
75023.0,27.1,9.5,6.6,11.9,55.1
79427.0,20.4,6.6,8.3,9.2,44.5
75073.0,27.6,8.6,7.3,10.5,54.0
81249.0,30.1,8.2,7.2,7.7,53.2
81455.0,23.6,5.9,9.1,5.8,44.4
75096.0,24.6,10.7,7.8,8.5,51.6
87123.0,32.2,8.2,5.7,8.1,54.20000000000001
92430.0,16.8,4.7,8.1,8.2,37.8
75126.0,27.9,8.7,7.6,11.0,55.2
78700.0,32.6,8.0,6.2,5.7,52.50000000000001
92950.0,22.6,4.3,5.4,9.8,42.10000000000001
75131.0,29.2,7.4,6.4,9.1,52.1
84666.0,33.1,5.6,4.6,6.8,50.1
64918.0,22.0,7.4,9.1,9.7,48.2
76239.0,23.3,5.7,6.8,8.6,44.4
75241.0,28.3,8.7,7.8,9.7,54.5
86622.0,30.2,6.5,6.8,6.5,50.0
91069.0,18.3,6.4,7.8,8.0,40.5
75336.0,29.3,8.3,6.6,9.6,53.8
81825.0,29.8,9.3,8.0,7.8,54.9
91627.0,19.5,7.4,8.0,9.1,44.0
75371.0,27.8,8.4,8.6,10.4,55.2
99300.0,29.9,8.3,7.4,7.3,52.9
140008.0,14.6,6.2,7.2,6.7,34.7
75377.0,26.0,6.9,7.6,8.1,48.6
67202.0,30.2,9.8,9.0,7.6,56.6
99469.0,18.7,6.2,6.8,9.9,41.6
75494.0,28.4,7.8,7.3,8.9,52.39999999999999
74536.0,30.0,9.5,6.8,8.3,54.6
96145.0,17.8,7.3,8.0,8.9,42.0
75601.0,26.7,8.2,7.6,9.8,52.3
87623.0,30.0,8.1,6.5,6.7,51.3
75056.0,20.9,8.0,9.5,9.8,48.2
75926.0,28.7,9.4,7.8,10.9,56.8
51427.0,34.3,10.1,9.0,8.1,61.5
70653.0,20.2,6.2,7.4,8.9,42.7
75982.0,27.6,8.7,7.1,11.9,55.3
69963.0,32.2,8.5,7.6,7.6,55.900000000000006
70821.0,20.4,7.3,8.7,9.8,46.2
76051.0,28.4,8.0,6.7,10.4,53.5
87061.0,29.8,8.3,6.8,7.5,52.4
76872.0,21.2,4.9,9.7,9.8,45.6
76100.0,28.4,9.6,8.6,10.5,57.1
65620.0,30.8,9.5,6.9,8.0,55.2
94733.0,16.7,6.9,7.2,8.8,39.6
95008.0,19.1,6.3,7.7,9.0,42.1
76249.0,26.6,8.6,8.0,10.3,53.5
79923.0,30.2,8.7,7.4,7.3,53.6
138403.0,16.9,6.1,7.5,6.6,37.1
76270.0,28.3,9.0,7.4,10.2,54.89999999999999
75045.0,32.2,9.0,7.7,6.8,55.7
219411.0,15.6,4.8,7.1,5.6,33.1
76605.0,28.6,8.7,7.6,9.6,54.5
74947.0,31.8,9.2,8.1,6.8,55.9
40670.0,20.8,10.5,9.2,10.5,51.0
76609.0,29.0,7.0,6.8,9.3,52.1
43135.0,35.3,10.8,4.3,11.5,61.89999999999999
91656.0,18.9,7.2,8.0,8.6,42.7
76620.0,27.2,8.4,7.1,10.5,53.2
77455.0,30.7,9.2,8.0,6.7,54.6
72054.0,21.8,7.2,8.6,9.6,47.2
76682.0,28.4,8.6,7.8,10.4,55.2
99380.0,18.9,6.5,7.9,8.4,41.7
76753.0,28.3,8.5,7.2,10.2,54.2
84840.0,30.0,8.3,7.2,6.8,52.3
206596.0,15.1,4.8,6.6,5.8,32.3
76784.0,28.3,8.5,7.5,9.8,54.1
70592.0,33.3,8.9,8.1,6.9,57.2
72151.0,20.3,7.4,10.0,10.0,47.7
76943.0,27.7,8.5,8.8,11.2,56.2
58426.0,33.3,9.9,9.3,8.2,60.7
163894.0,16.9,5.2,7.1,6.4,35.599999999999994
76980.0,27.7,8.9,7.5,10.1,54.2
69738.0,32.8,9.3,7.9,7.6,57.6
85623.0,19.2,6.7,8.1,8.6,42.6
77203.0,27.5,8.8,7.5,10.0,53.8
81355.0,31.1,8.6,7.7,7.3,54.7
79834.0,18.9,6.6,8.8,8.9,43.2
77412.0,25.6,8.9,7.7,9.1,51.3
72641.0,31.7,8.5,6.9,7.7,54.8
72792.0,20.4,7.2,9.0,8.5,45.1
77512.0,27.5,8.4,7.9,9.7,53.5
72159.0,31.9,8.7,8.2,7.2,56.0
101932.0,18.7,6.4,8.1,9.1,42.3
77713.0,27.9,8.5,7.7,10.3,54.400000000000006
94097.0,30.5,8.2,7.3,6.4,52.4
122530.0,18.5,6.4,7.5,7.7,40.1
77724.0,26.7,8.8,7.6,10.7,53.8
78563.0,31.4,8.6,7.8,7.5,55.3
96783.0,17.1,5.7,8.4,6.2,37.400000000000006
77760.0,30.7,10.8,5.3,10.6,57.4
92963.0,31.5,7.4,5.1,10.0,54.0
73488.0,20.7,7.5,9.1,9.4,46.7
77779.0,27.0,8.7,7.2,10.8,53.7
90743.0,30.1,7.9,7.0,7.2,52.2
108086.0,17.7,6.0,7.5,7.8,39.0
77786.0,27.7,8.7,7.2,10.3,53.900000000000006
85478.0,29.8,8.3,7.3,6.9,52.3
199555.0,15.5,4.8,6.4,5.5,32.2
77861.0,28.6,9.0,7.3,9.8,54.7
76391.0,31.1,8.5,8.0,6.9,54.5
79728.0,19.1,7.8,8.8,9.4,45.1
77950.0,27.4,8.7,7.8,10.3,54.19999999999999
75769.0,32.3,8.8,8.3,7.7,57.1
67259.0,22.0,9.1,8.0,10.4,49.5
78262.0,27.5,9.3,7.1,9.6,53.5
121938.0,26.5,7.2,4.7,6.6,45.00000000000001
90754.0,20.9,5.5,7.6,8.8,42.8
78266.0,29.3,5.2,6.6,11.6,52.7
81154.0,19.2,7.2,7.1,8.6,42.1
78325.0,25.3,9.2,8.0,9.6,52.1
99182.0,19.8,5.7,8.0,7.7,41.2
78355.0,28.0,8.4,7.8,10.2,54.39999999999999
68151.0,32.5,9.0,8.1,7.9,57.5
105865.0,18.2,6.0,7.7,8.3,40.2
78418.0,27.4,8.3,7.3,10.0,53.0
81634.0,30.8,8.4,7.4,7.3,53.9
129176.0,20.1,5.5,6.5,8.3,40.400000000000006
78484.0,29.8,8.5,7.3,9.9,55.49999999999999
79977.0,33.7,7.6,7.5,6.4,55.2
103884.0,16.6,5.9,9.7,8.0,40.2
78711.0,25.5,9.0,8.4,10.6,53.5
91878.0,27.4,8.4,8.3,6.9,50.99999999999999
80082.0,20.3,7.0,7.9,9.2,44.400000000000006
79061.0,26.7,8.9,7.8,11.0,54.4
88431.0,29.7,8.2,7.2,7.1,52.2
106472.0,17.2,5.9,8.0,8.3,39.400000000000006
79230.0,27.0,8.3,7.4,9.7,52.39999999999999
88143.0,29.8,7.9,7.1,6.4,51.2
77566.0,21.1,6.1,8.2,9.8,45.2
79268.0,26.4,9.4,6.8,7.8,50.39999999999999
78417.0,27.6,8.1,7.8,7.5,51.0
117869.0,17.2,6.2,7.4,6.1,36.9
79295.0,29.0,8.4,6.1,10.6,54.1
75098.0,32.9,9.1,8.6,7.0,57.6
90822.0,20.8,7.8,8.8,10.4,47.8
79356.0,25.8,8.6,8.8,10.9,54.1
67007.0,31.1,9.1,7.8,7.2,55.2
269153.0,14.5,4.3,6.5,5.2,30.5
79365.0,27.8,8.4,7.5,9.6,53.3
72529.0,32.0,9.0,8.1,7.4,56.5
79599.0,19.6,6.8,8.4,9.4,44.2
79469.0,27.0,8.5,7.6,10.4,53.5
95883.0,27.9,7.9,6.9,6.6,49.3
207079.0,8.1,5.8,6.0,5.3,25.2
79527.0,28.1,8.1,6.4,10.4,53.0
159231.0,22.1,6.1,5.4,4.6,38.2
119966.0,17.4,6.1,8.1,7.9,39.5
79705.0,26.2,8.8,8.9,10.0,53.9
85309.0,29.8,8.9,7.0,6.6,52.3
129519.0,17.2,5.9,7.5,8.1,38.7
79855.0,26.8,9.1,7.8,10.6,54.3
79216.0,30.1,8.9,7.7,7.9,54.6
88470.0,20.8,6.7,7.4,7.5,42.4
79870.0,27.5,7.2,7.6,10.7,53.0
86973.0,29.8,7.9,7.2,6.8,51.7
279477.0,12.8,4.0,5.8,5.2,27.8
80021.0,26.0,8.9,7.6,9.8,52.3
73651.0,31.9,8.9,8.0,6.8,55.6
85960.0,20.4,7.0,8.4,9.0,44.8
80034.0,28.1,8.3,6.5,9.9,52.8
56886.0,33.6,8.7,7.8,7.7,57.8
81748.0,23.4,7.5,7.3,5.8,43.99999999999999
80096.0,28.8,7.7,5.6,9.2,51.3
97613.0,28.7,7.4,7.3,6.9,50.3
102825.0,18.3,6.3,7.8,8.4,40.8
80317.0,27.3,8.9,7.7,10.7,54.60000000000001
73006.0,31.7,9.0,7.8,7.5,56.0
89226.0,19.6,7.9,6.2,10.4,44.1
80406.0,31.9,7.3,7.1,10.0,56.3
87273.0,31.4,8.5,5.9,5.3,51.1
94358.0,16.4,6.6,9.7,9.7,42.400000000000006
80427.0,26.9,8.2,8.2,9.4,52.7
70140.0,29.9,9.0,8.1,7.2,54.2
77947.0,19.0,7.8,9.5,8.3,44.6
80597.0,25.4,8.7,6.9,10.3,51.3
101848.0,28.0,7.8,6.7,5.1,47.6
73409.0,20.8,7.0,7.9,9.6,45.3
80614.0,27.2,8.5,7.4,10.3,53.400000000000006
94435.0,28.6,7.7,6.7,6.9,49.900000000000006
225453.0,15.0,4.7,6.5,5.6,31.8
80697.0,26.1,8.6,7.5,10.2,52.400000000000006
75285.0,31.8,9.6,7.8,7.9,57.1
91500.0,22.4,4.5,8.4,5.7,41.0
80721.0,27.9,8.5,6.9,9.9,53.2
88844.0,31.3,6.7,7.1,6.3,51.4
97588.0,19.3,6.2,7.6,8.3,41.400000000000006
80758.0,27.8,8.3,7.3,10.0,53.4
86120.0,30.7,7.5,7.0,6.7,51.900000000000006
66082.0,18.8,9.3,8.4,10.7,47.2
80925.0,30.4,8.8,6.6,9.5,55.3
98309.0,26.8,8.0,7.8,6.6,49.2
106810.0,19.0,5.8,8.2,8.0,41.0
80949.0,26.6,7.8,8.4,10.6,53.4
81753.0,30.6,7.8,6.4,6.6,51.4
93168.0,18.3,6.8,8.0,9.4,42.5
80981.0,27.0,8.0,7.9,10.1,53.0
87068.0,30.8,8.0,7.5,7.2,53.5
98841.0,18.4,6.6,8.7,7.1,40.8
81012.0,25.4,9.5,7.7,10.6,53.2
81174.0,28.8,8.6,8.2,7.7,53.3
87024.0,19.1,6.5,8.5,8.6,42.7
81162.0,26.4,8.7,7.5,9.2,51.8
85963.0,28.3,8.1,7.5,6.8,50.7
78715.0,20.6,5.2,7.8,8.4,42.0
81195.0,25.4,7.8,8.1,9.3,50.6
67124.0,32.3,9.1,7.3,7.4,56.1
87077.0,17.9,6.7,9.5,8.8,42.89999999999999
81369.0,26.0,8.1,7.8,9.6,51.5
90163.0,27.4,8.3,8.2,6.4,50.3
146004.0,16.6,5.1,6.3,6.8,34.800000000000004
81442.0,26.6,8.5,7.1,9.9,52.1
78971.0,33.1,8.4,6.8,7.0,55.3
108783.0,17.4,5.8,7.6,8.4,39.2
81487.0,26.5,8.2,7.1,10.1,51.900000000000006
90263.0,29.3,7.9,7.1,6.5,50.8
115537.0,18.1,5.4,8.2,8.3,40.0
81588.0,26.3,8.0,7.7,10.4,52.4
82159.0,29.5,8.9,7.8,7.5,53.7
86569.0,19.1,6.8,8.8,8.9,43.6
81790.0,27.4,8.5,7.9,9.9,53.7
70985.0,31.2,8.9,8.5,7.4,56.0
65220.0,22.3,7.7,9.0,10.0,49.0
81885.0,26.4,8.5,7.6,10.2,52.7
132067.0,26.2,6.4,5.5,5.8,43.9
78957.0,19.6,6.8,9.0,8.4,43.8
81933.0,27.1,8.3,7.8,9.9,53.1
75721.0,31.2,8.8,8.1,7.2,55.3
99336.0,17.2,6.3,8.1,7.7,39.3
82007.0,24.8,8.7,7.3,10.2,51.0
81066.0,29.7,8.8,7.6,7.8,53.9
81622.0,19.9,7.1,8.5,9.3,44.8
82020.0,27.0,8.5,7.3,9.7,52.5
86668.0,29.6,8.3,7.5,6.7,52.10000000000001
88678.0,18.7,6.3,7.9,8.5,41.4
82035.0,25.2,8.9,6.9,10.3,51.3
70544.0,31.3,8.6,8.6,7.6,56.1
89159.0,19.0,6.2,7.7,9.0,41.9
82122.0,26.7,8.5,7.2,10.0,52.400000000000006
90830.0,29.5,8.1,6.6,7.1,51.3
86759.0,18.6,7.0,8.5,8.6,42.7
82213.0,26.6,8.7,7.8,9.9,52.99999999999999
73004.0,30.8,8.8,8.2,7.8,55.6
84307.0,18.5,7.7,9.2,8.6,44.0
82230.0,26.4,8.7,8.1,10.4,53.6
84810.0,29.6,9.3,8.3,6.5,53.7
89199.0,19.3,6.2,7.6,8.1,41.2
82297.0,27.3,8.2,6.9,9.6,52.0
78929.0,30.3,8.4,7.5,7.0,53.2
81182.0,24.4,6.2,5.8,8.1,44.5
82322.0,29.2,7.7,6.0,10.0,52.9
71995.0,30.7,8.3,6.9,9.4,55.3
95255.0,20.6,5.2,5.5,8.6,39.9
82786.0,25.3,9.6,8.0,10.1,53.0
75194.0,30.9,8.1,8.8,8.1,55.9
154285.0,12.1,3.7,7.5,7.9,31.200000000000003
82875.0,25.2,7.8,9.5,11.4,53.9
82705.0,28.5,9.2,7.3,8.4,53.4
214144.0,16.3,4.1,6.3,6.1,32.8
82970.0,28.1,8.3,6.7,9.6,52.70000000000001
76595.0,32.5,9.0,8.2,7.0,56.7
81867.0,20.2,6.8,8.9,8.9,44.8
83692.0,27.1,8.2,7.8,10.1,53.2
78185.0,32.1,8.5,7.8,8.3,56.7
178340.0,19.0,3.3,4.4,5.4,32.1
83753.0,26.7,7.9,7.1,9.4,51.1
98946.0,18.6,6.4,7.9,7.4,40.3
83805.0,27.4,8.2,7.1,9.2,51.89999999999999
88103.0,29.6,8.7,7.4,6.4,52.1
111483.0,18.0,5.8,6.9,8.3,39.0
83949.0,26.2,8.3,7.1,9.9,51.5
94751.0,30.0,7.7,7.1,6.8,51.6
102388.0,16.2,6.7,7.6,7.6,38.1
83955.0,24.6,7.6,6.6,9.8,48.60000000000001
95314.0,11.9,9.2,9.8,9.8,40.7
83984.0,25.8,7.5,6.9,10.3,50.5
90171.0,31.0,6.9,5.8,6.9,50.6
101806.0,21.5,6.2,8.4,9.9,46.0
84084.0,29.6,9.2,6.5,9.8,55.1
82867.0,33.1,8.3,7.8,8.6,57.8
90170.0,19.7,6.6,7.9,10.2,44.39999999999999
84524.0,23.9,9.4,7.9,11.3,52.5
93249.0,27.2,9.4,6.3,5.2,48.1
96464.0,19.8,6.9,7.9,9.3,43.900000000000006
84802.0,27.0,8.2,7.8,10.5,53.5
93531.0,27.8,8.8,7.7,6.7,51.00000000000001
74165.0,20.9,7.7,9.1,9.6,47.3
84889.0,27.1,8.1,7.6,10.4,53.2
96749.0,28.4,7.6,7.2,7.1,50.3
84524.0,19.0,6.6,8.7,8.9,43.2
84891.0,25.7,8.0,7.2,10.1,51.00000000000001
100037.0,27.3,7.9,7.5,6.8,49.5
97015.0,19.1,6.6,8.4,9.4,43.5
84918.0,28.3,8.6,8.4,10.8,56.1
62826.0,33.5,9.5,8.1,8.5,59.6
96304.0,15.1,7.2,9.3,6.3,37.9
84922.0,25.8,8.3,7.2,9.9,51.2
85247.0,30.5,8.7,7.5,7.8,54.5
79830.0,19.1,7.1,8.7,8.9,43.8
84992.0,25.0,8.5,7.5,10.3,51.3
105245.0,26.9,8.1,6.5,6.1,47.6
100982.0,18.0,5.1,7.7,6.6,37.4
85019.0,26.8,9.3,5.9,10.0,52.0
90301.0,29.3,7.5,7.4,6.5,50.7
104263.0,17.4,6.3,8.0,9.6,41.3
85136.0,25.8,8.8,8.0,10.4,53.0
88255.0,30.2,8.8,7.6,6.5,53.1
55000.0,23.7,8.9,9.8,11.6,54.00000000000001
85197.0,30.5,8.9,7.8,11.2,58.39999999999999
94755.0,17.6,6.1,8.5,9.1,41.3
85263.0,25.3,8.1,7.1,9.6,50.1
75776.0,26.3,10.2,9.3,5.7,51.5
98379.0,18.2,6.2,8.0,9.0,41.4
85277.0,25.5,8.4,7.5,10.6,52.0
99739.0,27.5,7.7,6.7,6.9,48.8
204090.0,15.3,3.8,5.5,5.2,29.8
85303.0,27.5,7.8,7.2,9.3,51.8
83538.0,31.0,8.9,7.7,6.5,54.1
88680.0,19.2,6.5,6.9,10.0,42.6
85391.0,25.1,7.9,6.8,10.0,49.8
97583.0,27.9,7.6,6.4,4.5,46.4
217918.0,11.1,4.1,6.9,3.8,25.9
85500.0,26.0,7.9,6.8,9.6,50.3
91510.0,33.1,7.3,7.8,5.3,53.49999999999999
108383.0,17.9,5.6,7.5,8.2,39.2
111348.0,18.1,6.7,7.5,9.4,41.7
85597.0,27.1,8.2,7.5,10.9,53.7
90685.0,31.0,8.6,6.4,7.7,53.7
296899.0,14.4,3.6,5.6,4.9,28.5
85603.0,27.1,8.5,7.2,8.6,51.400000000000006
80480.0,30.8,8.5,7.7,6.7,53.7
99785.0,19.5,6.1,7.8,8.9,42.3
85718.0,27.2,8.5,7.5,10.1,53.3
109662.0,28.1,7.0,6.4,6.6,48.1
84865.0,18.6,7.0,9.1,8.7,43.400000000000006
85725.0,25.2,9.2,7.3,9.1,50.8
98682.0,26.9,7.9,7.5,6.9,49.2
94920.0,20.2,5.1,8.2,8.4,41.9
85824.0,24.9,8.0,7.7,10.9,51.5
88911.0,28.7,8.4,7.8,6.9,51.8
74813.0,20.8,7.7,9.0,10.4,47.9
85874.0,26.8,8.1,8.0,10.8,53.7
128652.0,26.0,7.2,6.1,7.3,46.6
118733.0,19.1,6.1,7.2,8.9,41.3
85982.0,27.3,9.2,6.9,10.8,54.2
118868.0,27.9,8.0,5.9,7.1,48.9
67963.0,22.5,7.8,9.8,10.2,50.3
85993.0,28.4,9.7,7.8,10.9,56.79999999999999
85903.0,18.9,6.6,8.2,8.4,42.1
86034.0,26.6,8.1,7.4,9.6,51.7
85523.0,30.1,8.4,7.3,6.7,52.5
104250.0,17.5,5.7,7.9,8.5,39.6
86134.0,25.7,8.1,7.7,9.5,51.0
96986.0,28.5,8.2,6.9,6.2,49.8
117149.0,17.0,5.8,7.4,7.8,38.0
86140.0,25.1,8.2,7.2,9.9,50.4
92803.0,28.9,7.8,6.5,6.6,49.8
69157.0,21.3,8.1,8.2,9.9,47.49999999999999
86151.0,26.5,8.0,7.1,10.2,51.8
96062.0,29.4,7.9,6.7,6.7,50.7
90518.0,19.0,6.5,8.2,8.7,42.400000000000006
86189.0,26.8,8.4,7.2,10.1,52.50000000000001
89784.0,29.1,8.0,7.2,6.5,50.8
87796.0,18.9,6.3,8.0,9.0,42.2
86240.0,25.5,8.3,7.1,9.9,50.8
94091.0,27.9,8.1,7.3,6.1,49.4
92668.0,19.5,7.0,8.7,8.8,44.0
86265.0,23.0,8.7,8.4,8.7,48.8
94287.0,27.9,6.2,6.3,7.6,48.0
98844.0,19.0,6.5,7.9,7.9,41.3
86573.0,26.7,7.4,7.1,9.0,50.2
80408.0,32.1,8.7,7.7,7.2,55.7
99494.0,17.7,6.7,7.7,8.6,40.7
86722.0,25.6,8.2,7.4,9.4,50.6
94825.0,30.8,8.6,7.0,5.8,52.2
80893.0,21.1,6.9,8.0,8.7,44.7
86724.0,26.0,8.1,7.2,9.8,51.10000000000001
128090.0,25.6,7.3,5.8,5.0,43.7
87939.0,19.1,7.0,8.8,8.1,43.00000000000001
86776.0,26.2,8.0,7.0,10.8,52.0
93113.0,30.2,7.5,6.4,5.4,49.5
75440.0,18.9,7.6,9.5,9.3,45.3
86820.0,26.1,8.7,7.3,9.4,51.49999999999999
98859.0,27.3,8.3,7.2,5.9,48.7
139833.0,18.5,5.5,2.5,7.2,33.7
87106.0,26.0,7.3,6.8,11.5,51.6
96474.0,26.5,9.3,6.8,7.8,50.39999999999999
76136.0,21.3,5.9,7.7,8.3,43.2
87168.0,26.1,6.9,6.5,9.6,49.1
83919.0,27.0,8.9,8.0,7.8,51.7
95893.0,21.3,5.6,5.4,7.2,39.5
87439.0,24.7,9.5,8.0,10.4,52.6
89023.0,17.0,7.3,10.2,8.6,43.1
87506.0,28.0,7.9,4.4,7.3,47.6
90007.0,28.7,6.0,6.4,8.3,49.400000000000006
290275.0,13.5,3.5,5.1,4.2,26.3
87569.0,25.8,8.5,7.5,9.0,50.8
88881.0,28.9,8.4,7.5,6.5,51.3
147892.0,19.5,4.5,4.8,7.5,36.3
91934.0,19.0,6.4,8.2,8.1,41.7
87710.0,26.1,8.2,7.5,9.7,51.5
81515.0,30.5,8.6,8.4,7.3,54.8
85972.0,17.4,6.0,9.6,8.1,41.1
87730.0,24.7,7.0,9.0,10.7,51.400000000000006
77949.0,29.0,8.9,9.0,6.9,53.8
100544.0,17.1,8.2,10.5,10.2,46.0
87789.0,25.6,7.7,7.4,10.7,51.400000000000006
95299.0,27.5,7.9,6.6,7.2,49.2
82341.0,19.5,6.8,9.1,8.3,43.7
87900.0,25.9,8.8,7.4,9.4,51.5
92100.0,29.2,8.7,7.6,6.2,51.7
90482.0,19.6,5.4,7.2,9.3,41.5
87950.0,26.5,7.7,6.9,9.5,50.6
80956.0,28.5,7.2,8.4,8.1,52.2
88515.0,18.7,6.2,8.7,8.0,41.6
87982.0,26.2,7.8,7.7,9.2,50.900000000000006
83942.0,29.9,8.5,7.6,7.3,53.3
113848.0,17.0,5.0,8.2,8.5,38.7
88351.0,26.0,7.7,6.5,10.0,50.2
98236.0,28.4,7.7,6.7,6.6,49.400000000000006
95175.0,17.6,5.7,8.7,8.8,40.8
88429.0,25.9,8.9,7.4,8.9,51.1
148772.0,24.9,7.5,5.0,2.7,40.1
90082.0,18.8,6.6,8.5,8.8,42.7
88433.0,26.1,8.4,6.6,9.6,50.7
95384.0,29.5,7.6,6.4,6.6,50.1
93375.0,18.4,6.0,3.9,9.5,37.8
88567.0,20.4,7.9,7.9,12.3,48.5
91680.0,30.0,7.8,5.5,8.0,51.3
200003.0,15.1,4.2,5.6,5.2,30.1
88585.0,27.7,8.2,7.1,9.1,52.1
74320.0,31.5,8.6,8.5,8.2,56.8
91720.0,17.0,6.9,7.8,9.1,40.8
88608.0,26.2,6.0,7.7,9.9,49.8
122506.0,13.8,6.1,7.0,9.7,36.6
88723.0,24.4,8.4,7.3,9.7,49.8
94138.0,17.1,5.3,8.8,8.9,40.1
88774.0,26.9,7.9,7.3,6.2,48.3
88022.0,27.4,7.6,7.6,5.8,48.4
85503.0,19.2,6.2,7.9,9.2,42.5
89315.0,24.3,8.4,7.2,10.7,50.60000000000001
105004.0,28.2,7.3,6.1,6.0,47.6
98456.0,19.0,5.6,7.0,7.8,39.4
89482.0,26.8,8.1,5.9,7.4,48.2
95040.0,28.4,7.1,6.3,6.3,48.1
86159.0,20.9,5.4,8.6,9.2,44.1
89635.0,26.0,8.3,8.2,10.1,52.6
59265.0,30.5,9.1,9.2,8.7,57.5
297459.0,13.8,3.8,5.8,3.7,27.1
89659.0,27.8,8.0,7.6,9.6,53.0
86958.0,30.9,9.0,7.5,7.4,54.8
93152.0,14.1,7.6,9.0,10.1,40.8
89660.0,24.7,9.0,7.7,8.7,50.10000000000001
100793.0,26.0,7.8,7.4,5.5,46.7
107511.0,16.1,5.0,4.9,6.2,32.2
298152.0,13.7,3.6,5.7,5.9,28.9
89791.0,25.5,8.0,7.3,9.3,50.1
96200.0,29.0,7.8,6.5,5.9,49.2
82632.0,18.0,8.2,7.6,9.6,43.4
89936.0,26.3,7.9,5.6,9.6,49.400000000000006
63379.0,31.3,9.2,7.7,7.9,56.1
285633.0,12.6,2.7,5.3,4.7,25.3
89993.0,26.0,8.0,6.7,8.7,49.400000000000006
84822.0,30.8,8.6,7.5,6.3,53.2
133578.0,18.6,6.5,10.5,7.9,43.5
90325.0,32.7,7.9,8.6,12.4,61.6
60990.0,34.8,9.3,9.5,8.7,62.3
295279.0,14.8,3.9,5.4,3.8,27.9
90453.0,25.4,8.0,7.5,9.1,50.0
91186.0,29.5,8.2,7.7,6.0,51.400000000000006
91307.0,18.8,6.6,7.8,8.9,42.1
90571.0,25.2,8.1,7.2,10.0,50.5
104371.0,28.3,7.4,6.7,6.5,48.900000000000006
102933.0,16.0,5.5,9.2,10.2,40.9
90594.0,25.3,10.8,8.0,10.3,54.400000000000006
50192.0,28.3,10.8,9.3,13.0,61.400000000000006
296880.0,12.6,4.2,4.9,5.7,27.4
90619.0,26.2,8.5,7.1,8.1,49.900000000000006
86418.0,30.5,8.3,6.8,5.8,51.39999999999999
83473.0,20.9,6.7,7.9,9.2,44.7
90656.0,25.6,7.9,6.9,9.6,50.0
103697.0,28.5,7.8,6.0,6.8,49.1
103450.0,17.4,4.3,6.6,5.1,33.4
90667.0,25.7,7.5,6.6,10.3,50.10000000000001
111182.0,35.3,7.1,5.3,5.2,52.9
179054.0,12.4,3.2,5.4,5.3,26.3
90683.0,25.5,8.1,6.4,11.2,51.2
107116.0,24.0,6.7,6.9,6.7,44.3
178966.0,14.6,4.7,6.3,6.6,32.2
90800.0,26.2,8.2,7.3,10.4,52.1
82624.0,29.3,9.1,7.5,8.1,54.0
100550.0,17.5,6.0,7.9,8.2,39.6
102507.0,18.4,6.2,4.5,7.2,36.3
279607.0,13.4,3.4,5.4,6.3,28.500000000000004
90889.0,25.7,8.9,7.1,11.2,52.900000000000006
67153.0,32.6,8.6,7.8,7.9,56.9
100374.0,17.5,6.2,7.5,8.6,39.8
90934.0,25.7,8.1,6.8,9.7,50.3
104499.0,28.3,7.8,6.5,6.4,49.0
115116.0,16.2,6.1,7.8,7.8,37.9
91120.0,25.5,8.2,6.6,9.7,50.0
99932.0,28.0,7.6,6.8,6.4,48.8
137893.0,13.1,5.2,7.9,8.6,34.800000000000004
91225.0,24.7,6.3,7.9,10.0,48.9
88295.0,19.0,7.2,7.8,10.2,44.2
91304.0,29.0,6.7,6.8,8.9,51.4
115405.0,26.6,7.6,7.3,4.9,46.4
105132.0,16.8,3.8,5.0,6.5,32.1
91318.0,23.0,8.2,6.9,12.4,50.5
97802.0,26.4,8.0,7.8,8.5,50.7
125398.0,16.8,5.3,7.4,8.0,37.5
91417.0,25.2,8.1,7.5,9.8,50.6
107812.0,28.2,8.0,6.5,6.4,49.1
90308.0,19.6,5.2,8.0,8.9,41.7
91472.0,23.0,8.7,8.5,8.6,48.8
88110.0,28.9,9.4,7.3,6.1,51.7
109540.0,18.0,5.8,7.3,8.3,39.400000000000006
91560.0,25.3,8.2,6.9,9.6,50.0
105347.0,27.7,7.5,6.4,6.3,47.9
97950.0,18.0,6.3,8.0,8.8,41.1
91601.0,25.5,8.4,7.0,10.0,50.9
98003.0,29.2,7.7,6.7,6.6,50.2
104802.0,21.3,6.1,7.2,7.9,42.5
92100.0,25.1,8.5,7.8,10.2,51.6
163574.0,21.4,7.7,5.3,5.5,39.9
106938.0,17.5,5.5,7.0,7.6,37.6
92124.0,24.0,8.8,8.0,9.8,50.6
73156.0,32.5,9.8,8.4,6.1,56.8
100992.0,15.5,5.5,6.2,6.4,33.6
92125.0,24.3,8.2,6.6,10.7,49.8
83727.0,16.9,7.4,8.1,9.2,41.6
92134.0,23.6,7.1,7.5,10.5,48.7
96255.0,17.0,6.3,7.0,7.7,38.0
92214.0,26.0,8.3,8.0,10.3,52.6
81043.0,31.3,7.8,7.9,7.2,54.2
80728.0,20.5,7.4,8.5,9.3,45.7
92330.0,25.3,8.3,7.6,10.4,51.6
122375.0,26.8,6.8,5.9,6.7,46.2
104193.0,16.8,5.8,7.5,8.2,38.3
92544.0,25.0,7.7,6.6,10.2,49.5
114797.0,26.8,8.2,6.5,6.5,48.0
152051.0,16.6,5.8,6.3,7.1,35.800000000000004
92579.0,23.8,9.3,8.1,9.7,50.900000000000006
94050.0,27.4,9.4,7.9,7.4,52.1
250054.0,15.4,3.9,5.2,5.6,30.1
92646.0,25.9,8.4,6.6,9.2,50.1
87010.0,30.5,8.7,7.6,6.3,53.1
104702.0,17.3,5.9,8.0,7.7,38.900000000000006
92725.0,26.5,7.9,6.7,9.4,50.5
99539.0,27.4,8.1,7.0,6.0,48.5
92056.0,19.4,6.2,7.8,9.1,42.5
92800.0,25.2,8.1,7.3,10.0,50.6
108393.0,27.3,7.4,6.7,6.9,48.3
100737.0,17.3,6.4,8.2,7.6,39.5
92890.0,25.2,8.2,7.5,9.7,50.6
81564.0,29.9,8.7,8.2,7.0,53.8
95341.0,18.0,5.5,8.0,9.0,40.5
92947.0,26.3,7.3,6.3,9.8,49.7
79746.0,30.4,9.1,7.6,6.0,53.1
130084.0,16.9,5.7,7.5,7.8,37.9
92956.0,27.5,8.5,7.5,10.7,54.2
65433.0,33.4,8.8,8.6,8.3,59.10000000000001
120403.0,16.8,5.2,7.1,7.6,36.7
93040.0,26.3,7.6,7.1,9.1,50.1
110906.0,27.4,7.0,6.9,5.7,47.0
84967.0,19.2,6.7,8.6,8.2,42.7
93088.0,25.5,8.3,7.3,8.9,49.99999999999999
84545.0,30.1,9.1,7.8,6.1,53.1
285435.0,15.7,5.4,7.0,8.0,36.1
93183.0,26.9,8.0,7.3,10.0,52.2
126739.0,27.3,7.2,6.4,6.7,47.6
264513.0,12.6,3.1,6.3,5.1,27.1
93218.0,27.9,8.6,7.6,11.0,55.1
72502.0,31.9,8.6,8.2,8.1,56.8
99337.0,16.8,6.0,7.7,8.2,38.7
93244.0,23.9,8.5,8.0,9.2,49.6
80002.0,29.9,8.8,7.8,7.2,53.7
91382.0,18.2,6.7,8.5,8.6,42.0
93255.0,25.1,8.0,7.4,9.0,49.5
93031.0,29.1,8.6,7.1,6.7,51.50000000000001
125316.0,16.1,5.8,7.3,7.2,36.400000000000006
93384.0,24.9,7.8,7.1,9.5,49.3
110819.0,27.4,7.7,6.2,5.5,46.8
111373.0,15.6,6.6,7.3,8.0,37.5
93525.0,25.0,8.7,6.6,11.1,51.400000000000006
98525.0,28.2,6.8,7.2,7.1,49.3
106502.0,20.2,6.1,4.0,7.0,37.3
93568.0,24.3,7.0,7.8,10.9,50.0
97852.0,27.8,9.0,5.8,6.3,48.89999999999999
111681.0,16.8,6.0,8.6,7.4,38.8
93597.0,24.7,8.0,7.2,9.2,49.10000000000001
95530.0,28.4,7.7,7.4,6.1,49.6
80526.0,18.7,7.2,8.7,8.8,43.39999999999999
93677.0,23.9,8.5,7.5,9.4,49.3
115672.0,25.5,8.0,6.7,5.4,45.6
60727.0,21.2,6.0,9.5,7.2,43.900000000000006
93699.0,22.6,8.8,6.8,12.1,50.3
67011.0,34.0,10.8,9.8,4.5,59.1
100692.0,18.5,6.4,8.0,7.8,40.7
93707.0,25.7,8.3,7.4,10.0,51.4
95249.0,29.4,7.6,6.1,6.8,49.9
211580.0,15.2,3.8,6.1,6.9,32.0
93770.0,26.4,8.6,7.1,10.4,52.5
73131.0,31.5,8.7,7.3,8.5,56.0
297498.0,12.1,3.1,5.7,4.1,25.0
93913.0,26.1,8.1,7.2,9.6,51.00000000000001
76800.0,32.5,8.6,7.6,6.8,55.5
91258.0,19.5,6.8,8.2,8.1,42.6
93963.0,24.8,7.8,7.3,9.5,49.4
115515.0,26.1,7.8,6.9,5.5,46.3
128787.0,16.9,6.4,7.2,9.4,39.9
94124.0,24.6,8.4,8.5,9.1,50.6
150478.0,18.2,7.5,5.9,5.2,36.8
87919.0,18.0,7.2,8.5,8.0,41.7
94154.0,24.8,7.7,6.9,8.7,48.1
120045.0,24.9,7.5,6.2,5.6,44.2
223399.0,20.5,6.6,7.7,9.0,43.8
94258.0,29.3,9.5,8.7,11.3,58.8
89629.0,33.9,9.7,8.9,9.6,62.1
105009.0,19.4,5.4,7.0,8.0,39.8
94439.0,27.0,7.7,6.1,8.8,49.60000000000001
114723.0,27.7,7.3,5.6,5.3,45.9
103205.0,17.5,6.3,8.3,8.2,40.3
94454.0,24.1,8.4,7.5,8.9,48.9
108480.0,28.5,7.7,6.4,5.8,48.4
111380.0,14.2,8.0,8.2,8.2,38.6
94505.0,27.5,8.3,4.5,10.5,50.8
48118.0,35.3,9.3,9.3,9.3,63.19999999999999
73543.0,19.9,6.9,8.6,10.1,45.5
94648.0,24.7,8.4,6.5,10.8,50.400000000000006
246389.0,14.5,3.9,5.6,4.9,28.9
95032.0,25.4,8.4,7.5,8.6,49.9
81011.0,31.9,8.7,7.3,7.1,54.99999999999999
100434.0,18.8,6.2,6.4,6.5,37.9
95046.0,24.5,7.2,7.4,8.3,47.400000000000006
77930.0,28.5,8.4,7.9,7.1,51.9
119058.0,16.6,5.8,7.4,7.3,37.1
95123.0,24.4,8.0,6.8,9.9,49.1
114796.0,27.3,7.5,6.1,6.3,47.2
107520.0,15.8,6.4,7.0,9.3,38.5
95289.0,25.2,8.0,5.6,11.7,50.5
96485.0,25.5,7.9,8.6,8.8,50.8
179079.0,17.3,7.1,9.2,7.4,40.99999999999999
95325.0,26.3,9.9,9.4,11.9,57.5
93495.0,32.7,9.5,9.7,8.8,60.7
101815.0,17.0,4.5,7.0,11.6,40.1
95418.0,21.4,9.2,6.5,11.2,48.3
98080.0,25.6,7.6,6.3,7.8,47.3
218621.0,13.1,2.3,7.5,5.1,28.0
95423.0,24.7,8.4,8.5,9.3,50.900000000000006
92098.0,28.3,9.0,7.3,5.6,50.2
200794.0,16.5,5.7,7.2,8.3,37.7
95597.0,27.6,8.9,8.0,10.8,55.3
93146.0,31.6,8.9,8.0,8.2,56.7
96016.0,18.9,6.1,8.2,8.4,41.6
95645.0,24.6,7.7,6.6,9.0,47.900000000000006
87443.0,27.3,8.8,8.3,6.0,50.400000000000006
121570.0,17.0,5.5,6.8,7.7,37.0
95755.0,26.0,7.3,6.7,8.8,48.8
108754.0,28.8,7.3,6.3,6.5,48.9
135468.0,14.0,6.2,7.1,7.5,34.8
96136.0,27.4,9.9,7.3,9.3,53.89999999999999
113744.0,30.3,7.9,5.9,5.2,49.3
101805.0,18.2,6.8,6.9,7.6,39.5
96363.0,22.6,7.3,8.8,9.6,48.3
123557.0,15.2,5.3,8.2,7.8,36.5
96455.0,23.2,8.7,7.3,9.9,49.1
99329.0,28.5,6.5,7.8,6.1,48.9
122819.0,21.0,6.4,7.9,9.8,45.1
96549.0,28.8,8.2,7.0,11.1,55.1
108640.0,30.7,6.8,5.9,6.1,49.5
102003.0,16.2,5.9,7.3,8.9,38.3
96590.0,24.1,6.6,6.3,10.1,47.1
99759.0,25.7,8.9,8.6,5.5,48.7
93354.0,18.7,6.3,7.7,9.0,41.7
96641.0,24.9,8.0,6.6,10.3,49.8
114027.0,27.1,7.1,6.3,6.4,46.9
88407.0,19.3,6.9,7.1,9.2,42.5
96928.0,28.6,6.5,4.5,9.1,48.7
115924.0,26.1,7.8,6.9,5.7,46.5
91081.0,18.1,6.9,8.5,9.2,42.7
96973.0,24.9,7.9,6.7,9.3,48.8
115156.0,26.8,7.5,6.4,6.0,46.7
107356.0,17.5,6.1,8.0,8.3,39.900000000000006
97105.0,23.8,8.1,7.3,9.1,48.3
112842.0,26.8,8.0,6.2,5.1,46.1
116789.0,21.9,2.9,4.3,6.0,35.099999999999994
97159.0,20.3,10.1,5.3,8.5,44.2
142632.0,16.1,4.6,7.1,7.0,34.800000000000004
97195.0,24.6,7.7,6.9,9.3,48.5
105686.0,26.9,7.9,6.8,6.5,48.1
106096.0,17.0,5.8,8.2,7.7,38.7
97283.0,24.6,7.9,6.8,8.9,48.2
118206.0,27.5,7.9,6.6,4.9,46.9
108843.0,17.6,5.9,7.0,8.6,39.1
97352.0,24.9,7.1,7.0,9.7,48.7
105062.0,27.9,7.3,6.5,6.1,47.8
295037.0,14.5,4.6,5.2,7.6,31.9
97689.0,25.5,7.0,6.8,9.8,49.1
98712.0,18.2,6.2,7.8,8.6,40.8
97734.0,24.5,9.0,7.4,9.7,50.6
121947.0,16.6,5.7,6.5,7.2,36.0
97845.0,24.9,7.3,7.1,8.5,47.8
113069.0,29.2,7.1,6.7,5.1,48.1
97635.0,18.7,6.2,5.8,8.5,39.2
97875.0,24.6,8.1,6.7,8.9,48.3
98127.0,17.7,6.1,7.4,8.5,39.7
97953.0,24.7,7.8,6.9,9.4,48.8
97456.0,29.1,8.1,7.3,5.8,50.3
289158.0,12.6,2.9,6.3,5.1,26.9
98037.0,26.4,7.8,6.9,9.0,50.1
84737.0,31.4,8.8,8.0,6.7,54.900000000000006
291766.0,12.3,3.2,6.3,5.6,27.4
98064.0,25.0,7.4,6.6,9.1,48.1
108379.0,29.3,7.3,6.3,6.3,49.2
97286.0,17.4,6.4,8.3,8.0,40.1
98111.0,23.9,8.4,7.0,9.2,48.5
119358.0,25.1,8.2,6.3,5.5,45.1
99583.0,17.3,5.9,7.8,8.5,39.5
98267.0,23.9,7.7,7.3,9.1,48.0
88797.0,28.8,8.5,7.4,6.4,51.1
118779.0,16.5,5.9,7.5,9.2,39.1
98407.0,25.1,8.1,7.5,10.9,51.6
99953.0,29.3,7.4,6.4,8.3,51.400000000000006
92394.0,19.6,6.2,7.6,8.9,42.3
98615.0,25.9,7.6,6.4,9.5,49.4
112984.0,25.9,7.5,6.5,6.5,46.4
106381.0,17.7,6.2,7.2,8.4,39.5
100389.0,17.5,5.8,7.6,7.7,38.6
99035.0,25.3,7.4,6.6,9.3,48.60000000000001
110814.0,26.6,7.7,6.2,5.7,46.20000000000001
112159.0,17.2,5.6,7.4,6.4,36.6
99258.0,25.9,9.3,7.5,10.5,53.2
78002.0,30.9,9.9,6.5,6.6,53.9
298024.0,14.2,3.5,4.6,4.8,27.1
99344.0,25.3,8.0,6.7,8.5,48.5
91338.0,30.5,8.4,7.0,6.9,52.8
96548.0,18.4,6.7,6.9,6.7,38.7
99487.0,25.5,8.1,7.5,9.1,50.2
77414.0,30.9,8.9,7.8,7.1,54.7
90387.0,19.4,6.3,8.0,8.7,42.400000000000006
99525.0,24.0,7.8,7.6,10.3,49.7
114367.0,26.7,6.9,6.1,5.7,45.400000000000006
94034.0,16.1,6.8,10.2,8.8,41.900000000000006
99532.0,24.1,5.6,4.6,9.1,43.400000000000006
153639.0,20.8,5.2,5.7,4.0,35.7
81317.0,19.8,6.4,8.5,9.4,44.1
99563.0,25.2,8.2,7.1,9.5,50.0
132632.0,26.2,7.7,6.0,6.1,46.0
110147.0,17.5,4.7,5.5,10.1,37.8
99569.0,23.0,6.9,6.5,8.8,45.2
108338.0,26.3,6.0,7.3,6.1,45.7
101170.0,18.6,6.2,6.2,8.0,39.0
99732.0,23.1,7.8,4.9,10.8,46.60000000000001
106271.0,28.6,8.2,6.6,3.9,47.3
134028.0,16.0,5.3,7.2,6.9,35.4
99865.0,24.4,7.9,7.2,9.1,48.6
114090.0,27.9,7.8,6.8,5.1,47.6
72512.0,18.6,8.1,8.0,9.8,44.5
95055.0,18.0,6.7,8.6,8.1,41.4
99880.0,24.6,7.8,7.7,9.0,49.1
88499.0,30.4,8.8,7.3,6.1,52.6
281040.0,13.1,4.1,6.3,5.0,28.5
100033.0,26.3,8.4,6.7,8.7,50.10000000000001
95642.0,30.5,8.3,7.3,6.4,52.49999999999999
97823.0,15.1,5.6,8.9,9.6,39.2
100084.0,24.9,8.1,8.4,7.5,48.9
98614.0,28.5,7.6,8.3,6.4,50.8
111121.0,19.2,5.5,6.5,5.8,37.0
100334.0,28.4,9.4,6.9,10.9,55.6
82428.0,29.1,7.3,8.1,6.3,50.8
261435.0,13.5,4.0,6.3,5.8,29.6
100372.0,25.6,8.1,6.9,8.3,48.900000000000006
95924.0,29.2,8.3,7.0,6.4,50.9
177149.0,15.6,5.6,5.8,7.6,34.6
100373.0,26.0,7.9,7.4,9.8,51.1
90455.0,30.7,8.5,6.4,7.8,53.4
220697.0,14.8,5.3,7.3,7.4,34.800000000000004
100390.0,25.3,8.0,7.0,9.6,49.9
100615.0,29.1,8.5,6.7,7.5,51.8
109115.0,17.8,4.4,7.3,8.9,38.400000000000006
100482.0,22.2,7.6,7.3,10.1,47.2
103784.0,28.8,8.8,5.3,5.6,48.5
108090.0,17.2,5.8,7.6,7.9,38.5
100497.0,24.8,7.5,7.1,9.7,49.1
109015.0,28.0,7.7,5.8,6.1,47.6
95366.0,15.8,5.6,8.8,8.0,38.2
100525.0,27.4,8.1,7.6,10.4,53.5
74377.0,30.8,8.7,6.2,6.6,52.3
83408.0,19.2,6.8,8.3,9.4,43.7
100576.0,24.3,7.7,6.5,9.1,47.6
170444.0,22.3,5.5,4.2,3.9,35.9
104356.0,19.5,5.3,7.1,7.8,39.7
100605.0,25.9,7.2,6.3,8.5,47.9
130401.0,27.6,6.8,5.2,4.8,44.4
94021.0,18.0,6.6,7.8,8.6,41.0
100618.0,27.1,7.2,7.1,8.8,50.2
139845.0,27.2,7.7,4.9,5.3,45.1
103472.0,17.8,5.9,7.8,8.2,39.7
100795.0,24.4,7.9,6.9,9.5,48.7
107319.0,26.9,7.5,6.6,5.7,46.7
119475.0,15.7,6.6,8.5,7.6,38.4
100864.0,26.9,8.1,6.5,6.8,48.3
84132.0,29.9,8.2,7.7,7.9,53.7
275080.0,13.3,3.7,5.4,3.7,26.1
100965.0,25.6,7.8,7.0,8.3,48.7
98215.0,28.8,8.4,6.8,6.0,50.0
287657.0,13.8,4.4,5.8,5.0,29.000000000000004
101045.0,25.9,7.6,6.6,8.9,49.0
96037.0,30.6,8.0,6.3,5.2,50.1
158310.0,17.7,4.6,6.3,5.8,34.4
101302.0,27.5,6.9,6.7,8.5,49.6
87994.0,29.9,8.1,6.9,6.7,51.6
112041.0,16.6,5.9,8.0,7.7,38.2
101393.0,25.0,7.5,6.7,8.7,47.900000000000006
120995.0,26.2,7.2,6.1,5.7,45.2
157564.0,14.4,5.1,6.8,7.0,33.3
101546.0,25.6,7.4,6.2,9.2,48.400000000000006
108098.0,27.5,7.4,6.8,6.0,47.7
105178.0,19.9,6.0,7.4,5.8,39.1
101687.0,26.0,6.9,6.2,9.5,48.6
87617.0,32.4,7.3,6.0,5.8,51.49999999999999
128409.0,16.1,6.3,7.5,8.1,38.0
101790.0,24.1,7.4,6.6,9.4,47.5
101695.0,28.5,8.8,7.1,6.4,50.8
84427.0,20.4,6.9,7.7,10.1,45.1
101874.0,24.9,7.9,6.0,10.5,49.3
152118.0,22.2,5.9,5.8,5.6,39.5
257159.0,14.4,4.0,5.9,5.2,29.5
101959.0,24.6,7.7,7.6,8.6,48.50000000000001
98048.0,29.5,7.9,6.8,5.3,49.49999999999999
129579.0,17.2,5.4,6.8,7.3,36.7
102049.0,23.8,7.9,7.0,9.0,47.7
133969.0,25.6,6.9,6.1,4.8,43.4
287398.0,11.2,2.4,4.8,4.2,22.6
102085.0,25.5,7.8,7.0,9.4,49.7
81612.0,31.2,8.7,7.5,7.3,54.7
299275.0,13.7,3.9,6.4,4.7,28.7
102208.0,25.1,7.7,7.2,9.0,49.00000000000001
96710.0,30.0,8.6,7.3,6.7,52.6
79040.0,18.8,6.4,8.5,8.0,41.7
102404.0,20.3,8.6,7.8,10.1,46.8
111627.0,30.3,5.8,6.0,2.4,44.5
105217.0,17.5,6.2,7.8,8.6,40.1
102681.0,24.1,7.4,6.9,9.7,48.1
118516.0,26.5,6.7,6.1,5.9,45.2
113099.0,17.4,5.4,8.0,7.7,38.5
102847.0,25.3,7.2,7.1,9.1,48.7
97777.0,29.5,8.2,7.4,6.3,51.4
101069.0,15.7,6.1,8.6,8.8,39.2
102925.0,21.2,8.5,7.9,10.8,48.400000000000006
110337.0,23.6,8.6,7.5,6.0,45.7
295682.0,12.6,3.7,5.0,4.6,25.9
103068.0,25.2,7.6,7.0,8.1,47.9
88858.0,30.5,8.3,6.9,6.0,51.7
171286.0,16.5,5.2,6.0,5.7,33.4
103108.0,22.8,8.1,7.9,9.6,48.4
82906.0,30.3,7.5,6.9,7.5,52.2
105547.0,16.8,5.9,7.7,7.4,37.8
103183.0,24.1,7.7,6.8,8.5,47.1
101162.0,27.7,7.5,7.0,5.7,47.900000000000006
105033.0,15.1,6.7,9.6,8.6,40.0
103268.0,24.1,7.7,7.6,8.9,48.3
105870.0,26.6,8.0,8.0,5.6,48.2
92480.0,18.1,6.5,8.2,7.7,40.5
103304.0,24.4,7.9,6.9,8.6,47.8
237844.0,12.2,4.2,6.4,5.6,28.4
103406.0,25.1,6.8,5.9,9.4,47.2
132708.0,26.3,5.9,6.2,5.4,43.8
99906.0,18.1,6.4,7.7,7.6,39.8
103610.0,23.8,7.3,6.2,9.3,46.60000000000001
72197.0,30.3,9.0,9.0,7.0,55.3
103845.0,16.3,6.1,8.5,6.6,37.5
103718.0,25.8,7.4,5.6,9.7,48.5
109352.0,29.6,7.2,5.9,5.6,48.3
94027.0,18.4,6.8,7.8,8.1,41.1
103848.0,23.4,7.7,7.0,8.6,46.7
117624.0,26.3,7.5,6.0,5.5,45.3
115507.0,16.5,5.8,7.3,8.1,37.7
103900.0,23.9,8.0,6.8,8.8,47.5
122463.0,26.2,7.4,6.6,5.3,45.5
95513.0,24.2,3.1,4.0,6.8,38.1
104008.0,26.3,4.9,6.2,9.8,47.2
134093.0,25.5,6.9,6.2,5.3,43.9
103928.0,20.9,7.1,8.3,9.0,45.3
104024.0,25.6,9.7,8.1,9.9,53.3
97422.0,28.8,9.1,8.8,8.7,55.400000000000006
155190.0,15.1,5.1,6.1,5.0,31.3
104206.0,23.2,7.3,6.8,8.2,45.5
95437.0,25.8,8.4,8.1,6.5,48.8
281620.0,15.3,2.1,2.7,2.0,22.1
104264.0,23.6,7.3,7.8,7.3,46.0
101166.0,28.1,8.5,7.5,7.3,51.4
148538.0,14.1,5.0,6.7,7.3,33.1
104280.0,23.7,7.7,6.9,9.2,47.5
113031.0,27.2,7.3,6.3,5.9,46.7
106434.0,15.5,6.7,8.4,8.6,39.2
104633.0,22.7,7.7,6.9,9.0,46.3
135512.0,23.2,7.5,6.1,5.0,41.8
95177.0,18.0,7.0,8.2,9.4,42.6
104755.0,23.9,8.0,7.8,9.7,49.39999999999999
125753.0,24.6,7.2,6.8,6.6,45.2
119109.0,16.2,5.5,7.1,7.7,36.5
105200.0,24.1,7.5,6.6,9.2,47.400000000000006
114042.0,26.8,7.1,6.3,6.3,46.49999999999999
102868.0,17.7,6.2,9.0,7.4,40.3
105329.0,23.6,8.3,6.0,7.3,45.2
121922.0,25.9,5.9,6.1,3.8,41.7
99724.0,18.6,6.9,8.6,8.0,42.1
105432.0,25.8,7.9,7.2,8.8,49.7
101083.0,30.3,8.8,7.7,6.0,52.8
113237.0,17.6,5.7,6.9,8.3,38.5
106146.0,18.2,6.3,8.0,7.6,40.1
105828.0,25.3,8.1,7.2,8.9,49.5
98136.0,29.4,8.4,7.4,6.3,51.49999999999999
117230.0,15.8,5.9,8.0,7.8,37.5
105894.0,23.7,7.4,6.7,9.0,46.8
92052.0,29.6,8.2,7.2,6.5,51.5
206137.0,17.1,5.9,7.4,8.5,38.9
105973.0,29.2,9.1,7.9,11.4,57.6
124222.0,29.5,8.5,7.2,8.2,53.400000000000006
220203.0,19.5,3.2,5.0,3.6,31.3
106224.0,25.6,8.1,7.0,9.9,50.6
109379.0,30.9,7.1,6.2,6.4,50.6
296286.0,14.1,3.4,4.6,4.5,26.6
106330.0,24.6,8.0,6.5,8.8,47.900000000000006
99053.0,30.1,8.5,6.5,6.0,51.1
105673.0,16.6,4.6,8.0,9.1,38.3
106352.0,22.5,8.1,6.6,8.3,45.5
88343.0,29.2,9.1,7.6,5.8,51.7
116212.0,15.1,5.1,7.7,7.9,35.8
106355.0,23.1,8.0,8.5,9.0,48.6
98027.0,29.3,7.9,6.3,5.0,48.5
124738.0,18.4,5.3,6.5,7.1,37.3
106443.0,26.2,7.0,6.7,8.0,47.900000000000006
112356.0,30.1,7.1,5.7,5.0,47.900000000000006
113855.0,17.9,5.9,7.3,8.1,39.2
106601.0,24.2,7.7,6.7,9.5,48.1
117724.0,26.8,7.3,6.2,6.3,46.6
110173.0,16.5,5.8,7.6,8.3,38.2
106752.0,24.3,7.5,6.5,9.0,47.3
125803.0,25.6,7.1,5.6,5.9,44.2
110627.0,17.7,5.5,7.9,7.6,38.7
106855.0,24.1,7.4,5.8,10.8,48.1
149117.0,15.2,4.7,6.2,7.0,33.099999999999994
106903.0,25.0,7.3,6.3,8.7,47.3
110403.0,27.8,7.7,6.4,5.9,47.8
260323.0,14.1,4.2,6.2,4.8,29.3
107027.0,26.0,7.8,6.6,8.5,48.9
99461.0,30.9,8.2,6.9,6.1,52.1
136580.0,15.0,4.8,7.9,7.0,34.7
107030.0,23.0,8.3,6.7,9.2,47.2
149371.0,23.5,6.3,5.7,4.6,40.1
158194.0,16.6,4.2,6.4,7.2,34.400000000000006
107139.0,25.4,7.4,5.3,11.2,49.3
107005.0,28.8,7.8,6.9,5.4,48.9
143928.0,18.8,4.0,5.1,3.5,31.4
107169.0,23.6,7.9,6.6,8.4,46.5
91023.0,29.6,8.1,8.7,6.1,52.50000000000001
106884.0,16.2,6.8,8.3,8.4,39.7
107323.0,21.7,7.5,7.5,9.6,46.3
125482.0,25.5,7.7,5.8,7.8,46.8
112605.0,17.7,5.3,9.0,7.4,39.4
107377.0,22.2,8.0,6.1,9.1,45.4
108660.0,17.3,5.5,8.2,7.6,38.6
107438.0,25.0,8.1,6.8,8.1,48.0
101878.0,29.0,9.0,7.2,6.5,51.7
127198.0,17.1,5.6,7.8,8.2,38.7
107499.0,23.7,8.0,7.3,10.2,49.2
106575.0,28.8,7.7,7.7,7.2,51.400000000000006
123127.0,16.5,4.9,7.3,7.4,36.1
107616.0,24.2,7.4,7.0,8.7,47.3
110217.0,26.3,6.8,6.4,6.1,45.6
128112.0,20.4,4.0,6.2,5.5,36.1
107679.0,22.7,7.0,7.6,7.7,45.0
103693.0,23.5,8.8,7.3,6.5,46.1
108136.0,23.6,4.0,5.9,6.5,40.0
107925.0,29.8,6.0,3.1,9.3,48.2
111439.0,16.5,5.3,8.2,7.8,37.8
108157.0,25.1,7.5,7.7,7.5,47.8
99899.0,28.3,8.1,6.8,5.9,49.1
93780.0,19.1,6.0,8.1,9.1,42.3
108207.0,23.0,7.3,7.0,9.5,46.8
132828.0,23.8,6.1,6.0,6.0,41.9
111605.0,12.8,13.0,10.5,4.2,40.5
108227.0,24.5,8.8,5.5,8.3,47.1
119066.0,22.5,8.3,6.5,8.0,45.3
128265.0,18.0,5.7,7.5,8.3,39.5
108246.0,25.2,7.3,6.2,9.5,48.2
114360.0,26.4,7.0,6.7,6.4,46.5
142187.0,16.5,5.2,6.2,7.6,35.5
108468.0,24.9,6.8,6.8,10.1,48.6
98267.0,29.2,8.0,5.8,4.3,47.3
142033.0,15.5,5.2,6.9,8.3,35.900000000000006
108471.0,24.3,7.7,7.1,10.5,49.6
90954.0,28.6,8.4,7.7,7.5,52.2
121780.0,13.9,5.5,7.2,6.6,33.2
108474.0,23.7,8.7,7.0,9.3,48.7
77372.0,28.8,8.5,9.3,5.1,51.7
108527.0,16.6,6.1,4.1,9.8,36.60000000000001
108489.0,24.3,8.4,6.2,8.9,47.8
108886.0,13.6,5.6,8.1,9.2,36.5
108652.0,20.9,8.1,6.1,11.6,46.7
131103.0,22.8,4.3,6.8,4.5,38.4
135299.0,15.5,6.1,6.1,4.1,31.800000000000004
108689.0,22.4,7.3,6.1,9.8,45.6
108126.0,17.4,6.2,8.4,7.5,39.5
108710.0,24.5,7.7,7.1,8.4,47.7
108774.0,27.8,8.3,7.1,5.8,49.0
125089.0,16.1,6.4,8.4,8.3,39.2
108761.0,28.5,5.2,5.0,9.7,48.400000000000006
107162.0,27.7,6.4,5.4,6.6,46.1
296482.0,12.5,3.8,5.9,4.8,27.000000000000004
108842.0,25.5,7.6,6.7,8.6,48.400000000000006
94183.0,29.9,8.5,7.3,6.1,51.8
100913.0,17.4,6.0,7.2,8.4,39.0
108904.0,23.5,7.7,6.6,10.1,47.9
122402.0,26.0,6.5,6.0,6.0,44.5
119741.0,16.3,5.6,7.6,8.1,37.6
108934.0,24.1,7.2,6.6,9.6,47.5
125211.0,25.5,6.7,6.2,5.7,44.10000000000001
102166.0,18.2,5.2,8.3,10.8,42.5
108952.0,21.7,8.9,6.4,9.8,46.8
172557.0,23.1,6.0,5.5,4.0,38.6
111402.0,17.0,5.8,7.8,7.9,38.5
109015.0,23.5,7.9,7.2,9.2,47.8
92568.0,28.8,8.3,7.6,6.7,51.400000000000006
127043.0,16.5,5.4,7.5,7.8,37.2
109028.0,24.1,7.7,7.0,9.2,48.0
118157.0,27.3,7.1,6.7,5.9,47.0
281571.0,12.4,3.5,4.6,5.0,25.5
109168.0,28.2,7.7,6.6,10.9,53.4
116565.0,26.8,6.9,6.1,5.9,45.7
120382.0,17.6,4.5,6.6,6.3,35.0
109247.0,23.6,6.7,6.8,8.6,45.7
128516.0,24.8,7.7,6.0,5.5,44.0
111028.0,16.2,6.0,7.8,8.1,38.1
109257.0,22.9,7.5,6.8,8.7,45.89999999999999
118553.0,25.8,7.5,6.3,5.3,44.89999999999999
129055.0,16.2,4.5,2.9,6.8,30.4
109347.0,25.8,4.9,7.6,7.5,45.8
140672.0,23.1,5.9,7.3,6.0,42.3
94235.0,19.7,6.8,8.0,9.2,43.7
109404.0,20.8,7.2,9.1,9.1,46.2
148657.0,26.3,7.7,6.2,5.3,45.5
102890.0,16.7,7.1,9.0,8.6,41.4
109468.0,22.3,7.9,6.9,9.1,46.2
141204.0,22.8,7.5,6.4,5.1,41.8
121487.0,16.2,5.8,7.7,7.9,37.6
109565.0,23.4,7.7,6.8,9.4,47.3
122411.0,26.3,7.2,6.0,6.3,45.8
118537.0,17.0,6.1,7.0,7.8,37.9
109675.0,23.5,7.0,6.3,9.8,46.6
126178.0,26.6,6.6,6.0,5.3,44.5
140350.0,14.9,4.8,6.7,7.1,33.5
109699.0,22.6,7.6,6.8,9.1,46.1
125652.0,25.4,7.2,5.9,5.5,44.0
155551.0,14.4,4.8,6.6,6.7,32.5
109891.0,23.7,6.9,6.4,8.9,45.9
123895.0,26.4,6.8,6.1,5.3,44.6
130330.0,15.6,5.4,7.3,7.4,35.7
110065.0,23.3,8.0,6.7,9.4,47.4
133553.0,25.3,7.0,5.2,4.7,42.2
112164.0,18.3,5.6,6.1,7.4,37.4
110150.0,26.0,7.5,6.1,7.2,46.8
107622.0,26.9,7.9,6.1,5.3,46.2
142988.0,16.4,6.2,7.9,6.9,37.4
110161.0,24.2,7.5,6.6,8.6,46.9
115725.0,31.1,6.7,6.2,5.0,49.00000000000001
98683.0,17.7,6.2,7.9,8.5,40.3
110557.0,23.7,7.5,6.2,8.9,46.3
137779.0,24.2,6.4,6.1,5.7,42.400000000000006
279453.0,14.6,3.3,4.1,4.6,26.6
110648.0,24.8,6.9,5.8,8.1,45.6
102306.0,29.2,8.1,6.5,6.3,50.1
121622.0,16.2,5.3,6.8,7.1,35.4
110760.0,23.6,7.5,7.0,9.1,47.2
271108.0,6.8,3.0,5.8,2.0,17.6
110869.0,19.3,7.8,6.3,9.3,42.7
291331.0,13.9,3.9,5.7,4.4,27.9
110899.0,23.9,7.5,6.3,8.5,46.2
100554.0,30.8,7.7,6.6,4.9,50.0
113589.0,17.3,5.1,7.2,6.9,36.5
111040.0,24.0,7.1,6.2,8.5,45.8
111814.0,27.5,7.5,6.9,5.5,47.4
130236.0,15.0,4.3,6.2,7.5,33.0
111099.0,25.4,6.4,5.3,7.9,44.99999999999999
110054.0,28.1,7.4,6.2,5.3,47.0
110278.0,16.8,6.0,7.7,7.2,37.7
111151.0,23.0,7.7,6.2,8.4,45.3
139796.0,24.2,7.3,5.8,3.8,41.1
125084.0,16.3,5.1,7.1,6.8,35.3
111170.0,23.6,6.6,5.8,8.1,44.1
128071.0,24.5,7.9,6.0,5.7,44.1
113575.0,14.7,6.4,8.0,8.2,37.3
111489.0,23.3,7.5,7.6,7.2,45.6
106416.0,26.7,7.7,7.0,6.2,47.6
115609.0,16.8,6.0,7.3,8.3,38.400000000000006
111627.0,22.6,7.5,6.7,9.4,46.2
125546.0,25.2,7.2,6.0,6.0,44.4
110107.0,16.5,5.0,7.6,6.1,35.2
111637.0,27.1,6.8,6.0,7.8,47.7
123271.0,25.9,6.5,6.7,4.7,43.8
136590.0,16.2,4.6,6.4,7.4,34.599999999999994
111684.0,24.3,8.3,5.8,10.2,48.6
132443.0,25.1,6.3,5.9,6.8,44.1
119105.0,17.3,5.7,8.5,7.0,38.5
111701.0,22.4,7.8,8.5,8.4,47.1
90406.0,30.4,7.9,8.7,4.4,51.4
106313.0,17.9,5.9,7.6,7.5,38.9
111727.0,23.5,7.8,7.1,8.0,46.4
96615.0,30.0,8.2,6.8,6.4,51.4
114414.0,17.1,5.3,7.9,7.3,37.6
111803.0,23.3,8.2,6.8,9.2,47.5
98262.0,28.8,8.3,7.3,6.2,50.6
176641.0,14.1,3.5,5.7,6.0,29.3
274404.0,12.7,3.9,5.2,3.6,25.4
112252.0,24.5,6.9,6.3,7.9,45.6
104527.0,28.1,7.9,6.5,5.6,48.1
90425.0,20.0,6.1,7.9,8.6,42.6
112311.0,23.2,7.4,6.6,9.2,46.400000000000006
147697.0,22.5,6.6,5.7,5.1,39.900000000000006
217447.0,13.7,4.3,6.2,6.5,30.7
112439.0,24.5,7.6,6.4,9.6,48.1
104617.0,28.0,7.6,7.1,6.9,49.6
117453.0,18.6,5.0,7.2,7.7,38.5
112595.0,22.8,7.4,6.1,9.3,45.60000000000001
132492.0,23.3,6.5,6.2,5.6,41.6
109328.0,17.2,6.1,8.2,7.5,39.0
112635.0,24.0,7.4,6.8,8.3,46.5
117508.0,27.1,7.8,6.5,5.7,47.1
153957.0,15.4,5.2,7.2,7.8,35.6
112765.0,23.6,7.5,6.4,9.7,47.2
100770.0,28.9,8.0,6.5,6.8,50.2
108794.0,18.5,5.8,8.1,7.2,39.6
112836.0,23.0,6.9,6.5,9.5,45.9
103953.0,28.8,6.5,7.4,3.6,46.3
255173.0,10.9,3.0,5.7,6.6,26.200000000000003
112949.0,25.0,6.7,6.3,8.4,46.4
295993.0,14.0,3.2,6.4,5.3,28.9
112972.0,25.0,7.7,6.8,8.5,48.0
101684.0,29.3,8.0,7.0,6.4,50.7
130364.0,14.9,4.0,7.0,7.3,33.2
112990.0,18.9,9.0,6.7,9.2,43.8
112662.0,17.7,5.4,7.4,7.2,37.7
113028.0,23.4,7.0,6.3,8.9,45.6
122666.0,25.5,6.7,6.1,5.6,43.900000000000006
97366.0,17.7,6.5,8.4,9.0,41.6
113090.0,22.5,7.1,7.1,10.1,46.8
157858.0,23.1,6.0,5.5,5.0,39.6
125509.0,16.4,5.5,6.5,7.3,35.7
113193.0,23.4,7.0,6.1,9.1,45.6
127503.0,25.9,6.9,5.8,5.4,43.99999999999999
113381.0,16.3,6.1,6.8,9.2,38.4
113816.0,27.3,4.9,5.3,9.3,46.8
137917.0,24.8,6.6,5.4,5.1,41.9
140832.0,15.2,4.2,6.4,6.0,31.8
113868.0,21.3,7.2,7.9,9.1,45.5
105770.0,30.1,7.6,5.3,4.0,47.0
283983.0,12.2,4.1,5.2,4.7,26.2
113916.0,24.3,7.1,6.1,8.5,46.0
104589.0,28.8,7.6,6.4,6.0,48.8
103109.0,17.1,6.4,7.6,7.6,38.7
114042.0,23.7,7.6,6.8,7.6,45.7
103177.0,28.6,7.8,6.6,5.8,48.8
292286.0,12.7,3.7,5.7,5.7,27.8
114221.0,25.0,6.4,5.8,9.6,46.8
140232.0,24.6,6.9,5.6,6.0,43.1
142141.0,15.1,3.8,8.2,5.5,32.599999999999994
114252.0,21.8,8.8,7.2,8.0,45.8
97267.0,27.8,8.3,9.4,5.7,51.2
223324.0,14.7,6.2,7.1,8.0,36.0
114261.0,23.8,7.4,6.8,8.5,46.5
117986.0,26.0,7.7,6.4,6.3,46.4
110923.0,17.0,6.1,8.9,8.8,40.8
114358.0,23.6,8.1,6.0,9.5,47.2
293848.0,12.2,2.9,4.2,5.2,24.5
104932.0,16.8,4.8,7.0,7.1,35.7
114376.0,22.8,7.4,6.7,9.1,46.00000000000001
90202.0,28.3,8.3,8.9,5.9,51.4
122640.0,16.3,5.2,7.4,7.6,36.5
114951.0,23.3,7.2,6.9,8.2,45.6
97765.0,28.6,8.4,7.1,6.3,50.4
117633.0,13.6,5.5,8.8,8.4,36.3
115124.0,23.7,6.6,6.1,8.7,45.1
83665.0,30.3,7.2,7.7,6.6,51.8
100419.0,18.4,5.4,7.3,7.2,38.3
115395.0,21.7,7.3,6.4,8.9,44.3
92461.0,29.5,7.9,7.8,6.7,51.9
131705.0,12.8,5.8,8.8,4.0,31.4
115627.0,16.0,6.4,8.6,9.8,40.8
115736.0,21.5,8.0,7.2,8.6,45.3
137463.0,26.2,5.4,4.9,4.1,40.6
124866.0,16.5,5.1,7.1,7.1,35.800000000000004
115814.0,23.4,7.3,6.3,8.5,45.5
104902.0,26.7,7.7,7.3,5.9,47.6
273865.0,13.1,3.5,5.7,5.7,28.0
115839.0,25.0,6.9,6.2,9.2,47.3
154072.0,23.7,6.9,5.8,5.4,41.8
141522.0,14.8,4.8,6.8,5.8,32.2
115863.0,21.9,7.6,6.9,8.8,45.2
91831.0,29.6,9.4,7.5,5.7,52.2
277902.0,13.9,4.2,6.5,5.6,30.200000000000003
115946.0,23.5,7.1,6.5,8.7,45.8
107520.0,27.8,7.5,7.1,5.8,48.2
123724.0,13.2,7.1,8.9,9.6,38.8
115970.0,22.5,6.8,7.1,6.1,42.5
88071.0,28.8,8.8,7.5,6.7,51.8
107969.0,21.0,2.2,8.2,7.2,38.6
116021.0,24.3,5.0,5.8,10.8,45.900000000000006
87533.0,22.0,7.4,9.2,11.0,49.6
116159.0,24.0,7.7,7.2,10.6,49.5
182691.0,25.0,5.6,6.1,7.3,44.0
163029.0,14.1,4.2,6.2,6.8,31.3
116208.0,23.4,6.8,6.0,8.0,44.2
132669.0,26.7,6.6,6.0,4.8,44.1
139404.0,16.3,4.6,6.8,7.4,35.1
116236.0,23.2,7.8,6.6,8.7,46.3
123614.0,25.8,7.7,6.9,5.9,46.3
127329.0,15.3,5.1,6.9,7.4,34.7
116307.0,22.0,6.6,6.1,9.5,44.2
134155.0,23.9,6.6,6.0,5.3,41.8
128896.0,15.3,5.4,6.8,7.3,34.800000000000004
116313.0,23.3,7.1,6.0,9.0,45.4
133951.0,24.6,6.2,5.7,5.7,42.2
104393.0,18.6,4.7,6.5,6.1,35.9
116811.0,22.0,7.2,5.9,7.5,42.6
117421.0,25.6,7.8,6.4,5.5,45.3
259322.0,12.4,2.2,5.5,4.2,24.3
116825.0,23.7,6.9,6.3,7.9,44.8
293899.0,10.4,2.5,4.5,3.6,21.0
116903.0,26.4,5.8,5.3,8.5,45.99999999999999
120118.0,27.0,5.4,6.5,4.6,43.5
298769.0,13.2,3.0,5.8,5.6,27.6
116995.0,23.8,7.4,6.7,8.0,45.900000000000006
110338.0,28.6,7.4,6.2,5.3,47.5
107034.0,16.9,6.3,8.3,7.9,39.4
117123.0,21.9,7.5,6.9,9.5,45.8
154991.0,22.1,7.2,6.3,4.9,40.5
117005.0,16.4,5.5,7.6,8.2,37.7
117290.0,22.0,7.0,6.7,9.4,45.1
136175.0,22.8,6.2,5.9,5.8,40.7
164269.0,16.0,5.0,6.1,7.7,34.800000000000004
117303.0,24.0,7.5,6.8,9.3,47.6
125202.0,26.9,7.4,6.5,5.8,46.6
297854.0,12.1,3.3,6.0,4.5,25.9
117501.0,23.1,7.8,6.6,7.6,45.1
108924.0,27.5,8.2,7.4,5.4,48.5
279675.0,15.2,4.2,6.4,6.5,32.3
117672.0,24.0,7.5,6.5,8.8,46.8
130158.0,25.6,6.3,6.4,4.8,43.1
106732.0,17.5,6.5,7.8,8.4,40.2
117688.0,23.4,7.3,6.1,8.7,45.5
140115.0,24.2,7.7,5.9,5.3,43.1
159261.0,14.1,4.8,5.9,6.5,31.3
117780.0,23.0,7.1,6.1,8.5,44.7
139659.0,24.8,6.5,5.7,4.5,41.5
129166.0,18.2,5.2,6.6,6.4,36.4
117788.0,25.5,7.1,6.1,8.3,47.0
133085.0,27.6,6.7,5.0,4.7,44.00000000000001
112014.0,16.8,5.0,6.6,7.0,35.4
117806.0,23.1,7.4,6.3,8.2,45.0
128623.0,25.7,7.2,6.5,3.9,43.3
103397.0,17.9,6.6,7.9,8.4,40.8
118015.0,23.3,6.8,6.0,8.8,44.900000000000006
137143.0,24.3,6.9,5.8,6.1,43.1
104706.0,17.1,5.9,8.1,8.5,39.6
118160.0,22.7,7.2,6.2,8.7,44.8
139163.0,23.9,6.8,6.2,4.6,41.5
142273.0,14.7,4.9,6.5,7.1,33.2
118255.0,23.1,7.1,6.7,8.5,45.400000000000006
141068.0,23.9,6.4,5.6,5.1,41.0
120396.0,14.8,5.6,7.6,7.6,35.6
118408.0,22.8,7.5,6.1,7.9,44.3
136786.0,24.2,6.9,5.7,5.4,42.2
102770.0,17.1,6.9,8.8,7.6,40.4
118428.0,23.2,7.8,6.3,8.4,45.7
96842.0,29.8,9.0,6.7,5.9,51.4
145343.0,15.6,4.4,6.2,6.2,32.4
118604.0,23.3,6.9,5.9,8.8,44.900000000000006
143676.0,24.6,6.7,5.8,4.9,42.0
117644.0,16.2,5.4,5.1,6.6,33.300000000000004
118665.0,23.8,6.9,6.4,6.6,43.7
131517.0,26.5,8.2,5.8,5.3,45.8
295253.0,14.1,1.9,2.8,2.7,21.5
118883.0,23.8,7.0,5.9,7.6,44.3
106289.0,27.5,8.0,6.5,6.0,48.0
111928.0,18.5,7.1,6.4,9.2,41.2
118930.0,22.3,8.2,6.4,10.3,47.2
138444.0,24.9,7.0,5.4,5.5,42.8
126669.0,16.0,5.9,7.2,8.3,37.4
118999.0,22.7,7.5,6.9,8.8,45.900000000000006
135852.0,24.0,6.8,6.0,5.7,42.5
294728.0,13.7,2.5,5.1,5.2,26.5
119088.0,22.8,7.3,6.4,7.9,44.4
110843.0,27.4,8.1,6.7,5.4,47.6
117370.0,13.5,4.8,8.1,7.7,34.1
119128.0,26.8,5.8,4.5,6.9,44.0
157467.0,26.5,5.3,7.2,4.5,43.5
112210.0,17.3,6.3,8.5,7.7,39.8
119161.0,24.0,7.7,6.8,8.3,46.8
121769.0,26.9,8.0,6.9,5.4,47.2
114781.0,13.8,6.4,9.1,7.2,36.50000000000001
119244.0,24.2,6.6,6.5,8.4,45.7
127088.0,26.5,6.3,5.7,4.9,43.4
117684.0,16.2,5.4,7.4,7.3,36.3
119274.0,22.4,6.8,6.5,8.5,44.2
119811.0,27.6,7.2,6.4,4.7,45.900000000000006
127538.0,16.2,5.7,7.4,7.8,37.1
119361.0,23.6,7.3,6.3,8.3,45.5
160399.0,22.4,5.6,4.9,4.9,37.8
179870.0,13.4,4.1,6.1,5.7,29.3
119401.0,23.7,6.9,6.3,8.5,45.4
118719.0,26.5,7.2,6.3,5.6,45.6
125556.0,16.6,4.9,6.9,7.1,35.5
119442.0,22.3,7.2,6.5,9.1,45.1
122267.0,14.0,4.9,7.5,8.2,34.599999999999994
119793.0,23.8,6.7,7.4,6.9,44.8
155206.0,22.6,6.4,5.1,4.5,38.6
167688.0,15.4,5.5,7.0,6.8,34.7
119866.0,23.3,6.9,6.2,8.6,45.00000000000001
121007.0,26.3,7.1,6.0,6.6,46.0
109784.0,20.4,3.4,6.0,6.0,35.8
119923.0,24.2,7.3,6.6,5.7,43.8
116008.0,26.7,8.3,6.3,4.5,45.8
117645.0,15.5,5.2,8.4,6.9,36.0
120027.0,22.3,8.1,5.8,7.3,43.49999999999999
126427.0,24.8,7.8,6.0,6.0,44.6
109841.0,17.0,5.7,7.8,8.1,38.6
120192.0,22.4,6.7,6.4,8.3,43.8
148947.0,22.0,6.6,6.1,4.7,39.400000000000006
154639.0,15.7,5.0,7.1,7.4,35.2
120326.0,24.0,7.6,7.2,9.2,48.0
104456.0,27.3,8.5,6.9,6.7,49.4
87864.0,24.8,5.6,7.5,6.6,44.5
120415.0,23.1,8.8,8.3,9.4,49.6
224164.0,20.7,4.7,4.8,3.2,33.4
115931.0,17.0,5.5,7.7,7.5,37.7
120433.0,22.2,6.8,6.7,8.6,44.3
123597.0,26.4,6.9,6.0,5.9,45.2
102731.0,17.9,6.2,7.9,8.2,40.2
120697.0,23.5,7.6,6.3,8.3,45.7
152434.0,23.3,6.1,4.6,4.3,38.3
116672.0,16.3,5.6,7.7,7.3,36.9
121056.0,23.6,7.3,6.5,8.0,45.400000000000006
109845.0,27.3,8.4,7.0,5.2,47.900000000000006
161210.0,13.0,2.9,5.3,5.4,26.6
121096.0,24.6,7.7,5.5,6.8,44.6
145140.0,20.2,5.5,4.7,5.9,36.3
287677.0,10.8,3.1,3.6,5.4,22.9
121160.0,23.6,7.0,6.3,8.0,44.9
113548.0,28.9,7.4,5.6,4.8,46.7
299729.0,11.2,2.5,5.3,3.3,22.3
121233.0,24.3,6.7,5.9,7.6,44.5
104729.0,28.5,7.6,6.4,5.7,48.2
119386.0,15.3,5.9,7.4,7.8,36.4
121276.0,23.8,6.9,6.5,8.0,45.2
128055.0,26.0,7.2,6.4,5.7,45.3
172599.0,14.1,5.2,7.2,7.1,33.6
121326.0,23.6,7.5,6.6,9.8,47.5
94714.0,29.8,9.1,7.6,7.8,54.3
292879.0,12.7,2.6,3.8,3.7,22.8
121415.0,24.3,6.5,6.9,6.6,44.3
109979.0,27.8,7.7,6.7,5.5,47.7
296383.0,13.5,3.6,6.0,6.0,29.1
121456.0,21.3,6.8,6.2,9.3,43.60000000000001
138053.0,23.9,5.1,6.2,4.8,40.0
299665.0,12.8,1.9,4.5,2.5,21.700000000000003
121481.0,24.3,7.1,6.8,7.0,45.2
108934.0,28.5,7.7,6.8,5.4,48.4
151318.0,13.8,4.1,7.1,7.9,32.9
121612.0,22.5,6.9,6.0,9.0,44.4
131709.0,23.7,7.5,6.3,6.5,44.0
119711.0,18.6,5.9,5.8,6.6,36.9
121708.0,24.8,7.0,5.9,9.4,47.1
135612.0,24.9,7.3,7.0,3.7,42.9
288490.0,12.1,2.7,4.9,4.7,24.4
121747.0,23.3,6.3,6.0,8.2,43.8
112189.0,27.5,7.7,6.5,5.0,46.7
155178.0,15.2,4.4,6.4,7.8,33.8
121781.0,23.6,7.1,6.3,9.9,46.9
140991.0,25.7,7.2,6.5,5.4,44.8
137984.0,14.6,4.9,6.7,6.9,33.1
121803.0,22.9,6.7,6.2,8.3,44.1
105680.0,28.4,7.4,7.4,5.1,48.3
217360.0,13.5,4.9,6.3,6.0,30.7
121823.0,25.8,8.0,6.7,9.2,49.7
86315.0,31.7,8.5,7.3,8.1,55.6
133070.0,15.6,5.4,7.4,6.9,35.3
122261.0,23.2,7.0,6.1,8.8,45.1
106439.0,27.5,8.0,7.0,6.0,48.5
132624.0,15.3,5.3,7.5,7.4,35.5
122297.0,22.2,7.3,6.7,8.3,44.5
108555.0,27.2,7.7,7.2,6.4,48.5
280397.0,12.6,2.2,4.8,5.3,24.9
122624.0,21.8,7.1,6.8,7.4,43.1
115292.0,28.1,7.9,6.1,5.9,48.0
129078.0,18.1,4.7,6.6,6.4,35.8
122777.0,29.6,4.9,5.2,7.6,47.3
157664.0,24.0,5.8,4.2,4.2,38.2
305993.0,11.2,3.7,6.3,4.9,26.1
122783.0,24.0,6.9,7.0,9.5,47.4
95661.0,28.4,8.8,7.5,6.6,51.3
113695.0,17.8,5.5,7.3,8.6,39.2
122978.0,22.2,7.0,6.8,9.1,45.1
144548.0,24.0,6.9,6.5,5.3,42.7
117789.0,16.4,5.7,8.8,7.6,38.5
123084.0,25.1,7.4,6.8,7.7,47.0
130155.0,27.1,7.7,6.9,5.3,47.0
120596.0,16.6,5.4,7.9,6.8,36.7
123227.0,22.5,7.3,6.4,7.7,43.900000000000006
121110.0,26.9,7.7,6.8,5.0,46.4
162362.0,15.0,5.1,6.5,8.0,34.6
123347.0,23.7,7.1,6.7,9.7,47.2
126121.0,26.7,7.8,7.2,6.5,48.2
133944.0,15.2,5.4,6.7,6.8,34.1
123823.0,23.1,7.2,6.7,7.4,44.4
133284.0,25.0,7.0,6.4,4.8,43.2
111750.0,16.8,5.9,7.4,7.7,37.8
123924.0,22.1,6.9,6.1,8.5,43.6
149811.0,22.9,6.8,5.3,4.7,39.7
127525.0,16.1,7.2,9.4,7.4,40.1
123976.0,23.5,7.3,7.0,6.3,44.1
142303.0,23.1,6.6,4.4,5.2,39.3
122719.0,16.7,5.3,7.2,9.1,38.3
123989.0,23.2,7.7,6.9,9.9,47.7
124591.0,29.0,8.4,6.4,7.9,51.7
110146.0,13.1,8.5,8.9,9.0,39.5
124088.0,24.9,7.4,3.9,8.1,44.3
107577.0,23.9,8.3,6.0,7.0,45.2
144837.0,16.0,4.5,6.4,6.8,33.7
124183.0,23.3,7.1,5.8,8.9,45.1
147639.0,24.7,6.9,6.3,5.4,43.3
116699.0,16.8,5.8,8.3,7.3,38.2
124267.0,23.0,7.5,6.5,7.9,44.9
124251.0,26.1,7.9,7.0,5.5,46.5
179492.0,13.8,4.5,6.2,6.9,31.4
124361.0,23.5,7.2,6.7,8.5,45.9
104213.0,28.2,7.7,6.8,6.0,48.7
129057.0,15.0,6.1,5.9,5.8,32.8
124393.0,28.5,3.1,4.4,7.6,43.6
145938.0,33.6,6.1,2.6,6.0,48.3
124049.0,14.2,5.2,8.5,7.2,35.1
124412.0,24.8,7.3,5.2,9.0,46.3
134772.0,24.6,7.3,6.6,5.2,43.7
181382.0,13.5,3.9,6.1,5.8,29.3
124562.0,21.7,7.0,6.2,8.5,43.4
146041.0,23.4,6.3,5.2,4.7,39.6
136237.0,14.8,5.0,6.8,6.6,33.2
124666.0,21.9,7.0,6.4,7.6,42.9
144287.0,23.1,6.2,5.5,4.7,39.5
144782.0,16.8,5.4,6.6,7.3,36.1
124897.0,23.2,7.1,6.3,9.6,46.2
104557.0,29.5,7.0,6.6,6.3,49.4
124833.0,15.6,5.0,7.0,7.0,34.6
125139.0,22.9,6.5,5.7,7.9,43.0
128525.0,25.8,6.9,6.1,5.0,43.8
125013.0,16.6,4.6,6.9,7.5,35.6
125262.0,23.6,6.7,6.2,8.6,45.1
147928.0,24.1,6.8,5.9,6.0,42.8
134195.0,15.6,3.3,7.0,6.6,32.5
125321.0,23.8,7.1,6.1,8.8,45.8
244597.0,16.8,5.1,6.0,5.3,33.2
135918.0,14.4,4.8,7.8,7.0,34.0
125345.0,21.8,6.9,6.8,8.8,44.3
120915.0,25.9,7.4,6.7,4.9,44.9
132407.0,16.9,5.0,6.9,6.9,35.7
125423.0,24.7,6.4,5.8,7.5,44.4
158726.0,24.1,6.1,4.9,4.1,39.2
120570.0,15.6,4.9,7.3,8.0,35.8
125537.0,22.2,6.0,6.1,8.2,42.5
143053.0,22.5,6.5,5.9,4.3,39.2
140960.0,14.2,4.9,7.9,8.2,35.2
125797.0,20.3,6.4,6.0,7.3,40.0
138340.0,20.7,7.0,6.3,5.7,39.7
125335.0,14.6,5.0,8.7,7.3,35.6
125900.0,21.9,7.7,7.6,8.1,45.3
142546.0,23.4,6.8,7.5,5.1,42.8
136801.0,14.2,5.1,6.9,7.6,33.8
125964.0,22.1,6.6,6.3,8.4,43.4
143429.0,24.3,6.7,5.5,4.7,41.2
189555.0,13.7,5.5,7.0,4.9,31.1
125967.0,21.3,7.4,6.7,10.0,45.400000000000006
144017.0,23.3,7.6,5.8,4.9,41.6
117908.0,15.0,6.3,8.4,8.6,38.3
126102.0,22.8,7.0,5.6,6.8,42.2
113948.0,25.1,9.3,5.3,5.4,45.1
119771.0,16.5,6.0,8.0,7.4,37.9
126151.0,23.2,7.2,6.7,8.0,45.1
124925.0,26.6,7.6,6.8,5.0,46.0
121108.0,16.6,5.6,7.5,6.8,36.5
126349.0,22.9,7.3,6.6,7.7,44.5
126146.0,26.6,8.0,6.9,5.1,46.6
205451.0,14.3,4.3,6.9,7.3,32.8
126373.0,23.2,8.1,6.5,9.9,47.7
109216.0,27.5,8.1,6.6,6.9,49.1
225519.0,14.6,4.0,5.0,6.2,29.8
126405.0,23.6,6.9,6.4,9.3,46.2
164139.0,23.4,6.7,5.6,5.1,40.8
261784.0,12.4,3.2,4.9,5.6,26.1
126587.0,22.5,6.7,5.7,8.4,43.3
138609.0,24.9,6.8,6.0,5.2,42.900000000000006
201827.0,13.2,3.7,5.6,6.2,28.7
126607.0,22.1,6.8,7.0,7.2,43.10000000000001
120792.0,26.5,7.4,6.0,4.9,44.8
108035.0,17.6,6.2,6.8,7.9,38.5
126659.0,22.3,6.7,6.0,8.7,43.7
145320.0,23.6,6.3,5.3,5.3,40.5
118267.0,16.0,5.2,7.4,8.2,36.8
126823.0,22.4,6.6,6.1,8.5,43.6
156737.0,22.7,6.6,5.2,4.3,38.8
137792.0,15.2,4.5,6.1,7.1,32.9
126919.0,21.9,6.6,6.5,8.5,43.5
144276.0,23.2,6.2,5.7,5.1,40.2
122318.0,16.5,5.7,7.7,7.6,37.5
126983.0,23.3,6.7,6.1,9.1,45.2
143349.0,24.2,6.0,5.2,5.6,41.0
162192.0,14.3,4.8,6.8,6.4,32.300000000000004
127138.0,22.1,7.0,6.5,8.6,44.2
125400.0,25.2,8.0,6.8,6.5,46.5
137465.0,15.3,4.7,6.5,7.4,33.9
127151.0,21.7,7.0,5.7,8.9,43.3
138867.0,24.2,6.8,6.5,5.1,42.6
143307.0,15.4,2.1,6.6,5.0,29.1
127295.0,26.6,5.6,4.1,6.8,43.1
141083.0,23.5,7.5,4.3,4.7,40.0
134578.0,15.2,4.8,7.3,6.9,34.2
127807.0,21.6,6.9,7.0,9.0,44.5
112279.0,25.7,7.9,6.9,6.1,46.6
209390.0,12.0,3.6,5.3,5.4,26.3
127811.0,22.7,6.8,6.5,7.9,43.9
127232.0,24.4,7.2,6.2,5.2,43.0
128333.0,11.8,6.8,8.5,6.8,33.9
127857.0,23.5,7.8,5.4,9.4,46.1
148888.0,25.4,6.9,5.5,4.9,42.7
155926.0,10.8,4.6,8.9,6.8,31.1
127935.0,20.4,6.5,8.3,7.1,42.3
108709.0,28.9,6.5,6.7,5.8,47.9
109908.0,19.9,6.4,4.1,7.0,37.4
127987.0,23.6,6.4,6.8,8.8,45.6
204467.0,12.4,4.6,5.5,5.0,27.5
127996.0,21.1,7.4,6.5,8.2,43.2
106393.0,25.7,7.4,6.5,6.5,46.1
178289.0,13.1,5.5,6.9,7.1,32.6
128060.0,20.4,8.1,7.2,8.0,43.7
126593.0,25.9,8.3,6.6,5.4,46.2
118609.0,15.6,5.8,8.0,7.0,36.4
128199.0,22.2,7.0,6.8,7.9,43.9
128363.0,25.0,7.9,6.8,4.5,44.2
294806.0,13.6,2.8,4.6,3.3,24.3
128232.0,22.1,7.1,6.0,7.9,43.1
121296.0,28.0,6.9,5.9,4.1,44.9
154705.0,14.0,4.9,6.4,8.2,33.5
128581.0,22.8,7.1,6.0,7.7,43.6
284334.0,7.4,2.8,4.9,5.6,20.7
128680.0,23.5,6.8,5.5,9.3,45.1
102610.0,27.6,8.0,6.8,7.5,49.9
109831.0,19.1,5.2,7.0,8.0,39.3
128708.0,25.4,7.1,5.8,8.9,47.2
187257.0,22.7,5.5,5.0,4.5,37.7
199092.0,12.2,4.6,6.0,4.8,27.6
128753.0,20.7,7.4,6.5,6.6,41.2
138040.0,24.6,7.7,5.8,4.9,43.0
165628.0,13.2,4.4,6.5,5.9,30.0
128804.0,23.0,6.4,6.4,8.6,44.4
159616.0,21.3,6.0,4.7,4.7,36.7
145048.0,14.5,5.1,7.1,6.3,33.0
133145.0,13.4,4.0,6.8,5.7,29.9
128997.0,19.1,7.9,5.5,9.0,41.5
125571.0,19.3,6.7,7.4,6.8,40.2
117015.0,15.9,4.6,8.2,8.2,36.9
129123.0,20.2,5.5,6.2,7.8,39.7
142659.0,25.2,7.4,6.7,3.4,42.7
117808.0,18.1,6.0,6.4,7.9,38.4
129183.0,21.0,7.4,7.1,8.9,44.4
151377.0,25.2,5.0,5.5,4.5,40.2
254179.0,13.3,4.2,5.9,6.7,30.1
129343.0,24.5,7.4,7.0,9.7,48.6
97546.0,30.7,8.4,7.5,7.6,54.2
128339.0,15.0,5.5,7.8,6.4,34.7
129443.0,21.5,8.0,4.3,5.6,39.4
131795.0,25.0,6.3,7.3,4.0,42.6
127291.0,14.8,5.1,6.9,6.3,33.099999999999994
129538.0,21.0,7.0,6.5,7.8,42.3
149512.0,22.4,7.9,5.9,4.4,40.6
126118.0,16.8,4.8,6.4,6.4,34.4
129664.0,22.4,6.1,6.8,9.1,44.4
184802.0,17.9,6.9,5.4,4.1,34.3
129715.0,17.9,7.9,6.5,8.3,40.6
216285.0,19.8,4.7,4.5,3.0,32.0
147167.0,10.8,5.4,8.1,7.4,31.700000000000003
129724.0,22.0,6.9,6.3,9.6,44.8
125725.0,23.0,7.6,8.2,5.5,44.3
156271.0,13.9,4.1,5.4,5.9,29.3
129907.0,19.7,7.4,6.1,8.3,41.5
294254.0,13.0,4.3,6.2,6.4,29.9
129932.0,23.1,7.3,6.1,9.9,46.4
115274.0,27.3,7.8,6.5,6.8,48.4
294904.0,12.8,3.3,6.4,3.4,25.9
129966.0,22.9,6.9,6.2,7.0,43.0
120193.0,28.5,7.4,6.2,5.4,47.5
119203.0,19.2,4.2,5.4,6.4,35.2
130104.0,19.2,7.6,7.8,8.3,42.89999999999999
188883.0,18.8,4.8,5.4,5.1,34.1
165246.0,14.3,4.4,5.9,6.1,30.700000000000003
130202.0,23.1,5.9,5.6,8.6,43.2
151404.0,23.8,6.0,5.6,4.1,39.5
161658.0,13.8,5.9,5.3,3.8,28.800000000000004
130257.0,17.2,8.8,6.9,10.3,43.2
288999.0,13.1,3.1,4.1,4.9,25.2
130355.0,25.0,6.6,6.1,7.1,44.8
85738.0,31.9,8.7,7.4,6.8,54.79999999999999
136155.0,16.5,5.1,4.5,6.4,32.5
183730.0,13.7,3.9,6.1,6.0,29.7
130451.0,21.3,6.9,6.5,8.5,43.2
155768.0,22.3,6.4,5.5,4.8,39.0
115041.0,16.4,5.5,7.7,6.7,36.3
130514.0,22.0,6.9,6.4,7.1,42.4
132140.0,24.6,7.2,6.3,4.6,42.7
144368.0,14.0,5.2,8.1,6.5,33.8
130803.0,21.3,6.7,7.3,7.8,43.1
131185.0,24.8,6.9,6.4,4.8,42.9
117219.0,15.0,5.4,8.7,7.4,36.5
130830.0,20.7,6.8,7.2,7.0,41.7
99713.0,27.3,7.6,6.1,5.8,46.8
137135.0,15.8,4.5,6.6,6.8,33.7
130847.0,22.9,6.9,5.9,7.4,43.1
143563.0,24.3,7.1,6.0,4.9,42.3
119117.0,16.3,6.0,7.7,6.7,36.7
130970.0,23.3,7.4,6.4,7.3,44.4
115595.0,27.1,8.2,6.5,4.2,46.0
129879.0,15.7,5.6,6.0,7.7,35.0
131266.0,21.3,6.5,6.8,8.6,43.2
109544.0,16.1,6.8,7.9,7.8,38.6
131520.0,21.3,7.5,6.4,8.2,43.400000000000006
171949.0,20.1,6.9,5.9,4.2,37.1
290448.0,11.7,3.2,5.5,3.8,24.2
131527.0,22.2,6.3,6.1,7.3,41.9
122835.0,27.2,7.3,6.2,4.1,44.8
131677.0,19.3,9.5,7.5,3.8,40.1
117165.0,17.3,5.6,6.6,8.1,37.6
131719.0,22.3,6.5,6.1,8.2,43.1
166666.0,21.2,6.2,5.1,5.0,37.5
131110.0,15.9,5.1,6.2,7.8,35.0
131813.0,22.7,6.4,6.3,8.1,43.5
162565.0,23.8,5.7,5.1,4.0,38.6
287523.0,12.3,3.4,4.9,3.6,24.200000000000003
131870.0,22.2,6.5,6.0,7.1,41.8
126104.0,25.8,7.6,6.3,4.7,44.4
223797.0,13.3,3.3,5.5,5.6,27.700000000000003
132062.0,23.9,7.9,6.6,8.1,46.5
99393.0,29.3,8.5,6.9,6.9,51.6
172512.0,13.7,4.8,5.1,5.9,29.5
132111.0,22.4,7.5,6.4,8.3,44.6
158385.0,23.5,7.0,6.1,4.3,40.9
131516.0,14.9,5.1,7.4,6.5,33.9
132148.0,22.2,6.9,6.5,7.0,42.6
120404.0,26.9,7.7,6.8,5.0,46.4
150952.0,12.4,3.4,7.9,7.6,31.300000000000004
132224.0,19.0,6.7,7.5,8.2,41.400000000000006
121272.0,27.8,7.1,5.9,4.9,45.7
241012.0,17.1,3.1,4.6,3.4,28.200000000000003
132370.0,24.7,5.5,5.8,7.4,43.4
133711.0,29.2,7.2,6.0,3.9,46.3
196236.0,13.4,3.4,6.0,6.4,29.200000000000003
132482.0,23.3,6.4,6.1,10.1,45.900000000000006
105867.0,27.5,7.7,6.9,7.4,49.5
145818.0,14.6,4.7,7.3,6.6,33.2
132542.0,21.9,6.4,6.5,7.6,42.4
115615.0,25.9,7.2,6.8,5.6,45.5
126686.0,14.6,5.5,7.3,6.6,34.0
132572.0,21.6,7.3,6.3,7.2,42.400000000000006
112571.0,27.9,7.6,6.9,5.4,47.8
136367.0,15.6,5.0,6.5,7.8,34.9
132585.0,21.8,6.7,5.9,8.6,43.0
146685.0,23.2,6.3,5.6,5.4,40.5
255587.0,13.4,3.5,5.1,6.2,28.2
132617.0,22.8,7.1,6.8,8.7,45.39999999999999
117887.0,27.4,7.3,6.4,5.9,46.99999999999999
286656.0,13.7,2.6,5.3,4.9,26.5
132750.0,24.4,6.9,6.5,6.8,44.6
113174.0,29.2,8.3,7.2,4.9,49.6
140415.0,14.8,5.5,6.3,9.3,35.900000000000006
132777.0,24.9,7.7,6.6,9.9,49.1
82335.0,26.5,7.1,7.1,11.1,51.8
271310.0,9.6,2.1,4.8,2.3,18.8
132792.0,22.0,6.2,6.0,7.8,42.0
127549.0,25.9,6.9,6.5,4.8,44.1
270088.0,9.8,4.0,4.5,5.0,23.3
132964.0,22.4,7.3,6.6,6.7,43.0
122849.0,27.1,7.6,6.0,5.2,45.900000000000006
133904.0,15.1,4.5,6.9,8.0,34.5
132965.0,21.7,6.8,6.2,8.1,42.8
195789.0,24.5,5.7,4.6,4.8,39.6
220501.0,12.8,3.6,3.7,4.8,24.9
133025.0,22.9,5.4,4.3,9.0,41.6
145539.0,24.3,5.7,4.5,5.3,39.8
139452.0,17.2,4.7,6.2,6.3,34.4
133084.0,24.0,6.4,5.5,7.4,43.3
148797.0,25.9,6.3,5.1,3.7,41.0
289067.0,13.0,3.3,4.8,5.1,26.200000000000003
133206.0,22.6,7.0,6.5,6.7,42.8
121151.0,27.1,6.9,6.4,5.0,45.4
169910.0,12.0,3.8,5.7,5.5,27.0
133219.0,19.6,6.8,5.8,6.0,38.2
157796.0,22.7,8.2,5.5,3.7,40.1
123697.0,15.6,5.4,7.6,6.3,34.9
133246.0,22.0,6.7,6.0,7.2,41.900000000000006
130108.0,25.5,7.6,6.2,4.3,43.6
133256.0,14.6,5.4,6.9,7.2,34.1
133286.0,20.7,6.1,6.3,8.9,41.99999999999999
152884.0,22.6,5.6,4.8,5.3,38.3
126994.0,15.1,5.6,7.5,7.6,35.8
133345.0,21.4,6.8,6.6,8.3,43.1
162584.0,21.7,6.4,5.2,4.6,37.900000000000006
130560.0,16.0,4.4,6.7,6.7,33.8
133406.0,22.0,6.1,6.0,8.1,42.2
168754.0,22.2,5.9,4.9,3.6,36.6
121227.0,17.5,5.3,7.0,7.3,37.1
133488.0,21.2,6.3,6.4,8.0,41.9
228822.0,19.1,4.6,3.7,2.8,30.200000000000003
128678.0,13.9,6.1,8.0,6.9,34.9
133861.0,20.0,7.7,6.7,7.5,41.9
160682.0,21.3,7.4,5.8,4.2,38.7
126070.0,15.9,5.5,7.7,6.5,35.599999999999994
133930.0,21.9,7.0,6.7,6.9,42.5
133656.0,25.7,7.7,6.3,4.6,44.3
295285.0,9.9,2.9,3.5,5.7,22.0
134036.0,21.4,6.0,5.6,9.9,42.9
107777.0,26.5,7.5,7.1,7.0,48.1
135518.0,17.0,4.2,6.2,6.4,33.8
134061.0,23.8,6.2,5.3,7.8,43.1
159518.0,26.2,5.9,4.8,3.3,40.2
156326.0,13.0,4.4,6.5,6.4,30.3
134434.0,22.8,6.7,5.3,8.6,43.4
149851.0,24.1,7.1,5.9,5.2,42.3
269200.0,12.5,3.3,5.7,3.7,25.2
134442.0,21.5,6.9,6.0,7.3,41.7
125763.0,26.6,7.3,6.2,4.7,44.8
146324.0,15.0,4.5,6.6,6.8,32.9
134614.0,22.0,6.7,5.9,8.3,42.900000000000006
152394.0,23.8,6.5,5.3,4.9,40.5
188621.0,13.4,3.8,5.6,5.7,28.5
134691.0,21.2,6.4,7.2,9.4,44.2
141300.0,24.5,5.6,6.1,6.3,42.5
133449.0,13.5,5.9,8.1,6.3,33.8
134714.0,22.0,6.8,6.4,6.9,42.1
110092.0,27.1,7.6,7.0,5.5,47.2
151069.0,13.1,4.7,7.2,6.3,31.3
134726.0,22.3,7.3,6.4,8.2,44.2
117428.0,26.8,7.1,6.7,5.2,45.8
138211.0,14.7,5.0,6.7,8.0,34.4
146472.0,19.8,3.1,7.2,4.0,34.1
135049.0,27.3,4.9,3.9,7.4,43.5
127366.0,24.5,7.1,5.5,5.4,42.5
129729.0,14.5,5.3,6.9,7.8,34.5
135441.0,20.6,6.7,6.2,8.0,41.5
148399.0,22.8,6.0,5.5,4.7,39.0
122066.0,16.0,5.2,7.2,6.2,34.6
135550.0,21.5,6.6,6.1,7.2,41.400000000000006
118813.0,26.2,7.4,6.3,5.0,44.9
137370.0,19.4,4.8,3.1,7.3,34.6
135601.0,23.8,8.3,6.2,6.0,44.3
141364.0,18.1,7.0,10.1,4.1,39.3
128289.0,15.7,3.6,5.9,5.8,31.000000000000004
135797.0,26.6,6.1,3.1,8.9,44.7
108169.0,28.4,7.8,6.0,5.0,47.2
135309.0,16.2,5.3,5.2,5.1,31.8
135985.0,21.2,7.3,6.0,5.9,40.4
126189.0,23.5,7.7,7.2,6.5,44.9
188273.0,10.8,3.7,4.6,6.6,25.700000000000003
136121.0,22.3,4.1,4.0,9.0,39.4
144679.0,28.5,6.4,5.6,6.7,47.2
108605.0,18.9,6.1,7.8,8.8,41.6
136175.0,23.4,6.4,5.9,8.6,44.3
165631.0,22.7,6.2,5.4,5.5,39.8
128709.0,15.5,5.4,7.7,6.2,34.8
136229.0,22.3,7.3,6.5,7.2,43.3
134223.0,25.8,7.3,6.2,4.9,44.2
145403.0,14.0,5.2,6.8,6.3,32.3
136321.0,21.4,6.7,6.3,8.5,42.9
162168.0,22.6,6.5,5.5,4.0,38.6
143382.0,13.1,5.4,7.2,6.2,31.9
136447.0,20.3,6.8,6.5,6.9,40.5
170323.0,20.8,6.5,5.8,3.6,36.7
163303.0,13.2,4.3,6.5,6.2,30.2
136456.0,22.2,6.3,5.8,7.7,42.0
170410.0,22.4,6.1,4.9,4.0,37.4
163614.0,14.1,4.5,6.0,5.5,30.1
136898.0,21.5,8.1,7.7,6.3,43.6
128417.0,24.4,7.1,8.0,6.2,45.7
143974.0,13.9,5.3,8.3,7.0,34.5
137136.0,22.9,6.5,7.2,8.2,44.8
126848.0,25.8,7.3,6.8,5.7,45.6
112874.0,16.4,7.2,8.6,7.9,40.1
137264.0,20.9,7.3,6.9,8.6,43.7
194798.0,17.1,6.6,5.6,3.9,33.2
135509.0,15.3,4.9,6.2,6.8,33.2
137394.0,20.4,6.7,6.3,7.8,41.2
160129.0,23.1,6.7,5.0,4.1,38.9
148981.0,15.6,4.2,6.7,5.5,32.0
147159.0,15.4,5.1,6.0,8.8,35.3
137546.0,22.3,7.5,5.0,9.5,44.3
137746.0,26.3,7.1,6.1,6.7,46.2
132409.0,13.9,5.4,7.9,6.2,33.400000000000006
137664.0,22.6,5.5,4.1,8.3,40.5
114538.0,23.7,7.8,7.4,5.5,44.4
285100.0,12.5,2.9,5.1,4.2,24.7
137813.0,22.9,6.5,6.4,7.2,43.0
122207.0,27.8,8.1,6.6,5.0,47.5
153353.0,14.5,4.2,6.4,6.9,32.0
138021.0,20.8,6.5,5.7,8.0,41.0
159220.0,22.4,5.9,5.4,5.1,38.8
274897.0,10.3,3.2,5.4,4.9,23.8
138037.0,21.8,7.3,6.4,9.5,45.0
97038.0,28.5,8.0,6.8,7.4,50.7
135346.0,15.6,6.1,7.8,8.6,38.1
138140.0,22.7,7.6,6.0,9.8,46.1
144536.0,26.2,7.4,6.2,7.9,47.7
122495.0,14.1,5.4,7.8,7.3,34.6
138169.0,23.4,6.1,5.1,6.4,41.0
139112.0,22.0,7.5,6.7,4.2,40.400000000000006
151647.0,14.6,4.7,6.2,6.6,32.1
138833.0,22.6,6.4,5.9,7.8,42.7
150796.0,24.3,5.9,5.7,4.8,40.7
292391.0,10.5,3.0,5.6,4.2,23.3
138860.0,20.5,6.8,6.6,7.2,41.1
139907.0,23.9,7.5,6.6,4.5,42.5
136445.0,14.0,5.5,6.9,7.4,33.8
138961.0,20.2,6.4,6.3,7.7,40.6
168945.0,21.8,6.5,4.6,3.8,36.7
197413.0,11.1,3.1,3.8,7.1,25.1
139033.0,20.0,5.2,5.7,7.3,38.2
164691.0,19.4,6.7,4.8,6.1,37.0
188496.0,13.6,4.3,6.3,6.2,30.4
139192.0,22.4,5.0,6.2,7.5,41.1
188617.0,13.0,4.6,6.5,6.2,30.3
139285.0,20.8,6.4,6.2,8.2,41.60000000000001
138776.0,24.5,7.3,5.7,5.2,42.7
147395.0,14.6,4.0,6.4,6.2,31.2
139314.0,20.3,6.5,6.5,7.9,41.2
130958.0,24.7,6.8,6.0,4.8,42.3
145944.0,14.6,4.4,6.0,7.0,32.0
139442.0,21.5,6.5,6.0,8.8,42.8
161361.0,11.2,5.6,9.9,6.4,33.099999999999994
139537.0,18.1,5.3,8.0,6.9,38.3
157493.0,25.2,6.8,4.6,5.9,42.5
136805.0,14.4,5.9,7.3,4.7,32.300000000000004
139556.0,22.5,7.7,7.8,7.6,45.6
132295.0,24.4,7.5,6.3,4.8,42.99999999999999
132374.0,15.4,5.4,7.6,6.5,34.9
139599.0,22.2,7.1,6.4,6.9,42.6
138666.0,24.8,7.4,6.5,4.6,43.3
262086.0,11.6,0.8,5.6,4.6,22.6
139754.0,20.9,7.1,6.0,6.2,40.2
131827.0,26.3,6.8,5.3,4.6,43.0
143518.0,13.6,3.9,5.4,6.8,29.7
139779.0,20.2,7.1,6.5,6.0,39.8
139737.0,23.0,6.4,5.7,4.4,39.5
120623.0,16.8,5.5,7.1,8.3,37.7
139863.0,21.6,6.3,6.2,8.0,42.1
155095.0,22.5,6.4,5.7,5.2,39.8
281604.0,12.1,3.1,5.2,4.6,25.0
139897.0,15.9,6.6,6.5,8.1,37.1
205702.0,12.6,4.5,6.5,6.1,29.700000000000003
140021.0,22.4,6.9,6.1,8.1,43.5
115141.0,26.7,7.8,6.6,6.6,47.7
120472.0,15.9,5.6,7.4,8.4,37.3
140039.0,21.7,7.0,5.8,8.5,43.0
165110.0,22.6,5.5,5.5,4.5,38.1
148356.0,14.5,3.2,7.3,8.1,33.1
140445.0,18.3,7.1,4.3,9.8,39.5
183811.0,21.0,5.2,4.6,5.1,35.9
137339.0,15.9,5.1,6.6,7.2,34.800000000000004
140501.0,22.9,6.3,5.4,8.1,42.7
220791.0,19.4,5.0,4.1,3.5,32.0
156671.0,15.3,2.5,6.4,6.1,30.300000000000004
140571.0,19.1,6.5,7.3,6.6,39.5
141959.0,21.2,6.4,6.0,4.1,37.7
163371.0,10.9,4.3,6.4,7.5,29.1
140710.0,20.5,7.2,4.7,7.4,39.8
120900.0,24.8,6.9,4.9,6.8,43.4
147699.0,14.2,5.0,6.8,6.7,32.7
140722.0,20.5,6.4,5.8,8.1,40.8
162238.0,21.7,5.6,5.3,5.3,37.89999999999999
208061.0,12.7,4.2,7.0,5.7,29.6
140872.0,22.9,7.3,7.3,8.1,45.6
106523.0,28.0,8.0,7.5,6.7,50.2
132786.0,14.8,5.6,7.5,6.5,34.4
141224.0,20.3,6.8,6.5,7.4,41.0
129536.0,24.0,7.6,7.0,4.9,43.5
283733.0,11.9,4.1,6.0,5.1,27.1
141257.0,21.8,6.8,5.6,8.0,42.2
182430.0,21.2,5.5,4.8,4.5,36.0
177523.0,12.5,4.1,6.0,5.5,28.1
141348.0,20.7,6.1,6.1,7.5,40.4
169505.0,21.6,5.9,5.4,4.0,36.9
147815.0,14.0,5.1,6.3,7.4,32.800000000000004
141516.0,20.3,6.6,6.0,8.1,41.0
161327.0,22.2,5.7,5.1,5.2,38.2
123590.0,17.5,5.6,6.8,6.8,36.7
141663.0,21.2,6.7,6.6,7.1,41.6
112682.0,19.1,5.5,4.9,8.5,38.0
146693.0,13.4,5.9,4.8,4.8,28.9
141975.0,20.3,5.0,7.8,8.8,41.900000000000006
208781.0,17.0,4.1,4.6,2.6,28.300000000000004
203197.0,12.1,3.4,5.5,5.7,26.7
142060.0,20.5,6.4,5.5,8.1,40.5
168987.0,21.4,6.0,5.4,3.7,36.5
157176.0,15.4,4.0,5.2,5.8,30.4
142435.0,22.6,5.9,5.5,7.1,41.1
161875.0,25.6,5.8,3.9,3.5,38.8
197202.0,11.8,4.6,6.4,5.4,28.2
142770.0,19.8,8.2,7.2,6.8,42.0
132020.0,23.4,8.1,6.2,3.9,41.6
140948.0,14.4,4.8,6.9,5.9,32.0
142953.0,21.4,6.1,5.9,6.5,39.9
141980.0,23.9,6.8,5.9,4.2,40.8
140506.0,14.5,4.9,7.2,6.3,32.9
143000.0,18.4,7.4,6.3,7.3,39.39999999999999
140433.0,23.9,7.2,6.3,3.3,40.7
125209.0,13.6,5.7,7.8,8.2,35.3
143036.0,22.5,5.3,4.9,6.9,39.6
174650.0,18.4,7.1,6.0,4.2,35.7
166590.0,12.8,4.1,5.8,6.1,28.8
143083.0,20.3,6.5,6.7,8.7,42.2
128212.0,24.0,6.5,7.4,4.8,42.7
157417.0,13.5,4.4,6.7,6.0,30.6
143132.0,19.6,6.5,6.0,7.4,39.5
123216.0,24.9,7.6,6.6,5.5,44.6
293492.0,8.9,2.8,4.9,2.8,19.4
143209.0,19.4,5.5,2.6,8.5,36.0
142829.0,22.3,7.3,4.1,2.6,36.3
151383.0,13.8,4.8,6.6,6.0,31.200000000000003
143253.0,20.8,6.4,6.3,7.5,41.0
169899.0,20.9,6.5,5.7,4.0,37.1
102397.0,16.2,5.8,8.4,7.4,37.8
143323.0,22.5,6.2,5.0,7.6,41.3
148591.0,25.4,7.3,5.7,4.6,43.0
201138.0,14.3,4.5,5.8,5.8,30.4
143409.0,23.1,6.6,6.2,7.6,43.50000000000001
184752.0,23.0,6.5,5.5,4.6,39.6
140059.0,16.0,5.4,7.3,6.3,35.0
143650.0,22.5,6.6,6.6,6.7,42.400000000000006
147770.0,26.8,7.2,5.2,3.8,43.0
139718.0,13.7,3.7,6.4,5.6,29.4
143736.0,20.6,5.3,6.9,6.5,39.3
125496.0,25.2,8.0,6.8,4.3,44.3
125266.0,18.7,2.2,7.2,5.2,33.3
143804.0,18.8,7.3,5.3,7.8,39.2
143176.0,23.1,6.4,3.9,4.5,37.9
131581.0,12.6,5.4,9.0,5.9,32.9
143807.0,21.1,5.4,5.8,5.9,38.2
144706.0,23.0,6.9,4.8,4.5,39.2
135909.0,13.7,4.5,7.8,5.5,31.5
143957.0,21.1,6.6,6.3,5.0,39.0
140730.0,21.7,7.8,8.3,4.2,42.0
149497.0,13.7,4.6,7.0,6.1,31.4
144024.0,21.4,5.9,5.8,6.7,39.8
141706.0,23.7,6.6,6.1,4.3,40.7
140762.0,11.5,4.5,9.5,8.0,33.5
144130.0,17.8,1.8,8.3,9.3,37.2
176257.0,13.8,7.5,6.2,6.3,33.8
148577.0,14.6,4.5,6.6,6.2,31.9
144165.0,20.4,6.3,5.7,7.6,40.0
146905.0,23.7,6.2,5.7,4.5,40.1
274491.0,11.7,3.6,5.4,5.7,26.4
144167.0,21.7,6.4,6.1,8.3,42.5
168041.0,23.1,6.7,5.8,4.9,40.5
288728.0,10.5,2.5,5.6,4.1,22.700000000000003
144213.0,21.1,6.7,7.1,8.6,43.5
114573.0,26.9,8.1,5.8,6.5,47.3
139195.0,14.7,5.2,7.4,6.1,33.4
144234.0,20.8,6.6,6.1,7.3,40.8
142126.0,25.1,6.9,5.9,3.9,41.8
144236.0,20.1,5.5,6.6,6.4,38.6
227138.0,19.0,4.3,3.0,2.6,28.9
145936.0,12.0,5.5,7.9,5.8,31.2
144267.0,19.7,6.8,6.2,5.7,38.400000000000006
141174.0,21.4,7.9,6.2,5.4,40.9
151961.0,13.7,4.5,7.2,6.0,31.4
144271.0,19.3,6.7,6.0,8.4,40.4
166636.0,20.4,6.3,6.2,4.6,37.5
140108.0,14.5,5.0,6.7,6.8,33.0
144470.0,21.8,6.1,5.9,8.0,41.8
199076.0,22.8,6.5,6.1,4.3,39.7
134826.0,15.2,4.9,6.8,7.0,33.900000000000006
144478.0,21.6,6.2,6.0,8.1,41.9
175529.0,21.4,5.8,5.4,4.1,36.7
141474.0,15.9,3.6,6.0,5.6,31.1
144559.0,18.0,6.5,6.5,7.2,38.2
140583.0,22.8,7.8,5.6,5.0,41.2
111851.0,18.4,6.2,8.1,9.9,42.6
144675.0,21.8,6.7,6.1,9.2,43.8
188673.0,22.2,5.7,5.2,5.4,38.5
188531.0,12.8,4.0,6.2,6.0,29.0
145011.0,24.4,4.1,6.2,3.4,38.1
146083.0,27.3,4.3,5.5,3.1,40.2
143044.0,15.2,4.7,6.1,6.8,32.8
145176.0,20.7,5.5,5.9,8.3,40.400000000000006
170441.0,21.4,5.7,4.7,4.0,35.8
144337.0,14.8,5.4,5.1,7.1,32.400000000000006
145200.0,20.8,6.3,6.6,5.8,39.5
142759.0,22.1,5.9,5.3,4.3,37.6
161273.0,13.4,4.3,6.8,5.9,30.4
145320.0,21.0,6.2,6.2,7.0,40.4
135324.0,24.6,7.1,6.3,4.5,42.5
268509.0,10.8,4.0,5.8,5.5,26.1
145367.0,22.4,6.6,5.6,8.8,43.400000000000006
102437.0,28.6,8.1,7.0,6.7,50.400000000000006
130376.0,13.1,5.2,7.0,7.1,32.4
145491.0,20.0,6.2,4.9,9.0,40.1
160510.0,13.8,4.8,7.0,6.4,32.0
145502.0,22.1,6.9,6.1,7.2,42.3
125201.0,26.0,7.5,7.2,5.5,46.2
139732.0,15.5,5.0,6.7,7.2,34.4
145519.0,23.7,5.2,5.1,6.9,40.9
163001.0,22.8,6.2,5.1,4.2,38.3
165362.0,10.4,5.1,5.3,8.4,29.200000000000003
145571.0,18.1,6.1,6.4,6.6,37.2
148165.0,22.6,6.4,5.8,5.3,40.1
294836.0,10.2,3.5,5.5,4.9,24.1
145896.0,21.7,6.1,5.1,6.5,39.4
134566.0,25.2,7.1,5.9,4.4,42.6
247936.0,14.4,3.5,4.5,4.8,27.2
146059.0,22.4,6.1,5.4,6.9,40.8
134828.0,27.4,7.2,5.9,5.0,45.5
118606.0,16.9,5.3,7.3,8.3,37.8
146300.0,21.2,6.5,5.3,8.1,41.1
170743.0,20.8,5.7,5.1,4.7,36.3
135402.0,14.5,4.5,7.5,5.3,31.8
146364.0,18.5,6.9,7.6,6.1,39.1
145194.0,24.9,7.8,5.1,3.8,41.6
266011.0,12.0,3.7,4.8,6.0,26.5
146381.0,21.9,6.4,6.0,7.8,42.1
147935.0,24.7,6.7,5.3,5.4,42.1
268866.0,10.2,3.0,5.2,5.1,23.5
146396.0,21.7,6.3,5.6,7.8,41.4
162507.0,23.3,5.8,4.9,4.5,38.5
188135.0,13.1,3.0,6.7,5.9,28.700000000000003
153700.0,14.3,4.6,6.1,7.1,32.1
142222.0,15.3,4.7,6.1,6.0,32.1
146607.0,19.8,6.5,7.0,7.0,40.3
150317.0,23.6,5.6,5.5,4.5,39.2
140130.0,13.9,5.1,7.4,6.2,32.6
146659.0,20.4,6.3,6.2,6.0,38.9
147513.0,23.5,7.0,6.3,4.2,41.0
289214.0,10.1,4.6,5.7,4.8,25.2
146817.0,21.8,6.4,6.1,7.0,41.3
134938.0,26.7,7.6,6.3,5.2,45.8
140590.0,14.4,5.1,7.3,6.8,33.6
146819.0,20.7,6.6,6.3,6.6,40.2
148269.0,22.9,6.9,6.3,4.3,40.39999999999999
130012.0,17.0,4.3,6.2,5.7,33.2
147052.0,19.8,5.7,5.4,7.8,38.7
155349.0,22.3,6.6,5.1,5.3,39.3
188407.0,10.7,4.3,6.6,3.4,25.0
147176.0,19.3,7.2,4.1,6.2,36.8
134500.0,24.2,7.5,7.1,4.3,43.1
140534.0,20.0,3.8,3.7,4.3,31.8
147192.0,20.8,4.5,3.8,7.1,36.2
159416.0,21.8,6.1,5.6,3.5,37.0
197606.0,12.1,4.3,5.7,5.8,27.9
147202.0,21.3,6.1,5.7,7.5,40.6
181707.0,21.7,5.2,5.0,4.1,36.0
147172.0,15.2,3.6,4.8,7.5,31.1
147208.0,20.8,6.4,5.6,9.1,41.900000000000006
200246.0,15.7,5.1,4.9,5.8,31.5
173143.0,15.0,3.9,5.5,6.2,30.6
147247.0,20.2,6.6,6.5,7.2,40.5
205281.0,21.2,6.0,4.7,4.6,36.5
130568.0,13.7,6.0,8.0,6.5,34.2
147251.0,21.2,6.3,6.4,6.8,40.7
123497.0,25.5,6.7,6.4,5.4,44.0
295776.0,10.1,3.2,5.6,5.6,24.5
147306.0,22.2,6.7,5.6,8.4,42.9
132643.0,16.0,5.1,6.6,7.7,35.400000000000006
147346.0,21.1,6.3,5.8,8.1,41.3
167005.0,22.1,5.6,4.6,5.3,37.6
140370.0,11.6,6.4,8.0,6.2,32.2
147373.0,19.7,5.7,4.5,7.2,37.1
165959.0,19.7,8.0,5.3,4.7,37.7
164564.0,14.5,2.6,5.8,6.7,29.6
147439.0,23.4,2.9,6.4,6.1,38.8
159946.0,25.8,5.0,5.4,3.8,40.0
150546.0,14.3,4.8,6.2,6.3,31.6
147491.0,21.2,5.8,5.8,6.6,39.4
152437.0,23.3,6.2,5.3,4.4,39.2
171446.0,14.7,4.9,6.4,6.3,32.3
147552.0,21.3,7.0,5.6,8.9,42.8
158157.0,24.6,6.9,6.1,6.4,44.0
290367.0,12.2,3.2,6.2,5.2,26.8
147595.0,23.0,6.5,6.1,8.6,44.2
128997.0,26.1,7.9,6.0,5.9,45.9
210569.0,14.4,3.3,6.1,6.4,30.2
147615.0,21.5,6.9,6.2,8.2,42.8
111602.0,27.9,7.0,5.8,6.2,46.9
137662.0,15.4,5.0,6.9,7.2,34.5
147688.0,20.4,6.7,6.3,7.8,41.2
150276.0,24.8,7.1,5.6,4.9,42.4
199107.0,11.8,3.4,6.3,5.2,26.7
147836.0,22.0,3.8,6.7,6.5,39.0
156785.0,19.8,6.8,7.1,5.3,39.0
146372.0,15.2,4.6,6.7,6.2,32.7
147922.0,20.6,6.1,5.4,6.8,38.9
162270.0,20.5,5.4,4.7,4.0,34.599999999999994
137579.0,14.5,6.1,7.4,4.5,32.5
148115.0,21.9,7.2,6.5,8.2,43.8
196344.0,17.4,4.4,5.3,4.4,31.5
219422.0,12.8,4.1,6.0,6.1,29.0
148205.0,23.4,7.5,6.7,9.3,46.900000000000006
89568.0,29.6,7.8,7.1,7.0,51.5
129259.0,12.4,4.9,8.8,8.8,34.900000000000006
148311.0,18.3,7.4,6.2,7.8,39.7
155148.0,21.2,5.0,5.1,4.9,36.2
219019.0,11.6,3.7,6.0,4.2,25.5
148486.0,20.6,6.2,6.2,8.3,41.3
124063.0,25.9,7.0,6.2,5.9,45.0
142040.0,14.2,4.0,8.7,6.4,33.3
148494.0,16.3,6.6,5.6,8.3,36.8
146132.0,20.7,6.2,5.7,4.1,36.7
131693.0,14.5,5.7,7.8,8.3,36.3
148516.0,21.2,7.1,6.7,9.7,44.7
183388.0,22.2,5.1,4.8,5.9,37.99999999999999
217797.0,10.1,4.2,6.4,5.6,26.300000000000004
148527.0,18.3,6.4,6.6,8.3,39.60000000000001
162387.0,24.9,6.3,7.2,4.4,42.8
119610.0,16.2,5.8,6.4,6.1,34.5
149038.0,23.0,5.0,4.6,6.2,38.8
116716.0,25.7,6.9,6.7,5.9,45.2
107785.0,20.2,4.0,6.8,11.5,42.5
149196.0,23.2,5.4,4.4,5.7,38.7
140088.0,25.1,7.0,5.3,3.8,41.2
279262.0,10.5,3.4,6.2,4.4,24.5
149271.0,21.6,5.7,5.6,5.9,38.8
137187.0,26.5,7.7,5.5,3.7,43.400000000000006
139716.0,13.9,6.0,7.8,6.2,33.9
149307.0,19.9,6.8,6.6,7.1,40.4
178324.0,19.8,6.9,5.2,3.2,35.1
177642.0,16.5,1.1,2.2,4.0,23.8
149317.0,19.4,5.5,6.8,9.5,41.2
164152.0,19.3,5.4,5.4,3.9,34.0
153193.0,13.6,4.5,7.0,5.5,30.6
149417.0,20.7,5.7,6.3,6.6,39.3
152057.0,22.9,7.6,6.4,4.5,41.4
136326.0,15.8,5.6,7.5,6.1,35.0
149433.0,21.4,6.7,6.3,6.6,41.0
143886.0,25.7,7.4,6.2,4.7,44.00000000000001
197032.0,13.5,4.8,6.1,6.4,30.8
149481.0,20.4,6.5,5.9,7.2,40.0
166996.0,23.2,6.2,5.2,4.6,39.2
139831.0,14.2,5.0,7.1,6.5,32.8
149526.0,19.8,6.3,6.1,7.2,39.400000000000006
166671.0,21.9,6.1,5.6,3.9,37.5
210821.0,11.2,2.3,4.8,3.9,22.2
149539.0,17.0,6.3,5.3,7.8,36.4
184398.0,22.1,4.4,4.3,3.1,33.9
139158.0,15.6,3.6,6.9,7.8,33.9
149584.0,22.5,6.7,6.7,5.7,41.6
271582.0,8.6,4.6,4.6,7.1,24.9
149723.0,21.9,6.5,5.9,7.3,41.6
110206.0,26.5,7.4,5.7,5.8,45.4
158706.0,15.0,3.4,5.4,6.1,29.9
149844.0,21.7,5.5,5.7,6.4,39.3
175956.0,22.7,5.4,4.0,3.6,35.7
186220.0,13.2,4.0,6.2,6.5,29.9
149984.0,20.5,6.5,5.7,7.7,40.400000000000006
181604.0,21.8,6.0,5.1,4.1,37.0
208712.0,11.6,3.9,5.7,5.6,26.8
150017.0,20.8,5.3,5.7,7.5,39.3
167406.0,22.7,6.2,4.9,4.8,38.6
297940.0,8.5,3.8,2.0,4.5,18.8
150243.0,17.5,8.5,5.8,9.3,41.1
147136.0,13.9,4.5,7.2,5.6,31.2
150377.0,20.1,6.3,6.3,6.4,39.1
140621.0,24.4,7.1,6.1,3.7,41.3
153318.0,15.6,4.8,6.7,5.6,32.7
150588.0,21.5,7.2,6.5,6.5,41.7
155938.0,25.4,7.6,6.2,3.9,43.1
143547.0,14.8,4.8,6.3,7.4,33.300000000000004
150613.0,21.0,6.2,5.3,8.1,40.6
180953.0,21.6,5.2,5.3,4.4,36.5
298158.0,12.3,3.8,5.8,5.8,27.700000000000003
151053.0,21.8,6.2,5.9,8.0,41.9
160142.0,21.5,6.4,5.1,4.2,37.2
157679.0,14.0,4.0,6.7,5.3,30.0
151414.0,20.3,6.0,5.8,6.5,38.6
187143.0,20.3,5.4,4.5,3.4,33.6
173293.0,9.8,4.5,6.6,5.7,26.6
151579.0,18.5,5.7,6.7,6.6,37.5
197570.0,5.5,4.5,9.5,4.5,24.0
151644.0,18.4,8.3,6.4,8.3,41.400000000000006
150797.0,22.8,3.8,5.0,5.3,36.9
138397.0,16.2,5.6,7.2,6.5,35.5
151657.0,19.9,6.3,6.3,6.4,38.9
192103.0,18.8,6.2,4.8,3.6,33.4
147528.0,13.9,5.0,7.1,5.8,31.8
151732.0,19.8,6.2,6.2,6.3,38.5
145545.0,23.6,7.0,6.2,4.0,40.8
169288.0,13.0,4.3,6.6,6.3,30.2
151953.0,20.0,6.1,6.0,6.9,39.0
133663.0,24.5,7.1,6.6,5.5,43.7
134368.0,14.2,5.0,7.5,6.8,33.5
151993.0,23.2,6.9,4.8,5.1,40.0
111633.0,29.1,8.5,5.8,5.5,48.9
152932.0,14.5,4.3,6.1,6.6,31.5
152031.0,20.2,5.6,5.7,7.9,39.4
178631.0,20.7,5.5,4.7,4.4,35.3
173133.0,11.9,3.7,7.1,5.8,28.500000000000004
152050.0,20.3,6.1,5.9,6.7,39.0
135671.0,23.6,6.6,6.5,4.9,41.6
73971.0,18.0,5.5,10.5,14.0,48.0
152322.0,25.0,1.0,4.3,7.8,38.1
76116.0,33.0,6.3,6.3,9.3,54.89999999999999
159040.0,14.4,3.3,5.8,5.7,29.2
152760.0,21.7,5.5,5.2,6.5,38.9
188519.0,21.3,5.5,4.4,3.5,34.7
136142.0,13.2,5.0,7.7,5.4,31.3
152761.0,21.3,5.2,6.9,7.6,41.0
161884.0,13.4,4.3,6.1,6.0,29.8
153034.0,20.7,6.5,6.1,7.5,40.8
143329.0,24.4,6.8,6.2,4.5,41.9
161700.0,13.3,3.8,6.3,6.3,29.700000000000003
153379.0,20.4,5.7,5.8,6.8,38.7
171639.0,22.1,5.3,4.9,4.1,36.400000000000006
194804.0,12.2,3.7,5.2,6.4,27.5
153587.0,20.6,5.7,5.6,6.9,38.8
187791.0,20.0,5.6,4.6,4.6,34.800000000000004
131156.0,15.1,5.2,5.9,7.5,33.7
153642.0,22.0,5.1,5.4,8.0,40.5
183552.0,22.1,5.4,4.5,4.6,36.6
164172.0,12.9,4.3,6.3,5.7,29.2
153671.0,20.1,6.2,5.6,7.3,39.2
182118.0,20.8,6.2,5.1,3.7,35.800000000000004
148653.0,15.1,5.2,7.5,5.9,33.7
153727.0,21.5,6.6,6.2,6.5,40.8
154780.0,24.1,6.9,6.2,3.7,40.900000000000006
229614.0,12.7,3.4,5.7,5.8,27.6
153802.0,20.9,6.6,6.3,8.8,42.6
136962.0,15.3,5.2,6.8,6.7,34.0
154005.0,19.9,6.5,5.9,7.2,39.5
178511.0,20.5,6.5,5.2,4.2,36.400000000000006
147802.0,13.9,4.6,7.0,5.9,31.4
154061.0,20.2,6.2,6.1,6.3,38.8
150427.0,23.3,6.9,5.5,3.7,39.400000000000006
147828.0,12.5,4.8,7.9,6.4,31.6
154095.0,19.7,6.3,6.2,7.1,39.3
146786.0,23.4,7.1,5.4,5.0,40.9
147357.0,13.5,4.4,7.0,5.1,30.0
154311.0,18.7,6.6,5.4,7.4,38.1
125552.0,25.2,7.8,6.7,7.0,46.7
132820.0,15.5,4.9,6.8,7.6,34.8
154392.0,20.4,5.8,5.7,7.4,39.3
177870.0,20.2,5.2,4.3,4.2,33.9
161964.0,14.4,4.2,5.8,6.5,30.9
154518.0,20.1,5.6,5.4,8.2,39.3
199600.0,21.2,4.9,4.2,3.7,34.0
272982.0,11.5,3.0,4.5,5.4,24.4
155083.0,19.8,5.8,5.6,7.9,39.1
162602.0,22.0,5.6,5.1,4.6,37.3
175149.0,12.5,4.3,7.0,6.0,29.8
155166.0,20.8,6.2,6.0,7.3,40.3
134129.0,26.2,7.0,6.4,5.4,45.0
178706.0,16.3,3.5,4.9,4.9,29.6
155319.0,22.0,6.0,5.1,6.5,39.6
138757.0,13.7,5.5,7.2,7.6,34.0
155492.0,16.3,6.9,6.9,10.8,40.900000000000006
153283.0,23.1,7.2,6.7,3.4,40.4
139387.0,14.4,5.5,7.0,6.0,32.9
155503.0,19.3,6.6,5.5,6.2,37.6
208766.0,17.9,5.8,4.4,3.4,31.5
289020.0,10.7,3.0,5.7,5.2,24.6
155642.0,18.7,7.1,4.6,6.9,37.3
163816.0,12.8,4.2,6.1,5.9,29.0
155749.0,19.7,5.9,5.5,6.7,37.8
196359.0,19.1,5.7,4.7,3.8,33.3
171781.0,13.6,3.1,4.2,7.1,28.0
155774.0,21.4,5.4,4.9,7.7,39.4
165923.0,23.7,7.7,4.4,4.4,40.2
154174.0,13.1,4.5,7.1,5.9,30.6
156084.0,19.4,6.0,6.1,6.7,38.2
150063.0,24.2,6.9,5.1,4.2,40.400000000000006
209592.0,11.2,3.3,5.8,5.4,25.700000000000003
156097.0,21.0,5.5,5.8,7.8,40.1
128736.0,26.6,7.1,6.2,4.6,44.50000000000001
141116.0,14.4,5.5,6.7,6.2,32.8
156139.0,21.4,5.1,5.7,6.8,39.0
120034.0,23.2,8.1,6.7,5.3,43.3
150559.0,13.1,4.8,7.0,5.0,29.9
156263.0,22.7,5.3,4.3,4.9,37.2
151079.0,21.8,6.8,6.3,3.9,38.8
148100.0,14.4,5.0,7.5,6.2,33.1
156300.0,20.3,6.4,6.0,6.3,39.0
154798.0,23.3,6.8,6.3,4.0,40.4
153783.0,13.4,4.2,6.9,5.9,30.4
156350.0,18.7,5.7,5.7,6.3,36.4
152335.0,24.6,7.4,6.3,2.1,40.4
174301.0,12.6,4.4,6.1,6.3,29.4
156412.0,21.2,5.2,5.6,6.6,38.6
151487.0,24.3,6.6,5.1,4.6,40.6
206676.0,11.7,3.8,5.9,6.7,28.1
156464.0,19.8,6.2,5.6,8.6,40.2
157998.0,24.1,5.9,5.1,5.7,40.8
146992.0,14.8,4.1,6.9,5.8,31.6
156631.0,21.1,5.6,5.4,5.6,37.7
156439.0,22.6,6.5,5.5,3.6,38.2
143674.0,15.4,4.4,5.7,7.2,32.7
156734.0,20.2,5.5,5.3,7.2,38.2
177288.0,22.1,5.2,4.7,3.7,35.7
163470.0,15.4,3.5,5.1,5.2,29.2
157418.0,19.9,6.6,6.3,5.3,38.1
114009.0,25.6,7.2,7.0,6.3,46.1
211767.0,11.9,3.3,5.7,5.2,26.1
157490.0,20.0,6.3,5.9,9.5,41.7
157131.0,14.7,4.2,6.4,6.5,31.8
164658.0,13.3,3.1,5.1,4.1,25.6
157729.0,19.2,6.5,4.9,8.8,39.400000000000006
186255.0,25.1,5.2,5.2,5.2,40.7
174162.0,14.0,3.8,3.3,6.2,27.3
157810.0,20.9,6.6,6.3,8.6,42.4
250546.0,14.0,4.6,5.0,4.0,27.6
178856.0,11.3,4.0,6.1,5.7,27.1
157833.0,18.8,5.6,6.0,6.9,37.3
137305.0,23.5,6.9,6.4,4.2,41.0
158343.0,13.3,3.9,6.5,6.5,30.2
157959.0,19.7,6.0,5.4,7.4,38.5
187311.0,19.5,5.3,4.7,3.7,33.2
218865.0,12.4,3.8,5.5,5.5,27.2
158012.0,19.7,5.7,5.5,7.2,38.1
185016.0,21.0,5.8,5.0,4.1,35.9
152314.0,18.4,3.8,4.7,6.6,33.5
158045.0,19.1,5.9,6.7,8.1,39.8
154949.0,25.7,6.8,5.7,3.4,41.6
171678.0,15.3,3.4,5.2,5.9,29.8
158160.0,21.4,6.0,4.9,6.7,39.0
189963.0,22.7,5.1,4.2,3.2,35.2
172721.0,13.4,3.6,6.7,5.9,29.6
158521.0,20.0,6.0,6.1,7.1,39.2
142372.0,23.8,7.4,5.9,4.6,41.7
294137.0,11.2,2.1,3.1,3.2,19.6
158546.0,21.1,5.9,5.9,5.8,38.7
149654.0,25.9,6.6,5.6,3.2,41.3
174074.0,12.9,4.1,5.8,6.4,29.200000000000003
158560.0,19.8,5.4,5.1,8.2,38.5
183033.0,20.4,5.2,5.2,4.5,35.3
248031.0,12.2,3.9,5.1,6.2,27.399999999999995
158582.0,20.3,6.4,5.7,8.0,40.400000000000006
153119.0,23.8,6.4,4.9,5.2,40.3
214460.0,12.3,3.2,5.5,5.4,26.4
158615.0,19.6,5.7,4.7,7.6,37.6
188466.0,20.7,5.2,4.9,3.6,34.4
282343.0,11.1,3.1,5.0,5.4,24.6
158722.0,20.6,6.1,5.3,8.1,40.1
200559.0,20.9,5.5,4.3,4.3,35.0
153231.0,13.4,4.6,7.1,5.5,30.6
158974.0,20.3,6.0,5.8,5.8,37.9
158065.0,22.9,6.8,5.4,3.9,39.0
137618.0,16.2,4.0,4.5,12.8,37.5
154762.0,14.2,4.4,6.6,5.5,30.700000000000003
159567.0,20.0,6.1,5.8,5.9,37.8
157016.0,23.0,6.7,5.2,4.0,38.9
141611.0,16.0,4.4,6.1,6.6,33.1
159766.0,18.6,6.3,5.1,7.5,37.5
263739.0,16.2,3.9,4.0,2.7,26.8
163235.0,13.0,3.9,6.4,6.3,29.6
160093.0,20.2,5.2,5.3,7.4,38.1
180693.0,21.2,5.4,5.1,4.2,35.900000000000006
140876.0,11.5,3.6,5.5,6.1,26.700000000000003
160270.0,20.9,4.8,7.1,4.4,37.2
207645.0,21.0,5.1,4.7,3.2,34.0
158764.0,13.5,4.6,6.5,5.3,29.9
160294.0,19.4,6.0,5.8,5.9,37.1
157504.0,23.1,6.6,5.4,3.5,38.6
158966.0,11.8,5.3,9.0,8.4,34.5
160321.0,23.3,5.3,5.3,5.2,39.1
188417.0,21.2,6.3,4.8,2.3,34.599999999999994
149537.0,14.5,5.4,6.6,7.1,33.6
160460.0,20.9,5.0,5.7,6.2,37.8
182331.0,20.7,4.5,7.6,4.3,37.1
173073.0,16.4,2.5,4.4,4.8,28.1
160584.0,25.6,6.3,5.7,6.8,44.4
286777.0,11.5,3.4,4.4,6.2,25.5
161017.0,18.6,6.2,6.2,8.5,39.5
120737.0,22.1,5.8,8.1,6.5,42.5
141743.0,15.6,5.4,6.8,7.3,35.1
161212.0,20.2,7.0,6.3,8.6,42.1
190479.0,21.0,5.9,5.4,5.0,37.3
172704.0,12.9,3.5,6.1,4.3,26.8
161248.0,22.6,3.8,5.1,7.8,39.3
155706.0,20.4,7.1,5.2,3.6,36.3
160358.0,12.4,4.6,7.1,5.6,29.700000000000003
161454.0,21.1,4.1,5.0,7.1,37.3
168524.0,22.5,6.1,6.1,3.5,38.2
257226.0,12.2,2.6,4.2,5.4,24.4
161597.0,20.1,5.7,4.1,8.6,38.5
185238.0,23.7,5.7,4.3,5.5,39.2
155430.0,13.6,3.7,6.8,6.8,30.9
161771.0,19.0,5.5,5.4,8.2,38.1
171150.0,12.3,4.6,6.2,5.7,28.8
161865.0,19.5,5.8,5.8,7.2,38.3
163486.0,21.9,6.3,6.0,4.7,38.900000000000006
154130.0,15.7,5.2,6.8,5.8,33.5
161945.0,20.9,6.6,6.4,6.3,40.2
159529.0,24.5,7.2,6.0,3.8,41.5
220403.0,11.2,3.3,5.8,5.4,25.700000000000003
161948.0,20.2,5.3,5.3,7.4,38.2
153242.0,24.0,6.4,5.4,4.4,40.2
164378.0,14.9,4.9,6.4,6.8,33.0
162063.0,17.0,8.1,7.8,9.5,42.4
299283.0,8.9,3.3,6.1,3.3,21.6
162093.0,18.5,6.0,6.3,6.8,37.6
156295.0,21.8,6.6,5.8,3.7,37.9
250988.0,11.2,4.2,5.8,5.7,26.9
162417.0,20.2,6.7,6.2,8.0,41.1
120432.0,25.9,7.7,6.7,5.7,46.00000000000001
191675.0,11.8,4.1,5.2,5.1,26.200000000000003
162536.0,21.1,4.8,2.9,8.0,36.8
276019.0,11.8,3.5,5.7,5.9,26.9
162549.0,20.8,6.4,5.6,8.4,41.2
139801.0,25.2,7.0,5.5,5.7,43.400000000000006
231583.0,11.2,3.0,5.4,5.5,25.1
162835.0,19.7,5.8,5.4,6.8,37.7
195631.0,19.8,4.5,5.0,3.8,33.1
157627.0,13.2,4.6,7.0,5.3,30.1
162912.0,19.6,6.1,5.6,5.8,37.1
161806.0,21.9,6.9,5.7,3.7,38.2
159825.0,13.2,4.8,6.5,5.4,29.9
162948.0,20.1,5.4,5.4,6.2,37.1
161551.0,22.6,6.7,5.7,3.7,38.7
151216.0,14.7,4.7,6.4,3.7,29.5
163140.0,18.8,4.3,5.4,6.5,35.0
159818.0,20.4,6.2,6.4,3.7,36.7
147647.0,13.0,4.9,7.3,7.5,32.7
163215.0,19.4,5.7,5.8,7.0,37.9
181591.0,18.3,6.4,6.0,3.8,34.5
163603.0,13.1,3.8,6.1,5.8,28.8
163239.0,19.2,5.6,5.1,7.8,37.7
189088.0,20.1,5.4,4.1,3.8,33.4
154433.0,12.6,4.8,8.3,5.2,30.9
163250.0,19.6,7.4,5.9,4.6,37.5
157554.0,22.8,7.3,5.3,4.4,39.8
241054.0,11.4,3.5,5.2,5.8,25.9
163354.0,19.5,6.3,5.6,7.2,38.6
169979.0,22.6,6.6,5.1,4.2,38.50000000000001
147016.0,13.0,5.8,8.6,3.8,31.2
163538.0,21.5,4.7,4.2,5.8,36.2
126298.0,24.7,7.1,7.7,4.0,43.5
210948.0,9.8,3.0,5.8,4.7,23.3
163544.0,19.9,4.2,5.0,7.0,36.1
178942.0,18.5,3.1,5.0,5.5,32.1
296559.0,10.0,1.4,2.4,3.2,17.0
163547.0,18.3,5.6,5.6,8.1,37.6
118268.0,24.3,6.5,6.5,5.3,42.6
156139.0,13.4,4.7,6.2,6.4,30.700000000000003
163564.0,18.5,5.7,5.8,6.2,36.2
201736.0,18.0,5.6,5.0,3.9,32.5
673115.0,4.8,0.4,3.6,1.9,10.7
163667.0,13.4,6.3,7.4,6.9,34.0
132083.0,23.3,6.5,4.6,7.3,41.7
171196.0,10.4,3.8,6.6,6.0,26.8
163824.0,21.8,4.1,5.6,4.1,35.6
174131.0,20.6,5.1,4.8,3.9,34.400000000000006
158235.0,12.8,5.0,6.0,5.7,29.5
163987.0,20.1,5.8,6.4,7.0,39.3
156734.0,23.7,7.2,5.3,4.1,40.3
161038.0,13.2,3.9,5.0,7.8,29.9
164018.0,23.7,6.2,3.5,5.9,39.3
188135.0,17.5,5.8,3.8,5.0,32.1
152471.0,13.6,4.7,6.8,6.6,31.700000000000003
164051.0,19.8,5.5,5.7,6.7,37.7
203628.0,17.9,5.1,4.8,4.2,32.0
143745.0,14.9,4.8,7.1,7.2,34.0
164198.0,16.9,5.6,5.7,8.7,36.9
195805.0,19.0,5.2,5.1,4.6,33.9
164273.0,14.8,3.8,6.5,5.4,30.5
164208.0,19.6,5.5,5.7,6.1,36.9
138106.0,24.8,7.0,5.5,4.5,41.8
147878.0,14.6,5.5,7.2,5.6,32.9
164222.0,18.5,5.6,5.7,6.3,36.1
212457.0,19.3,6.8,4.3,3.8,34.2
217250.0,10.9,4.8,5.3,5.7,26.7
164386.0,19.4,6.0,5.0,8.5,38.9
134085.0,28.5,6.5,4.6,3.1,42.7
179231.0,12.2,3.4,5.4,5.4,26.4
164512.0,19.9,4.4,4.3,6.6,35.2
200887.0,19.8,6.8,4.1,2.5,33.2
163378.0,13.0,4.2,6.2,7.0,30.4
159233.0,12.0,4.0,7.2,5.4,28.6
164672.0,15.6,6.3,7.3,6.2,35.4
164082.0,19.9,5.5,5.2,3.8,34.4
153076.0,12.8,4.2,8.0,6.4,31.4
165262.0,18.5,5.3,5.8,5.6,35.2
154283.0,22.9,6.5,4.9,3.1,37.4
150067.0,13.7,4.8,6.3,6.5,31.3
165419.0,20.3,5.5,5.0,7.5,38.3
183493.0,19.8,5.1,4.8,4.0,33.7
172327.0,11.5,4.0,6.5,6.0,28.0
165436.0,18.5,6.1,5.2,6.5,36.3
196116.0,19.8,5.9,4.1,3.2,33.00000000000001
159541.0,12.8,4.2,6.6,4.6,28.200000000000003
165614.0,18.7,5.1,5.7,6.1,35.599999999999994
156392.0,14.4,4.4,5.5,6.5,30.8
165628.0,19.3,5.8,5.4,7.6,38.1
189214.0,18.9,4.8,5.0,3.7,32.4
158967.0,13.7,4.4,6.3,5.4,29.800000000000004
165634.0,19.4,5.9,6.2,5.9,37.4
163129.0,21.7,6.7,5.8,3.8,37.99999999999999
172406.0,12.3,4.0,7.6,5.2,29.1
165659.0,17.8,5.9,6.5,7.3,37.5
171383.0,20.8,7.1,5.0,4.1,37.0
172185.0,13.3,3.7,6.2,5.7,28.9
165692.0,19.2,5.7,5.8,8.1,38.8
198155.0,18.4,4.5,5.0,4.3,32.2
161944.0,12.9,4.3,6.7,5.3,29.2
165755.0,19.2,5.7,5.9,5.3,36.1
164676.0,21.3,6.7,5.3,3.6,36.9
294465.0,10.3,3.5,5.1,4.9,23.8
165831.0,20.0,5.6,5.4,7.2,38.2
164485.0,23.0,6.6,4.5,4.5,38.6
167676.0,13.2,4.1,6.2,5.1,28.599999999999994
165880.0,19.6,5.6,5.3,6.1,36.6
161554.0,22.0,6.5,5.4,4.0,37.9
223313.0,12.4,3.1,4.9,5.1,25.5
165980.0,19.7,5.6,5.7,7.4,38.4
203514.0,18.9,4.4,4.2,3.8,31.3
156279.0,14.4,5.7,6.2,6.1,32.4
165984.0,14.1,5.3,5.0,8.9,33.3
202232.0,16.6,5.8,4.6,1.7,28.7
254920.0,10.6,2.6,4.8,4.3,22.3
166135.0,19.1,5.3,5.4,6.7,36.50000000000001
183421.0,21.1,5.6,4.2,3.3,34.2
295939.0,10.3,3.0,5.1,4.5,22.9
166174.0,20.2,4.8,4.2,6.8,36.0
181172.0,23.5,6.5,4.9,4.1,39.0
208997.0,10.3,3.1,6.5,5.0,24.9
166492.0,17.8,5.5,6.3,7.1,36.7
167925.0,20.2,6.6,6.3,4.1,37.2
263191.0,13.2,3.7,4.9,5.9,27.7
166500.0,20.3,6.5,5.6,7.5,39.9
168224.0,22.5,6.1,5.0,4.4,38.0
157294.0,14.4,3.9,6.4,5.8,30.500000000000004
166540.0,20.2,5.2,3.3,5.9,34.6
211057.0,15.8,5.8,4.0,3.7,29.3
145325.0,14.2,5.0,6.4,5.4,31.0
166874.0,20.1,5.1,4.7,5.8,35.7
165222.0,20.7,6.5,4.4,3.5,35.1
161824.0,14.0,4.8,6.9,5.6,31.300000000000004
167208.0,20.6,5.8,5.9,5.8,38.1
139759.0,25.9,7.6,6.3,4.4,44.2
178370.0,13.7,4.3,6.1,6.2,30.3
167478.0,20.6,6.0,5.5,6.9,39.0
162040.0,23.4,6.1,5.1,4.8,39.4
208209.0,11.4,2.9,5.6,6.0,25.9
167506.0,20.8,5.5,5.7,3.8,35.8
148992.0,25.8,5.4,4.7,5.1,41.00000000000001
183588.0,11.1,4.0,7.0,5.6,27.700000000000003
167688.0,18.8,6.1,6.2,6.0,37.1
171793.0,20.4,6.9,6.6,4.1,38.0
162417.0,13.1,4.9,6.7,5.4,30.1
168258.0,19.0,5.5,5.6,6.1,36.2
166141.0,21.2,6.2,5.4,3.9,36.7
199207.0,11.6,3.1,6.8,6.4,27.9
168383.0,19.6,5.0,5.3,8.4,38.3
168181.0,22.0,5.7,4.9,6.0,38.6
165834.0,13.4,4.3,6.0,5.6,29.3
168507.0,17.9,5.8,5.7,7.1,36.5
249708.0,15.9,3.6,3.6,2.6,25.700000000000003
170475.0,11.3,4.8,7.7,5.4,29.200000000000003
168558.0,19.1,6.3,6.1,5.6,37.1
162183.0,22.2,6.2,6.3,4.3,38.99999999999999
155893.0,13.6,4.1,6.7,6.4,30.8
168586.0,18.6,5.5,5.2,7.2,36.5
194331.0,20.1,5.4,4.9,4.1,34.5
187579.0,11.3,4.0,6.1,6.9,28.3
168619.0,21.0,5.3,4.8,7.2,38.3
228712.0,15.8,3.2,5.4,2.9,27.3
179756.0,12.8,4.5,6.4,6.9,30.6
168690.0,19.8,6.6,6.0,7.8,40.2
149034.0,23.6,6.9,5.9,5.0,41.4
298484.0,9.7,4.0,3.7,2.9,20.3
168702.0,14.3,4.5,6.8,11.5,37.1
191386.0,10.8,3.5,6.0,7.0,27.3
168806.0,19.3,6.0,4.7,6.8,36.8
165552.0,17.7,6.1,6.6,3.2,33.6
202733.0,13.4,3.4,5.0,5.2,27.0
168878.0,21.7,5.0,4.8,6.7,38.2
197957.0,21.3,5.5,3.8,3.6,34.2
297016.0,11.0,4.0,6.7,5.1,26.8
168978.0,20.4,5.8,6.6,7.0,39.8
188694.0,22.1,6.5,6.6,5.3,40.5
164113.0,13.0,3.9,6.4,5.8,29.1
169000.0,19.3,5.2,5.1,6.2,35.800000000000004
168360.0,23.1,5.5,5.4,3.8,37.8
160134.0,10.9,4.3,7.6,6.7,29.5
169017.0,19.7,5.1,5.6,5.3,35.7
152526.0,20.2,7.9,5.7,3.3,37.1
204889.0,11.4,2.6,6.0,4.4,24.4
169047.0,18.8,4.4,5.4,8.3,36.900000000000006
163564.0,20.9,7.5,6.5,3.1,38.0
198203.0,12.4,4.0,5.7,6.2,28.3
169181.0,19.3,6.1,5.4,9.1,39.9
177375.0,21.4,5.5,4.3,4.5,35.7
163263.0,13.6,4.2,6.0,6.4,30.200000000000003
169283.0,19.5,5.7,5.0,7.2,37.4
215562.0,18.6,5.5,4.5,4.4,33.0
194408.0,13.3,3.3,5.1,6.7,28.4
169416.0,19.6,6.4,5.6,8.1,39.7
233274.0,16.7,5.9,4.4,3.9,30.9
164639.0,13.6,3.3,6.1,4.9,27.9
169540.0,16.2,7.0,7.2,5.8,36.2
157412.0,21.9,6.7,4.5,4.0,37.1
228458.0,13.6,3.2,4.7,4.7,26.2
169598.0,20.6,6.1,5.6,6.4,38.7
192599.0,21.5,5.0,5.1,3.8,35.4
186525.0,15.4,3.0,4.6,5.3,28.3
169667.0,20.8,4.7,5.0,5.3,35.8
203447.0,21.7,5.3,3.6,3.2,33.800000000000004
168137.0,12.6,4.2,5.8,6.5,29.1
169716.0,19.1,4.8,5.0,7.3,36.2
197550.0,21.0,4.8,4.5,3.2,33.5
205714.0,11.4,3.9,5.9,4.8,26.000000000000004
165949.0,12.4,4.3,7.0,5.5,29.2
169859.0,18.8,5.6,6.0,5.8,36.2
169203.0,22.0,6.4,5.2,3.4,37.0
169241.0,14.1,4.0,5.2,4.9,28.200000000000003
169882.0,17.1,7.1,6.5,7.1,37.8
275711.0,10.8,4.0,5.6,4.5,24.9
169894.0,19.7,6.0,5.1,7.3,38.1
208462.0,20.1,5.5,4.6,4.1,34.300000000000004
169928.0,14.5,4.9,7.2,5.4,32.0
169899.0,21.2,6.7,6.0,6.6,40.5
159527.0,24.4,6.9,6.3,4.2,41.8
163405.0,14.2,3.5,7.1,5.1,29.9
169963.0,19.4,6.4,5.5,6.0,37.3
152804.0,22.3,7.2,6.1,5.2,40.8
177719.0,13.2,2.3,5.2,4.9,25.6
170017.0,16.7,5.3,5.8,6.9,34.7
192646.0,19.3,5.4,4.5,3.9,33.1
218888.0,10.7,3.0,5.5,5.6,24.8
170081.0,18.8,5.7,5.1,8.1,37.7
190287.0,24.1,6.0,4.3,4.6,39.0
167290.0,12.7,4.3,7.0,5.1,29.1
170574.0,18.9,5.6,5.7,5.6,35.8
169998.0,21.4,6.6,5.3,3.4,36.7
168696.0,12.6,4.4,6.3,4.6,27.9
170608.0,17.8,5.8,5.7,5.2,34.5
180917.0,18.9,6.8,5.0,2.8,33.5
160198.0,13.1,4.1,5.7,6.5,29.4
170838.0,18.9,5.5,5.2,7.5,37.1
210138.0,18.3,4.7,4.2,3.8,31.0
291780.0,10.3,3.4,4.9,4.5,23.1
170923.0,20.8,6.3,5.2,6.7,39.00000000000001
151513.0,23.1,7.0,5.6,5.2,40.900000000000006
286802.0,12.2,3.1,5.3,5.8,26.4
170958.0,20.3,5.9,5.1,6.9,38.2
175896.0,11.5,4.6,7.4,5.2,28.7
171034.0,18.9,5.5,6.2,5.8,36.4
167145.0,22.1,5.7,6.1,3.3,37.2
176808.0,13.1,3.1,5.4,5.0,26.6
171144.0,17.0,5.4,5.3,6.7,34.4
210776.0,18.1,5.0,4.4,3.5,31.0
182396.0,11.1,4.0,6.1,5.6,26.8
171173.0,19.5,5.7,5.2,5.8,36.2
208900.0,18.6,5.1,4.5,3.5,31.700000000000003
171092.0,12.4,4.4,6.4,5.8,29.000000000000004
171278.0,18.2,5.6,6.0,6.0,35.8
153428.0,22.2,7.0,5.6,4.2,39.0
169742.0,12.8,4.2,6.7,5.1,28.8
167821.0,12.0,4.2,6.4,7.3,29.9
171613.0,18.7,5.2,5.2,7.1,36.2
209073.0,19.1,4.8,4.2,3.2,31.3
233549.0,10.2,3.6,5.2,6.0,25.0
171880.0,18.5,6.5,5.6,6.9,37.5
160648.0,20.7,7.0,4.8,4.0,36.5
181519.0,16.8,4.2,4.4,3.1,28.5
172101.0,20.6,6.8,7.1,7.0,41.5
174630.0,18.7,6.9,4.7,3.3,33.6
175575.0,13.0,3.9,5.6,5.6,28.1
172273.0,19.5,5.3,5.2,6.8,36.8
170142.0,22.5,6.5,5.1,4.1,38.2
188544.0,11.7,3.9,6.4,5.5,27.5
172305.0,19.3,5.1,5.5,6.1,36.0
183156.0,20.6,5.6,4.6,4.2,35.00000000000001
161019.0,12.7,5.2,7.1,6.0,31.0
172481.0,17.8,6.9,6.1,6.6,37.400000000000006
215894.0,17.0,5.9,4.9,3.4,31.2
206478.0,10.8,3.8,6.2,5.4,26.200000000000003
172675.0,20.3,6.0,5.6,6.5,38.4
151456.0,23.9,6.4,6.0,4.6,40.9
212976.0,12.4,3.7,5.2,6.5,27.8
172694.0,16.5,6.1,4.4,8.9,35.9
166272.0,23.8,5.7,5.2,5.1,39.8
158983.0,13.6,4.1,5.8,7.4,30.9
172712.0,20.5,5.2,4.4,7.3,37.4
231116.0,17.9,5.0,4.6,3.2,30.7
159553.0,15.3,4.7,6.1,7.9,34.0
172760.0,20.1,5.8,5.8,8.2,39.900000000000006
213612.0,18.7,5.4,4.6,4.7,33.400000000000006
166955.0,12.7,4.4,6.5,4.6,28.200000000000003
172782.0,19.0,5.4,6.0,5.0,35.4
164635.0,22.2,6.8,4.9,3.3,37.2
155956.0,10.2,4.6,7.9,7.0,29.7
172967.0,16.7,5.3,5.4,9.1,36.5
170825.0,12.4,4.2,6.8,5.5,28.9
173000.0,18.3,4.6,6.3,5.1,34.3
171973.0,19.9,4.8,6.4,5.0,36.1
126593.0,16.5,5.3,7.5,7.5,36.8
173201.0,19.1,6.3,5.2,8.4,39.0
240582.0,15.5,5.0,4.6,4.7,29.8
176735.0,13.1,4.2,5.4,5.4,28.1
173462.0,18.6,6.0,5.5,6.2,36.3
216985.0,19.0,4.9,4.2,3.1,31.2
163747.0,12.8,4.1,6.8,4.9,28.6
173575.0,18.9,5.6,5.7,6.3,36.5
178392.0,20.0,6.6,6.5,4.0,37.1
171383.0,14.5,3.4,4.2,5.4,27.5
173721.0,19.3,5.2,5.1,6.6,36.2
159750.0,23.2,6.1,5.2,2.5,37.0
172270.0,10.2,4.6,7.2,7.0,29.0
173988.0,18.2,5.8,4.5,5.1,33.6
168899.0,18.2,4.8,6.5,3.3,32.8
211577.0,11.8,3.6,6.1,6.0,27.5
174101.0,20.3,4.7,5.5,6.7,37.2
206428.0,19.5,5.2,5.6,3.6,33.9
235818.0,12.0,3.1,4.9,5.0,25.0
174104.0,19.3,5.3,5.0,7.3,36.9
163530.0,21.2,6.1,5.3,4.2,36.8
145157.0,15.5,4.2,4.9,6.6,31.200000000000003
174228.0,18.3,6.6,5.9,8.2,39.0
154690.0,12.9,4.7,6.8,6.3,30.700000000000003
174816.0,18.5,5.4,5.6,5.7,35.2
144684.0,24.5,7.4,5.8,4.1,41.8
172176.0,9.2,5.4,7.4,7.4,29.4
174942.0,16.8,5.8,5.3,5.9,33.800000000000004
157779.0,23.4,5.2,5.7,3.3,37.6
169027.0,12.5,4.3,6.2,5.0,28.0
174967.0,18.0,5.7,5.9,5.2,34.800000000000004
172267.0,21.4,6.3,5.1,3.4,36.2
168983.0,12.9,4.3,6.6,5.4,29.2
175185.0,19.3,5.8,5.9,5.8,36.8
180211.0,20.8,6.1,5.6,3.1,35.6
144054.0,14.7,4.1,7.3,7.9,34.0
175238.0,17.6,4.9,4.8,5.8,33.1
208737.0,20.0,4.4,3.9,4.4,32.7
174195.0,12.4,4.1,6.6,5.3,28.4
175372.0,18.9,5.8,5.4,5.5,35.6
168338.0,22.4,6.6,5.3,3.4,37.7
182638.0,13.5,3.3,5.8,5.0,27.6
175641.0,19.0,5.8,5.6,6.2,36.6
150673.0,24.3,6.5,5.6,3.9,40.3
288128.0,8.8,2.4,3.8,2.1,17.1
175657.0,17.8,6.8,5.8,8.0,38.400000000000006
179290.0,20.6,5.0,6.3,4.7,36.6
208310.0,12.6,3.9,6.0,5.7,28.2
175824.0,21.0,5.3,5.7,6.9,38.9
154536.0,24.5,7.2,6.4,4.7,42.8
169950.0,11.9,4.3,6.6,5.0,27.8
176118.0,18.7,5.5,5.4,5.3,34.9
173596.0,22.0,5.9,5.4,3.4,36.7
172760.0,13.1,3.9,6.0,6.3,29.3
176232.0,18.4,4.8,5.7,7.1,36.0
229529.0,15.3,4.2,4.5,4.0,28.0
187673.0,13.2,3.4,7.1,4.2,27.899999999999995
176506.0,17.4,5.5,5.8,6.3,35.0
152508.0,23.1,7.7,4.5,2.9,38.2
180824.0,12.8,3.8,6.2,5.1,27.9
176579.0,19.9,5.2,5.4,6.7,37.2
172676.0,22.4,5.5,5.1,3.9,36.9
198868.0,10.5,3.9,5.8,5.1,25.3
176649.0,17.4,5.5,5.7,6.3,34.9
148000.0,23.5,6.4,5.5,4.5,39.9
174856.0,11.6,4.2,6.5,5.9,28.200000000000003
176809.0,23.7,4.5,4.8,7.7,40.7
285206.0,11.3,3.2,5.2,5.5,25.2
177050.0,19.7,5.4,5.1,7.9,38.1
187488.0,21.7,6.0,5.0,4.3,37.0
200790.0,13.7,2.8,7.3,4.7,28.5
177360.0,20.8,4.9,5.9,3.8,35.4
157267.0,21.2,8.6,6.8,4.0,40.6
169387.0,12.3,4.1,6.2,6.2,28.8
177613.0,21.2,5.6,5.0,3.8,35.599999999999994
165642.0,21.4,6.8,5.3,3.2,36.7
173811.0,12.7,3.9,6.1,4.9,27.599999999999994
177723.0,18.7,4.9,5.6,5.2,34.400000000000006
173685.0,21.2,6.3,5.3,3.8,36.6
173502.0,13.5,4.7,7.0,5.2,30.4
177823.0,19.8,5.8,6.2,5.6,37.4
178682.0,22.2,6.7,5.6,3.7,38.2
177164.0,12.5,3.6,5.3,4.1,25.5
177880.0,18.3,4.4,6.6,5.3,34.6
235791.0,11.7,2.8,4.8,4.7,24.0
177884.0,18.9,4.9,4.9,6.3,34.99999999999999
212008.0,18.6,4.1,4.4,3.4,30.5
193078.0,13.5,3.8,6.0,5.2,28.5
177913.0,20.4,5.5,5.5,6.3,37.7
174452.0,22.5,5.9,5.3,4.2,37.9
178866.0,12.2,3.5,6.8,4.4,26.9
178025.0,18.9,4.5,5.5,4.5,33.4
169922.0,21.9,6.1,4.7,2.7,35.400000000000006
181477.0,15.3,2.8,5.2,4.9,28.200000000000003
178095.0,21.7,4.7,4.8,5.6,36.8
220615.0,21.0,4.2,3.4,2.7,31.3
175626.0,13.3,3.9,5.8,4.0,27.0
178237.0,18.9,5.3,4.9,4.9,34.0
155395.0,23.7,5.9,5.1,3.2,37.900000000000006
170929.0,14.1,4.9,6.9,6.1,32.0
178255.0,19.7,5.3,5.7,6.1,36.8
149242.0,25.5,7.0,5.7,3.2,41.400000000000006
177771.0,12.3,4.5,5.9,5.7,28.4
178309.0,18.9,5.3,5.5,6.8,36.5
198840.0,20.7,5.5,4.7,3.3,34.2
177358.0,12.7,3.9,5.7,6.1,28.4
178391.0,17.3,5.8,4.9,7.7,35.7
209239.0,19.5,4.9,4.4,3.6,32.4
198675.0,11.2,4.4,4.9,4.3,24.8
178708.0,13.8,8.1,7.2,4.7,33.8
164597.0,21.0,6.4,5.9,5.2,38.5
173823.0,12.1,2.8,3.1,5.6,23.6
178855.0,21.0,5.5,3.3,6.1,35.9
156744.0,19.3,6.8,5.0,3.6,34.7
181336.0,13.7,4.3,6.1,4.5,28.6
178868.0,20.8,6.0,6.1,4.6,37.5
170898.0,24.0,7.1,5.9,3.3,40.3
166888.0,13.0,3.6,4.7,2.9,24.2
175783.0,12.4,4.3,6.3,5.0,28.0
179013.0,20.0,5.5,5.4,5.3,36.2
171170.0,22.4,6.8,5.3,3.4,37.9
174907.0,17.0,3.1,5.6,5.8,31.500000000000004
179018.0,19.3,4.8,1.9,8.0,34.0
193267.0,12.4,7.5,5.3,3.4,28.6
299946.0,7.4,1.5,3.5,5.4,17.8
179023.0,15.2,5.6,5.4,8.4,34.599999999999994
161673.0,18.0,7.0,5.1,5.0,35.1
173795.0,12.8,3.6,5.9,3.9,26.200000000000003
179153.0,16.5,5.8,6.9,6.3,35.5
127546.0,23.5,6.6,7.1,6.0,43.2
156376.0,13.7,3.7,6.6,6.1,30.1
179252.0,17.3,5.9,5.7,6.4,35.300000000000004
211970.0,17.9,5.1,4.7,3.0,30.7
184723.0,12.2,4.0,5.6,6.0,27.8
179305.0,18.7,5.0,4.7,7.2,35.6
207725.0,18.6,4.8,3.8,4.1,31.300000000000004
173193.0,12.5,3.9,5.4,7.2,29.0
179747.0,19.1,3.5,4.6,9.0,36.2
218902.0,19.8,3.8,2.6,3.7,29.9
170181.0,11.6,4.6,5.8,3.8,25.8
179887.0,18.8,4.9,4.5,5.3,33.5
137123.0,21.0,8.0,6.7,4.4,40.1
182309.0,11.2,3.8,6.3,5.8,27.1
180001.0,18.9,5.3,5.0,7.1,36.3
223548.0,17.3,4.4,4.3,3.6,29.600000000000005
169429.0,13.4,4.3,6.1,6.0,29.8
180760.0,18.9,5.3,5.1,6.6,35.9
197247.0,20.4,5.5,3.6,3.2,32.7
177829.0,12.4,4.2,6.3,5.1,28.0
180900.0,18.6,5.2,5.4,5.8,35.0
176998.0,20.9,6.0,5.3,3.7,35.9
173252.0,13.9,4.0,5.2,6.3,29.4
180933.0,18.0,5.3,5.5,7.2,36.0
204517.0,20.0,4.5,4.3,4.0,32.8
199787.0,11.8,3.3,5.7,5.2,26.0
180954.0,18.9,4.7,5.6,6.3,35.49999999999999
188899.0,20.4,6.2,4.6,3.3,34.49999999999999
184433.0,12.6,4.6,6.2,5.2,28.6
181035.0,16.5,6.5,5.6,5.4,34.0
240734.0,15.8,5.4,4.1,2.7,28.000000000000004
170337.0,11.8,4.2,6.3,6.0,28.3
181108.0,17.8,5.8,5.3,5.8,34.7
162279.0,22.9,5.8,5.9,2.4,37.0
144184.0,13.8,4.9,7.3,7.1,33.1
181138.0,16.9,5.4,5.5,6.8,34.599999999999994
224550.0,16.8,4.9,4.3,4.0,30.000000000000004
175346.0,12.0,4.5,5.9,5.1,27.5
181250.0,17.3,6.4,4.5,6.9,35.1
169115.0,21.2,6.7,5.8,2.4,36.1
163532.0,12.6,4.8,6.7,5.1,29.2
181278.0,16.0,6.8,6.0,5.7,34.5
228868.0,16.1,5.8,4.1,2.7,28.7
182433.0,13.1,3.8,6.3,5.8,29.0
181325.0,19.6,5.1,5.3,6.6,36.6
180187.0,21.5,5.8,4.9,4.3,36.5
193051.0,12.4,3.8,6.1,5.5,27.8
181675.0,19.7,5.2,4.9,6.3,36.1
170881.0,22.5,6.5,5.5,3.7,38.2
265104.0,10.2,2.6,4.3,3.6,20.7
181774.0,15.9,5.8,5.3,7.4,34.4
148662.0,20.3,7.2,6.5,5.6,39.6
185271.0,10.5,3.9,6.4,4.0,24.8
181906.0,16.8,6.2,5.6,6.1,34.7
183737.0,20.1,6.4,3.6,2.6,32.7
170339.0,12.8,4.1,7.4,4.5,28.8
182096.0,20.1,4.7,3.9,5.1,33.8
178138.0,20.5,6.3,6.6,2.6,36.0
177291.0,11.9,3.5,5.9,6.3,27.6
182104.0,17.4,5.1,5.2,6.7,34.4
215302.0,18.3,5.1,4.8,3.7,31.9
153862.0,14.6,4.8,6.8,8.0,34.2
182110.0,19.3,6.1,4.9,8.1,38.4
243153.0,17.2,4.0,3.9,5.8,30.9
178356.0,11.9,3.8,6.8,5.2,27.7
182131.0,20.4,4.6,4.2,4.8,34.0
165247.0,26.3,4.6,3.8,3.4,38.1
282080.0,12.9,3.9,4.9,6.4,28.1
182136.0,19.3,6.1,5.5,7.9,38.8
267083.0,17.4,4.1,4.5,4.3,30.3
170151.0,14.6,3.8,8.2,7.1,33.7
182253.0,21.1,3.1,4.6,6.6,35.400000000000006
181907.0,10.3,3.9,7.2,4.5,25.9
182378.0,17.9,6.0,6.3,7.1,37.3
169630.0,19.5,7.4,6.0,4.0,36.9
193892.0,13.5,3.2,4.9,5.4,27.0
182455.0,19.8,4.8,4.6,6.0,35.2
208504.0,23.3,4.9,3.9,2.8,34.9
197372.0,11.8,3.5,5.8,5.1,26.200000000000003
182492.0,17.8,5.4,5.3,6.3,34.800000000000004
157394.0,22.2,6.3,5.6,3.7,37.8
251900.0,10.2,3.2,5.0,4.4,22.8
182713.0,18.6,5.3,4.8,6.2,34.900000000000006
221699.0,17.5,4.9,4.6,2.9,29.9
177057.0,12.0,3.8,6.0,5.8,27.6
182740.0,17.0,4.7,5.5,6.6,33.8
279854.0,13.9,3.0,3.1,2.2,22.2
165158.0,15.0,2.8,6.2,4.8,28.8
189547.0,10.8,3.8,5.6,5.9,26.1
152538.0,14.5,4.0,6.2,6.1,30.8
183081.0,18.4,4.9,5.1,6.9,35.3
209019.0,18.6,4.8,4.4,3.9,31.700000000000003
298262.0,9.9,2.3,5.1,3.9,21.2
183216.0,18.5,5.1,5.5,6.5,35.6
180530.0,21.7,6.2,5.5,3.9,37.3
178736.0,12.2,3.2,5.5,5.2,26.1
183234.0,20.8,4.9,5.1,3.4,34.2
185941.0,12.1,4.5,6.1,4.4,27.1
183316.0,19.5,5.8,5.5,4.7,35.5
179023.0,22.7,6.5,4.8,2.6,36.6
175199.0,12.2,4.5,6.2,5.4,28.3
183768.0,18.0,6.3,5.7,5.3,35.3
225759.0,16.8,6.0,4.5,3.1,30.4
179348.0,10.1,4.8,7.8,5.3,28.0
184090.0,18.3,6.5,4.5,6.3,35.6
163493.0,18.0,8.3,7.1,3.6,37.0
698265.0,3.6,1.5,4.1,3.0,12.2
184183.0,18.9,5.8,6.2,8.2,39.1
184579.0,20.7,4.4,5.1,2.9,33.1
168331.0,14.5,4.8,5.2,8.5,33.0
184253.0,24.4,3.8,5.1,7.3,40.6
78831.0,27.0,5.8,4.5,9.0,46.3
156045.0,13.5,5.0,7.2,7.4,33.1
184297.0,20.4,4.3,4.4,7.6,36.7
227350.0,17.1,3.9,4.0,4.4,29.4
292408.0,7.7,3.0,4.2,5.0,19.9
184337.0,17.9,6.0,6.0,9.0,38.9
107632.0,25.7,8.0,6.9,6.3,46.9
181256.0,12.3,4.1,6.5,5.0,27.9
184359.0,17.9,5.5,5.5,4.9,33.8
178461.0,20.5,6.4,5.7,3.6,36.2
178125.0,13.1,4.0,5.8,4.8,27.700000000000003
184382.0,18.7,5.5,5.7,6.3,36.2
157915.0,22.7,6.3,5.8,4.0,38.8
246119.0,9.7,3.0,5.1,4.3,22.1
184392.0,18.0,5.3,5.8,4.4,33.5
174134.0,22.5,7.3,4.6,2.9,37.3
283393.0,10.1,3.1,4.5,5.0,22.7
184398.0,18.6,5.2,5.5,8.7,38.0
159708.0,21.6,5.4,6.4,6.3,39.7
180474.0,10.4,4.0,5.8,6.8,27.0
184707.0,19.1,4.6,4.6,5.1,33.400000000000006
206211.0,17.8,6.1,4.7,3.0,31.6
199967.0,11.5,3.6,5.7,5.3,26.1
184709.0,17.9,5.1,5.2,5.9,34.1
182518.0,20.1,6.3,5.2,3.8,35.4
180195.0,11.0,3.9,7.2,5.3,27.4
184729.0,15.3,3.8,5.1,8.5,32.7
282652.0,13.6,2.8,4.6,3.4,24.4
183666.0,12.2,3.7,6.0,6.0,27.9
184741.0,18.1,4.5,4.8,7.0,34.400000000000006
214035.0,19.2,4.5,4.1,3.8,31.6
203346.0,12.0,3.8,6.3,5.2,27.3
184769.0,19.0,5.1,5.3,7.5,36.900000000000006
226384.0,18.5,4.5,5.0,3.5,31.5
173599.0,12.6,3.8,6.4,7.0,29.8
184781.0,18.9,6.7,4.2,5.1,34.9
221788.0,18.1,5.0,3.8,3.2,30.1
222210.0,11.0,2.9,5.8,3.2,22.9
184913.0,18.9,5.1,6.0,1.8,31.8
214232.0,20.1,3.6,6.3,2.1,32.1
148204.0,14.3,4.8,6.7,6.2,32.0
185042.0,17.8,4.6,5.2,6.6,34.2
224396.0,17.5,4.4,4.1,3.4,29.4
280697.0,10.8,2.8,4.7,5.5,23.8
185089.0,20.1,4.8,5.4,8.0,38.3
265815.0,17.6,4.4,3.7,3.1,28.8
161355.0,12.1,4.8,6.6,5.9,29.4
185112.0,17.7,5.4,5.3,5.0,33.400000000000006
240783.0,15.1,5.5,4.3,2.7,27.6
182307.0,11.7,4.0,6.6,5.0,27.3
185490.0,18.0,5.6,5.4,5.5,34.5
182499.0,11.9,4.0,6.4,4.6,26.9
185602.0,18.4,5.1,5.3,5.3,34.1
180614.0,20.3,6.5,5.1,3.4,35.3
178691.0,11.8,4.5,6.5,5.2,28.0
185713.0,17.9,5.4,5.6,5.8,34.7
183320.0,21.8,6.2,5.3,3.3,36.6
185421.0,11.6,2.6,5.2,4.8,24.2
185991.0,16.9,5.0,5.2,6.2,33.3
185141.0,20.4,5.6,5.1,3.8,34.9
243706.0,10.0,2.9,5.3,4.1,22.3
186103.0,17.9,4.2,5.2,5.8,33.099999999999994
235292.0,18.0,4.9,4.1,3.4,30.4
242821.0,11.7,3.3,4.9,5.3,25.2
186155.0,18.9,5.8,5.3,7.1,37.1
262381.0,18.5,5.4,4.5,3.5,31.9
183907.0,12.1,3.8,5.9,4.8,26.6
186208.0,18.3,5.0,5.2,5.6,34.1
168343.0,21.6,6.3,5.2,3.6,36.7
174208.0,11.6,4.3,6.2,6.1,28.2
186239.0,18.1,5.0,5.1,6.0,34.2
228284.0,16.9,5.2,4.5,3.3,29.9
297522.0,9.7,2.3,5.0,4.1,21.1
186249.0,17.5,5.6,5.8,5.1,34.0
183625.0,21.6,5.9,5.9,4.1,37.5
274474.0,6.6,3.1,4.6,4.8,19.1
186358.0,17.9,4.5,5.0,6.9,34.3
213170.0,18.9,6.1,4.5,4.6,34.1
184502.0,12.4,3.7,6.1,5.1,27.300000000000004
186385.0,18.7,5.3,5.6,4.8,34.4
186766.0,20.6,6.4,5.7,2.8,35.5
180433.0,12.2,4.2,6.0,5.3,27.7
186415.0,18.2,5.4,5.7,5.4,34.7
184622.0,20.6,6.4,5.1,2.6,34.7
173152.0,11.0,5.0,5.4,7.3,28.7
186427.0,19.8,4.1,5.1,6.4,35.4
218501.0,19.5,4.9,3.8,3.6,31.8
202717.0,10.2,4.5,7.4,5.2,27.3
186722.0,16.6,2.8,6.3,7.5,33.2
155865.0,21.9,6.0,6.0,6.0,39.9
183598.0,13.9,3.8,5.5,4.7,27.9
186722.0,17.8,5.4,5.1,6.1,34.400000000000006
223079.0,19.9,3.9,4.1,2.8,30.7
189385.0,11.6,3.7,5.1,6.9,27.3
186848.0,17.7,4.7,5.5,7.4,35.3
188302.0,20.9,4.5,4.5,4.5,34.4
188033.0,12.5,4.0,6.1,6.1,28.700000000000003
187064.0,20.3,5.3,5.0,7.9,38.5
182876.0,22.2,5.3,5.3,4.2,37.0
292730.0,10.4,2.6,4.2,4.0,21.2
187267.0,19.0,4.4,4.7,7.2,35.3
290389.0,11.9,3.4,4.9,5.5,25.700000000000003
187510.0,18.5,5.8,5.1,7.7,37.1
187953.0,21.6,5.7,5.1,5.2,37.6
207515.0,10.4,3.6,4.8,5.4,24.200000000000003
187923.0,20.2,4.8,4.8,5.3,35.1
266546.0,16.2,4.3,4.0,2.4,26.9
185341.0,13.6,3.8,6.8,3.9,28.1
188189.0,19.7,4.4,4.9,5.6,34.6
147456.0,24.2,7.1,5.5,5.5,42.3
198617.0,11.5,3.5,5.3,5.3,25.6
188239.0,17.6,5.7,4.8,6.4,34.5
210600.0,18.7,4.6,4.4,4.0,31.7
214124.0,10.4,3.7,5.9,4.6,24.6
188302.0,19.1,5.6,4.8,5.8,35.300000000000004
180769.0,22.0,6.6,4.8,3.6,37.0
185724.0,12.2,3.8,5.7,5.0,26.7
188376.0,18.2,5.2,5.2,4.9,33.5
181614.0,20.3,6.2,5.2,3.4,35.1
185266.0,13.1,3.7,6.0,4.3,27.1
188505.0,19.6,3.9,6.1,5.3,34.9
194685.0,19.9,6.6,4.2,2.8,33.5
189558.0,13.2,3.5,5.5,6.0,28.2
188553.0,19.6,4.9,5.0,7.5,37.0
235624.0,17.6,3.7,4.3,3.7,29.3
184936.0,12.3,3.4,6.0,4.6,26.300000000000004
188729.0,17.7,5.2,5.6,5.0,33.5
182180.0,20.3,6.0,5.1,2.7,34.1
179199.0,10.8,3.6,7.2,6.4,28.0
188742.0,16.6,5.2,6.7,6.3,34.8
210957.0,16.4,5.0,6.2,3.9,31.5
185020.0,12.2,3.5,5.4,5.6,26.700000000000003
189066.0,18.7,4.1,4.6,7.2,34.6
213017.0,19.9,4.1,4.4,3.8,32.2
169601.0,13.1,4.8,7.1,6.6,31.6
189225.0,19.2,5.9,6.2,6.9,38.2
219001.0,18.6,5.5,4.7,3.2,32.0
186997.0,12.4,3.9,6.0,4.7,27.0
189399.0,20.1,5.6,5.7,4.2,35.6
183402.0,22.5,6.3,5.1,3.1,37.0
291305.0,11.8,3.3,5.3,4.0,24.4
189460.0,18.5,6.0,5.5,7.2,37.2
241849.0,13.2,1.3,5.0,2.6,22.1
189538.0,21.4,4.9,6.3,5.6,38.2
144189.0,27.8,5.4,3.8,4.8,41.8
186503.0,11.6,3.6,5.8,5.1,26.1
189830.0,17.2,5.1,5.1,5.4,32.8
183852.0,20.1,6.0,5.1,3.6,34.800000000000004
287752.0,11.9,2.8,4.6,4.4,23.7
189934.0,19.1,6.0,4.0,6.4,35.5
188384.0,12.3,3.8,5.2,5.6,26.9
190087.0,17.5,5.0,5.0,6.9,34.4
220114.0,17.9,4.6,4.1,4.0,30.6
189328.0,11.4,4.0,6.3,4.5,26.2
190213.0,18.0,5.5,5.9,5.1,34.5
182324.0,21.3,6.2,4.9,2.9,35.3
190425.0,12.6,4.0,6.1,4.7,27.4
190580.0,18.9,5.6,6.1,5.1,35.7
180389.0,22.0,6.5,5.8,3.1,37.4
195262.0,11.4,3.7,6.5,4.3,25.9
190750.0,18.6,5.2,5.7,4.9,34.4
181865.0,20.7,6.5,5.8,3.1,36.1
190762.0,17.3,5.5,1.3,6.8,30.9
189111.0,11.8,3.3,5.9,4.6,25.6
190779.0,16.5,5.7,5.0,5.0,32.2
224457.0,17.1,4.8,4.2,2.3,28.4
181914.0,12.4,4.1,5.8,6.1,28.4
190812.0,17.8,5.1,4.8,6.4,34.1
231777.0,17.3,4.9,4.0,3.9,30.1
194932.0,11.0,4.2,4.8,4.6,24.6
190883.0,16.7,4.4,4.3,7.3,32.7
234149.0,17.8,4.7,3.0,2.5,28.0
291781.0,9.9,2.8,4.5,7.2,24.4
190939.0,18.8,4.9,4.9,7.6,36.2
131071.0,23.9,7.1,6.0,6.0,43.0
171291.0,11.3,3.9,7.0,4.9,27.1
190969.0,15.8,5.7,4.6,5.2,31.3
84854.0,18.9,6.2,8.6,9.6,43.3
190975.0,20.2,6.0,5.6,7.7,39.5
256671.0,18.5,4.8,3.6,4.5,31.4
221331.0,10.7,3.1,5.9,4.7,24.4
191054.0,17.8,4.9,5.1,5.9,33.7
155371.0,22.9,7.0,6.2,4.5,40.6
274789.0,8.6,3.2,4.3,3.0,19.1
191308.0,13.3,4.8,8.1,7.1,33.300000000000004
221701.0,15.5,6.5,5.5,5.6,33.1
184308.0,11.8,4.2,5.8,5.1,26.9
191317.0,18.8,4.6,5.2,5.9,34.5
159160.0,22.4,6.1,5.6,3.6,37.7
217787.0,9.6,3.9,6.8,3.4,23.7
191395.0,14.9,4.0,5.9,8.6,33.4
298379.0,9.9,2.6,4.0,4.2,20.7
191473.0,18.1,5.2,5.1,5.9,34.3
205424.0,21.2,4.2,4.1,3.2,32.7
187608.0,12.2,3.3,5.9,4.1,25.5
191520.0,17.1,5.7,5.3,4.9,33.0
191076.0,21.6,5.9,4.7,2.3,34.5
294139.0,9.6,3.0,4.8,5.1,22.5
191524.0,19.1,5.1,5.2,7.3,36.7
150192.0,23.4,6.0,5.7,5.4,40.5
207670.0,10.2,3.6,6.7,5.3,25.8
191533.0,16.6,5.0,5.5,6.1,33.2
204242.0,17.1,5.7,6.0,3.9,32.7
159395.0,13.2,5.0,6.4,5.4,30.0
191575.0,16.9,5.9,5.2,5.9,33.9
232901.0,15.3,5.3,4.5,2.4,27.5
181094.0,10.6,4.2,7.7,5.4,27.9
191586.0,16.4,5.4,6.2,6.1,34.099999999999994
205785.0,17.0,5.4,6.5,3.6,32.5
180922.0,12.0,3.0,5.9,5.0,25.9
191622.0,20.1,4.7,5.1,3.7,33.6
214171.0,21.9,5.0,3.3,1.8,32.0
170718.0,13.8,3.8,5.3,5.8,28.700000000000003
192025.0,17.0,5.9,5.1,7.3,35.3
257194.0,15.3,3.5,4.1,2.2,25.1
196118.0,11.9,3.2,5.0,5.6,25.700000000000003
192192.0,17.4,4.9,4.9,5.8,32.99999999999999
222827.0,18.4,3.9,4.4,3.5,30.2
198007.0,10.9,3.7,5.9,6.1,26.6
192326.0,17.8,4.8,5.4,7.0,35.0
221164.0,17.5,4.6,4.7,4.0,30.8
189379.0,11.8,3.7,6.0,4.9,26.4
192522.0,18.2,5.1,5.4,4.4,33.099999999999994
187331.0,20.9,5.6,4.9,3.0,34.4
208663.0,11.0,3.4,5.8,5.4,25.6
192599.0,19.0,3.8,6.1,7.3,36.2
254516.0,19.6,2.5,3.8,4.5,30.4
192845.0,10.9,3.8,6.7,4.4,25.8
192796.0,17.5,5.4,5.9,4.1,32.9
192953.0,19.9,5.9,5.3,3.3,34.4
241013.0,8.8,4.0,5.8,3.8,22.4
192996.0,19.0,5.3,1.8,1.8,27.9
221858.0,10.1,3.6,6.1,5.5,25.3
193172.0,17.6,4.8,5.2,6.3,33.9
163964.0,21.0,6.3,6.0,4.3,37.6
196808.0,10.9,4.0,6.0,6.8,27.7
193173.0,19.1,4.5,4.4,6.8,34.8
257597.0,14.9,3.4,3.3,4.5,26.1
201154.0,14.2,3.4,2.8,3.2,23.6
193279.0,23.8,2.9,3.7,4.8,35.2
210411.0,21.1,7.7,4.9,2.9,36.6
190631.0,12.3,3.7,6.1,4.5,26.6
193394.0,17.9,5.2,5.4,5.2,33.7
189138.0,20.9,5.6,5.1,3.2,34.800000000000004
910911.0,4.4,1.1,3.2,2.7,11.4
193454.0,19.0,4.8,3.8,6.5,34.1
359661.0,12.6,3.3,2.5,2.3,20.7
189682.0,11.7,3.6,6.2,4.0,25.5
193469.0,17.7,4.7,5.2,4.6,32.2
197061.0,19.5,5.7,5.3,2.4,32.9
170311.0,13.2,4.6,5.8,6.5,30.1
193519.0,18.2,4.4,4.6,6.4,33.6
213898.0,18.9,4.0,4.2,3.9,31.0
185124.0,11.7,3.6,6.4,5.3,27.0
193739.0,16.3,5.5,5.3,5.8,32.9
213259.0,18.2,5.0,5.5,3.4,32.1
297268.0,9.9,3.0,5.3,4.6,22.8
193849.0,19.4,5.1,4.2,6.1,34.8
192195.0,20.3,5.4,5.2,4.2,35.1
179073.0,12.5,3.8,5.6,5.8,27.7
193875.0,17.3,4.5,4.8,7.2,33.800000000000004
242785.0,16.2,3.4,3.8,3.3,26.7
192297.0,11.2,4.0,6.1,4.4,25.7
193888.0,17.9,5.3,5.3,5.2,33.7
183900.0,20.3,6.1,4.9,3.0,34.3
211313.0,11.1,3.3,5.9,4.9,25.2
194099.0,18.7,4.3,4.6,6.0,33.6
223932.0,18.6,4.1,4.4,3.0,30.1
322517.0,9.5,1.8,3.8,4.4,19.5
194151.0,14.9,6.1,5.0,8.5,34.5
264070.0,17.4,3.7,5.1,5.2,31.399999999999995
193005.0,10.2,4.1,6.4,4.6,25.3
194168.0,17.8,5.6,5.8,4.4,33.6
194843.0,19.5,6.2,5.5,3.0,34.2
298213.0,10.8,2.8,4.8,4.2,22.6
194184.0,18.1,4.6,5.0,6.4,34.1
199916.0,19.7,5.2,4.5,4.3,33.7
177068.0,10.8,4.8,6.6,5.2,27.4
194335.0,19.6,4.5,5.6,4.2,33.900000000000006
193414.0,11.3,3.9,5.5,5.0,25.700000000000003
194689.0,17.6,5.0,4.7,6.2,33.5
203259.0,18.7,5.4,4.8,3.6,32.5
185311.0,12.3,3.7,5.5,5.9,27.4
194902.0,18.5,4.7,5.4,7.5,36.1
244427.0,16.8,4.1,4.4,3.8,29.1
193619.0,11.5,3.9,5.7,5.5,26.6
254333.0,10.0,2.6,5.1,4.1,21.8
229901.0,10.9,2.6,6.0,5.8,25.3
195132.0,16.4,4.5,4.5,4.7,30.1
251511.0,20.0,3.4,4.2,1.5,29.1
275363.0,12.3,4.0,5.9,6.5,28.700000000000003
195389.0,21.1,6.0,5.0,7.7,39.8
242575.0,9.5,2.8,5.2,4.7,22.2
195411.0,17.0,5.2,4.9,5.7,32.800000000000004
231572.0,16.8,5.2,3.7,3.1,28.8
213902.0,10.6,3.7,5.6,4.2,24.1
195421.0,17.6,5.1,4.8,6.4,33.900000000000006
154215.0,25.0,6.7,5.3,4.2,41.2
197537.0,11.4,3.7,5.9,4.0,25.0
195514.0,17.1,4.9,5.6,4.7,32.300000000000004
189662.0,19.7,6.1,4.7,2.9,33.4
161756.0,15.2,3.2,7.1,3.8,29.3
195610.0,20.1,4.8,4.6,5.9,35.4
161914.0,21.3,6.3,5.0,4.6,37.2
297156.0,9.6,2.9,4.4,5.2,22.1
195627.0,19.7,5.7,4.9,6.7,37.0
146874.0,23.9,6.7,5.7,5.4,41.7
190305.0,11.0,3.7,6.4,4.7,25.8
195828.0,17.7,5.0,5.2,4.6,32.5
192203.0,19.6,5.9,5.2,2.7,33.4
238603.0,9.7,2.8,5.0,5.0,22.5
196053.0,17.3,5.0,4.8,6.3,33.4
215693.0,18.5,4.8,4.4,3.5,31.200000000000003
235008.0,7.4,1.9,2.1,3.1,14.5
196054.0,18.2,4.8,5.9,10.1,39.0
148552.0,15.8,4.0,7.4,4.6,31.800000000000004
196294.0,18.1,4.8,4.8,5.3,33.0
204554.0,20.1,6.2,4.6,2.9,33.8
196327.0,18.0,2.5,2.8,5.0,28.3
190063.0,23.3,5.3,1.9,4.1,34.6
235099.0,10.6,2.5,6.4,3.8,23.3
196616.0,17.3,4.3,5.2,7.0,33.8
192052.0,19.7,5.3,5.4,2.6,33.0
241272.0,10.5,3.2,4.4,4.9,23.0
196989.0,17.8,5.0,5.2,5.5,33.5
195080.0,19.5,5.0,3.7,4.3,32.5
290009.0,8.4,2.0,6.0,3.6,20.0
197010.0,17.7,5.3,5.5,4.8,33.3
190220.0,20.2,6.6,5.7,3.8,36.3
187628.0,10.6,3.6,6.8,5.4,26.4
197331.0,17.2,5.4,6.0,5.5,34.1
201613.0,19.1,6.7,4.3,3.3,33.4
196248.0,11.3,3.5,6.1,4.2,25.1
197335.0,18.5,5.3,5.5,4.5,33.8
190336.0,20.9,6.7,5.1,3.2,35.9
191512.0,11.2,3.6,5.6,5.9,26.3
197346.0,18.0,4.4,4.6,6.9,33.9
219734.0,18.3,4.8,4.6,3.9,31.6
207310.0,10.5,3.2,5.5,4.9,24.1
197659.0,17.9,4.5,5.2,5.9,33.5
170279.0,22.2,6.4,5.6,4.0,38.2
189568.0,11.5,4.5,8.5,5.2,29.7
197868.0,18.5,4.9,3.5,3.7,30.6
203423.0,15.7,7.3,4.9,3.5,31.4
193669.0,10.6,4.7,5.9,5.6,26.800000000000004
197989.0,16.7,5.8,5.6,4.8,32.9
236242.0,16.8,5.3,4.3,2.8,29.200000000000003
299273.0,10.7,2.9,5.3,5.1,24.0
198038.0,19.0,5.1,4.8,6.1,35.0
213476.0,19.2,4.7,4.7,3.4,32.0
193049.0,11.0,3.7,6.2,4.6,25.5
198164.0,17.0,5.3,5.7,5.0,33.0
199208.0,19.3,5.5,5.1,3.3,33.2
193306.0,11.4,4.0,6.5,4.9,26.8
198242.0,17.7,5.1,5.6,4.9,33.3
190327.0,20.1,5.8,5.1,3.2,34.2
207461.0,11.7,2.8,5.2,5.4,25.1
198708.0,17.8,4.2,4.9,6.6,33.5
225138.0,18.1,5.1,3.6,3.5,30.300000000000004
208107.0,13.2,3.4,4.6,6.3,27.5
198738.0,16.1,5.2,5.2,8.2,34.7
200780.0,19.8,5.0,4.8,5.8,35.4
194728.0,10.8,3.8,6.4,4.7,25.7
198820.0,17.8,4.9,5.3,5.2,33.2
193504.0,19.9,6.1,5.0,3.5,34.5
201815.0,10.2,2.7,6.3,4.1,23.3
199150.0,17.5,4.6,5.0,4.3,31.4
197243.0,20.2,5.1,4.9,2.7,32.9
296968.0,6.7,2.4,4.9,4.3,18.3
199290.0,18.6,5.2,4.5,6.5,34.8
256205.0,18.7,4.3,3.6,2.7,29.3
232028.0,10.4,3.2,5.9,3.7,23.2
199395.0,17.8,5.5,5.6,4.7,33.6
195358.0,21.1,6.3,5.8,2.8,36.0
196072.0,12.0,3.7,5.4,5.7,26.8
199477.0,18.6,4.4,4.9,7.1,35.0
208935.0,19.4,4.9,4.2,3.6,32.099999999999994
210618.0,11.2,3.1,5.5,4.2,24.0
199619.0,15.8,4.9,6.0,5.9,32.6
160890.0,22.1,7.9,5.3,3.3,38.6
198816.0,12.0,3.2,5.6,5.4,26.2
199684.0,16.9,4.3,4.4,6.3,31.9
228258.0,18.2,4.0,4.1,2.7,29.0
218244.0,12.0,3.2,5.1,5.5,25.8
199886.0,15.4,3.8,5.5,6.6,31.3
232075.0,15.4,4.0,4.6,2.0,26.0
194805.0,11.4,3.7,5.8,4.1,25.0
199976.0,16.0,4.7,5.5,5.4,31.6
192873.0,20.2,5.5,4.8,2.9,33.4
191406.0,10.4,3.8,6.2,6.1,26.5
200139.0,16.6,4.7,5.2,6.0,32.5
193569.0,19.9,5.4,4.3,3.0,32.599999999999994
239553.0,10.9,3.3,5.5,5.6,25.3
200211.0,19.3,5.3,5.2,7.2,37.0
184937.0,21.7,6.7,5.0,4.6,38.0
201144.0,11.0,3.2,5.9,5.2,25.3
200267.0,18.0,4.6,4.5,6.6,33.7
231550.0,17.4,4.3,4.2,3.5,29.4
289341.0,10.3,2.8,4.5,4.5,22.1
200277.0,16.6,4.9,4.6,6.6,32.7
225388.0,19.2,2.0,2.7,2.5,26.4
209565.0,10.4,3.3,6.0,4.3,24.0
200705.0,17.9,5.5,5.5,4.3,33.2
190590.0,20.4,6.2,5.3,2.8,34.7
199234.0,11.0,3.9,6.6,4.4,25.9
200732.0,17.3,5.3,5.3,4.9,32.800000000000004
188995.0,20.5,6.0,5.0,3.3,34.8
199564.0,11.5,3.9,6.4,4.3,26.1
200962.0,18.4,4.8,5.3,4.6,33.1
193613.0,21.2,5.7,4.7,3.0,34.599999999999994
197517.0,13.1,3.3,4.8,4.4,25.6
201047.0,20.1,3.8,4.0,5.9,33.800000000000004
212144.0,20.7,5.7,5.0,4.0,35.4
201241.0,11.3,3.2,5.7,5.4,25.6
201302.0,17.3,4.7,5.0,6.2,33.2
233882.0,16.9,4.4,4.4,3.0,28.7
280505.0,7.5,1.8,4.8,2.1,16.200000000000003
201469.0,14.3,4.6,4.3,6.1,29.3
161134.0,20.3,3.9,6.3,6.8,37.3
206870.0,10.9,3.5,5.2,5.3,24.9
201553.0,17.4,4.5,4.4,6.4,32.7
228913.0,16.9,4.7,4.0,4.3,29.9
199817.0,10.1,3.7,6.2,4.3,24.3
201923.0,16.3,5.2,5.5,4.6,31.6
198464.0,18.6,5.1,5.1,3.2,32.00000000000001
266126.0,7.8,3.2,5.7,3.7,20.4
202083.0,16.6,3.4,4.6,6.6,31.200000000000003
229150.0,16.7,5.0,5.5,3.0,30.2
192093.0,12.0,2.8,4.6,6.8,26.2
202405.0,18.0,4.4,4.2,7.2,33.8
235344.0,15.0,3.9,4.4,4.3,27.6
200734.0,10.8,3.6,6.3,3.8,24.5
202469.0,17.1,4.7,4.9,4.6,31.300000000000004
195901.0,18.4,6.3,4.8,2.8,32.3
185954.0,11.6,3.8,7.0,5.2,27.6
202474.0,18.8,4.3,4.6,4.9,32.6
247013.0,15.8,5.5,3.3,2.4,27.0
286523.0,10.2,0.8,2.5,3.0,16.5
202735.0,18.9,4.9,5.5,6.6,35.9
190317.0,19.8,3.8,4.8,4.8,33.2
207634.0,11.8,3.4,5.1,5.2,25.5
202773.0,18.8,4.7,4.5,6.2,34.2
229753.0,17.8,4.2,4.5,3.0,29.5
201176.0,11.7,3.1,5.0,5.5,25.3
202864.0,17.6,4.3,4.3,6.7,32.900000000000006
221140.0,18.5,4.3,4.2,3.6,30.6
262078.0,10.3,2.2,4.6,3.9,21.0
202884.0,17.5,4.7,4.7,6.0,32.9
233410.0,17.8,4.9,4.0,3.2,29.9
199634.0,12.6,3.6,5.8,4.0,26.0
203418.0,19.0,5.8,5.5,4.0,34.3
194882.0,21.1,6.3,5.3,2.8,35.5
216635.0,10.2,3.0,5.3,4.0,22.5
203434.0,17.1,4.5,5.2,6.1,32.9
203153.0,18.1,4.9,4.8,3.7,31.5
291881.0,8.3,3.5,4.8,3.9,20.5
203455.0,16.2,4.4,4.2,6.2,31.0
259427.0,15.3,5.3,4.3,4.1,29.0
330971.0,11.6,3.7,5.4,5.8,26.500000000000004
203502.0,19.9,6.2,5.6,8.2,39.89999999999999
218873.0,23.3,6.8,5.7,5.6,41.400000000000006
296838.0,10.4,2.5,5.1,5.6,23.6
203790.0,19.0,5.2,4.9,6.4,35.5
182559.0,22.1,6.6,5.3,4.5,38.5
211942.0,10.2,3.0,5.8,4.6,23.6
203904.0,16.2,4.3,5.1,5.4,31.0
212740.0,14.8,4.9,4.3,3.6,27.600000000000005
297597.0,9.3,2.6,4.5,3.6,20.0
204148.0,16.9,5.2,4.8,7.2,34.1
190796.0,19.9,5.5,4.1,4.3,33.8
193849.0,11.2,3.4,5.5,4.6,24.700000000000003
204268.0,19.0,4.9,5.3,3.9,33.1
169959.0,21.3,5.9,4.9,3.2,35.300000000000004
244197.0,12.1,1.8,4.7,5.0,23.6
204346.0,19.0,5.4,4.3,7.5,36.2
213684.0,21.7,6.1,4.9,4.7,37.4
194534.0,10.5,3.3,5.8,5.0,24.6
204370.0,16.2,4.9,4.8,6.0,31.9
236576.0,16.3,4.7,3.6,3.6,28.200000000000003
199700.0,10.6,3.8,6.5,4.0,24.9
204372.0,16.1,4.8,5.2,4.9,31.0
201522.0,19.6,5.9,4.6,3.2,33.300000000000004
233088.0,10.3,2.6,5.6,4.1,22.6
204446.0,16.8,4.9,5.1,5.8,32.6
169444.0,21.7,6.3,5.4,3.2,36.6
205296.0,11.4,3.5,5.8,4.1,24.8
204573.0,18.5,4.8,4.9,4.6,32.800000000000004
203467.0,18.8,5.6,5.3,2.5,32.2
296673.0,10.0,3.8,6.7,4.4,24.9
204595.0,17.1,6.0,6.1,7.0,36.2
158381.0,22.0,7.2,7.0,5.6,41.8
205857.0,10.4,3.6,5.4,4.3,23.7
204634.0,17.2,4.6,5.1,5.0,31.9
200546.0,18.5,5.4,4.7,3.2,31.8
190890.0,12.0,3.6,5.7,4.6,25.9
204965.0,16.2,3.3,5.3,4.2,29.0
159647.0,21.2,6.7,5.4,3.0,36.3
213622.0,11.0,3.0,5.3,5.5,24.8
205437.0,18.5,4.7,4.5,6.1,33.8
202013.0,19.1,4.9,4.4,3.5,31.9
283637.0,10.0,3.7,4.7,4.8,23.2
205611.0,18.0,4.9,5.1,6.1,34.1
221337.0,17.7,4.8,4.2,3.5,30.2
226707.0,10.0,3.0,5.2,3.9,22.1
205770.0,18.7,4.0,4.5,4.4,31.6
182651.0,20.8,5.3,5.3,3.3,34.7
201613.0,10.8,3.4,6.1,4.1,24.4
206230.0,16.9,4.7,5.3,4.9,31.8
202295.0,19.4,5.9,4.8,3.5,33.599999999999994
298392.0,8.6,1.1,2.3,3.9,15.9
206232.0,17.6,4.2,5.0,7.0,33.8
183810.0,22.4,5.6,4.0,5.4,37.4
195297.0,12.5,3.4,4.3,5.8,26.0
206487.0,16.7,4.6,3.8,5.5,30.6
213672.0,18.8,6.3,6.5,3.0,34.6
293674.0,9.7,3.4,4.4,4.4,21.9
206500.0,17.2,5.9,5.2,7.5,35.8
160277.0,20.4,6.9,5.0,4.9,37.2
206566.0,15.3,0.5,2.3,6.3,24.4
181707.0,12.3,3.8,5.4,5.2,26.7
206614.0,16.7,4.8,4.3,5.5,31.3
231329.0,16.2,4.8,4.0,3.2,28.2
203617.0,10.3,3.5,5.6,4.2,23.6
206636.0,16.8,4.4,5.1,4.7,31.000000000000004
202066.0,19.7,5.4,4.5,2.8,32.4
195441.0,8.8,3.0,5.8,5.6,23.200000000000003
206733.0,17.2,4.4,5.2,2.0,28.8
262949.0,8.9,2.1,4.5,5.4,20.9
206860.0,18.0,4.5,5.4,8.3,36.2
215188.0,16.7,5.6,4.4,5.6,32.3
188181.0,12.9,4.3,7.0,6.3,30.5
207064.0,18.0,5.2,5.1,5.6,33.9
221930.0,21.7,4.9,4.6,4.1,35.300000000000004
209399.0,11.8,2.9,5.4,5.2,25.3
207084.0,16.9,4.1,5.0,6.1,32.1
233618.0,15.9,4.1,4.1,3.7,27.8
186346.0,12.3,4.2,4.8,5.6,26.9
207148.0,17.0,4.1,4.7,6.7,32.5
224083.0,18.0,4.8,4.2,3.6,30.6
213917.0,10.4,3.3,6.1,3.8,23.6
207159.0,16.9,4.9,5.3,4.9,32.0
199971.0,19.7,4.9,4.7,2.1,31.4
209043.0,10.0,3.9,6.6,6.2,26.7
207236.0,14.6,4.5,7.5,8.0,34.6
204002.0,10.7,4.2,6.8,4.2,25.9
207338.0,16.6,1.8,6.6,5.5,30.5
172260.0,23.5,6.9,4.4,2.6,37.4
186240.0,13.2,2.6,5.4,3.2,24.4
207344.0,15.4,4.3,6.1,5.8,31.6
158286.0,22.3,7.1,6.6,2.2,38.2
205131.0,11.9,3.0,5.2,5.4,25.5
207373.0,17.7,4.4,4.1,5.6,31.800000000000004
212186.0,19.2,4.6,4.4,3.5,31.7
241985.0,9.5,3.2,5.8,4.0,22.5
207537.0,17.8,4.6,4.7,5.4,32.5
207441.0,18.0,5.7,5.4,3.2,32.300000000000004
202711.0,9.9,3.1,7.0,4.7,24.7
207612.0,15.5,4.7,5.8,5.0,31.0
218309.0,15.8,5.1,5.1,3.0,29.0
233156.0,9.6,2.4,4.8,4.3,21.1
207646.0,14.2,6.8,5.0,4.6,30.6
193172.0,19.2,5.2,4.1,3.6,32.1
208581.0,11.0,2.7,5.3,5.2,24.2
179919.0,14.1,3.7,6.2,6.0,30.0
207736.0,18.5,4.8,4.8,6.4,34.5
262215.0,11.3,2.3,3.9,4.0,21.5
207861.0,18.1,4.1,4.4,6.5,33.1
239491.0,18.4,4.4,4.0,2.8,29.6
213480.0,15.2,0.9,4.0,5.1,25.2
208059.0,19.3,3.6,4.4,9.1,36.400000000000006
210523.0,18.0,7.9,3.9,3.4,33.2
204493.0,12.0,3.9,6.2,3.9,26.0
208178.0,18.8,5.3,5.3,4.2,33.6
202595.0,19.5,6.4,5.2,2.8,33.9
188105.0,15.4,3.4,6.2,4.2,29.2
208285.0,13.3,5.8,6.3,5.2,30.6
171046.0,22.4,6.7,3.9,4.0,37.0
212686.0,11.7,3.1,5.1,5.3,25.2
208307.0,18.1,3.8,4.2,6.2,32.300000000000004
232662.0,17.4,4.5,4.0,3.2,29.1
299694.0,9.3,2.7,5.9,4.0,21.9
208647.0,17.5,5.3,5.4,5.6,33.800000000000004
214904.0,17.8,5.8,4.9,2.9,31.4
227328.0,12.3,2.5,3.8,4.6,23.200000000000003
209017.0,14.8,5.1,5.2,7.1,32.2
210202.0,11.7,3.6,5.5,4.4,25.2
209059.0,17.4,4.6,4.8,6.0,32.8
194284.0,20.3,5.4,5.0,3.8,34.5
209715.0,10.8,4.0,5.0,5.2,25.0
209073.0,16.8,4.5,4.3,5.6,31.200000000000003
240948.0,15.8,4.3,4.2,3.3,27.6
205290.0,11.2,2.6,5.4,4.7,23.9
209122.0,17.7,4.3,4.0,7.3,33.3
254931.0,13.7,3.3,3.7,3.5,24.2
205548.0,10.4,3.6,6.1,4.3,24.4
209191.0,16.2,5.0,5.3,4.3,30.8
203733.0,19.0,5.6,4.5,2.9,32.0
183214.0,12.1,3.3,5.9,6.3,27.6
209272.0,17.2,4.1,4.1,6.4,31.8
234499.0,17.5,4.3,4.2,3.2,29.2
168715.0,12.6,4.7,6.0,4.1,27.4
209283.0,15.9,4.3,5.0,6.2,31.4
234041.0,18.5,4.9,3.6,2.9,29.9
201765.0,11.6,3.7,5.4,4.9,25.6
209374.0,17.1,3.8,3.9,6.6,31.4
249174.0,16.5,4.1,3.6,3.4,27.6
238639.0,11.4,3.0,5.1,5.6,25.1
209455.0,16.9,4.8,4.3,7.0,33.0
226452.0,19.1,5.9,4.9,5.1,35.0
210826.0,11.9,3.5,5.8,4.3,25.5
209729.0,17.5,5.0,5.5,4.3,32.3
192628.0,20.6,5.8,4.8,2.8,34.0
216391.0,10.1,2.7,5.8,4.1,22.700000000000003
209833.0,17.3,4.1,4.4,4.6,30.4
182967.0,20.3,6.1,4.7,3.0,34.099999999999994
289527.0,10.0,1.5,2.8,5.2,19.5
209903.0,17.9,4.8,5.4,7.0,35.1
183582.0,12.3,3.5,5.6,6.7,28.1
209972.0,17.8,4.1,4.9,6.9,33.7
259888.0,15.5,3.4,3.8,3.6,26.3
205897.0,11.0,3.6,5.8,4.2,24.6
210038.0,17.1,4.5,5.0,4.3,30.9
203338.0,18.5,5.5,5.2,2.9,32.1
221615.0,13.0,2.6,5.5,4.8,25.9
210145.0,20.1,3.8,4.0,5.5,33.400000000000006
226220.0,22.2,4.8,3.6,2.5,33.1
211884.0,11.2,3.3,5.8,6.3,26.6
210259.0,18.4,4.2,4.7,5.8,33.099999999999994
261346.0,16.2,4.7,3.4,4.1,28.4
295582.0,10.2,1.8,4.1,5.0,21.1
210260.0,18.5,4.9,4.7,6.9,35.0
200470.0,20.7,5.7,4.1,4.7,35.2
261170.0,9.1,2.2,6.2,3.6,21.1
210272.0,17.1,4.4,4.0,6.9,32.4
259198.0,9.8,3.4,4.8,5.2,23.2
210318.0,16.1,4.8,5.8,4.2,30.9
258283.0,16.8,3.4,3.2,3.9,27.3
198913.0,10.7,3.1,5.5,4.4,23.7
210425.0,17.8,4.6,4.9,4.1,31.4
186666.0,12.2,4.2,5.6,6.4,28.4
210538.0,17.3,4.3,4.2,7.1,32.9
254288.0,14.9,3.6,3.7,3.6,25.8
171941.0,11.8,5.5,7.5,6.0,30.8
210734.0,15.6,4.6,4.1,6.8,31.1
202148.0,10.9,2.9,6.0,5.8,25.6
210855.0,15.4,3.6,4.1,5.9,29.0
253560.0,18.8,3.5,3.9,2.4,28.6
209234.0,8.5,3.8,6.7,3.7,22.7
210930.0,16.2,3.6,4.2,5.5,29.5
198805.0,17.0,5.7,4.9,2.8,30.4
205698.0,10.8,3.6,6.5,4.3,25.2
210939.0,17.3,5.2,5.6,4.6,32.7
207886.0,18.0,5.9,4.9,2.8,31.6
213992.0,11.1,2.7,5.9,4.4,24.1
211000.0,17.1,4.6,5.9,5.8,33.4
200632.0,20.3,6.0,5.3,3.8,35.4
249828.0,10.6,3.7,5.6,4.9,24.8
211231.0,17.5,5.3,5.6,6.0,34.4
199065.0,20.2,5.7,4.3,4.6,34.8
202208.0,11.4,4.0,5.4,4.8,25.6
211297.0,17.3,4.6,4.9,4.7,31.5
220193.0,17.7,5.3,4.5,2.8,30.3
298128.0,11.0,3.0,3.6,5.2,22.8
211547.0,19.5,5.1,4.9,7.8,37.3
205788.0,19.6,5.7,4.6,4.7,34.6
210205.0,10.2,3.4,6.0,3.7,23.3
211658.0,16.6,4.8,5.1,3.8,30.3
206876.0,19.2,5.5,4.5,2.7,31.9
210376.0,9.4,3.5,6.1,3.5,22.5
211808.0,17.0,4.6,4.4,4.5,30.5
207883.0,17.3,5.4,4.2,2.7,29.6
248177.0,8.6,2.5,5.7,2.0,18.8
212242.0,18.7,3.6,3.8,6.0,32.1
181328.0,18.0,4.9,5.8,2.8,31.5
275508.0,9.0,2.6,4.8,4.0,20.4
212374.0,17.0,4.9,3.3,5.1,30.3
256544.0,14.4,3.0,4.9,1.7,24.0
288122.0,11.2,4.7,5.1,5.6,26.6
212649.0,18.1,5.9,3.5,7.0,34.5
224831.0,17.0,4.5,4.9,4.3,30.7
212624.0,11.1,3.7,5.1,5.2,25.1
213087.0,15.7,4.6,5.1,5.8,31.2
249136.0,15.8,3.7,4.3,3.6,27.4
219892.0,11.3,2.9,5.4,4.3,23.9
213121.0,17.3,4.4,4.1,5.7,31.500000000000004
204686.0,18.9,4.8,4.8,3.8,32.3
204968.0,9.4,3.5,5.2,4.8,22.9
213479.0,15.6,3.9,4.8,6.2,30.5
201972.0,16.1,5.1,4.2,4.1,29.5
296490.0,9.6,3.0,4.8,5.1,22.5
213493.0,18.1,4.2,4.9,7.2,34.400000000000006
240449.0,19.0,4.6,4.2,4.7,32.5
292305.0,10.9,3.4,4.8,5.0,24.1
213728.0,17.6,5.0,4.3,7.1,34.0
245869.0,9.9,0.6,4.8,2.8,18.1
213942.0,18.6,3.7,4.4,5.0,31.700000000000003
282892.0,14.2,3.3,2.5,3.1,23.1
270846.0,9.2,2.4,4.7,2.6,18.9
214141.0,16.8,4.7,4.7,6.5,32.7
233488.0,17.3,4.2,4.3,3.2,29.0
289235.0,8.7,2.3,4.6,3.9,19.5
214158.0,13.9,4.2,5.6,6.7,30.4
243054.0,16.0,4.4,4.2,4.7,29.3
212188.0,10.4,3.1,6.0,3.2,22.7
214433.0,15.9,4.5,4.9,4.4,29.7
207720.0,18.6,5.1,4.8,2.8,31.300000000000004
254052.0,9.6,2.5,5.1,3.9,21.1
150552.0,15.5,4.6,6.4,7.0,33.5
215589.0,10.4,3.0,5.6,3.6,22.6
214652.0,16.5,4.3,4.7,4.8,30.3
190638.0,21.2,5.9,4.5,2.5,34.1
78182.0,19.2,10.0,7.0,8.0,44.2
215051.0,13.5,6.3,7.0,6.8,33.6
247920.0,9.2,3.2,5.3,4.2,21.9
215271.0,17.3,5.1,5.4,5.0,32.8
240052.0,18.0,5.1,4.7,3.9,31.7
297879.0,11.0,3.4,5.2,3.9,23.5
215281.0,17.7,4.8,5.5,6.3,34.3
199043.0,19.6,6.6,5.8,3.6,35.6
199863.0,11.6,3.7,5.2,5.2,25.7
215525.0,16.0,4.0,5.3,6.9,32.2
190970.0,10.6,5.2,5.6,4.6,26.0
215719.0,15.6,5.7,5.1,4.6,31.0
254777.0,15.0,5.0,3.5,2.5,26.0
154994.0,14.6,5.8,6.0,8.5,34.9
215772.0,19.3,3.2,5.9,6.9,35.3
228005.0,8.7,0.6,6.1,5.8,21.2
215873.0,18.7,3.6,4.3,6.3,32.9
271990.0,12.6,5.4,4.0,2.1,24.1
297177.0,10.6,3.4,4.8,5.0,23.8
216048.0,16.8,4.6,4.5,6.8,32.7
221485.0,17.2,4.8,4.2,4.4,30.6
210565.0,10.4,3.2,6.2,3.3,23.1
216400.0,16.5,4.8,4.8,3.7,29.8
211861.0,17.5,5.4,5.0,2.4,30.3
282398.0,10.4,2.9,4.6,4.7,22.6
216414.0,16.7,5.7,4.6,7.8,34.8
246752.0,17.6,4.5,4.1,3.7,29.9
235030.0,9.4,3.2,5.2,3.1,20.9
216445.0,16.0,4.6,4.8,4.9,30.300000000000004
192864.0,19.1,5.8,5.0,2.5,32.400000000000006
212810.0,10.8,3.0,6.0,3.9,23.7
216610.0,17.7,4.8,5.0,3.7,31.2
208405.0,18.5,6.1,5.2,2.6,32.4
221744.0,10.4,4.0,6.3,5.0,25.7
216622.0,15.0,4.6,5.4,5.5,30.5
235737.0,14.1,5.1,5.4,3.4,28.0
253792.0,10.0,2.8,4.8,2.2,19.8
216752.0,15.5,4.8,5.7,5.6,31.6
214285.0,16.6,4.9,4.9,2.9,29.3
299887.0,10.7,3.4,4.8,5.7,24.6
216942.0,19.1,5.4,5.4,7.0,36.9
281421.0,21.5,5.3,4.5,3.7,35.0
223907.0,9.9,3.3,5.7,5.1,24.0
217051.0,16.2,4.4,4.8,5.5,30.9
252111.0,17.1,4.6,4.0,2.7,28.4
247121.0,9.1,2.5,5.8,3.5,20.9
217243.0,16.5,4.0,5.3,5.2,31.0
178464.0,20.3,6.1,5.3,3.1,34.8
296029.0,9.2,3.2,5.1,5.9,23.4
217370.0,16.9,4.5,4.9,7.4,33.7
238555.0,20.4,4.8,4.5,4.4,34.1
196045.0,9.5,3.7,5.8,5.2,24.2
217385.0,14.9,5.2,4.4,3.4,27.9
168520.0,19.0,6.8,5.1,3.0,33.9
217592.0,10.7,3.4,6.4,3.3,23.8
217404.0,16.8,4.2,4.8,5.0,30.8
212338.0,20.2,6.0,4.4,2.9,33.5
288294.0,11.0,3.8,5.9,5.8,26.500000000000004
217425.0,17.8,5.0,5.4,6.4,34.6
267066.0,17.4,5.0,4.7,3.7,30.8
215076.0,10.1,3.5,5.6,3.6,22.8
217757.0,16.9,4.4,5.0,3.5,29.8
208752.0,19.0,5.8,4.7,2.4,31.9
263611.0,10.9,3.2,4.7,5.1,23.9
218079.0,19.4,4.4,4.9,7.0,35.7
227194.0,17.6,4.4,4.4,4.1,30.5
181100.0,11.4,4.1,5.3,5.2,26.0
218296.0,16.9,4.0,4.8,6.2,31.9
258960.0,14.7,2.9,4.4,3.7,25.7
180278.0,12.4,3.7,5.7,6.4,28.200000000000003
218533.0,17.4,3.5,4.0,6.4,31.3
240854.0,16.4,4.4,3.5,3.4,27.7
212455.0,11.6,3.2,5.1,5.1,25.0
218586.0,15.7,4.4,4.3,6.1,30.5
251726.0,16.1,3.6,3.7,3.4,26.8
206318.0,8.9,3.6,5.8,5.5,23.8
218590.0,18.9,3.9,4.5,3.8,31.1
203133.0,18.5,6.1,5.8,3.3,33.7
216588.0,10.0,3.2,5.5,3.9,22.6
218699.0,16.8,4.1,4.8,3.9,29.6
211461.0,17.4,5.5,4.6,2.9,30.4
218723.0,8.8,3.8,5.2,3.9,21.7
218739.0,16.1,5.8,4.1,5.1,31.1
198203.0,15.3,6.8,5.4,3.3,30.8
292357.0,9.8,2.4,4.8,3.5,20.5
218891.0,19.1,4.9,4.8,4.5,33.3
214382.0,20.9,6.4,4.6,3.8,35.7
224898.0,11.4,2.7,4.6,4.8,23.500000000000004
218968.0,16.6,4.0,4.8,5.3,30.700000000000003
302593.0,11.3,3.4,3.4,3.5,21.6
213086.0,10.0,3.4,6.0,3.3,22.7
218971.0,16.1,4.5,4.8,4.3,29.700000000000003
213841.0,17.5,5.4,4.8,2.4,30.1
215459.0,10.2,3.1,5.6,3.4,22.3
219031.0,16.1,4.4,4.9,3.7,29.1
214683.0,17.2,5.9,5.3,2.4,30.8
219798.0,10.1,3.2,5.3,4.0,22.6
219178.0,16.5,4.6,4.6,3.9,29.6
209977.0,17.3,5.3,4.6,2.8,30.000000000000004
206589.0,11.7,3.8,5.7,4.8,26.0
219238.0,16.9,4.7,4.8,5.0,31.4
186926.0,21.2,6.4,5.4,3.6,36.6
214732.0,11.0,3.1,4.9,5.4,24.4
258205.0,10.1,3.6,4.3,5.5,23.5
219304.0,16.9,5.6,5.4,7.5,35.4
236281.0,22.4,4.8,4.7,3.3,35.2
227535.0,10.5,3.1,5.1,4.6,23.3
219595.0,16.3,4.1,4.1,5.8,30.3
243850.0,16.0,4.3,3.7,2.8,26.8
218072.0,10.6,3.3,6.0,3.7,23.6
219596.0,17.2,4.8,5.0,3.6,30.6
211942.0,19.3,5.6,4.5,2.5,31.9
216620.0,10.7,2.9,5.7,3.4,22.7
219653.0,17.1,4.5,5.0,3.6,30.200000000000003
203079.0,18.7,6.7,4.9,2.3,32.599999999999994
288085.0,10.9,2.4,5.0,4.2,22.5
219790.0,17.1,4.9,4.8,5.7,32.5
211478.0,19.4,5.7,4.9,3.2,33.2
197799.0,11.8,4.4,6.1,5.2,27.500000000000004
219814.0,16.5,4.8,4.9,4.2,30.4
274044.0,15.6,5.3,4.3,2.7,27.9
216896.0,11.0,3.2,4.5,4.3,23.0
220191.0,16.6,5.0,4.5,5.1,31.200000000000003
207237.0,9.7,4.4,6.2,5.9,26.200000000000003
220298.0,16.1,4.3,5.1,4.6,30.1
258899.0,16.1,5.3,3.3,3.1,27.800000000000004
210541.0,10.5,3.4,6.3,3.6,23.8
220333.0,16.0,4.7,4.8,4.4,29.9
207372.0,18.0,5.6,5.1,2.2,30.9
232967.0,10.3,2.9,4.6,4.9,22.700000000000003
220340.0,15.5,4.3,4.7,4.3,28.8
268716.0,17.5,3.9,4.2,2.4,28.0
231789.0,8.8,2.9,6.1,3.9,21.7
220391.0,13.2,4.2,5.8,5.0,28.2
247816.0,12.8,3.6,5.2,3.0,24.6
223989.0,10.0,3.0,5.8,3.8,22.6
220652.0,16.0,4.6,5.2,4.7,30.5
193926.0,18.7,5.2,5.1,3.7,32.7
280407.0,8.3,4.0,5.6,3.8,21.7
220737.0,17.2,5.2,4.3,5.9,32.6
209280.0,18.9,6.8,4.5,2.8,33.0
219002.0,10.0,3.5,6.1,3.7,23.3
220883.0,15.8,4.7,5.0,3.6,29.1
215183.0,17.5,5.7,4.6,2.8,30.6
296581.0,13.4,3.1,3.3,5.4,25.200000000000003
221165.0,16.1,3.5,4.5,5.5,29.6
265372.0,13.5,3.0,4.4,3.7,24.6
225262.0,11.0,2.8,4.5,4.3,22.6
221173.0,15.9,3.8,4.5,5.1,29.3
262398.0,14.8,3.9,3.5,2.7,24.9
256002.0,7.4,3.6,5.6,5.0,21.6
221302.0,16.6,4.7,4.2,6.6,32.1
246303.0,17.3,3.5,2.5,3.5,26.8
225799.0,10.7,2.0,5.4,2.6,20.700000000000003
221319.0,17.0,5.4,4.4,5.2,32.0
240891.0,18.0,5.3,4.9,3.7,31.9
228395.0,10.7,3.2,5.8,2.8,22.5
221433.0,17.6,5.2,5.4,3.1,31.300000000000004
218182.0,19.1,6.0,5.1,1.9,32.1
233935.0,9.4,4.7,5.9,4.9,24.9
221451.0,13.5,2.8,6.3,4.4,27.0
218994.0,13.1,4.3,6.0,3.7,27.1
236583.0,8.5,3.9,5.6,5.7,23.7
219943.0,8.6,3.4,6.2,4.1,22.3
221886.0,15.7,5.2,5.3,4.3,30.5
216234.0,17.7,5.7,4.3,2.8,30.5
251056.0,9.4,2.4,4.6,4.6,21.0
221928.0,15.3,3.9,4.0,5.9,29.1
241895.0,16.1,4.5,3.8,3.2,27.6
224994.0,8.7,3.4,5.6,4.0,21.7
221990.0,15.7,4.7,6.0,3.1,29.5
215805.0,17.4,6.6,5.3,3.4,32.7
239145.0,9.2,3.2,4.8,3.6,20.8
222135.0,15.8,4.1,4.5,4.9,29.3
223589.0,16.3,5.1,4.4,2.5,28.3
222274.0,19.3,5.3,3.3,4.0,31.9
239824.0,9.6,2.4,4.8,4.1,20.9
222375.0,16.1,4.1,4.6,5.1,29.90000000000001
208218.0,17.5,5.6,4.1,3.3,30.500000000000004
225696.0,9.2,3.2,5.2,5.6,23.2
222445.0,15.7,4.0,4.7,5.8,30.2
270267.0,16.4,3.6,4.2,2.4,26.6
226617.0,10.4,2.4,4.6,5.2,22.6
222727.0,16.3,5.7,4.5,3.0,29.5
188923.0,20.6,5.4,5.2,2.5,33.7
220115.0,10.3,3.2,5.5,3.5,22.5
222742.0,16.5,4.5,4.3,4.1,29.4
211208.0,18.8,5.2,4.6,2.3,30.9
191435.0,9.3,4.2,3.6,6.9,24.0
222922.0,15.3,3.2,2.9,5.6,27.0
253568.0,16.8,3.6,3.6,2.3,26.300000000000004
246165.0,8.9,2.6,3.5,5.2,20.2
223193.0,16.1,4.3,3.6,5.1,29.1
213726.0,15.4,3.3,4.5,4.8,28.0
221485.0,11.1,3.2,5.5,4.9,24.700000000000003
223528.0,16.6,3.6,4.0,6.6,30.800000000000004
229148.0,16.6,4.2,4.0,2.9,27.7
223259.0,10.9,3.5,5.7,3.0,23.1
223666.0,17.2,5.3,6.1,3.0,31.6
219484.0,18.5,6.0,5.3,2.5,32.3
296974.0,10.8,1.8,4.1,3.8,20.500000000000004
223679.0,16.4,3.8,5.4,5.0,30.6
249767.0,18.5,3.2,3.0,2.4,27.1
189471.0,11.8,3.5,5.5,5.8,26.6
223758.0,16.8,2.8,4.4,6.3,30.3
278231.0,15.3,3.7,3.5,3.3,25.8
185288.0,11.2,3.8,5.8,5.1,25.9
223856.0,15.9,3.8,4.8,5.9,30.4
240782.0,16.8,3.9,3.7,3.4,27.8
241361.0,9.4,3.2,6.1,4.6,23.300000000000004
213392.0,10.5,3.8,5.7,4.3,24.3
186276.0,9.6,3.4,8.2,4.7,25.9
224140.0,16.3,4.4,5.3,3.8,29.800000000000004
229767.0,17.2,5.7,5.3,2.5,30.7
188805.0,9.4,4.2,6.1,5.8,25.500000000000004
224180.0,20.9,2.7,3.0,4.8,31.4
298211.0,8.8,3.8,4.7,4.6,21.9
224191.0,17.1,5.9,5.5,6.7,35.2
297499.0,15.1,4.2,3.7,3.1,26.1
273255.0,8.8,1.3,4.2,4.7,19.0
224377.0,17.9,4.5,4.9,5.7,33.0
239004.0,16.3,4.9,4.5,4.4,30.1
224569.0,11.8,4.3,5.9,6.8,28.8
160118.0,22.5,7.5,6.9,4.5,41.4
222866.0,12.5,3.3,4.9,4.6,25.300000000000004
224608.0,17.7,3.6,4.3,5.2,30.8
221630.0,18.7,4.9,4.5,2.9,31.0
230499.0,10.6,3.1,5.0,4.5,23.2
224688.0,16.4,3.6,4.4,6.3,30.7
258799.0,15.2,4.0,3.8,3.1,26.1
203905.0,11.2,2.9,5.9,4.1,24.1
224905.0,15.5,5.5,5.5,4.8,31.3
205466.0,19.1,6.2,4.9,3.1,33.300000000000004
226258.0,10.8,2.5,5.2,4.4,22.9
224965.0,17.0,4.2,4.2,5.4,30.8
227946.0,17.9,4.6,4.0,3.1,29.6
249511.0,9.5,2.6,6.0,4.0,22.1
224977.0,15.3,4.2,4.3,4.5,28.3
216558.0,16.3,4.5,3.1,1.0,24.9
246261.0,10.0,3.3,5.3,5.5,24.1
225005.0,16.7,5.7,5.3,6.4,34.1
153997.0,23.4,6.9,5.0,4.7,40.0
226984.0,10.8,2.8,5.2,4.2,23.0
225064.0,17.6,3.7,4.0,5.3,30.6
209648.0,19.0,5.3,4.6,3.4,32.3
190926.0,11.7,2.8,5.4,5.9,25.8
225149.0,13.7,4.2,5.0,7.9,30.8
261107.0,16.6,2.9,3.5,2.6,25.6
268350.0,7.9,2.5,5.0,3.1,18.5
225234.0,14.4,4.8,5.3,4.5,29.0
223165.0,14.9,6.0,5.4,2.5,28.8
231736.0,12.5,4.0,5.4,5.7,27.6
225316.0,18.2,5.7,5.4,6.7,36.0
192125.0,19.6,6.1,5.8,5.3,36.8
220259.0,10.0,3.1,6.3,3.8,23.2
225469.0,17.0,3.4,4.5,5.5,30.4
219423.0,16.8,5.8,3.8,3.3,29.700000000000003
227530.0,9.8,2.7,4.6,2.9,20.0
225710.0,17.7,4.1,3.9,4.4,30.099999999999994
196301.0,14.2,7.3,5.8,1.5,28.8
210489.0,12.2,3.2,4.9,4.6,24.9
225823.0,16.0,4.4,4.3,6.3,31.0
302637.0,14.2,2.6,3.2,2.3,22.3
228474.0,11.4,2.8,4.8,3.7,22.7
225824.0,16.6,4.2,4.4,5.1,30.300000000000004
225168.0,18.5,4.9,4.4,2.7,30.5
222675.0,9.9,3.1,5.5,3.3,21.8
225841.0,15.8,4.3,4.9,3.6,28.6
220776.0,16.2,5.3,4.3,2.6,28.4
228769.0,8.3,1.2,6.0,4.1,19.6
226090.0,16.3,3.8,4.6,6.1,30.800000000000004
256272.0,16.1,4.5,4.2,3.5,28.3
223378.0,9.3,3.1,5.4,3.6,21.4
226265.0,15.2,4.6,4.7,4.0,28.5
221192.0,17.3,5.4,4.4,2.5,29.6
298138.0,9.7,3.1,4.4,4.8,22.0
226315.0,17.9,4.6,4.1,6.9,33.5
225722.0,18.7,5.3,4.5,4.1,32.6
236160.0,9.2,1.5,2.8,4.6,18.1
226379.0,19.7,2.8,2.6,5.9,31.0
198375.0,18.7,6.7,4.0,4.2,33.6
226207.0,11.1,3.2,4.8,3.7,22.8
226402.0,17.1,4.8,5.1,5.3,32.3
217848.0,19.4,6.0,4.4,1.5,31.3
243855.0,11.3,2.8,5.2,3.7,23.0
226447.0,18.5,3.8,4.1,4.9,31.3
223380.0,21.3,4.6,4.3,3.0,33.2
229608.0,10.3,2.9,4.5,4.6,22.300000000000004
294680.0,8.0,2.6,5.3,2.9,18.8
226669.0,16.3,4.0,4.5,4.8,29.6
217423.0,17.5,5.2,4.5,3.0,30.2
226547.0,10.1,2.8,5.2,3.1,21.2
226779.0,15.6,4.3,4.8,3.5,28.2
219922.0,17.4,5.5,4.8,2.3,30.0
202978.0,11.0,3.3,5.5,4.9,24.700000000000003
226815.0,16.7,3.6,3.9,5.5,29.7
292887.0,15.3,3.8,3.3,2.7,25.1
219796.0,13.0,3.0,5.8,5.4,27.200000000000003
226883.0,16.5,3.1,3.0,6.6,29.200000000000003
234289.0,13.8,5.0,4.6,1.7,25.1
214432.0,8.8,4.0,5.5,4.5,22.8
226892.0,15.0,4.4,5.8,4.7,29.9
209257.0,15.8,6.0,5.1,3.5,30.4
225167.0,10.6,2.8,4.8,4.9,23.1
226904.0,15.3,3.8,4.2,6.0,29.3
257084.0,15.2,3.7,4.0,3.1,26.0
256424.0,12.5,3.2,5.1,3.5,24.3
226948.0,13.8,5.5,6.8,3.0,29.1
263024.0,7.8,2.3,7.5,6.8,24.4
225581.0,11.1,3.2,4.8,4.8,23.9
226998.0,15.0,4.0,4.4,6.0,29.4
319951.0,12.2,2.3,3.2,2.6,20.3
228935.0,10.8,2.7,5.0,4.5,23.0
227071.0,17.0,3.9,4.2,5.2,30.3
223304.0,18.5,5.1,4.0,2.9,30.5
181916.0,9.4,4.4,6.9,5.7,26.4
227245.0,16.7,5.0,4.2,3.8,29.7
261781.0,15.9,4.3,3.9,3.1,27.2
298336.0,9.9,2.4,5.6,2.2,20.1
227348.0,17.5,4.0,4.7,5.0,31.2
223378.0,18.7,6.0,4.7,3.3,32.7
233686.0,11.7,2.7,4.5,4.3,23.2
227601.0,19.0,3.9,4.1,4.7,31.7
265059.0,18.3,3.9,3.3,2.5,28.0
248830.0,10.4,1.2,5.2,4.3,21.1
227766.0,17.2,4.6,5.0,6.3,33.099999999999994
214913.0,20.5,3.8,4.0,3.4,31.7
224378.0,9.6,3.0,5.2,3.7,21.5
227874.0,15.9,4.0,4.6,4.4,28.9
193310.0,20.0,5.5,4.9,3.2,33.6
233631.0,10.5,2.8,5.0,4.6,22.9
227899.0,17.9,3.9,4.3,4.2,30.3
223292.0,18.4,5.0,4.2,2.7,30.3
243736.0,9.8,3.3,4.8,4.0,21.9
227953.0,15.3,4.6,4.6,5.8,30.3
244893.0,15.1,4.2,4.9,2.8,27.000000000000004
289264.0,8.1,2.5,5.1,4.2,19.9
227980.0,16.5,4.6,4.8,3.9,29.8
214327.0,19.6,5.4,4.9,3.0,32.9
284141.0,9.2,1.2,4.5,3.1,18.0
228156.0,17.4,3.6,4.5,2.5,28.0
237099.0,13.1,3.8,4.0,3.8,24.7
210713.0,10.3,3.3,5.3,4.7,23.6
228176.0,15.8,3.5,4.2,5.2,28.7
249065.0,16.2,4.1,3.7,2.9,26.899999999999995
242675.0,7.5,8.2,5.2,1.8,22.7
228279.0,9.9,6.3,7.4,6.3,29.9
191892.0,18.3,6.8,5.5,1.0,31.6
172065.0,11.2,1.0,8.0,7.2,27.4
228445.0,9.0,6.8,3.0,4.0,22.8
193322.0,12.4,4.2,5.2,6.0,27.8
228545.0,15.3,4.4,4.8,6.9,31.40000000000001
273176.0,16.2,4.1,3.4,3.2,26.899999999999995
282153.0,10.0,2.6,4.6,4.2,21.4
228719.0,17.2,4.0,4.4,5.7,31.3
210778.0,17.0,5.4,4.5,4.2,31.1
246282.0,9.5,2.8,4.7,3.1,20.1
228771.0,15.1,4.5,4.8,5.4,29.800000000000004
236493.0,17.4,5.3,4.3,3.0,30.0
220859.0,10.1,3.1,5.3,5.0,23.5
228916.0,15.3,3.8,4.4,6.1,29.6
267185.0,14.7,3.5,3.8,3.2,25.2
217653.0,10.6,4.1,6.4,4.4,25.5
228976.0,15.7,5.7,5.1,2.2,28.7
220595.0,19.2,5.4,4.9,1.2,30.7
221915.0,10.9,3.2,4.9,5.5,24.5
230902.0,10.3,3.0,5.3,3.2,21.8
229438.0,16.0,4.4,5.1,5.0,30.5
222115.0,18.3,5.9,5.5,2.8,32.5
223824.0,10.7,3.1,5.0,5.5,24.3
229584.0,15.3,5.0,4.6,7.2,32.1
245776.0,16.8,4.1,4.4,4.5,29.8
298426.0,8.5,1.9,3.7,3.7,17.8
229623.0,15.8,4.2,4.3,5.6,29.9
255675.0,14.6,4.1,4.6,3.2,26.5
208191.0,12.5,3.5,5.3,5.5,26.8
229662.0,15.9,4.2,4.2,6.5,30.8
306022.0,12.0,3.1,3.4,2.9,21.4
229602.0,9.2,3.3,6.2,3.1,21.8
229674.0,16.6,4.5,4.9,2.7,28.7
225529.0,18.6,5.4,5.0,1.8,30.8
220198.0,10.9,3.2,4.8,3.4,22.3
229685.0,14.1,5.4,4.8,5.3,29.6
220085.0,14.3,4.9,4.4,3.0,26.6
208270.0,10.8,3.8,4.4,6.8,25.8
229711.0,18.0,4.0,3.5,6.0,31.5
231202.0,9.5,3.2,5.4,3.2,21.3
229907.0,16.0,4.3,5.0,3.7,29.0
212849.0,19.3,5.9,4.3,1.7,31.200000000000003
267180.0,10.3,2.4,4.4,4.9,22.0
229909.0,20.1,4.5,4.6,7.0,36.2
233757.0,9.5,3.1,5.8,4.6,23.0
229992.0,15.8,3.9,3.9,5.1,28.7
224166.0,18.3,5.0,4.2,2.4,29.9
291546.0,6.8,3.6,6.4,3.1,19.9
230208.0,9.3,3.8,6.4,5.3,24.8
229911.0,19.2,5.0,3.4,1.4,29.0
239521.0,10.6,2.5,4.7,5.0,22.8
230234.0,16.4,4.4,4.0,5.7,30.5
263357.0,15.8,3.7,3.7,2.8,26.0
248516.0,10.8,3.2,4.7,3.6,22.3
230421.0,13.0,4.5,5.5,4.3,27.3
195579.0,20.2,5.8,3.7,3.2,32.9
210963.0,9.2,3.0,5.1,5.0,22.3
230447.0,14.2,4.3,5.9,6.1,30.5
161803.0,23.8,6.9,4.1,2.8,37.6
198318.0,11.1,3.5,5.8,5.7,26.1
230535.0,16.2,4.1,4.7,6.6,31.599999999999994
262498.0,14.5,3.4,3.9,3.4,25.2
231988.0,10.9,1.2,4.5,3.5,20.1
230673.0,11.2,4.9,5.9,4.1,26.1
174838.0,18.9,5.9,5.9,3.2,33.9
297901.0,8.5,3.0,4.9,4.0,20.4
231153.0,16.5,4.2,3.7,5.8,30.2
275964.0,15.1,4.4,3.9,3.8,27.2
181891.0,15.1,5.0,7.6,7.2,34.900000000000006
231173.0,18.5,5.4,5.9,7.8,37.6
249949.0,19.7,6.2,5.2,4.9,36.0
294913.0,9.5,2.6,4.8,2.4,19.3
231246.0,16.2,4.5,4.8,4.7,30.2
219556.0,17.5,5.6,5.4,3.4,31.9
241576.0,10.8,2.9,4.8,5.4,23.9
231248.0,18.8,2.6,3.7,6.0,31.1
264972.0,16.0,3.0,3.8,4.4,27.200000000000003
243522.0,11.6,1.3,4.0,2.4,19.3
231261.0,16.2,2.7,3.8,4.9,27.6
191043.0,18.7,5.8,5.0,3.8,33.3
296586.0,7.5,2.6,4.4,5.8,20.3
231263.0,16.2,4.9,3.7,8.1,32.9
231272.0,13.4,3.9,4.3,5.1,26.700000000000003
228385.0,9.2,3.2,5.6,3.0,21.0
231610.0,15.1,4.0,4.7,3.6,27.4
224643.0,17.5,5.5,4.6,2.0,29.6
252510.0,11.5,1.5,4.2,2.5,19.7
231772.0,19.2,3.5,3.2,5.8,31.7
255805.0,17.8,4.1,5.5,2.1,29.5
231728.0,9.3,3.1,5.0,3.1,20.5
231866.0,16.1,4.7,4.8,2.7,28.3
222671.0,17.1,5.8,4.9,1.7,29.500000000000004
244096.0,9.9,2.7,4.1,4.9,21.6
232008.0,15.5,4.5,4.7,5.1,29.8
202580.0,17.7,4.5,4.3,3.3,29.8
243603.0,10.2,3.4,4.3,5.0,22.9
232067.0,16.0,3.6,4.2,6.0,29.8
295581.0,16.1,4.3,3.4,2.8,26.6
271149.0,9.6,2.1,1.4,5.2,18.3
232105.0,17.5,1.6,3.3,3.8,26.200000000000003
269365.0,12.9,1.6,5.8,1.9,22.2
197942.0,13.0,3.4,4.1,4.8,25.3
232226.0,15.1,4.3,3.8,7.3,30.5
243226.0,9.2,2.1,5.0,4.5,20.8
232583.0,14.4,4.0,5.1,4.2,27.7
224165.0,17.9,4.4,4.4,2.6,29.3
224522.0,9.4,3.3,5.4,3.4,21.5
232659.0,14.7,4.5,5.0,3.0,27.2
228323.0,17.3,5.7,4.4,1.7,29.1
244334.0,9.0,2.9,5.5,3.5,20.9
232663.0,14.2,4.4,5.0,4.7,28.3
252125.0,14.6,4.5,5.2,3.4,27.7
227768.0,9.1,1.8,5.1,3.9,19.9
233203.0,12.0,5.1,5.4,3.8,26.3
233206.0,16.6,3.5,4.3,2.6,27.000000000000004
291607.0,9.5,2.1,4.6,4.3,20.5
233376.0,17.3,3.9,4.5,4.4,30.1
191781.0,20.4,5.8,4.7,3.6,34.5
259388.0,11.8,1.3,3.6,3.3,20.000000000000004
233439.0,13.6,3.2,5.7,4.4,26.9
222721.0,18.0,5.4,5.3,3.5,32.2
231677.0,10.2,3.0,4.7,4.0,21.9
233525.0,17.0,5.8,5.4,4.0,32.2
230904.0,18.0,4.6,4.6,3.5,30.700000000000003
224548.0,9.4,2.9,6.1,3.8,22.2
233676.0,17.1,3.6,4.7,4.2,29.6
212344.0,16.6,4.3,5.2,2.8,28.9
232661.0,8.9,2.7,5.9,3.3,20.8
233810.0,16.1,4.3,4.5,2.9,27.8
224814.0,16.3,5.4,4.6,2.2,28.500000000000004
217054.0,10.7,1.9,4.7,6.0,23.3
233873.0,14.7,3.5,3.9,6.4,28.5
269837.0,12.6,3.5,4.3,3.9,24.3
294736.0,8.5,2.5,4.4,4.5,19.9
234066.0,15.4,5.0,3.9,6.2,30.5
220555.0,18.1,5.5,4.2,3.4,31.2
215725.0,11.6,3.0,5.4,4.4,24.4
234120.0,18.3,3.7,2.8,5.1,29.9
208760.0,11.3,6.4,6.6,5.5,29.800000000000004
231853.0,10.0,2.9,5.3,3.2,21.4
234429.0,15.8,4.4,4.8,3.2,28.200000000000003
227199.0,16.3,6.0,4.4,1.9,28.6
221904.0,10.0,4.0,4.5,7.3,25.8
234438.0,16.6,3.6,3.4,6.7,30.3
248599.0,19.6,3.9,3.2,5.3,32.0
247498.0,8.5,1.4,4.7,4.8,19.4
234731.0,19.6,1.6,2.4,4.2,27.8
180241.0,22.4,6.3,5.6,2.7,37.0
241339.0,9.0,2.9,5.3,4.2,21.4
234839.0,17.8,3.4,4.4,5.2,30.8
232199.0,10.8,3.3,6.0,3.9,24.0
235321.0,15.9,4.2,4.9,4.3,29.3
245914.0,15.7,4.9,4.0,2.8,27.4
227428.0,10.8,2.9,5.8,6.1,25.6
235472.0,15.8,4.2,4.1,7.2,31.3
297168.0,12.3,2.9,3.7,3.6,22.500000000000004
219657.0,8.6,3.8,6.1,5.1,23.6
235564.0,16.0,4.2,4.4,6.3,30.9
217951.0,9.8,5.1,6.8,4.4,26.1
235667.0,13.4,4.9,5.3,4.7,28.3
249993.0,15.7,6.0,4.4,2.6,28.700000000000003
236124.0,10.9,3.4,5.4,0.5,20.200000000000003
235864.0,16.4,3.3,3.1,6.3,29.1
228507.0,20.0,2.9,0.9,2.9,26.7
236019.0,12.1,4.9,4.6,6.1,27.700000000000003
236713.0,9.9,2.5,4.9,4.4,21.700000000000003
236176.0,16.3,3.6,3.7,5.1,28.700000000000003
240533.0,17.2,5.0,3.6,2.8,28.6
247729.0,11.4,3.0,5.0,4.9,24.3
236279.0,17.3,4.3,4.4,5.9,31.9
248417.0,19.0,5.1,4.2,3.5,31.8
233314.0,12.0,4.1,5.6,3.3,25.000000000000004
236308.0,15.2,4.9,5.9,6.7,32.7
194694.0,21.7,4.9,4.8,2.4,33.800000000000004
335400.0,6.6,2.6,5.2,3.4,17.799999999999997
236507.0,14.2,4.3,5.3,5.8,29.6
163853.0,21.9,6.4,6.5,4.7,39.5
236843.0,9.5,2.9,5.8,3.1,21.3
236538.0,15.3,4.7,5.2,3.4,28.6
230632.0,16.9,5.5,4.8,2.0,29.2
220648.0,8.0,3.2,7.0,3.4,21.6
236585.0,19.1,2.9,3.2,4.5,29.7
219045.0,16.8,5.8,3.9,2.3,28.8
229453.0,10.5,3.2,5.0,4.6,23.3
236598.0,15.7,4.3,4.4,5.5,29.9
234567.0,18.4,4.7,4.6,2.9,30.599999999999994
176996.0,13.5,6.0,3.1,3.9,26.5
221785.0,9.3,2.9,5.5,5.2,22.9
211803.0,11.4,2.9,5.1,4.6,24.0
236711.0,16.4,3.9,3.5,5.6,29.4
258779.0,15.7,4.5,3.9,2.8,26.9
264429.0,11.1,2.4,4.4,3.8,21.7
236999.0,16.9,4.5,5.0,5.3,31.7
244338.0,8.7,3.4,5.2,4.4,21.700000000000003
237042.0,18.7,3.6,4.3,4.9,31.5
223414.0,16.8,4.7,3.8,3.1,28.4
199671.0,12.0,4.0,5.3,5.1,26.4
237159.0,13.5,4.7,4.7,4.8,27.7
274295.0,13.2,4.9,4.0,2.5,24.6
221645.0,9.4,3.2,6.0,4.8,23.4
237198.0,14.4,4.2,4.4,5.5,28.5
242128.0,15.7,4.7,4.0,3.2,27.6
197825.0,12.2,3.1,5.6,5.6,26.5
237203.0,16.2,3.3,4.1,6.2,29.8
304206.0,14.8,3.5,3.1,2.8,24.200000000000003
289105.0,9.3,2.7,5.0,3.8,20.8
237251.0,16.0,4.7,5.0,4.4,30.1
259851.0,17.4,5.4,4.5,3.2,30.5
234318.0,10.6,3.8,4.9,2.2,21.5
237435.0,14.4,2.7,4.6,3.9,25.6
185914.0,19.8,6.1,3.8,3.5,33.2
232437.0,8.9,3.3,5.8,3.3,21.3
237520.0,15.4,4.6,4.7,3.7,28.4
229118.0,16.8,4.9,4.6,2.4,28.700000000000003
229551.0,10.4,2.6,4.6,4.8,22.4
237609.0,14.7,3.9,3.5,6.1,28.2
271742.0,14.8,3.6,3.4,3.1,24.9
233779.0,9.3,3.0,5.3,3.0,20.6
237804.0,14.9,3.9,4.5,3.7,27.0
228796.0,16.7,5.6,4.2,2.1,28.6
263259.0,9.6,2.1,4.2,4.0,19.9
237835.0,16.1,3.7,3.8,6.0,29.6
248378.0,17.2,4.5,3.9,3.2,28.8
228065.0,10.2,4.9,3.7,3.2,22.0
237840.0,17.8,3.6,2.9,6.9,31.200000000000003
213741.0,15.3,5.2,5.8,2.7,29.0
259215.0,11.7,2.3,4.0,3.8,21.8
237909.0,17.7,3.2,3.5,4.4,28.8
273256.0,16.6,3.3,3.3,2.0,25.200000000000003
249410.0,8.9,2.1,4.7,4.8,20.5
237918.0,16.2,3.3,3.8,5.9,29.200000000000003
261546.0,16.4,3.5,3.2,2.9,26.0
297970.0,6.1,3.0,4.5,6.1,19.7
237926.0,14.8,5.2,4.1,7.1,31.200000000000003
246813.0,18.0,3.7,4.1,3.5,29.3
297712.0,9.0,2.5,4.3,3.7,19.5
237949.0,15.5,4.3,5.1,5.8,30.7
286952.0,16.4,3.9,4.2,2.5,27.0
239181.0,8.5,3.2,5.8,3.0,20.5
238362.0,16.0,4.8,4.4,2.9,28.1
275935.0,7.4,2.9,5.3,3.6,19.200000000000003
238491.0,18.3,3.9,4.3,3.3,29.8
185371.0,21.7,7.0,5.0,3.0,36.7
241204.0,8.7,2.0,5.0,3.8,19.5
238503.0,17.9,3.7,5.0,3.3,29.9
239017.0,18.3,5.4,4.0,1.6,29.300000000000004
235337.0,7.8,2.2,6.7,4.0,20.7
238631.0,17.4,3.8,3.3,5.6,30.1
205483.0,24.0,3.3,3.1,2.9,33.300000000000004
297329.0,8.1,3.1,5.5,3.9,20.6
238659.0,15.2,4.2,4.7,5.3,29.4
228469.0,17.1,5.9,4.6,3.8,31.4
228037.0,11.3,3.0,5.2,5.2,24.7
238682.0,16.4,3.5,4.6,5.8,30.3
234956.0,16.6,4.4,4.4,3.4,28.8
247247.0,7.4,3.4,7.0,3.4,21.2
229888.0,9.9,3.1,5.4,4.3,22.7
239257.0,15.9,3.6,4.0,4.3,27.8
297518.0,13.1,4.4,3.4,2.5,23.4
232993.0,10.6,3.0,4.9,4.9,23.4
239273.0,14.7,3.5,4.1,6.0,28.3
270170.0,14.2,3.6,4.3,2.8,24.9
229265.0,9.8,2.7,5.6,3.0,21.1
239280.0,15.5,3.1,5.0,2.2,25.8
234453.0,17.1,4.2,5.1,2.9,29.3
241076.0,10.2,2.3,5.2,2.9,20.6
239348.0,16.3,3.8,3.5,4.3,27.9
225920.0,7.3,3.2,6.2,5.1,21.8
239520.0,15.1,4.0,5.8,2.3,27.200000000000003
208527.0,18.3,5.6,5.2,1.4,30.5
205666.0,9.5,0.8,5.5,4.5,20.3
239523.0,19.3,3.5,3.1,6.9,32.800000000000004
238410.0,9.5,2.6,5.0,4.7,21.8
239637.0,16.5,3.3,3.7,5.7,29.2
261105.0,15.6,3.9,3.9,2.8,26.2
242789.0,10.5,3.2,4.1,3.8,21.6
239645.0,17.9,4.3,2.3,4.0,28.5
254676.0,15.6,4.0,4.7,2.8,27.1
274734.0,11.4,2.0,3.4,2.3,19.1
239673.0,18.1,3.6,3.6,4.7,30.000000000000004
247065.0,18.4,4.3,3.1,2.0,27.8
229580.0,10.6,3.8,6.2,3.8,24.4
239680.0,12.5,5.1,4.8,3.9,26.3
232628.0,14.5,5.1,3.8,3.1,26.500000000000004
218076.0,10.2,2.4,5.2,4.9,22.700000000000003
239789.0,15.8,3.6,3.7,6.0,29.1
264809.0,14.9,3.1,3.6,2.7,24.3
238678.0,9.2,2.9,5.3,2.1,19.5
239957.0,15.5,4.6,4.5,2.8,27.4
244541.0,10.3,3.0,5.9,4.3,23.500000000000004
240148.0,15.0,4.4,5.7,5.2,30.3
242410.0,17.8,4.7,4.4,3.0,29.9
230628.0,8.7,3.2,6.1,4.5,22.5
240157.0,15.0,3.6,4.6,4.1,27.300000000000004
205916.0,17.7,5.3,5.3,3.2,31.5
241346.0,9.1,2.8,6.3,2.8,21.0
240227.0,15.9,4.6,5.3,3.0,28.8
225402.0,18.3,5.4,4.4,2.2,30.3
218594.0,10.6,4.2,5.4,4.2,24.4
240276.0,15.4,4.8,4.3,3.8,28.3
293351.0,11.8,4.7,3.8,2.4,22.7
297789.0,9.1,2.3,4.1,3.6,19.1
240317.0,17.9,3.2,4.1,5.0,30.2
273557.0,15.9,3.3,3.8,3.2,26.2
247604.0,7.9,2.5,6.4,3.7,20.5
240698.0,14.4,3.7,5.1,5.1,28.300000000000004
245588.0,15.3,4.2,5.3,2.5,27.3
253730.0,11.0,2.5,3.9,3.4,20.8
240747.0,17.5,3.5,4.1,4.5,29.6
270158.0,17.1,3.6,3.3,2.2,26.200000000000003
248670.0,11.1,2.4,4.7,3.2,21.4
240834.0,17.1,4.1,4.6,4.1,29.90000000000001
229032.0,20.3,4.9,4.3,3.3,32.800000000000004
249252.0,9.5,2.7,4.7,4.6,21.5
240899.0,16.3,3.5,4.2,5.0,29.0
267368.0,14.8,3.6,3.3,2.9,24.6
249588.0,8.2,2.5,5.8,3.2,19.7
240938.0,15.3,4.0,4.4,3.3,27.000000000000004
229760.0,16.3,5.2,4.5,2.3,28.3
247588.0,9.7,2.8,5.4,3.6,21.5
240940.0,15.7,4.0,4.1,4.5,28.3
244417.0,16.8,4.8,3.7,2.9,28.2
404378.0,7.5,3.4,6.0,4.7,21.6
241237.0,17.6,6.6,6.2,7.3,37.7
184343.0,20.9,6.8,6.2,4.9,38.8
228928.0,8.6,3.9,7.4,2.6,22.5
241281.0,14.2,4.3,5.0,4.8,28.3
235013.0,15.8,3.5,3.7,3.0,26.0
239274.0,10.1,3.3,5.3,4.7,23.4
241353.0,17.3,4.3,5.0,5.7,32.300000000000004
236639.0,17.5,5.5,3.9,4.2,31.1
290024.0,8.3,1.6,1.6,6.3,17.8
241498.0,16.5,3.8,3.7,6.4,30.4
193775.0,16.1,4.7,4.7,4.6,30.1
243135.0,11.8,1.6,3.8,3.3,20.5
241607.0,13.6,3.3,5.9,5.3,28.1
236861.0,8.4,3.0,5.7,3.2,20.3
241658.0,16.0,3.8,4.5,3.4,27.7
231041.0,16.3,5.2,4.2,2.2,27.9
286919.0,9.6,2.0,5.1,3.0,19.7
241918.0,17.0,4.7,5.0,4.1,30.8
236159.0,17.7,5.3,4.5,2.7,30.2
205264.0,10.7,3.1,6.9,4.4,25.1
241986.0,17.1,4.3,4.8,5.1,31.300000000000004
242555.0,8.8,2.9,5.0,3.6,20.300000000000004
241998.0,15.2,3.7,4.9,3.1,26.9
221470.0,17.3,6.0,4.7,2.0,30.0
296343.0,9.1,2.2,4.3,3.2,18.8
242135.0,16.5,4.0,4.8,4.4,29.700000000000003
228199.0,18.8,5.3,4.4,2.6,31.1
284768.0,10.6,2.0,4.5,2.7,19.8
242222.0,19.4,3.5,3.9,4.4,31.2
273433.0,19.5,3.6,3.5,2.4,29.0
284926.0,7.5,1.2,7.1,4.1,19.9
242233.0,15.5,4.8,4.2,6.9,31.4
223666.0,8.2,2.2,1.8,5.8,18.0
242426.0,13.0,3.3,3.9,6.6,26.8
215611.0,11.6,3.2,4.9,4.8,24.500000000000004
242431.0,15.5,4.0,4.6,5.3,29.4
279649.0,14.6,3.4,3.4,3.0,24.4
243780.0,9.7,2.2,4.5,4.3,20.7
242465.0,15.3,3.0,3.9,5.8,28.0
285826.0,16.1,3.7,4.0,2.3,26.1
282501.0,8.5,2.7,5.6,4.7,21.5
242472.0,16.7,4.0,3.8,6.4,30.9
211431.0,18.6,6.3,4.5,4.2,33.6
238916.0,10.1,2.1,6.7,4.0,22.9
242702.0,15.3,3.4,3.3,4.9,26.9
239599.0,18.6,4.7,3.3,2.5,29.1
358674.0,8.3,2.9,4.5,3.6,19.3
242745.0,15.7,4.0,4.5,4.8,29.0
254961.0,16.5,5.1,4.3,2.8,28.700000000000003
253160.0,9.8,2.2,5.4,3.6,21.0
242755.0,16.3,3.2,3.6,4.4,27.5
290529.0,13.8,4.3,3.8,2.8,24.700000000000003
283680.0,9.4,2.8,4.6,4.0,20.8
242792.0,17.2,4.3,4.5,6.3,32.3
247357.0,18.1,4.6,4.3,3.4,30.4
254933.0,9.2,3.0,5.4,3.5,21.1
242799.0,15.1,4.0,4.9,3.1,27.1
274609.0,15.7,5.0,4.3,1.8,26.8
206557.0,10.4,3.2,5.6,4.6,23.800000000000004
243036.0,15.5,3.7,4.3,5.1,28.6
243649.0,8.6,2.7,5.4,2.8,19.500000000000004
243221.0,15.4,3.6,4.9,3.3,27.2
229209.0,15.7,4.9,4.8,2.3,27.700000000000003
230793.0,8.8,2.8,4.0,4.4,20.0
243323.0,14.1,2.3,4.0,4.2,24.6
297250.0,8.3,2.6,4.1,4.7,19.7
243635.0,13.4,3.8,4.1,6.3,27.6
272214.0,16.8,4.5,2.6,2.0,25.9
95823.0,19.2,6.7,8.1,10.0,44.0
243820.0,24.6,7.7,6.6,9.5,48.400000000000006
52897.0,33.9,9.7,8.9,9.7,62.19999999999999
236908.0,10.7,4.5,5.5,2.6,23.3
243830.0,14.7,4.0,5.8,2.5,27.0
238540.0,18.8,4.6,5.0,1.5,29.9
290976.0,10.1,2.6,4.3,4.8,21.8
243874.0,16.0,4.6,4.3,7.0,31.9
199552.0,20.8,5.6,5.1,4.7,36.2
258752.0,6.4,3.6,7.4,3.2,20.6
243959.0,11.3,5.2,4.8,5.6,26.9
174124.0,18.4,7.6,6.4,1.6,34.0
223384.0,10.3,3.1,5.3,3.9,22.6
243997.0,17.1,4.1,4.5,4.7,30.4
203411.0,20.4,5.5,4.7,2.8,33.4
299284.0,8.4,2.5,5.5,2.8,19.2
244127.0,16.8,4.2,4.4,4.8,30.2
228676.0,17.9,5.0,4.7,3.4,31.0
249284.0,11.1,2.2,3.6,3.7,20.6
244204.0,15.0,5.0,5.2,5.0,30.2
238221.0,18.5,5.3,3.7,2.8,30.3
239267.0,11.5,2.3,4.8,1.9,20.5
244398.0,16.2,3.4,5.6,2.2,27.399999999999995
240375.0,9.7,2.3,5.2,2.9,20.1
244637.0,15.9,3.5,4.3,3.7,27.4
231748.0,16.4,5.1,4.7,2.2,28.4
197649.0,10.9,3.7,5.6,6.4,26.6
244640.0,16.8,3.7,4.1,6.9,31.5
289781.0,14.1,3.4,3.6,2.8,23.9
243428.0,8.9,2.7,5.4,3.3,20.3
244913.0,14.8,4.0,4.5,3.8,27.1
235793.0,16.5,4.5,4.2,2.3,27.5
247343.0,8.5,3.1,5.9,2.9,20.4
245279.0,15.7,4.2,4.8,2.6,27.3
233630.0,17.1,5.8,4.6,2.0,29.5
228685.0,9.9,2.6,5.3,3.4,21.2
245410.0,14.5,4.0,4.7,4.5,27.7
252990.0,15.6,4.4,4.1,2.1,26.200000000000003
286847.0,11.5,3.3,5.4,5.8,26.000000000000004
245498.0,13.9,4.4,4.2,6.5,29.0
238939.0,9.7,2.2,4.9,4.9,21.7
245509.0,15.4,3.9,3.6,6.4,29.300000000000004
272330.0,15.7,5.0,4.4,3.4,28.5
241723.0,9.1,2.9,4.8,4.2,21.0
245637.0,16.2,4.2,4.8,3.9,29.1
239934.0,9.8,2.8,5.4,4.3,22.3
245776.0,15.3,4.4,4.2,4.6,28.5
241302.0,17.4,4.3,3.9,2.8,28.4
222843.0,10.3,2.5,3.9,5.2,21.9
245837.0,14.3,4.5,4.7,4.7,28.2
264644.0,17.9,5.1,3.1,2.6,28.700000000000003
237834.0,9.4,3.4,4.4,3.4,20.6
246043.0,17.2,2.0,2.9,5.2,27.3
245933.0,12.6,4.5,3.2,3.0,23.3
237879.0,10.0,2.8,4.5,4.1,21.4
246084.0,15.1,3.2,4.1,5.7,28.1
292393.0,15.2,3.3,4.0,3.1,25.6
244058.0,10.5,2.9,4.8,3.7,21.9
246549.0,16.4,2.0,4.0,3.8,26.2
246253.0,17.3,6.3,3.8,2.5,29.9
282914.0,10.1,2.9,5.1,5.5,23.6
247190.0,14.3,3.6,4.2,7.1,29.200000000000003
288343.0,13.5,2.8,2.8,3.0,22.1
299207.0,8.9,2.6,4.4,4.5,20.4
247243.0,16.3,4.7,4.0,5.3,30.3
231784.0,16.5,4.6,5.4,3.5,30.0
245249.0,10.7,3.4,4.6,5.9,24.6
247368.0,16.6,3.9,3.8,6.7,31.0
286657.0,15.5,4.1,3.2,3.7,26.5
296926.0,9.3,1.9,4.4,3.9,19.5
247390.0,17.2,3.0,3.4,6.2,29.8
265703.0,15.6,4.2,3.6,2.7,26.1
247452.0,13.1,2.0,6.1,5.5,26.7
223023.0,11.5,3.0,4.3,4.0,22.8
247547.0,14.2,3.1,4.0,6.2,27.5
297334.0,7.7,2.1,5.8,2.9,18.5
248061.0,13.6,3.8,5.2,4.2,26.8
257103.0,13.9,4.9,5.4,2.9,27.1
249928.0,11.8,2.5,4.3,3.9,22.5
248209.0,17.1,4.3,4.1,4.3,29.8
279491.0,17.1,4.0,3.0,2.1,26.200000000000003
245671.0,8.0,3.0,5.7,2.8,19.5
248308.0,14.8,4.0,4.7,3.1,26.6
236312.0,16.2,5.1,4.4,2.2,27.899999999999995
266676.0,7.5,1.0,7.0,4.8,20.3
248328.0,13.6,5.3,3.9,5.7,28.5
269426.0,11.0,5.4,3.3,5.4,25.1
246393.0,8.7,2.8,5.0,3.3,19.8
248413.0,15.2,4.0,4.5,2.6,26.3
234872.0,17.0,5.0,4.5,1.9,28.4
298000.0,9.6,2.6,3.9,4.6,20.7
248422.0,15.4,3.3,4.1,5.7,28.5
245733.0,15.9,4.6,3.9,2.9,27.3
245300.0,8.4,3.0,5.8,3.2,20.4
248529.0,13.8,4.1,5.1,3.5,26.5
238074.0,15.3,5.5,4.5,2.1,27.4
228420.0,11.6,2.5,4.4,5.0,23.5
248700.0,17.9,2.7,2.9,5.1,28.599999999999994
278021.0,14.6,3.0,5.0,3.0,25.6
168726.0,11.0,1.0,4.5,6.0,22.5
248794.0,16.0,3.3,2.6,5.3,27.200000000000003
243622.0,9.8,2.9,5.3,3.9,21.9
248822.0,14.8,3.7,5.1,4.7,28.3
218446.0,17.5,5.3,4.7,3.0,30.5
237754.0,9.9,1.9,5.0,3.9,20.7
248826.0,14.5,3.1,4.6,3.8,26.000000000000004
266103.0,16.5,5.4,3.9,1.9,27.7
299426.0,7.7,2.4,5.0,4.0,19.1
248980.0,14.5,4.6,5.9,3.8,28.8
242756.0,16.1,5.4,4.0,2.7,28.2
267744.0,8.7,2.4,4.3,4.3,19.7
249038.0,15.0,4.7,3.4,6.1,29.2
269979.0,15.1,3.5,3.6,3.7,25.9
264509.0,9.0,2.5,5.2,3.2,19.9
249112.0,15.2,4.1,4.5,4.8,28.6
242919.0,15.8,4.5,4.7,2.3,27.3
291863.0,9.0,3.9,5.8,2.8,21.5
249281.0,16.5,4.3,4.7,3.8,29.3
243950.0,19.2,4.9,4.8,1.9,30.8
230634.0,11.0,1.4,5.0,5.1,22.5
249640.0,16.6,5.9,4.4,2.6,29.5
245524.0,11.1,3.1,3.9,4.7,22.8
249666.0,14.9,3.6,4.4,5.0,27.9
266360.0,16.0,3.4,3.3,2.9,25.6
243823.0,10.2,2.5,3.7,5.0,21.4
249677.0,15.4,3.0,4.1,6.1,28.6
295272.0,12.8,2.8,4.3,2.9,22.8
235526.0,8.8,3.4,6.1,4.3,22.6
249816.0,15.6,4.9,4.6,4.3,29.4
244766.0,15.7,5.5,4.5,2.9,28.6
296222.0,9.2,2.8,5.3,4.1,21.4
249830.0,16.4,4.0,3.9,5.2,29.5
252216.0,16.1,5.4,4.0,3.5,29.0
206133.0,12.5,0.5,3.5,0.8,17.3
249922.0,14.4,4.1,4.3,3.1,25.9
249864.0,9.8,2.4,4.5,3.5,20.200000000000003
249817.0,16.1,3.1,3.5,4.5,27.200000000000003
245461.0,16.8,4.4,3.7,2.8,27.700000000000003
299677.0,8.3,1.8,4.6,3.4,18.1
250043.0,15.9,4.0,4.2,5.1,29.2
285761.0,16.0,4.2,3.7,2.3,26.2
250175.0,8.6,1.8,5.6,3.4,19.4
250055.0,14.1,3.5,4.2,5.9,27.700000000000003
198735.0,18.4,6.3,4.7,2.5,31.9
285276.0,8.0,2.0,3.0,4.8,17.8
250066.0,16.6,4.7,4.4,6.1,31.800000000000004
214420.0,10.3,2.8,6.3,5.5,24.9
250153.0,13.9,3.3,4.4,5.4,27.0
259899.0,15.9,3.7,3.9,4.7,28.2
270905.0,10.1,2.6,4.5,4.3,21.5
250260.0,17.3,3.6,3.8,4.1,28.800000000000004
278559.0,16.9,3.8,3.6,1.9,26.2
248216.0,8.8,2.8,5.2,2.9,19.7
250374.0,14.6,3.8,4.6,2.6,25.6
237495.0,16.5,5.0,4.6,1.8,27.9
265414.0,10.4,2.1,2.1,7.9,22.5
250378.0,12.3,2.1,4.0,4.3,22.7
257712.0,10.4,2.4,3.1,1.0,16.9
250485.0,15.7,3.1,4.5,1.2,24.5
254362.0,17.1,4.6,3.6,1.2,26.500000000000004
270244.0,7.8,0.8,4.9,5.9,19.4
250493.0,14.4,3.4,3.8,5.3,26.9
226941.0,14.9,4.9,4.2,6.9,30.9
298046.0,9.1,2.7,4.7,4.3,20.8
250623.0,15.2,4.5,4.2,5.3,29.2
265461.0,16.8,4.5,4.6,3.3,29.2
218096.0,9.6,3.8,5.7,5.1,24.2
250798.0,13.9,4.0,3.5,5.3,26.7
296671.0,12.0,3.4,3.6,2.8,21.8
281118.0,10.3,3.5,6.0,4.6,24.4
250849.0,19.1,5.4,5.7,6.0,36.2
261988.0,8.6,2.4,5.2,3.3,19.5
251143.0,14.6,3.5,4.4,4.7,27.2
236929.0,16.2,5.0,4.4,2.6,28.200000000000003
231895.0,8.7,3.0,5.8,5.0,22.5
251393.0,14.1,5.7,4.9,3.6,28.300000000000004
286418.0,13.8,4.8,3.6,1.6,23.800000000000004
250480.0,8.6,3.2,5.5,2.0,19.3
251398.0,15.8,4.2,4.7,2.1,26.8
237699.0,16.2,5.6,4.3,1.7,27.8
250815.0,7.5,3.3,5.6,2.3,18.7
251564.0,14.3,4.6,5.1,2.2,26.2
238669.0,15.1,5.6,4.9,2.3,27.9
244991.0,9.8,2.2,4.5,4.3,20.8
251739.0,15.0,3.4,4.7,5.9,29.0
292205.0,13.4,3.3,3.6,2.9,23.2
288524.0,9.2,2.2,3.4,4.5,19.3
251981.0,15.4,3.7,2.8,5.3,27.200000000000003
253547.0,9.6,1.6,3.9,3.2,18.3
252320.0,17.1,3.6,4.6,3.1,28.40000000000001
208657.0,16.4,6.6,5.0,1.5,29.5
243087.0,9.1,1.5,6.7,2.9,20.2
252350.0,13.7,3.8,5.2,4.4,27.1
215458.0,14.4,5.6,5.3,3.3,28.6
276628.0,8.5,2.1,4.8,3.2,18.6
252458.0,14.8,3.8,4.4,4.5,27.5
259742.0,14.2,5.2,4.5,2.3,26.2
238489.0,8.8,2.8,5.2,5.0,21.8
252483.0,15.4,4.2,4.2,5.4,29.200000000000003
297914.0,14.3,3.4,3.9,2.7,24.3
236785.0,13.4,2.8,4.2,3.3,23.7
252640.0,16.6,3.4,4.1,4.0,28.1
234336.0,16.9,3.7,3.7,2.1,26.4
111308.0,18.4,6.3,7.7,9.0,41.4
279747.0,10.4,2.4,4.4,5.5,22.700000000000003
252747.0,15.3,4.2,4.8,6.1,30.4
281407.0,15.6,4.1,3.8,3.6,27.1
293987.0,10.2,2.5,4.3,3.6,20.6
252839.0,14.9,4.3,4.8,5.7,29.7
249786.0,12.2,1.9,4.6,3.5,22.2
252859.0,12.4,4.3,4.4,7.4,28.5
255895.0,15.6,2.9,4.4,2.7,25.6
253797.0,8.1,3.4,4.7,3.6,19.8
252989.0,13.8,5.2,5.1,4.4,28.5
265229.0,19.4,4.1,3.4,2.6,29.5
231826.0,11.0,2.7,4.4,5.5,23.6
253064.0,15.0,3.1,3.8,4.8,26.700000000000003
272405.0,14.0,3.3,4.1,2.6,24.0
220315.0,8.8,2.1,5.0,3.8,19.7
253125.0,13.8,3.9,2.8,5.0,25.5
294592.0,8.6,1.1,5.1,1.6,16.4
253225.0,15.6,3.3,4.0,1.5,24.4
259348.0,21.3,3.4,4.9,0.5,30.1
253897.0,9.5,2.4,4.8,3.7,20.4
253603.0,16.2,3.1,4.6,3.0,26.9
240148.0,17.1,4.6,4.4,3.2,29.3
244348.0,8.8,5.1,4.7,4.2,22.8
253742.0,13.8,4.8,5.8,5.4,29.800000000000004
274785.0,14.4,1.8,3.9,1.8,21.9
254281.0,10.9,2.1,5.0,4.7,22.7
253921.0,16.5,3.8,4.4,6.0,30.700000000000003
269078.0,15.6,4.9,2.7,3.6,26.8
298350.0,7.6,2.2,4.3,3.0,17.1
253927.0,16.4,4.5,4.1,4.4,29.4
243586.0,17.8,4.1,4.3,3.2,29.4
252644.0,9.6,2.3,4.7,3.5,20.1
254053.0,14.1,3.4,4.3,4.5,26.3
285790.0,13.7,4.0,4.2,2.1,24.0
248968.0,9.4,2.3,3.9,4.5,20.1
254111.0,15.4,3.8,4.2,5.4,28.8
291260.0,13.3,3.7,3.8,3.3,24.1
299023.0,8.9,2.8,4.7,4.1,20.5
254169.0,16.8,5.1,4.8,5.7,32.4
174605.0,22.0,6.5,5.7,4.3,38.5
263438.0,8.9,2.3,4.8,2.9,18.9
254241.0,16.0,3.9,4.2,4.5,28.6
238768.0,16.7,4.6,4.3,2.2,27.8
160357.0,11.2,4.5,7.8,3.5,27.0
254416.0,16.1,4.9,3.9,9.1,34.0
129947.0,16.3,9.8,9.8,9.5,45.400000000000006
265958.0,9.9,2.8,5.4,4.8,22.9
254518.0,14.9,3.3,4.4,6.2,28.8
281180.0,10.9,2.7,4.5,3.0,21.1
229957.0,9.7,3.1,4.9,6.0,23.7
254536.0,14.8,3.1,3.9,6.2,28.0
301383.0,12.9,3.0,3.1,3.6,22.6
230643.0,10.7,3.0,4.9,4.3,22.9
254573.0,14.1,4.5,4.6,4.3,27.500000000000004
283375.0,8.9,3.0,5.9,7.3,25.1
254706.0,16.3,3.1,3.8,5.8,29.000000000000004
251507.0,17.4,4.0,3.9,3.4,28.7
215754.0,14.2,3.0,4.8,2.0,24.0
254756.0,16.8,3.0,3.9,4.9,28.6
155272.0,21.4,7.1,6.3,4.4,39.2
229767.0,15.6,4.4,6.7,7.6,34.3
255210.0,19.8,6.2,4.9,6.8,37.7
447063.0,11.0,2.9,3.4,2.6,19.9
240878.0,8.6,3.0,5.7,3.6,20.9
255400.0,13.9,3.7,4.1,4.2,25.9
268179.0,13.3,4.1,3.9,2.8,24.1
220235.0,10.0,3.1,4.6,4.5,22.2
255401.0,13.8,2.2,4.4,4.4,24.8
245416.0,13.5,5.3,6.0,0.7,25.5
256071.0,7.9,3.5,5.2,4.5,21.1
255535.0,12.3,5.6,4.9,4.8,27.6
201714.0,22.7,4.6,4.9,0.8,32.99999999999999
215938.0,10.3,2.7,4.9,5.5,23.4
255553.0,15.1,3.5,4.0,3.9,26.5
288618.0,12.0,3.2,3.7,2.7,21.6
251205.0,11.8,1.8,5.0,3.4,22.0
255608.0,16.2,2.7,3.6,3.3,25.8
264456.0,6.4,3.6,6.0,3.2,19.2
255671.0,12.7,4.6,5.3,4.1,26.7
228973.0,13.8,4.9,2.2,4.0,24.9
243728.0,10.8,2.7,4.9,5.4,23.8
255787.0,15.3,3.5,3.9,6.2,28.9
268406.0,15.8,3.4,4.1,3.5,26.8
294867.0,11.0,1.5,4.1,3.8,20.4
255864.0,15.5,4.1,4.8,4.0,28.4
243179.0,16.4,5.4,4.6,2.6,29.0
307234.0,6.8,2.1,4.5,3.7,17.1
256193.0,14.1,1.5,3.5,5.9,25.0
271220.0,13.7,3.2,5.0,3.6,25.5
188023.0,12.3,3.1,5.6,4.7,25.7
256234.0,18.8,5.5,4.2,6.0,34.5
205445.0,21.4,4.8,5.2,3.8,35.2
256370.0,14.5,4.3,4.1,5.7,28.6
206763.0,16.2,5.4,3.4,4.1,29.1
298789.0,7.6,2.5,5.0,3.5,18.6
256751.0,13.7,4.3,4.2,2.9,25.1
250886.0,14.6,5.1,5.0,2.0,26.7
231151.0,10.8,3.2,5.8,4.2,24.0
256753.0,15.6,4.2,4.5,4.1,28.4
210297.0,20.0,5.5,4.7,2.9,33.1
297946.0,9.5,2.6,5.0,3.8,20.9
256845.0,14.2,4.0,4.8,5.4,28.4
292960.0,7.6,2.5,4.5,3.9,18.5
257324.0,14.8,4.1,4.1,4.4,27.4
274651.0,14.1,4.3,4.1,2.3,24.8
253780.0,9.5,3.5,4.7,4.7,22.4
257984.0,17.8,3.9,4.0,5.7,31.4
253156.0,17.2,3.8,4.1,3.8,28.9
251364.0,6.2,1.8,7.9,4.1,20.0
257989.0,12.8,4.3,4.3,6.8,28.200000000000003
259404.0,8.8,2.4,4.5,5.5,21.200000000000003
258011.0,16.4,3.9,3.5,5.8,29.6
296510.0,14.0,3.6,3.6,3.2,24.4
205633.0,13.7,3.2,5.4,4.1,26.4
252895.0,9.3,2.7,5.9,4.3,22.2
258311.0,14.7,3.9,4.6,3.7,26.899999999999995
232419.0,16.1,5.5,4.8,3.0,29.4
275730.0,8.6,3.5,4.2,1.8,18.1
258400.0,14.0,4.6,3.3,5.2,27.1
252573.0,19.9,3.8,2.0,1.5,27.2
258426.0,11.3,2.5,3.8,3.0,20.6
237664.0,10.3,2.7,4.5,4.6,22.1
258427.0,14.8,3.0,4.1,5.0,26.9
283046.0,14.5,4.1,3.5,2.6,24.700000000000003
213938.0,11.2,5.1,9.0,4.1,29.4
258900.0,15.0,2.6,5.0,7.4,30.0
131694.0,21.0,8.5,5.0,5.3,39.8
303006.0,13.1,1.5,2.7,3.0,20.3
259039.0,18.9,2.9,3.4,4.1,29.3
283747.0,17.9,4.5,2.8,1.8,27.0
292679.0,9.3,2.1,4.8,3.4,19.6
259122.0,16.1,3.0,3.6,4.2,26.9
288763.0,15.5,3.0,3.4,2.1,24.0
299996.0,10.3,3.1,4.4,5.0,22.8
259443.0,14.4,2.9,3.9,6.1,27.3
296221.0,7.8,2.9,4.3,4.8,19.8
259469.0,14.0,3.5,4.3,4.4,26.200000000000003
258861.0,10.2,3.2,3.8,5.1,22.3
259780.0,14.2,4.7,4.1,6.0,29.0
253581.0,15.9,4.0,4.0,3.9,27.8
263689.0,7.9,2.4,5.6,3.3,19.2
259818.0,14.0,3.2,4.7,4.8,26.7
270715.0,13.7,3.7,4.0,2.8,24.2
271595.0,11.3,0.3,4.2,3.3,19.1
259915.0,13.3,1.8,3.6,5.8,24.500000000000004
233438.0,10.4,2.4,5.0,4.6,22.4
260023.0,14.3,3.1,4.8,4.2,26.4
295998.0,11.4,3.9,3.5,3.1,21.9
284221.0,9.3,2.9,4.9,4.4,21.5
260134.0,15.2,4.5,4.4,5.9,30.0
246297.0,17.0,5.0,5.1,3.7,30.8
297450.0,9.7,2.2,3.8,2.8,18.5
260283.0,18.1,3.1,3.5,4.2,28.9
274996.0,16.5,4.2,3.2,1.8,25.7
234183.0,7.2,3.2,4.4,3.8,18.6
260324.0,13.4,4.3,4.5,3.0,25.2
296146.0,9.2,1.9,4.6,3.4,19.1
260530.0,13.8,3.9,4.1,3.4,25.2
251193.0,15.5,4.9,4.7,2.5,27.6
286525.0,8.6,2.0,5.8,2.4,18.8
260540.0,17.6,2.8,3.0,2.2,25.6
244873.0,13.6,3.6,3.9,2.2,23.3
239102.0,11.3,1.8,4.7,2.4,20.2
260548.0,12.8,3.0,2.9,6.2,24.9
266490.0,8.7,2.5,5.1,3.3,19.6
260597.0,14.9,3.4,4.5,4.0,26.8
260356.0,15.9,4.7,3.8,2.8,27.200000000000003
292790.0,9.0,2.3,4.1,3.4,18.8
260724.0,17.0,3.3,3.5,4.0,27.8
289201.0,18.0,3.3,2.9,2.3,26.5
296188.0,7.0,2.6,6.2,2.2,18.0
260758.0,16.0,4.0,5.0,3.6,28.6
249559.0,16.6,4.9,3.9,2.6,28.0
284338.0,8.9,3.1,4.5,3.2,19.7
260777.0,13.2,5.4,5.5,4.7,28.8
286077.0,14.6,5.6,4.2,2.5,26.9
244493.0,6.9,3.2,5.2,6.4,21.700000000000003
260842.0,12.8,1.6,4.6,3.6,22.6
200022.0,18.6,5.4,4.9,2.4,31.3
302589.0,8.6,3.2,4.9,4.0,20.700000000000003
260972.0,13.9,4.5,5.1,5.2,28.7
215596.0,17.1,5.2,5.3,4.2,31.8
270611.0,7.9,2.5,5.0,2.9,18.3
261053.0,14.3,3.8,4.0,4.5,26.6
247192.0,14.8,4.8,4.5,2.3,26.4
263335.0,9.6,1.4,3.5,2.0,16.5
261067.0,15.2,4.0,6.5,5.4,31.1
268711.0,9.7,2.7,5.8,3.4,21.6
261192.0,13.6,4.1,5.4,5.3,28.4
206575.0,17.8,5.7,5.6,4.1,33.2
209538.0,11.6,2.6,5.1,4.6,23.9
261292.0,14.2,3.3,3.4,5.8,26.7
243366.0,10.1,2.6,4.8,4.0,21.5
261685.0,14.2,3.1,4.4,4.8,26.500000000000004
282858.0,14.9,3.2,2.7,2.5,23.3
294403.0,7.3,1.2,4.2,3.5,16.2
261733.0,16.0,3.7,4.5,4.2,28.4
249723.0,18.4,3.5,4.4,4.2,30.5
256354.0,8.7,2.3,4.9,3.3,19.2
261919.0,13.5,3.4,4.7,3.7,25.3
234644.0,17.1,4.7,4.6,2.8,29.2
298408.0,8.6,2.1,4.8,3.6,19.1
261969.0,15.0,4.8,5.3,3.8,28.9
252250.0,18.7,5.0,5.3,2.2,31.2
251713.0,8.6,3.3,5.1,3.0,20.0
262346.0,12.9,5.0,4.8,3.4,26.1
262552.0,17.3,0.7,2.8,5.0,25.8
263633.0,8.9,2.2,4.8,3.2,19.1
262634.0,13.8,3.9,4.3,4.0,26.0
296253.0,11.3,3.7,4.3,3.3,22.6
274585.0,9.2,3.0,5.5,4.9,22.6
262670.0,17.1,2.5,3.1,5.0,27.700000000000003
289595.0,14.5,3.8,2.8,3.3,24.4
299561.0,8.6,2.3,4.1,4.3,19.3
262726.0,16.9,4.4,4.8,6.0,32.099999999999994
291235.0,10.3,3.1,5.0,5.0,23.4
262971.0,15.6,4.3,3.8,5.4,29.1
286882.0,17.5,4.9,4.1,4.0,30.5
229623.0,9.8,3.1,5.2,4.8,22.9
263372.0,15.6,3.3,3.7,5.0,27.6
280675.0,15.8,4.2,3.5,2.8,26.3
268516.0,8.9,4.1,6.1,6.6,25.700000000000003
263444.0,16.9,4.0,3.9,5.7,30.5
298758.0,9.4,2.4,4.3,4.2,20.3
263454.0,15.7,4.0,4.4,5.8,29.9
213065.0,21.2,5.3,4.5,4.3,35.3
248221.0,10.8,3.8,4.1,3.3,22.000000000000004
263479.0,13.0,5.4,7.4,1.9,27.7
220642.0,18.2,5.7,2.5,4.9,31.3
269612.0,8.5,2.3,5.0,3.8,19.6
263626.0,14.5,3.1,4.3,3.9,25.8
253002.0,15.6,4.1,4.3,2.4,26.4
254522.0,9.1,2.6,5.0,4.5,21.2
263636.0,17.2,3.9,4.7,5.3,31.1
296556.0,6.8,2.2,5.2,3.2,17.4
263677.0,13.6,4.2,3.7,4.5,26.0
256399.0,14.5,4.6,4.0,1.9,25.0
264374.0,8.7,2.0,4.4,3.7,18.8
263731.0,14.3,2.3,3.2,4.9,24.700000000000003
297094.0,8.2,3.1,4.0,4.4,19.7
272186.0,9.3,1.6,5.2,3.9,20.0
264219.0,12.4,3.6,4.4,5.3,25.7
224410.0,13.3,5.9,3.8,2.3,25.300000000000004
272589.0,6.9,1.2,6.2,4.2,18.5
264282.0,12.9,3.3,3.6,6.5,26.3
282801.0,12.0,1.4,4.8,2.0,20.2
264331.0,15.6,3.2,4.4,2.5,25.700000000000003
239597.0,15.9,4.5,5.0,2.3,27.7
251872.0,9.2,3.6,5.0,3.6,21.4
264603.0,13.3,4.1,4.5,4.5,26.4
286574.0,13.2,5.4,4.2,2.2,25.0
249328.0,9.1,2.6,3.9,2.2,17.8
265113.0,12.8,4.0,3.7,6.0,26.5
264219.0,9.0,2.8,5.8,4.0,21.6
265325.0,14.6,4.7,4.7,4.6,28.6
293483.0,14.8,5.1,4.6,2.2,26.7
594548.0,5.3,1.4,3.8,1.8,12.3
265406.0,15.1,4.2,4.4,3.5,27.200000000000003
268599.0,15.6,4.9,4.0,2.0,26.5
256889.0,9.9,3.1,4.1,4.6,21.700000000000003
265466.0,14.6,3.3,3.8,5.7,27.4
289265.0,16.6,3.2,4.1,3.0,26.9
294829.0,10.2,2.0,3.8,4.9,20.9
265515.0,15.5,3.5,3.4,6.3,28.7
285016.0,16.3,3.7,3.4,2.6,26.0
256870.0,8.8,2.2,5.1,4.0,20.1
265538.0,14.3,3.6,4.7,4.1,26.700000000000003
287406.0,7.4,2.6,5.8,4.1,19.9
265728.0,14.7,3.7,4.9,6.1,29.4
223784.0,19.5,5.3,4.6,4.7,34.1
242893.0,10.8,2.4,4.9,4.6,22.700000000000003
265922.0,16.5,3.1,3.5,5.0,28.1
282868.0,14.1,3.5,3.5,3.3,24.4
262804.0,8.4,2.9,5.9,2.7,19.9
266274.0,13.8,4.1,5.6,2.3,25.8
296113.0,14.0,5.8,4.9,1.7,26.4
251201.0,8.6,3.2,5.6,3.2,20.6
266599.0,14.7,3.1,3.5,4.0,25.3
275339.0,13.9,4.2,4.1,2.5,24.700000000000003
267987.0,10.5,2.3,3.8,3.2,19.8
266626.0,19.1,2.8,3.4,4.0,29.3
276197.0,16.0,3.7,4.6,2.0,26.3
313792.0,8.0,2.3,4.4,2.7,17.400000000000002
266687.0,14.1,4.5,5.2,3.4,27.2
264764.0,16.0,5.3,4.0,2.3,27.6
260494.0,10.9,2.1,4.2,3.9,21.1
266856.0,15.8,4.3,3.3,4.1,27.5
294356.0,14.8,3.5,1.9,1.6,21.8
247704.0,9.6,2.4,6.2,3.8,22.0
285062.0,8.2,2.4,4.5,3.3,18.4
267142.0,17.0,3.8,3.8,3.6,28.200000000000003
264979.0,15.5,4.6,4.2,2.8,27.1
260598.0,7.4,2.8,5.1,3.9,19.2
267322.0,14.0,3.6,4.6,3.7,25.9
243173.0,16.4,5.1,3.7,2.5,27.7
256494.0,9.4,2.4,5.0,4.4,21.200000000000003
267326.0,15.5,3.4,3.9,5.5,28.3
273374.0,8.8,0.4,4.5,6.2,19.9
267765.0,11.9,3.5,3.3,6.5,25.2
234765.0,10.4,2.7,4.7,4.6,22.4
267789.0,14.2,3.2,4.1,5.3,26.8
295714.0,7.5,3.2,5.8,3.5,20.0
267803.0,13.9,4.4,3.8,5.3,27.4
253805.0,16.6,4.8,4.3,2.9,28.6
267842.0,15.2,2.0,4.8,5.1,27.1
269628.0,9.8,2.1,4.7,3.9,20.5
267865.0,14.0,3.3,4.1,6.3,27.7
220788.0,19.0,4.4,4.3,4.6,32.3
242096.0,9.1,2.3,5.2,4.5,21.1
268059.0,14.2,3.2,3.8,5.1,26.3
279894.0,9.4,1.6,4.7,3.8,19.5
268086.0,13.8,4.8,4.5,6.1,29.200000000000003
253576.0,7.8,2.9,7.6,2.5,20.8
268231.0,15.9,2.7,1.8,3.1,23.500000000000004
209691.0,17.2,7.1,5.3,3.1,32.7
288078.0,7.3,3.6,3.2,5.0,19.1
268368.0,17.2,4.5,5.3,4.1,31.1
213886.0,20.6,6.4,4.6,3.6,35.2
265171.0,11.6,3.2,4.7,5.0,24.5
268510.0,16.3,3.6,4.2,6.5,30.6
271735.0,17.2,4.3,3.6,2.5,27.6
276506.0,8.6,2.1,4.5,3.1,18.3
268594.0,14.4,2.9,3.9,4.1,25.3
263207.0,16.0,4.2,3.7,2.7,26.6
266051.0,10.0,3.0,4.7,4.9,22.6
268606.0,16.4,3.8,4.9,7.2,32.300000000000004
279244.0,15.8,2.6,3.3,3.5,25.200000000000003
233215.0,10.2,3.1,4.9,4.8,23.0
268732.0,15.2,3.7,3.5,4.9,27.3
320236.0,13.7,3.3,3.3,2.7,23.0
253288.0,10.5,2.8,4.6,4.6,22.5
268909.0,15.2,2.6,3.4,5.8,27.0
267148.0,15.3,4.0,3.7,2.9,25.9
280899.0,9.1,2.2,3.9,3.0,18.200000000000003
269199.0,13.1,3.4,5.0,4.0,25.5
249330.0,15.7,4.9,4.7,2.7,28.0
251245.0,9.7,2.8,5.6,4.2,22.3
269349.0,12.7,3.7,5.6,3.2,25.2
245173.0,18.7,5.2,2.0,1.3,27.2
269720.0,8.5,2.2,4.9,3.3,18.9
269552.0,14.2,3.6,4.1,4.3,26.2
250860.0,16.0,4.6,4.4,2.9,27.9
296795.0,7.5,1.5,4.9,4.8,18.7
269629.0,16.9,3.4,3.2,5.2,28.7
309461.0,10.0,1.8,4.0,4.2,20.0
269795.0,17.5,3.5,2.9,5.1,29.0
324463.0,14.7,3.8,2.7,3.0,24.2
296819.0,7.9,2.0,4.5,2.2,16.6
269924.0,15.8,3.8,4.3,3.5,27.4
261933.0,15.9,4.8,4.1,2.5,27.3
296564.0,6.2,3.1,5.6,3.4,18.3
269932.0,14.5,3.9,3.9,2.9,25.2
259724.0,16.4,4.4,3.7,2.2,26.7
283120.0,9.2,2.3,3.8,3.9,19.2
255611.0,8.8,2.2,5.0,4.0,20.0
270366.0,14.9,4.4,4.9,3.8,28.000000000000004
184680.0,17.2,6.4,4.7,3.1,31.4
291655.0,9.3,2.9,3.5,4.5,20.200000000000003
270443.0,15.6,3.3,4.1,4.2,27.2
299785.0,8.6,2.0,4.5,3.7,18.8
270507.0,13.4,3.0,4.1,4.9,25.4
299052.0,14.5,3.5,3.0,2.0,23.0
248318.0,9.9,3.0,4.4,5.3,22.6
270543.0,14.9,3.3,3.9,6.3,28.4
261278.0,9.4,1.8,4.2,3.4,18.8
270669.0,13.6,3.4,3.8,3.1,23.9
222844.0,16.4,3.7,4.6,3.0,27.7
292758.0,7.1,1.8,5.1,3.4,17.4
270729.0,14.8,2.5,4.0,4.9,26.200000000000003
286029.0,15.2,3.3,3.7,3.4,25.6
258575.0,9.6,2.3,4.6,3.4,19.9
270783.0,13.7,3.7,4.6,3.5,25.5
329203.0,12.6,4.0,3.6,2.3,22.500000000000004
262293.0,9.4,2.8,4.8,3.5,20.5
270829.0,14.4,3.3,3.6,3.7,25.0
239894.0,16.1,4.6,4.5,2.4,27.6
281843.0,8.9,2.0,4.0,5.6,20.5
270914.0,15.5,4.2,5.0,4.4,29.1
266337.0,17.9,4.5,4.7,4.0,31.1
250208.0,9.4,3.1,5.6,4.1,22.200000000000003
270921.0,14.2,3.3,4.4,4.0,25.9
317925.0,12.5,2.9,4.0,2.6,22.0
284669.0,8.5,2.2,4.2,3.9,18.8
271269.0,15.1,3.3,3.3,4.9,26.6
261067.0,15.6,3.7,3.8,3.5,26.6
264261.0,7.9,2.8,5.8,5.3,21.8
271308.0,12.4,4.0,3.9,7.4,27.7
280266.0,16.8,3.8,2.6,4.0,27.200000000000003
276648.0,8.5,1.9,4.7,3.7,18.8
271315.0,15.0,3.6,3.2,5.3,27.1
290167.0,16.2,3.6,3.6,2.4,25.8
295426.0,10.5,1.7,4.0,3.1,19.3
271411.0,17.5,3.2,3.6,4.5,28.8
308979.0,14.5,3.1,3.0,2.1,22.700000000000003
291492.0,7.0,0.7,4.0,4.4,16.1
271964.0,13.1,4.4,4.6,3.8,25.9
258291.0,15.9,4.8,3.7,2.1,26.5
298523.0,8.7,3.5,5.6,2.7,20.5
272031.0,14.8,3.5,3.4,3.6,25.3
258275.0,16.2,5.1,4.5,2.5,28.3
281322.0,6.5,2.5,5.4,3.7,18.1
272300.0,12.2,3.4,4.9,4.0,24.5
292422.0,12.1,3.2,4.6,2.4,22.3
288870.0,9.0,2.8,4.5,4.2,20.5
272421.0,17.4,4.4,3.5,6.0,31.3
236967.0,18.9,4.2,3.9,3.2,30.2
298606.0,9.1,2.8,5.2,3.8,20.9
272457.0,15.2,4.1,5.2,5.9,30.4
285809.0,7.6,2.3,4.9,3.6,18.4
272553.0,14.1,3.5,4.2,3.6,25.4
246461.0,16.2,4.7,4.1,2.2,27.2
265233.0,9.2,2.8,5.1,4.5,21.6
272603.0,16.4,3.3,4.0,4.6,28.3
298215.0,14.2,4.0,4.4,2.6,25.200000000000003
367486.0,7.2,1.1,3.5,3.6,15.4
272614.0,14.4,3.8,4.9,6.0,29.1
225070.0,18.4,4.7,4.7,4.7,32.5
271268.0,9.5,1.9,4.3,4.1,19.8
272706.0,15.1,3.2,3.3,6.4,28.0
292485.0,14.1,3.5,3.8,1.8,23.200000000000003
243025.0,11.1,2.2,3.8,4.3,21.4
272787.0,13.8,3.5,4.4,6.1,27.800000000000004
289127.0,10.1,1.9,4.2,3.5,19.7
272844.0,15.9,3.4,3.9,4.0,27.2
297734.0,15.4,3.1,2.6,1.8,22.9
266105.0,10.1,2.3,4.7,4.3,21.4
272853.0,21.7,6.2,6.0,7.5,41.4
95317.0,29.0,8.2,6.8,7.3,51.3
253788.0,8.2,2.5,6.3,3.7,20.7
273041.0,12.2,3.9,4.9,4.1,25.1
286513.0,12.3,3.7,5.0,2.6,23.6
279961.0,9.8,3.4,1.9,2.8,17.900000000000002
289166.0,9.8,1.7,3.9,6.1,21.5
260278.0,8.0,2.2,5.8,3.8,19.8
273143.0,13.8,3.5,4.8,4.6,26.700000000000003
292518.0,8.8,2.2,3.0,4.6,18.6
273256.0,14.0,4.0,3.1,5.8,26.9
289366.0,13.4,3.7,2.5,3.0,22.6
299951.0,9.4,2.6,4.6,4.1,20.700000000000003
273376.0,15.7,4.2,4.3,4.8,29.0
262356.0,5.3,3.5,5.7,3.9,18.4
273424.0,13.8,6.8,4.1,2.4,27.1
273347.0,8.1,2.3,5.3,2.4,18.1
273512.0,15.0,3.8,3.9,2.9,25.6
263194.0,15.3,5.0,3.8,2.2,26.3
279678.0,8.5,2.8,5.4,5.3,22.000000000000004
273921.0,12.4,3.8,4.0,4.2,24.4
253521.0,9.5,2.6,4.8,2.5,19.4
274012.0,12.0,3.3,6.4,3.3,25.000000000000004
201998.0,19.7,5.8,2.6,4.8,32.9
259507.0,11.7,1.2,5.8,1.2,19.9
274167.0,13.6,3.4,4.7,3.0,24.7
269562.0,16.1,4.1,3.6,2.2,26.000000000000004
232725.0,12.3,3.7,5.8,5.8,27.6
274352.0,17.9,5.1,4.2,7.0,34.2
262447.0,8.7,3.1,5.5,3.0,20.3
274518.0,13.2,4.7,4.1,4.0,26.0
294824.0,13.5,3.8,4.2,2.4,23.9
285384.0,8.1,2.4,4.4,2.7,17.6
274663.0,13.6,3.4,4.0,3.9,24.9
249582.0,15.8,4.6,4.1,2.8,27.3
274679.0,12.2,2.3,4.7,7.5,26.7
277300.0,18.0,4.6,4.1,5.4,32.1
255773.0,10.1,2.2,4.4,3.5,20.200000000000003
274798.0,14.2,2.4,3.5,5.3,25.4
284098.0,9.7,2.2,3.6,1.9,17.4
275136.0,15.3,3.7,2.8,6.5,28.3
262070.0,11.1,3.2,5.7,5.6,25.6
275142.0,16.3,4.2,3.8,5.8,30.1
281575.0,9.0,2.8,6.4,2.9,21.1
275169.0,16.1,4.2,4.2,3.1,27.6
264545.0,15.8,5.3,4.1,2.3,27.500000000000004
288957.0,10.7,2.2,3.5,2.8,19.2
275782.0,15.6,3.1,4.0,3.5,26.2
302369.0,15.8,3.0,2.8,1.5,23.1
266771.0,8.9,2.6,4.0,2.8,18.3
275810.0,12.4,3.3,4.4,4.6,24.700000000000003
241395.0,15.4,6.4,4.3,1.7,27.8
255422.0,8.7,3.0,4.9,3.8,20.4
275848.0,14.2,4.2,4.3,3.7,26.4
308325.0,12.4,4.4,3.1,2.0,21.9
288972.0,9.0,3.4,6.4,2.8,21.6
275887.0,14.4,4.0,4.8,3.2,26.4
264031.0,15.8,5.3,4.3,2.1,27.500000000000004
251232.0,9.9,2.6,4.7,4.0,21.2
276198.0,14.1,3.3,4.4,5.2,27.0
250191.0,11.3,3.3,4.9,6.0,25.5
276208.0,16.3,4.8,3.5,6.3,30.9
223096.0,18.6,5.6,4.9,4.8,33.9
262909.0,6.1,1.9,6.1,4.6,18.7
276264.0,11.6,2.7,4.1,5.7,24.1
236590.0,16.3,3.4,5.8,1.3,26.8
281265.0,8.3,2.0,4.2,3.8,18.3
276444.0,13.4,3.4,3.8,5.6,26.200000000000003
269649.0,8.2,1.2,4.5,3.6,17.5
276558.0,15.1,5.0,3.1,2.2,25.4
253368.0,16.2,6.2,2.0,1.3,25.7
266437.0,8.8,1.6,5.6,2.8,18.8
276865.0,18.3,2.9,3.8,3.8,28.8
369427.0,10.9,2.2,2.4,2.0,17.5
268377.0,9.3,2.9,4.5,3.2,19.9
277180.0,14.1,3.1,3.6,5.4,26.200000000000003
269473.0,16.5,3.0,3.3,2.9,25.7
251751.0,10.3,2.3,4.4,4.2,21.2
277511.0,14.1,3.3,3.6,5.3,26.3
255480.0,9.4,2.9,4.3,4.5,21.1
277518.0,14.1,3.0,3.7,5.6,26.4
251497.0,8.2,2.7,5.1,4.4,20.4
277656.0,13.5,3.4,3.7,5.5,26.1
299264.0,6.3,2.8,5.2,3.0,17.3
277809.0,13.5,3.6,4.2,3.2,24.5
291061.0,13.9,3.9,3.8,1.9,23.5
261373.0,7.6,3.4,4.4,4.0,19.4
277944.0,15.4,3.1,3.0,2.2,23.7
269407.0,8.2,3.2,3.9,1.3,16.599999999999998
278069.0,17.8,2.1,1.7,3.9,25.5
227124.0,20.1,4.5,3.6,1.2,29.4
269137.0,9.9,1.7,4.1,3.2,18.9
278212.0,12.6,3.7,1.8,5.8,23.9
250819.0,15.3,4.0,4.5,2.1,25.9
269782.0,7.1,2.2,6.3,3.0,18.6
278342.0,12.3,3.4,4.0,4.2,23.9
277023.0,12.5,4.1,5.0,2.8,24.4
264422.0,8.3,2.4,5.2,3.7,19.6
278587.0,14.8,3.1,4.3,5.3,27.500000000000004
259007.0,16.9,4.5,4.3,2.3,28.0
277858.0,8.8,2.4,5.0,4.5,20.700000000000003
278676.0,15.5,2.2,2.5,5.4,25.6
308398.0,13.0,2.4,3.6,3.0,22.0
248145.0,9.6,2.6,4.4,4.8,21.4
278890.0,14.1,3.7,3.3,5.0,26.1
263683.0,8.3,3.1,5.2,3.1,19.700000000000003
279164.0,15.5,4.1,3.8,3.8,27.200000000000003
290756.0,8.8,3.5,4.1,1.8,18.2
279208.0,13.9,3.8,4.2,3.7,25.6
272164.0,15.2,4.4,4.0,1.9,25.5
287206.0,7.4,2.4,5.1,3.4,18.3
279353.0,13.7,3.5,4.0,4.1,25.3
260250.0,15.9,4.3,4.2,2.1,26.5
299900.0,8.9,2.1,3.8,3.0,17.8
279581.0,15.1,3.3,3.6,4.6,26.6
294879.0,8.4,3.1,4.5,3.3,19.3
279795.0,13.4,3.6,4.2,3.0,24.2
285434.0,16.9,5.6,3.7,2.3,28.5
284771.0,8.4,2.2,6.6,2.2,19.4
280054.0,11.2,3.2,2.5,5.9,22.8
267416.0,15.1,6.9,3.5,1.0,26.5
286155.0,8.3,2.2,4.5,3.4,18.4
280337.0,15.8,3.2,3.9,6.2,29.1
299345.0,7.8,1.3,4.4,3.0,16.5
280371.0,14.1,2.5,3.8,3.4,23.8
285499.0,14.7,3.2,3.3,1.7,22.9
294401.0,5.5,5.9,0.6,7.6,19.6
280513.0,12.5,3.2,4.3,5.5,25.5
262050.0,8.9,2.0,4.3,3.8,19.0
280662.0,13.7,2.5,3.4,4.9,24.5
287941.0,10.0,0.5,4.9,1.9,17.3
280977.0,13.5,4.6,4.6,5.6,28.300000000000004
300254.0,6.7,2.8,3.8,3.3,16.6
281213.0,14.6,4.0,2.0,2.5,23.1
277505.0,15.3,3.0,2.9,2.6,23.8
269385.0,9.1,2.4,3.9,3.8,19.2
281382.0,13.8,3.0,3.8,4.3,24.9
308587.0,9.0,1.8,4.1,3.0,17.9
281517.0,16.1,2.6,2.9,3.1,24.700000000000003
303785.0,15.2,4.1,3.0,1.7,24.0
261782.0,9.2,2.4,4.6,4.3,20.5
281713.0,15.6,2.9,3.7,5.3,27.5
260492.0,11.7,2.4,5.1,2.8,22.0
281958.0,11.8,3.5,5.4,5.9,26.6
259558.0,15.7,3.8,3.9,0.9,24.3
292294.0,7.9,2.1,4.8,3.0,17.8
282169.0,12.4,3.7,4.5,4.5,25.1
296380.0,11.8,2.3,3.3,3.2,20.6
282361.0,16.2,2.3,2.5,4.8,25.8
268279.0,9.9,2.7,4.1,2.6,19.300000000000004
282672.0,13.7,2.8,7.0,3.5,27.0
224242.0,17.8,5.0,5.9,1.9,30.6
255989.0,8.3,3.2,4.9,4.8,21.2
282777.0,14.6,2.9,3.9,5.3,26.7
292082.0,8.0,3.0,6.0,4.3,21.3
283041.0,12.5,4.7,5.0,4.3,26.5
291467.0,8.9,2.0,4.5,3.6,19.0
283057.0,15.2,2.7,3.8,4.7,26.4
290704.0,13.0,3.6,4.1,2.6,23.300000000000004
270095.0,9.1,2.3,4.2,4.3,19.9
283150.0,14.5,3.3,3.4,5.1,26.3
258465.0,9.4,2.5,4.8,4.5,21.2
283224.0,14.4,3.1,3.5,4.8,25.8
281642.0,8.4,1.9,3.2,5.0,18.5
283257.0,16.1,1.9,1.9,2.6,22.5
272974.0,15.8,5.4,2.6,1.9,25.700000000000003
282722.0,8.1,1.8,4.5,3.0,17.4
283319.0,13.7,2.9,3.2,4.3,24.1
292672.0,12.0,3.9,3.7,2.8,22.4
257818.0,9.2,2.9,4.2,3.4,19.7
283496.0,14.9,2.9,3.7,3.1,24.6
249116.0,16.0,4.4,4.2,2.0,26.6
267798.0,9.4,2.5,4.8,3.0,19.7
283713.0,18.0,2.7,3.6,2.7,27.0
270175.0,10.6,2.7,4.3,3.5,21.1
284051.0,14.1,2.8,3.4,5.4,25.7
234265.0,11.9,3.9,5.2,5.8,26.8
284193.0,15.4,3.3,4.5,6.4,29.6
250439.0,12.7,3.9,4.6,4.2,25.399999999999995
298140.0,8.1,3.6,4.8,4.2,20.7
284200.0,13.4,4.6,4.7,4.4,27.1
274675.0,14.6,4.9,3.9,2.6,26.0
267745.0,8.3,2.4,4.3,4.6,19.6
284444.0,13.8,3.0,4.0,5.4,26.200000000000003
291540.0,8.2,2.9,4.5,1.6,17.2
284719.0,13.2,3.2,4.4,2.8,23.6
276067.0,15.2,4.7,4.1,2.1,26.1
270582.0,7.1,3.9,5.8,3.4,20.2
284720.0,12.8,3.6,3.6,3.7,23.700000000000003
302179.0,10.9,3.8,3.2,2.6,20.5
299242.0,8.0,2.1,2.6,2.5,15.2
284746.0,13.7,4.2,3.9,3.3,25.1
265393.0,14.1,5.6,4.2,3.0,26.9
291738.0,7.2,1.8,2.6,3.0,14.6
284824.0,12.9,3.7,5.5,3.5,25.6
274010.0,14.8,4.4,4.6,2.9,26.700000000000003
263570.0,8.6,2.2,4.6,4.7,20.1
285091.0,12.9,3.3,3.7,5.9,25.8
295965.0,8.1,3.2,4.8,3.2,19.3
285341.0,13.1,3.9,4.0,3.9,24.9
278431.0,15.6,4.7,3.0,2.5,25.8
293840.0,8.1,2.8,4.1,2.8,17.799999999999997
285374.0,12.6,4.8,4.0,3.5,24.9
304198.0,12.8,4.0,3.3,2.7,22.8
277837.0,6.9,2.0,5.3,3.7,17.9
285388.0,11.4,2.8,5.0,3.3,22.5
294394.0,12.4,3.6,4.3,3.2,23.5
275687.0,14.5,1.1,4.2,1.9,21.7
285434.0,14.0,3.5,3.8,3.0,24.3
266673.0,16.6,5.0,4.0,2.5,28.1
298360.0,7.7,1.7,4.2,4.0,17.6
285609.0,15.1,2.9,3.5,5.8,27.3
294344.0,13.3,3.3,3.5,3.5,23.6
291961.0,10.4,2.8,4.8,5.7,23.7
285713.0,15.2,4.3,3.5,6.3,29.3
218489.0,19.4,5.6,4.6,5.1,34.7
274171.0,8.5,1.9,4.8,4.0,19.2
285915.0,13.8,3.3,3.9,6.0,27.0
299930.0,9.5,1.9,4.5,3.6,19.5
285927.0,14.9,3.1,3.5,4.7,26.2
266961.0,16.5,4.0,3.6,3.0,27.1
271497.0,8.4,2.6,5.1,2.1,18.200000000000003
285994.0,12.8,3.3,6.2,2.0,24.3
322939.0,15.5,4.1,4.5,0.9,25.0
243755.0,9.8,2.0,3.1,3.4,18.3
286011.0,13.7,3.2,3.9,6.5,27.3
217526.0,18.7,6.4,5.7,4.0,34.8
289005.0,7.8,2.2,4.8,3.2,18.0
286245.0,12.8,3.2,4.5,4.0,24.5
263488.0,15.3,4.1,3.5,2.5,25.4
306191.0,9.9,1.8,3.5,2.6,17.8
286265.0,15.1,2.6,3.0,3.3,24.0
306629.0,15.0,3.5,2.5,1.4,22.4
262172.0,9.7,2.5,4.5,4.3,21.0
286413.0,14.0,2.4,3.8,4.8,25.0
381586.0,8.6,1.1,3.8,1.9,15.4
286507.0,18.2,2.9,3.3,2.9,27.3
318198.0,15.5,3.8,3.7,1.4,24.4
297708.0,10.0,2.4,4.7,4.7,21.8
286701.0,13.5,3.2,4.5,5.4,26.6
296356.0,7.8,2.1,4.2,2.6,16.700000000000003
286715.0,14.1,3.4,3.7,3.6,24.8
262203.0,15.7,4.5,4.0,1.5,25.7
296014.0,8.2,2.2,3.8,2.5,16.7
286743.0,15.6,2.1,3.4,3.6,24.7
279039.0,14.1,3.5,3.9,2.5,24.0
141625.0,12.8,3.2,6.2,8.0,30.2
287182.0,12.3,3.3,5.0,8.0,28.6
261425.0,7.3,4.5,3.3,7.8,22.9
297309.0,8.7,2.2,5.1,4.0,20.0
287271.0,14.1,3.4,3.8,5.2,26.5
299662.0,8.5,2.7,4.2,4.4,19.8
287532.0,15.4,3.1,3.3,5.4,27.200000000000003
277970.0,15.8,4.4,3.2,3.6,27.000000000000004
287598.0,12.1,5.9,5.5,3.4,26.9
181102.0,20.4,6.0,2.6,4.5,33.5
254475.0,7.8,2.9,4.0,6.1,20.8
287688.0,15.0,2.4,2.3,6.3,26.0
288224.0,7.7,2.2,4.4,3.2,17.5
287859.0,13.3,3.0,3.7,4.9,24.9
299810.0,7.8,2.2,5.0,2.5,17.5
288244.0,14.9,3.5,4.6,2.8,25.8
282278.0,15.2,5.1,4.0,2.0,26.3
257790.0,9.9,1.8,4.5,4.3,20.500000000000004
288741.0,15.7,2.7,3.5,5.0,26.9
252859.0,9.7,2.8,4.4,4.2,21.1
260907.0,8.6,2.2,4.4,4.4,19.6
293950.0,11.2,1.3,2.7,4.0,19.2
315373.0,10.6,2.0,3.9,2.4,18.9
288828.0,16.6,3.2,2.7,3.8,26.3
308594.0,15.9,3.5,2.8,1.9,24.1
253829.0,9.0,1.9,5.1,3.4,19.4
288945.0,19.2,2.3,1.9,3.1,26.5
175913.0,20.3,5.6,5.2,4.3,35.4
242715.0,8.1,3.0,5.5,4.5,21.1
289105.0,15.1,4.3,3.8,6.2,29.4
281943.0,7.9,2.4,4.8,3.8,18.9
289264.0,14.9,2.8,3.6,3.7,25.0
278254.0,13.9,3.8,4.2,2.8,24.7
285728.0,8.5,2.2,4.2,2.9,17.799999999999997
289312.0,13.8,3.0,3.6,3.9,24.3
278828.0,13.1,4.5,4.2,2.4,24.2
297580.0,7.2,1.9,4.6,2.8,16.5
289368.0,12.6,3.5,4.6,3.4,24.1
267906.0,14.4,4.5,4.2,2.0,25.1
312834.0,7.4,1.6,4.3,2.3,15.6
289478.0,11.8,3.6,3.2,6.6,25.200000000000003
322863.0,12.3,2.7,3.1,2.8,20.9
289431.0,8.5,2.2,4.5,3.2,18.4
289541.0,15.0,3.0,3.8,3.3,25.1
297486.0,15.1,4.0,3.3,1.9,24.3
295726.0,10.1,2.1,2.1,0.8,15.1
289660.0,13.9,2.9,2.5,4.8,24.1
278072.0,12.9,5.0,7.6,6.2,31.7
289669.0,18.9,6.0,4.2,7.2,36.3
237243.0,17.7,4.5,4.2,4.5,30.9
297295.0,8.7,2.6,4.4,3.3,19.0
289865.0,14.1,3.1,4.4,3.8,25.4
287903.0,17.7,3.0,3.8,1.8,26.3
299774.0,7.2,1.5,3.4,4.0,16.1
289989.0,12.1,2.7,3.6,6.0,24.4
293833.0,11.2,4.0,2.8,3.2,21.2
271731.0,8.1,2.6,4.6,4.2,19.5
290245.0,12.1,2.7,4.1,5.8,24.7
289703.0,8.4,2.6,3.5,3.6,18.1
290360.0,14.7,3.6,3.7,5.2,27.2
245347.0,17.6,4.8,3.6,3.3,29.300000000000004
277071.0,8.4,2.1,4.8,3.5,18.8
290489.0,13.5,2.9,3.9,3.6,23.9
386022.0,14.7,4.2,3.7,3.3,25.9
258441.0,8.9,2.1,4.6,3.8,19.4
290513.0,14.3,3.1,4.0,4.8,26.200000000000003
270026.0,9.7,2.4,4.6,3.6,20.3
290642.0,14.2,4.4,3.6,4.7,26.9
265775.0,16.6,4.8,3.4,0.7,25.5
289215.0,6.8,2.7,5.7,1.9,17.099999999999998
290653.0,14.0,3.4,4.6,2.8,24.8
282669.0,14.1,4.2,4.2,2.6,25.1
290886.0,12.0,2.5,2.0,6.5,23.0
44818.0,33.0,9.3,9.3,10.3,61.89999999999999
297744.0,7.0,2.0,4.7,3.8,17.5
290892.0,13.8,3.4,3.8,4.6,25.6
248565.0,9.9,2.8,5.1,5.0,22.8
290991.0,14.7,3.2,4.1,4.6,26.6
291116.0,9.1,2.8,4.5,4.3,20.7
291018.0,11.6,5.5,4.9,4.1,26.1
294708.0,8.9,1.4,4.9,3.5,18.700000000000003
291169.0,14.9,3.6,4.3,2.8,25.6
245045.0,17.5,5.6,4.2,3.2,30.5
289800.0,9.1,2.9,4.3,5.3,21.6
291247.0,15.7,2.6,3.1,5.5,26.9
304602.0,7.3,1.9,4.9,2.8,16.9
291356.0,13.0,3.1,4.1,3.6,23.800000000000004
266810.0,14.3,4.0,4.3,2.4,25.0
293102.0,9.7,2.0,3.7,3.9,19.3
291392.0,16.1,3.3,3.9,4.7,28.0
270692.0,9.3,1.6,4.3,4.3,19.5
291417.0,13.8,3.0,3.8,5.1,25.700000000000003
275738.0,8.1,3.3,5.5,4.0,20.9
291546.0,14.3,2.6,3.4,4.6,24.9
300755.0,15.1,3.5,3.1,2.4,24.1
312361.0,9.6,1.7,3.7,3.3,18.3
291753.0,16.3,3.5,3.6,3.3,26.700000000000003
315165.0,15.1,2.8,3.0,1.4,22.3
297010.0,8.5,1.6,4.1,3.1,17.3
291845.0,14.0,1.9,4.1,4.9,24.9
269884.0,9.4,2.7,5.4,3.3,20.8
291968.0,13.7,2.8,4.4,3.5,24.4
269666.0,7.9,2.5,4.6,4.5,19.5
311056.0,7.5,2.7,4.2,2.7,17.099999999999998
292018.0,14.7,2.9,3.3,2.3,23.2
310138.0,14.3,3.3,3.7,1.8,23.1
277644.0,8.1,2.7,5.0,3.4,19.2
292330.0,13.1,3.3,4.0,4.1,24.5
265932.0,9.4,2.6,4.5,3.9,20.4
292351.0,13.9,2.2,3.7,4.6,24.4
310703.0,6.8,2.2,5.2,2.8,17.0
292436.0,11.8,2.9,4.3,3.9,22.9
262481.0,15.7,4.3,4.4,2.4,26.8
323578.0,7.6,2.3,4.1,3.6,17.599999999999998
292571.0,13.9,3.3,3.8,5.7,26.7
285076.0,9.0,1.7,4.1,4.7,19.5
293008.0,13.0,2.7,2.8,5.3,23.8
326355.0,11.5,2.3,2.9,3.2,19.9
298904.0,7.7,2.0,4.1,3.2,17.0
293182.0,14.6,3.7,3.6,3.9,25.8
282536.0,13.7,3.7,4.6,2.3,24.3
293221.0,16.5,1.2,1.0,3.6,22.3
301373.0,7.3,1.9,4.4,2.4,16.0
293279.0,14.2,2.8,3.8,3.4,24.2
271819.0,14.0,4.2,3.6,1.9,23.7
295545.0,10.7,2.8,4.4,5.2,23.1
293353.0,14.2,3.9,3.4,6.8,28.3
289441.0,16.9,4.4,4.8,3.9,30.0
275520.0,7.9,1.6,5.0,3.0,17.5
293511.0,13.1,3.5,4.7,4.0,25.3
283138.0,14.8,4.6,3.6,2.1,25.1
298610.0,7.1,2.1,5.0,3.8,18.0
293842.0,13.6,2.9,3.4,4.8,24.7
323341.0,9.0,1.9,3.4,3.2,17.5
294063.0,16.1,2.7,2.8,4.6,26.200000000000003
360591.0,12.4,1.9,2.9,2.2,19.4
291283.0,7.1,2.6,4.5,3.5,17.7
294170.0,13.4,2.9,4.0,3.9,24.2
266468.0,9.9,2.9,5.3,4.8,22.9
294194.0,13.6,2.9,4.2,5.3,26.0
346052.0,10.1,2.3,3.9,2.3,18.6
264252.0,9.7,2.3,4.2,4.1,20.3
294203.0,13.9,2.8,2.9,4.3,23.9
344615.0,10.9,2.3,3.4,2.0,18.6
262734.0,8.4,2.6,4.7,3.7,19.4
294208.0,13.2,3.8,3.9,4.8,25.7
297913.0,8.0,2.0,3.5,4.2,17.7
294553.0,14.3,2.9,3.2,5.2,25.6
282990.0,14.2,3.3,4.2,3.3,25.0
294685.0,9.2,2.7,5.1,2.7,19.7
294570.0,16.1,3.9,4.1,3.6,27.700000000000003
283003.0,20.0,6.2,4.3,3.1,33.6
294793.0,13.8,2.7,2.7,5.4,24.6
298426.0,9.9,1.4,2.4,2.5,16.200000000000003
294900.0,12.5,4.5,4.8,2.9,24.7
272601.0,8.7,1.9,4.0,3.8,18.4
294914.0,11.8,2.8,3.7,4.5,22.8
271959.0,8.8,2.3,4.6,4.0,19.700000000000003
294973.0,13.0,3.3,4.0,4.6,24.9
281332.0,8.6,2.2,4.9,3.2,18.9
295016.0,12.4,3.2,2.8,5.1,23.5
198767.0,11.2,2.2,7.8,6.0,27.2
295178.0,11.2,2.4,5.7,3.5,22.8
283952.0,7.6,2.8,4.7,2.4,17.499999999999996
295204.0,12.9,3.5,3.8,3.4,23.6
262284.0,14.6,4.5,3.7,2.5,25.3
295239.0,11.9,3.0,4.9,5.0,24.8
281580.0,7.8,2.0,2.8,2.4,15.000000000000002
295259.0,12.6,4.0,5.0,5.2,26.8
289638.0,14.8,1.2,3.4,4.2,23.6
302075.0,6.2,2.0,5.7,3.5,17.4
295385.0,12.2,3.3,5.0,3.8,24.3
319977.0,10.4,2.9,4.5,2.0,19.8
293158.0,7.3,2.4,5.2,3.0,17.9
295406.0,14.8,3.4,3.6,3.5,25.3
254858.0,16.3,4.6,4.6,3.1,28.6
275761.0,9.1,2.0,4.2,4.1,19.4
295429.0,14.1,2.9,3.4,5.1,25.5
273161.0,9.3,2.3,4.3,3.5,19.4
251490.0,9.1,2.6,5.1,2.9,19.7
279883.0,8.0,1.5,3.5,3.8,16.8
295473.0,13.0,3.3,4.2,3.6,24.1
299345.0,11.5,4.1,4.3,2.4,22.3
299795.0,8.0,2.8,4.2,4.2,19.2
295566.0,14.0,3.5,3.4,5.8,26.7
292773.0,8.2,2.1,4.2,3.0,17.5
295644.0,12.8,2.9,4.1,3.4,23.2
267887.0,14.6,4.0,4.5,1.9,25.0
295713.0,13.1,3.4,3.8,3.8,24.1
283284.0,13.4,4.9,4.2,2.0,24.5
296545.0,7.7,2.5,4.9,4.0,19.1
295769.0,15.3,3.9,3.5,7.0,29.7
167652.0,19.5,5.7,6.2,4.5,35.9
289927.0,7.5,3.0,6.1,2.5,19.1
295774.0,14.7,3.8,4.5,2.6,25.6
273516.0,15.7,4.9,4.2,2.5,27.3
267975.0,7.7,3.4,5.7,3.7,20.5
295831.0,12.8,4.3,3.8,3.1,24.000000000000004
312102.0,12.4,4.0,3.8,2.5,22.7
272080.0,8.3,2.1,3.5,4.6,18.5
295970.0,14.4,2.7,4.8,5.3,27.200000000000003
288075.0,14.6,3.5,3.8,4.1,26.0
292954.0,6.5,1.2,4.4,3.9,16.0
296253.0,15.2,2.6,3.2,4.2,25.2
292181.0,8.0,0.7,3.5,6.0,18.2
296347.0,11.4,2.7,2.8,4.8,21.700000000000003
300890.0,8.2,2.3,4.6,2.7,17.8
296566.0,13.7,2.6,4.0,4.1,24.4
276414.0,15.2,3.8,4.1,3.1,26.200000000000003
281316.0,8.7,2.3,4.3,3.6,18.9
296582.0,15.0,3.1,2.8,4.8,25.700000000000003
296750.0,13.0,3.5,4.2,3.1,23.8
279074.0,16.3,4.1,4.1,2.3,26.8
291086.0,8.8,2.3,4.7,3.2,19.0
296843.0,16.0,2.9,3.8,5.0,27.7
285707.0,9.1,1.9,2.4,3.2,16.6
297271.0,13.6,3.4,3.6,3.5,24.1
282293.0,7.9,2.4,4.3,4.0,18.6
297348.0,14.3,2.6,3.6,5.1,25.6
291353.0,8.6,2.1,3.9,5.8,20.4
297381.0,12.8,2.5,3.8,3.9,23.0
299807.0,10.4,2.4,4.5,5.1,22.4
297450.0,14.5,3.8,2.8,4.5,25.6
299696.0,18.5,3.8,3.2,2.4,27.9
299199.0,9.6,0.5,4.4,5.4,19.9
297467.0,14.1,2.1,3.7,5.7,25.6
277159.0,14.9,0.1,0.9,1.0,16.9
297557.0,16.5,4.7,4.1,6.2,31.5
209727.0,19.6,4.7,4.8,3.5,32.6
307230.0,8.6,2.2,4.7,2.4,17.9
297622.0,15.0,3.8,4.1,2.4,25.3
283514.0,15.7,4.8,4.4,2.6,27.5
289123.0,8.7,2.1,4.5,3.5,18.8
297623.0,14.3,3.7,4.2,4.8,27.0
295052.0,7.5,2.1,3.3,3.4,16.299999999999997
298085.0,14.1,2.1,3.2,5.1,24.5
297199.0,7.7,2.0,4.0,2.8,16.5
298256.0,16.5,2.7,2.8,4.2,26.2
310044.0,7.5,2.2,4.8,3.0,17.5
298282.0,13.0,3.4,4.3,3.1,23.8
273604.0,14.5,3.7,4.0,2.6,24.8
299614.0,9.6,2.5,3.5,3.0,18.6
298349.0,15.1,3.2,3.6,5.1,27.0
285528.0,8.4,2.0,3.6,5.2,19.2
298379.0,11.7,2.4,2.2,7.1,23.4
297544.0,16.3,1.6,2.6,3.9,24.4
297263.0,11.6,4.3,6.2,6.7,28.8
298721.0,18.8,5.1,4.6,6.4,34.9
268071.0,18.5,5.2,4.9,5.7,34.300000000000004
292203.0,9.5,1.4,3.7,3.2,17.8
298725.0,13.8,3.1,3.8,5.0,25.700000000000003
271140.0,8.4,2.1,4.7,3.7,18.9
298755.0,15.2,2.3,3.3,5.1,25.9
269874.0,7.7,3.6,5.7,3.5,20.5
298774.0,13.4,4.2,3.2,3.6,24.4
312857.0,9.0,2.0,3.6,3.3,17.9
321415.0,9.3,1.3,3.5,2.6,16.700000000000003
294243.0,7.5,2.0,4.0,3.1,16.6
298476.0,12.4,4.1,3.5,5.6,25.6
295295.0,7.5,2.3,4.8,4.8,19.4
299025.0,13.9,2.8,3.9,4.7,25.3
249334.0,18.5,5.0,5.1,2.8,31.4
298012.0,5.5,2.2,4.8,4.6,17.1
299076.0,10.3,2.9,3.8,6.8,23.8
285237.0,9.4,2.0,4.0,3.9,19.3
299128.0,13.3,3.1,3.4,5.3,25.1
298596.0,7.6,1.7,3.9,3.3,16.5
299188.0,14.0,2.5,3.1,3.9,23.5
291623.0,8.1,1.9,5.0,4.6,19.6
299285.0,12.5,2.4,3.6,5.1,23.6
315576.0,13.5,2.8,3.0,3.1,22.4
342424.0,11.4,2.7,4.8,5.2,24.1
299546.0,17.3,5.0,4.8,6.5,33.6
442377.0,13.5,3.0,3.9,2.4,22.8
265278.0,8.8,2.4,4.4,3.9,19.5
299665.0,15.2,3.2,3.5,4.7,26.6
297106.0,11.3,1.9,2.9,2.9,19.0
299765.0,14.0,2.9,3.4,4.7,25.0
313817.0,8.6,1.8,3.7,4.8,18.9
299839.0,15.6,3.2,3.8,6.6,29.200000000000003
326741.0,13.3,2.4,3.2,3.5,22.4
349680.0,8.1,1.5,4.2,2.1,15.9
300042.0,12.2,3.2,3.8,2.7,21.9
280445.0,14.8,4.6,3.9,1.8,25.1
297119.0,7.0,3.0,5.1,3.4,18.5
300278.0,12.4,3.5,3.9,3.5,23.3
311711.0,10.5,2.9,3.7,1.8,18.9
305769.0,7.4,2.2,5.0,2.8,17.400000000000002
300830.0,13.6,3.2,3.7,3.1,23.6
275447.0,14.6,3.6,4.1,2.2,24.5
302622.0,7.6,1.8,4.6,3.4,17.4
301221.0,13.3,3.0,3.3,4.4,24.0
322346.0,11.4,3.3,3.5,2.8,21.0
371119.0,6.1,1.2,4.2,4.1,15.6
301328.0,11.7,4.0,4.1,4.8,24.6
256315.0,11.3,6.6,3.6,6.2,27.7
313855.0,8.0,1.6,4.6,2.6,16.8
301451.0,13.3,2.3,3.6,4.2,23.4
289213.0,15.0,3.6,2.9,2.5,24.0
274874.0,8.2,2.2,4.6,4.5,19.5
301604.0,13.1,2.3,3.7,4.0,23.1
308427.0,12.3,3.5,3.7,2.1,21.6
314760.0,7.8,1.6,4.0,3.1,16.5
301786.0,13.7,3.0,3.7,4.3,24.7
309522.0,13.9,3.2,3.4,2.1,22.6
282660.0,7.8,0.2,4.0,3.5,15.5
302301.0,14.7,1.5,3.1,3.9,23.2
272495.0,14.7,4.5,3.3,2.0,24.5
299098.0,11.9,3.2,4.1,2.9,22.1
285515.0,12.3,4.4,3.7,2.1,22.500000000000004
299731.0,8.0,1.7,4.7,2.9,17.299999999999997
299314.0,12.6,3.8,4.9,2.9,24.2
289654.0,8.7,2.2,4.8,3.2,18.9
277168.0,11.3,1.8,3.6,4.1,20.800000000000004
277884.0,9.9,2.4,3.7,4.0,20.0
299725.0,14.7,2.1,3.3,4.2,24.3
293753.0,8.2,2.2,4.9,3.7,19.0
299760.0,14.5,2.9,3.9,5.4,26.7
296319.0,10.0,2.4,4.1,4.1,20.6
299867.0,14.2,3.0,3.6,4.4,25.200000000000003
318327.0,8.8,1.2,4.7,0.8,15.5
314747.0,5.9,3.3,5.0,2.9,17.099999999999998
302543.0,12.6,4.1,3.8,3.6,24.1
318447.0,11.9,3.8,2.7,2.1,20.5
296763.0,9.3,1.7,4.0,3.4,18.4
302707.0,13.2,3.0,3.9,4.9,25.0
276886.0,15.5,3.2,3.2,3.1,25.0
331127.0,10.5,1.7,4.0,2.6,18.8
302876.0,17.1,2.6,3.1,2.8,25.600000000000005
324517.0,18.0,3.4,2.7,1.8,25.9
304246.0,3.9,2.7,5.8,2.1,14.499999999999998
303121.0,17.3,3.6,0.8,3.0,24.700000000000003
296615.0,14.6,1.8,2.9,1.2,20.5
319613.0,8.3,1.5,3.8,2.9,16.5
303180.0,15.3,2.3,3.1,3.8,24.500000000000004
320520.0,14.6,2.6,2.5,1.8,21.5
287981.0,8.8,2.0,4.4,2.4,17.6
303238.0,15.4,3.1,3.7,3.2,25.4
262362.0,16.9,4.4,4.0,2.2,27.5
305300.0,7.5,1.4,4.6,3.9,17.4
303273.0,13.7,2.1,3.7,4.8,24.3
302597.0,14.5,3.0,3.0,2.3,22.8
300472.0,7.9,1.8,3.9,3.0,16.6
303419.0,13.9,2.8,3.1,3.8,23.6
298637.0,13.1,3.3,3.5,2.3,22.2
307975.0,6.4,2.1,4.9,2.9,16.3
303494.0,12.4,3.3,3.8,4.3,23.8
278593.0,13.7,4.3,3.6,2.5,24.1
313531.0,7.2,2.7,3.8,3.9,17.599999999999998
303561.0,13.4,4.2,3.8,2.6,24.000000000000004
311862.0,10.9,4.5,2.8,2.6,20.8
279136.0,8.8,2.2,4.5,3.8,19.3
303686.0,13.0,2.8,3.4,4.3,23.5
328324.0,12.3,3.4,3.3,3.0,22.0
324704.0,7.1,1.8,4.6,3.5,17.0
303839.0,13.7,3.1,3.3,4.3,24.4
362002.0,11.5,2.6,2.8,2.0,18.9
317792.0,7.0,2.4,4.2,3.3,16.900000000000002
304290.0,12.9,2.7,3.8,3.8,23.200000000000003
293325.0,14.4,3.1,3.0,2.7,23.2
315064.0,8.2,1.8,3.7,3.7,17.4
304729.0,12.9,2.5,3.7,4.3,23.4
316514.0,12.9,3.2,3.4,2.5,22.0
306666.0,8.1,1.4,3.8,3.1,16.400000000000002
305826.0,13.0,2.6,3.9,3.2,22.7
319112.0,12.5,3.6,3.4,1.9,21.4
292824.0,9.3,1.9,4.3,2.4,17.9
305827.0,13.8,2.8,3.8,2.7,23.1
284843.0,14.3,4.0,4.1,2.4,24.8
296201.0,6.9,1.8,5.6,2.9,17.2
306016.0,12.0,2.8,4.9,3.4,23.1
327135.0,9.3,3.0,4.3,2.6,19.200000000000003
328407.0,6.4,1.9,4.9,2.8,16.0
306172.0,12.3,3.1,4.3,3.4,23.1
289448.0,13.7,3.7,4.8,2.7,24.9
320382.0,7.7,1.6,4.1,4.0,17.4
306560.0,11.8,2.2,3.1,5.2,22.3
341352.0,11.8,1.4,2.8,3.3,19.3
307100.0,7.5,3.0,4.7,2.3,17.5
306746.0,13.1,4.0,3.8,2.4,23.3
323737.0,11.2,3.6,3.1,2.0,19.9
305979.0,7.5,1.6,4.1,4.4,17.6
306955.0,13.0,2.4,3.7,4.7,23.8
310039.0,12.2,2.9,3.7,2.5,21.3
305592.0,5.8,2.2,6.3,2.0,16.3
307952.0,12.4,4.0,3.5,3.7,23.6
339704.0,12.2,4.0,3.2,2.8,22.2
356737.0,5.8,2.4,4.4,2.3,14.9
308001.0,12.9,3.5,4.2,2.7,23.3
334313.0,12.9,3.5,3.2,1.5,21.1
335881.0,6.4,1.8,4.2,3.7,16.1
308289.0,14.9,3.8,3.4,5.2,27.3
309023.0,6.3,2.0,4.9,3.4,16.6
308489.0,11.2,2.4,4.0,4.7,22.3
335370.0,9.0,2.7,4.2,1.9,17.799999999999997
296417.0,8.4,2.1,4.1,2.7,17.3
308727.0,12.6,3.2,3.9,3.5,23.2
280656.0,14.6,3.6,3.6,2.4,24.2
330740.0,7.5,2.2,4.0,3.3,17.0
308920.0,12.5,2.4,3.9,5.1,23.9
325634.0,11.3,2.8,3.7,2.8,20.6
323773.0,6.2,1.8,3.8,1.6,13.4
309286.0,13.0,2.2,2.9,2.8,20.9
291060.0,11.6,4.3,3.7,3.4,23.0
217798.0,21.5,7.5,4.0,0.5,33.5
316037.0,8.2,1.7,3.8,4.8,18.5
309466.0,13.0,3.3,3.1,6.3,25.700000000000003
343442.0,12.0,1.8,2.8,3.3,19.9
329132.0,7.9,1.6,3.2,2.8,15.5
309531.0,14.2,2.3,3.4,3.9,23.8
333979.0,14.8,3.1,2.9,1.7,22.5
315799.0,6.6,3.2,4.5,3.1,17.400000000000002
309694.0,12.3,2.9,3.4,2.8,21.4
319102.0,10.6,5.0,3.4,1.8,20.8
310567.0,6.6,1.8,3.2,4.7,16.3
309763.0,11.9,2.4,4.3,3.1,21.700000000000003
290534.0,14.5,3.1,3.8,2.4,23.8
310854.0,7.5,2.3,5.2,3.6,18.6
310298.0,12.4,3.1,4.0,3.5,23.0
301256.0,12.8,3.7,4.4,2.0,22.9
360955.0,6.6,2.1,4.1,3.0,15.8
310502.0,12.8,3.1,3.9,4.4,24.200000000000003
314254.0,12.0,3.9,4.0,3.2,23.1
321249.0,5.9,2.2,4.9,3.3,16.3
310506.0,12.3,2.7,4.0,3.5,22.5
294692.0,13.6,4.1,3.5,2.0,23.2
302012.0,8.0,1.8,3.8,3.5,17.1
310909.0,12.2,2.6,3.7,5.0,23.5
332347.0,12.8,2.4,3.4,1.8,20.4
308404.0,7.8,2.6,5.2,3.3,18.9
311179.0,14.1,3.9,3.9,3.0,24.9
328075.0,12.6,4.0,3.4,2.0,22.0
309707.0,7.8,1.8,4.5,3.6,17.7
311275.0,12.5,2.5,3.7,4.6,23.3
320920.0,12.8,3.1,3.4,2.6,21.9
326368.0,6.6,2.1,4.5,2.8,16.0
312138.0,14.0,2.8,3.5,3.2,23.5
298144.0,15.2,3.3,3.4,1.6,23.5
298882.0,8.5,1.9,4.2,2.9,17.5
312263.0,13.0,2.5,3.6,3.1,22.200000000000003
288606.0,14.0,4.2,3.8,2.2,24.2
347089.0,7.2,1.2,4.7,2.6,15.7
312546.0,13.5,2.9,3.8,3.6,23.8
334514.0,13.0,4.7,4.0,2.3,24.0
344850.0,8.5,1.3,3.3,1.9,15.000000000000002
312727.0,14.6,2.0,3.1,3.0,22.700000000000003
331612.0,13.6,3.5,2.8,1.5,21.4
339009.0,6.8,1.7,4.5,2.8,15.8
312733.0,13.6,2.6,3.1,3.8,23.1
347674.0,13.6,1.5,2.2,2.2,19.5
322580.0,7.4,2.5,4.6,2.8,17.3
312790.0,12.7,3.0,4.3,3.2,23.2
297939.0,14.4,3.8,3.9,2.8,24.9
321390.0,7.0,2.7,4.4,2.9,17.0
301067.0,9.2,2.4,4.6,2.8,19.0
313029.0,13.1,3.2,4.2,2.9,23.4
321065.0,8.6,2.1,2.6,1.6,14.9
313118.0,9.6,1.5,5.4,6.0,22.5
307143.0,15.7,4.0,5.6,2.9,28.2
286241.0,8.1,1.9,4.5,3.4,17.9
313555.0,12.6,2.3,3.4,3.8,22.1
322104.0,11.7,2.9,3.0,2.4,20.0
326726.0,6.6,2.5,4.0,2.5,15.6
313745.0,12.7,3.3,3.4,2.4,21.8
320500.0,11.9,4.2,3.9,2.1,22.1
286042.0,7.7,2.2,4.8,3.4,18.1
313781.0,13.1,2.8,3.9,3.2,23.0
283067.0,12.8,4.4,4.0,2.1,23.300000000000004
327309.0,6.8,2.7,4.3,2.8,16.6
314156.0,12.5,3.4,3.4,3.0,22.3
328556.0,10.1,4.3,2.9,2.2,19.5
323426.0,7.8,1.6,4.5,2.7,16.6
314720.0,13.6,3.5,3.0,3.7,23.8
323569.0,13.1,4.1,3.5,3.3,24.0
445066.0,5.2,0.9,2.9,2.4,11.4
315133.0,14.5,3.9,4.9,4.2,27.5
205646.0,20.8,6.6,4.1,2.7,34.2
287926.0,6.8,3.1,4.6,1.9,16.4
315609.0,13.0,3.8,4.6,2.9,24.3
278490.0,17.6,3.8,3.1,1.5,26.000000000000004
309748.0,8.3,1.7,3.7,3.2,16.9
315614.0,12.5,2.3,2.9,4.4,22.1
334005.0,11.7,2.1,3.1,2.2,19.1
321093.0,7.9,1.5,3.5,3.1,16.0
316147.0,12.2,2.4,3.6,4.3,22.5
309024.0,13.0,3.4,3.6,2.2,22.2
329601.0,7.5,1.2,3.8,3.3,15.8
316247.0,14.7,2.6,3.1,3.5,23.9
335565.0,12.2,3.5,3.0,2.3,21.0
329455.0,7.2,1.9,4.1,2.9,16.099999999999998
316507.0,13.3,2.7,3.7,3.0,22.7
297592.0,13.8,4.4,3.7,1.9,23.8
350298.0,9.7,1.0,3.2,1.9,15.8
315007.0,7.9,0.9,3.8,3.7,16.3
317202.0,13.4,1.8,3.7,3.2,22.1
318394.0,12.4,1.8,3.1,2.9,20.2
444561.0,6.8,1.2,3.5,1.9,13.4
317930.0,11.4,2.3,4.3,5.5,23.5
313842.0,6.5,2.3,4.3,3.0,16.1
318196.0,12.5,3.5,3.6,2.8,22.4
330633.0,9.2,3.9,4.2,2.2,19.5
272811.0,8.9,1.5,3.9,5.4,19.700000000000003
318430.0,13.9,3.1,3.9,1.4,22.3
351475.0,7.1,1.7,4.1,2.3,15.2
318471.0,12.4,3.2,4.0,2.5,22.1
317572.0,14.2,4.4,3.6,1.4,23.6
323586.0,6.8,2.1,4.8,2.9,16.599999999999998
318484.0,11.4,3.7,3.6,3.3,22.000000000000004
336284.0,10.5,4.1,3.5,1.6,19.700000000000003
263972.0,5.8,3.5,5.6,3.5,18.4
318782.0,12.3,3.1,4.2,2.6,22.200000000000003
312916.0,7.1,1.9,4.4,3.1,16.5
319292.0,14.0,2.5,3.6,3.7,23.8
306846.0,12.9,3.8,2.8,1.9,21.4
357325.0,8.1,1.5,3.6,2.4,15.6
319677.0,13.8,2.1,2.9,3.7,22.5
336883.0,13.4,2.9,2.6,2.1,21.000000000000004
320296.0,7.8,1.6,3.7,4.6,17.700000000000003
319761.0,12.3,2.1,3.5,5.0,22.9
357391.0,10.9,2.9,3.0,3.7,20.5
327247.0,6.9,1.8,4.5,2.7,15.900000000000002
319960.0,11.8,2.6,3.3,3.1,20.8
297896.0,13.8,3.9,3.6,1.8,23.1
313585.0,7.2,2.2,3.2,3.5,16.1
320170.0,14.0,2.0,2.8,4.9,23.700000000000003
337475.0,12.7,2.4,2.6,3.3,21.0
337140.0,8.4,1.5,3.6,2.1,15.6
321593.0,5.0,2.1,5.4,3.3,15.8
320427.0,10.9,3.2,4.4,3.8,22.3
334215.0,9.7,2.8,3.5,2.4,18.4
317976.0,6.6,2.5,5.2,2.9,17.2
320469.0,12.0,3.9,3.7,2.6,22.200000000000003
333286.0,10.4,4.0,3.7,1.9,20.0
335871.0,7.6,2.8,5.0,2.5,17.9
320471.0,14.3,2.1,3.6,4.2,24.200000000000003
310498.0,8.9,1.6,3.2,3.7,17.4
320484.0,12.2,2.6,3.4,4.6,22.8
321037.0,12.3,2.9,3.4,2.9,21.5
348871.0,6.4,1.8,4.4,2.5,15.1
320550.0,12.6,2.9,3.8,3.2,22.5
273829.0,15.1,4.3,4.1,2.1,25.6
352763.0,4.9,1.4,3.3,3.4,13.000000000000002
320769.0,13.9,1.8,2.4,3.7,21.8
373990.0,10.5,1.5,2.9,2.7,17.6
328549.0,6.5,1.9,4.4,2.8,15.6
321559.0,11.2,2.8,3.6,3.6,21.200000000000003
297404.0,12.1,3.3,3.5,2.0,20.9
398090.0,6.1,1.6,4.0,2.1,13.8
321643.0,12.9,2.6,4.3,2.8,22.6
328320.0,12.3,4.4,2.8,1.7,21.200000000000003
315281.0,6.6,1.4,4.0,2.6,14.6
321791.0,9.8,2.1,3.5,4.9,20.3
362933.0,10.4,2.0,3.1,2.0,17.5
292223.0,4.9,2.8,3.8,3.9,15.4
321840.0,12.6,3.4,3.3,3.6,22.9
275218.0,15.1,3.4,3.2,3.7,25.4
325584.0,7.0,1.7,3.8,2.8,15.3
321873.0,12.4,2.7,3.8,4.2,23.1
306305.0,12.7,3.0,3.5,2.1,21.3
322374.0,11.0,5.8,1.0,5.8,23.6
353319.0,7.0,1.3,4.3,3.0,15.6
322375.0,12.1,2.4,4.2,4.2,22.9
286632.0,14.2,4.1,3.7,2.1,24.1
349651.0,7.7,1.7,4.4,2.1,15.9
322584.0,12.6,2.6,4.3,3.0,22.5
301986.0,14.5,3.7,3.2,1.9,23.3
289323.0,9.5,0.8,5.5,2.8,18.6
322868.0,14.5,1.3,5.8,4.5,26.1
349374.0,8.1,2.4,3.8,4.2,18.5
323027.0,14.0,5.1,4.7,4.5,28.3
208699.0,20.9,6.7,5.4,3.9,36.9
443619.0,4.6,1.3,3.5,4.9,14.3
323441.0,11.5,4.4,4.1,7.9,27.9
309952.0,12.2,3.8,3.6,4.1,23.700000000000003
341308.0,6.0,1.7,4.3,3.1,15.1
323895.0,10.0,2.3,3.6,3.8,19.7
331021.0,9.4,2.2,3.9,2.6,18.1
370143.0,6.5,2.0,3.4,3.1,15.0
355612.0,7.6,1.4,3.4,2.2,14.6
324060.0,15.1,2.3,2.0,2.8,22.2
336902.0,12.3,3.6,2.1,2.5,20.5
322242.0,7.0,1.2,4.7,2.2,15.099999999999998
324171.0,13.2,3.5,3.6,3.5,23.8
335044.0,15.3,3.8,2.8,1.4,23.3
319234.0,6.9,2.4,5.0,3.4,17.7
325101.0,12.1,3.0,3.9,3.5,22.5
280387.0,16.2,5.0,3.8,2.2,27.2
325213.0,9.5,2.7,4.2,6.3,22.7
184229.0,11.9,5.6,6.4,2.9,26.8
341979.0,6.2,2.2,4.0,3.4,15.8
325978.0,12.0,3.9,2.9,2.7,21.5
334604.0,10.1,4.0,3.1,2.6,19.8
305515.0,7.4,2.2,4.7,3.5,17.8
326458.0,12.2,2.7,3.5,4.1,22.5
346508.0,10.7,2.9,3.4,2.2,19.2
369644.0,9.1,1.0,2.9,2.4,15.4
327034.0,15.4,2.4,2.7,2.7,23.2
320062.0,14.2,2.8,2.7,1.9,21.6
327217.0,14.0,2.6,3.5,4.7,24.8
365906.0,11.3,3.7,3.1,2.6,20.700000000000003
346585.0,6.7,1.6,3.9,3.5,15.7
327670.0,11.5,2.4,3.5,4.8,22.2
346036.0,11.0,2.4,2.9,2.1,18.4
331324.0,6.5,2.2,4.8,2.3,15.8
327895.0,12.1,2.8,3.8,3.1,21.8
304521.0,11.9,4.1,4.2,2.0,22.2
310722.0,7.9,2.0,4.7,2.1,16.700000000000003
327898.0,11.6,2.6,3.7,3.3,21.2
299844.0,12.4,4.3,4.0,2.0,22.7
324206.0,8.1,2.2,3.8,2.6,16.700000000000003
328324.0,13.7,2.4,3.1,2.9,22.1
305384.0,13.2,3.9,3.7,1.9,22.7
314259.0,7.3,1.9,4.1,3.5,16.799999999999997
328595.0,11.6,2.6,3.8,4.7,22.7
316642.0,10.8,3.6,3.9,2.3,20.6
358208.0,8.2,1.8,3.2,2.4,15.6
328992.0,14.3,2.2,2.4,3.6,22.5
338961.0,14.4,2.5,2.6,1.4,20.9
338449.0,7.0,1.7,4.2,2.9,15.8
329130.0,12.6,2.8,4.0,2.8,22.2
302745.0,13.5,4.1,4.1,1.9,23.6
601235.0,5.8,1.2,3.3,3.4,13.7
329142.0,14.9,3.6,3.8,6.4,28.700000000000003
227013.0,17.5,4.9,4.5,4.3,31.2
369731.0,10.0,1.2,3.2,2.1,16.5
329157.0,15.1,2.6,3.0,3.1,23.8
323910.0,15.5,3.4,2.8,2.0,23.7
322074.0,6.8,0.6,3.2,3.0,13.6
329383.0,9.6,2.1,5.7,4.3,21.7
474323.0,7.7,1.5,3.6,2.6,15.4
358099.0,5.7,1.7,3.2,3.2,13.8
330144.0,10.8,2.1,2.9,4.9,20.700000000000003
429761.0,7.3,2.1,3.3,1.6,14.3
332019.0,6.8,1.7,4.3,2.8,15.6
330206.0,14.0,2.2,2.9,3.2,22.3
335811.0,10.2,2.9,3.2,2.4,18.7
325233.0,7.3,2.4,5.3,3.2,18.2
330387.0,11.8,2.9,4.3,2.9,21.9
329458.0,11.2,3.9,4.4,2.3,21.8
347467.0,5.1,1.5,5.1,2.8,14.5
330441.0,14.9,3.2,2.3,3.7,24.1
329630.0,12.2,3.7,3.7,2.2,21.8
323331.0,7.4,2.2,4.3,3.6,17.500000000000004
330803.0,12.0,2.4,3.0,4.3,21.7
320735.0,12.8,3.2,3.0,2.7,21.7
377003.0,7.4,1.6,3.2,1.9,14.1
330917.0,13.8,1.8,2.6,2.6,20.800000000000004
341293.0,13.6,2.9,2.3,1.5,20.3
310444.0,8.3,1.7,3.5,3.8,17.3
331225.0,12.3,2.1,2.7,4.6,21.700000000000003
348911.0,10.0,2.0,3.3,2.6,17.900000000000002
342001.0,7.4,2.0,4.5,2.8,16.7
350273.0,5.5,2.2,4.1,2.3,14.1
329653.0,7.4,1.4,3.8,2.4,15.000000000000002
331460.0,13.9,2.3,3.0,3.0,22.2
339890.0,11.2,3.2,3.1,1.6,19.1
439640.0,6.2,1.7,3.8,3.9,15.6
331468.0,12.6,3.2,3.6,4.6,24.0
296837.0,13.9,3.9,3.5,3.2,24.5
337091.0,7.6,1.8,4.3,3.3,17.0
331524.0,11.9,2.6,4.0,3.9,22.4
322836.0,13.5,3.3,3.1,2.2,22.1
338914.0,7.9,1.2,3.5,4.0,16.6
331607.0,11.7,2.5,3.8,4.7,22.7
382988.0,9.4,1.5,2.1,2.7,15.7
361480.0,6.5,2.0,3.6,2.6,14.7
331822.0,12.1,2.7,3.3,2.4,20.5
342500.0,9.1,4.4,3.1,2.2,18.8
330072.0,8.3,1.4,3.5,2.0,15.2
332230.0,13.2,2.6,3.3,2.4,21.5
316532.0,6.6,1.4,4.7,2.9,15.6
332297.0,11.6,2.1,3.5,3.2,20.4
335930.0,11.4,2.8,3.6,2.5,20.3
350613.0,6.6,1.0,4.4,2.8,14.8
332433.0,14.4,1.9,2.7,3.3,22.3
311450.0,14.7,2.1,3.5,2.3,22.6
354707.0,5.3,1.6,4.5,2.9,14.3
332506.0,10.0,3.5,3.9,2.7,20.1
345124.0,9.4,3.3,4.0,2.6,19.3
336810.0,7.8,1.3,4.0,4.8,17.9
332535.0,14.9,2.3,3.0,5.5,25.7
371807.0,13.8,2.8,3.1,1.9,21.6
345226.0,8.0,1.2,4.2,2.4,15.8
333208.0,10.6,2.8,4.7,3.9,22.0
337627.0,11.2,1.5,3.1,2.9,18.7
321912.0,6.7,1.4,4.9,3.2,16.2
333657.0,12.9,3.2,3.6,3.6,23.300000000000004
305099.0,13.4,3.5,3.3,2.1,22.3
347078.0,6.7,1.6,4.3,2.9,15.500000000000002
334388.0,12.9,2.5,2.9,4.3,22.6
395499.0,9.5,2.3,2.7,2.1,16.6
424521.0,8.2,0.8,3.6,1.6,14.2
334427.0,15.0,3.1,3.4,2.6,24.1
347793.0,15.3,3.7,3.0,2.2,24.2
335050.0,6.3,1.5,4.4,2.9,15.1
334708.0,10.9,2.5,3.8,3.3,20.5
311603.0,12.9,3.2,3.7,1.8,21.6
376428.0,8.2,1.2,2.9,2.2,14.5
335153.0,14.6,2.2,2.7,2.8,22.3
368945.0,12.9,3.0,3.0,1.3,20.2
335340.0,13.2,1.8,2.6,5.9,23.5
365863.0,8.0,4.4,2.5,1.3,16.2
334758.0,6.5,2.3,4.0,2.8,15.6
335927.0,9.5,3.1,4.4,3.1,20.1
346225.0,9.1,4.7,3.8,2.2,19.8
347836.0,7.3,1.4,3.8,2.4,14.9
336386.0,12.1,2.4,3.2,3.2,20.9
320211.0,12.4,3.4,3.1,2.1,21.000000000000004
358850.0,7.4,1.6,3.5,2.2,14.7
336425.0,12.7,3.0,3.8,3.9,23.4
298723.0,14.9,4.7,3.6,2.3,25.500000000000004
371464.0,5.6,2.2,3.7,2.2,13.7
336432.0,10.5,2.4,3.3,3.7,19.9
347994.0,9.2,2.7,3.7,2.1,17.7
339589.0,6.1,1.6,4.5,2.3,14.5
336746.0,11.8,2.3,3.6,2.4,20.1
293736.0,12.3,3.8,3.5,2.1,21.700000000000003
343839.0,7.0,2.1,4.8,3.1,17.0
336779.0,11.4,3.5,3.9,3.0,21.8
396905.0,7.3,1.2,3.5,2.3,14.3
336891.0,12.6,2.6,3.6,3.0,21.8
345965.0,12.2,3.0,2.1,1.3,18.6
415191.0,5.5,1.1,3.5,2.9,13.0
337231.0,11.4,3.4,3.7,4.5,23.0
318196.0,13.7,4.0,4.1,3.1,24.9
315311.0,8.4,1.5,3.5,2.9,16.3
337909.0,12.1,1.8,3.3,4.0,21.2
331401.0,11.0,2.6,3.3,2.3,19.2
356770.0,7.2,1.7,3.4,4.4,16.700000000000003
338294.0,13.0,2.1,2.6,4.5,22.2
390884.0,8.4,1.5,3.1,2.9,15.9
341321.0,7.5,1.1,3.6,2.3,14.5
338374.0,13.7,2.3,3.0,3.3,22.3
333892.0,12.0,3.1,3.3,1.9,20.3
351420.0,6.1,1.1,4.5,2.6,14.3
340080.0,10.1,2.7,4.3,3.5,20.6
349429.0,10.6,3.3,3.8,2.0,19.7
574740.0,4.8,1.3,3.1,2.3,11.5
340175.0,12.0,2.5,3.5,4.3,22.3
307111.0,7.8,2.6,4.7,3.0,18.1
340401.0,12.5,2.6,3.9,2.8,21.8
371526.0,10.9,3.8,3.4,1.7,19.8
343659.0,7.9,1.4,4.6,1.8,15.7
341048.0,13.6,2.1,3.4,2.5,21.6
328413.0,14.1,3.7,3.5,1.5,22.8
333975.0,5.4,1.0,4.8,2.0,13.2
341468.0,13.7,2.3,2.3,4.0,22.3
463079.0,7.8,2.3,3.8,2.3,16.2
328956.0,6.5,2.2,4.6,2.0,15.3
342328.0,12.2,2.9,3.0,3.0,21.1
303481.0,12.8,3.8,3.8,2.1,22.500000000000004
411721.0,6.9,1.1,3.3,1.9,13.2
342893.0,13.7,2.2,2.9,3.8,22.6
349434.0,14.5,3.3,2.3,2.0,22.1
356289.0,7.4,1.0,3.7,1.9,14.000000000000002
424002.0,7.9,1.7,3.7,2.8,16.1
418602.0,7.9,1.0,2.8,2.5,14.2
373166.0,7.3,1.1,3.4,3.7,15.5
352575.0,6.2,1.7,3.9,2.8,14.6
343262.0,13.0,2.6,3.1,3.4,22.1
337423.0,6.3,1.5,3.4,4.1,15.3
344331.0,12.1,2.1,1.9,4.1,20.2
359823.0,11.9,2.0,3.1,2.3,19.3
351212.0,6.9,1.6,4.4,1.8,14.7
344541.0,11.7,2.6,3.3,2.2,19.8
313899.0,13.0,3.9,3.6,1.8,22.3
345207.0,7.9,0.5,3.5,1.9,13.8
344595.0,10.4,3.3,4.9,2.9,21.5
379713.0,8.4,3.7,2.6,2.9,17.6
334401.0,7.0,2.0,5.4,3.7,18.1
344689.0,13.4,2.4,2.3,4.5,22.6
332330.0,12.8,3.2,3.6,2.8,22.4
374322.0,6.5,1.4,4.5,2.3,14.7
344733.0,12.6,2.4,3.5,2.8,21.3
313510.0,12.2,3.9,3.9,2.2,22.2
351250.0,6.4,1.3,3.9,2.8,14.4
344745.0,12.3,2.6,3.2,3.5,21.6
311064.0,12.5,3.6,3.9,2.1,22.1
338099.0,6.6,1.9,5.1,2.6,16.2
344806.0,11.1,2.7,4.0,3.0,20.8
350513.0,10.0,2.5,4.1,2.1,18.700000000000003
325558.0,7.1,2.0,4.1,2.4,15.6
344866.0,12.1,1.7,2.9,2.7,19.4
319282.0,13.0,3.4,2.9,1.9,21.2
370932.0,5.9,1.9,4.6,2.4,14.8
345208.0,11.7,3.0,3.6,3.0,21.3
341726.0,10.9,3.6,3.4,2.0,19.9
351138.0,8.0,2.0,5.2,3.1,18.3
345598.0,11.7,5.9,5.6,3.4,26.6
405373.0,9.8,4.1,3.1,3.2,20.2
373350.0,6.3,1.7,3.7,2.6,14.3
345797.0,13.5,2.1,3.3,3.7,22.6
290114.0,13.7,3.2,3.9,2.3,23.1
349813.0,5.8,1.7,4.1,2.7,14.3
345935.0,10.6,1.8,3.5,3.3,19.2
314082.0,11.6,3.1,3.6,2.0,20.3
354054.0,6.5,1.5,4.2,2.2,14.4
346100.0,12.1,2.0,3.0,3.2,20.3
315975.0,11.9,3.8,3.8,2.2,21.7
335169.0,7.6,1.9,4.4,2.6,16.5
346813.0,13.3,2.0,3.1,3.4,21.8
333802.0,11.8,3.4,3.4,2.0,20.6
344479.0,8.0,1.7,3.3,3.3,16.3
346948.0,13.2,1.4,2.4,3.4,20.4
332196.0,14.5,2.5,3.3,1.6,21.9
346170.0,9.5,1.3,2.4,1.8,15.000000000000002
347259.0,17.9,1.4,2.6,2.4,24.3
327684.0,15.1,3.3,3.4,1.4,23.2
416347.0,6.8,1.2,3.5,3.2,14.7
347261.0,12.3,2.3,3.3,4.3,22.200000000000003
384258.0,9.0,2.7,3.0,2.7,17.4
365046.0,6.6,1.6,3.9,2.0,14.1
347365.0,11.7,2.6,3.9,2.8,21.0
313601.0,11.8,3.5,3.9,2.3,21.5
363658.0,6.0,1.4,3.4,3.0,13.8
347706.0,11.7,2.3,2.7,4.0,20.7
364496.0,10.5,2.1,3.0,2.2,17.8
462264.0,6.0,2.4,3.5,2.2,14.1
347722.0,11.5,2.4,3.2,3.5,20.6
398916.0,10.7,3.2,2.3,2.3,18.5
400020.0,5.3,1.9,3.0,3.3,13.5
347730.0,11.2,1.1,3.0,4.6,19.9
373157.0,13.5,1.6,2.9,1.9,19.9
386592.0,7.1,1.2,3.5,2.9,14.7
347859.0,10.8,3.2,3.6,4.6,22.200000000000003
334577.0,7.1,1.4,4.2,3.0,15.7
348198.0,12.1,2.5,3.4,4.0,22.0
349787.0,11.5,2.8,3.0,2.3,19.6
427029.0,8.1,0.9,3.3,2.2,14.5
348388.0,14.2,1.9,3.1,3.2,22.4
369273.0,13.5,2.8,2.4,1.7,20.4
344316.0,7.2,1.4,3.7,2.7,15.0
348573.0,12.4,1.9,2.2,4.1,20.6
348706.0,9.4,2.9,3.6,2.8,18.7
357328.0,6.9,1.0,4.1,2.6,14.6
349277.0,11.6,2.2,2.8,4.3,20.9
353312.0,10.2,2.9,2.5,2.6,18.2
707831.0,3.8,1.6,5.9,2.7,14.0
349370.0,11.8,1.7,2.0,4.5,20.0
241821.0,14.9,3.4,5.3,4.7,28.3
631728.0,5.1,0.9,2.6,2.5,11.1
350028.0,11.2,2.0,2.7,5.3,21.2
334936.0,14.8,3.2,3.2,2.6,23.8
344751.0,7.6,1.8,3.3,2.9,15.6
350426.0,12.2,2.0,2.6,3.7,20.5
350982.0,10.5,2.7,3.3,2.2,18.7
376935.0,6.5,1.2,3.4,2.9,14.0
350507.0,11.7,2.3,3.2,3.8,21.0
421308.0,10.8,1.9,1.8,1.3,15.800000000000002
333889.0,6.2,1.9,4.2,2.9,15.2
350908.0,10.9,2.0,3.5,4.1,20.5
345611.0,11.1,2.5,3.2,2.2,19.0
381089.0,5.0,2.1,4.4,1.8,13.3
351018.0,10.7,2.9,3.3,2.7,19.6
366624.0,10.0,4.3,2.7,2.2,19.2
403928.0,6.6,1.2,3.8,2.3,13.9
351152.0,12.8,2.2,2.7,3.5,21.2
373360.0,12.5,2.8,2.0,1.2,18.5
429782.0,6.1,2.0,3.5,3.2,14.8
351215.0,12.2,3.4,4.2,5.4,25.200000000000003
301667.0,14.8,3.6,3.5,3.3,25.200000000000003
478355.0,5.9,1.6,3.4,3.0,13.9
351230.0,11.9,2.3,3.4,4.7,22.3
352266.0,11.2,3.6,3.6,2.8,21.2
374375.0,5.5,1.5,4.8,2.4,14.2
356522.0,5.9,1.3,4.9,2.3,14.400000000000002
351793.0,9.7,2.3,3.5,3.7,19.2
337148.0,11.0,2.6,3.7,2.0,19.3
404376.0,7.2,1.2,3.3,2.3,14.0
351912.0,13.6,1.9,2.1,2.6,20.200000000000003
369723.0,13.2,2.8,2.7,1.3,20.0
335759.0,8.0,1.6,2.9,2.4,14.9
352168.0,11.3,3.3,4.9,2.8,22.3
320741.0,10.6,3.9,4.3,2.6,21.4
339434.0,6.5,1.6,3.7,3.2,15.0
352214.0,15.0,2.4,3.3,3.9,24.6
372119.0,8.4,2.1,3.1,2.9,16.5
340999.0,7.9,1.2,3.4,3.0,15.5
352737.0,12.3,2.2,3.2,3.1,20.8
360962.0,11.5,2.5,2.8,2.2,19.0
368705.0,7.3,0.8,4.1,2.0,14.2
352951.0,14.8,1.8,3.0,3.3,22.9
374102.0,11.2,3.0,3.9,1.6,19.7
391608.0,5.4,1.8,4.5,1.9,13.6
353277.0,11.2,2.1,4.6,2.4,20.3
355812.0,8.5,2.0,3.6,2.3,16.4
367592.0,6.2,1.6,5.1,2.4,15.3
353293.0,9.7,2.5,4.3,3.1,19.6
358466.0,9.6,2.9,3.5,2.4,18.4
440425.0,7.9,1.3,2.9,1.8,13.900000000000002
354285.0,12.2,2.5,2.6,3.4,20.7
376874.0,12.8,2.3,2.1,1.3,18.500000000000004
544365.0,5.9,1.3,3.5,3.2,13.9
354976.0,12.4,2.0,3.0,5.2,22.6
351795.0,7.6,1.6,4.2,2.2,15.599999999999998
355194.0,14.7,1.7,3.0,2.0,21.4
326655.0,12.6,3.2,3.4,1.8,21.0
376976.0,6.6,1.9,3.6,2.2,14.3
355796.0,9.2,2.7,3.9,3.1,18.9
377474.0,9.2,3.8,2.8,2.1,17.900000000000002
365529.0,6.2,1.5,3.9,2.5,14.1
355969.0,11.3,2.8,3.2,2.9,20.2
321382.0,12.2,3.5,3.8,2.1,21.6
411689.0,6.2,1.0,4.3,1.8,13.3
356864.0,11.8,2.5,3.9,3.0,21.2
396923.0,8.5,2.2,3.7,2.3,16.7
356901.0,12.7,1.7,3.0,2.3,19.7
364577.0,11.1,2.6,3.1,1.5,18.3
375787.0,6.2,1.3,3.7,3.0,14.2
357202.0,11.1,2.2,3.1,4.5,20.9
379604.0,9.7,2.4,3.4,2.3,17.8
346009.0,6.8,1.6,4.0,2.1,14.5
357216.0,11.2,2.8,3.5,2.5,20.0
319650.0,11.7,3.5,3.3,2.2,20.7
350996.0,7.8,1.9,3.5,3.1,16.3
357726.0,11.8,1.6,2.7,4.9,21.0
343565.0,11.0,2.9,3.9,2.3,20.1
330142.0,6.7,2.4,5.1,2.1,16.3
357829.0,12.6,2.7,3.5,2.9,21.7
345972.0,12.2,3.5,3.0,1.6,20.3
357991.0,11.3,2.0,2.5,3.5,19.3
350495.0,6.5,1.4,3.6,2.3,13.8
358071.0,11.7,2.2,2.2,3.4,19.5
353604.0,9.7,2.5,3.8,1.9,17.9
369485.0,6.3,1.4,3.2,2.3,13.2
358297.0,13.0,1.8,1.6,3.4,19.8
363306.0,9.9,1.6,3.1,2.4,17.0
411557.0,5.9,1.2,3.2,2.7,13.0
358610.0,10.7,2.4,3.2,4.4,20.700000000000003
372666.0,10.4,2.4,2.4,2.1,17.3
357110.0,7.7,1.3,3.0,3.6,15.6
358931.0,12.8,2.3,2.7,4.3,22.1
353305.0,13.0,3.3,3.9,1.6,21.8
350649.0,6.3,1.2,4.8,1.8,14.1
359248.0,11.6,2.4,3.5,2.7,20.2
323029.0,11.5,3.9,4.3,1.7,21.4
376794.0,6.5,1.4,3.1,3.1,14.1
359302.0,11.7,2.9,3.4,4.2,22.2
310537.0,12.6,3.9,3.5,2.3,22.3
345368.0,7.2,1.2,3.8,4.1,16.299999999999997
359920.0,10.7,1.9,2.4,4.6,19.6
406997.0,9.0,2.3,2.4,1.5,15.2
442119.0,7.9,1.5,3.5,1.4,14.3
360073.0,14.8,2.4,2.5,2.9,22.6
339066.0,13.2,2.9,2.4,1.8,20.3
377046.0,6.6,1.1,4.1,2.7,14.5
360348.0,12.8,2.1,3.8,2.9,21.6
361537.0,11.1,3.3,4.4,1.8,20.6
495966.0,9.7,0.6,1.9,2.2,14.4
360477.0,15.2,2.2,2.8,1.9,22.1
379174.0,13.6,2.0,2.6,0.9,19.1
390660.0,6.6,1.4,4.5,2.4,14.9
360593.0,11.3,2.2,3.9,2.2,19.6
365613.0,11.3,2.6,3.8,2.5,20.2
339837.0,7.6,1.2,3.1,2.9,14.8
361264.0,12.1,2.4,4.0,4.5,23.0
362902.0,6.5,1.7,4.1,1.8,14.1
361626.0,11.6,2.5,3.8,2.5,20.4
321370.0,12.5,3.9,3.5,1.5,21.4
424027.0,5.7,2.0,3.8,2.8,14.3
362403.0,12.0,2.2,3.0,4.2,21.4
359923.0,12.3,2.2,3.8,2.2,20.5
390113.0,5.9,1.6,4.2,1.6,13.3
362576.0,11.0,2.4,3.4,2.8,19.6
358910.0,9.8,3.2,3.3,2.2,18.5
368976.0,6.8,1.2,4.2,2.4,14.6
362586.0,11.9,2.1,3.1,3.1,20.200000000000003
341095.0,11.2,3.2,3.3,2.3,20.0
471239.0,6.7,1.0,2.6,1.7,12.0
362805.0,12.5,1.9,2.0,2.6,19.0
372436.0,11.9,2.7,2.5,1.5,18.6
354212.0,6.6,1.7,3.9,2.8,15.0
362833.0,11.2,2.6,3.1,3.9,20.8
322198.0,12.0,3.3,3.6,1.7,20.6
344506.0,7.7,1.8,3.8,2.4,15.7
362952.0,12.6,2.2,3.0,2.5,20.3
326252.0,11.9,3.2,3.5,2.0,20.6
628570.0,5.8,0.9,3.7,1.6,12.0
363200.0,10.8,2.8,4.0,3.1,20.700000000000003
425092.0,11.4,1.9,2.8,1.7,17.8
364640.0,6.9,1.1,3.4,2.7,14.1
363221.0,11.2,2.0,2.7,3.5,19.4
362424.0,10.2,2.4,3.3,1.7,17.599999999999998
336280.0,6.0,1.3,4.4,2.5,14.2
363223.0,11.2,2.0,2.8,3.8,19.8
366697.0,9.4,2.6,2.9,2.3,17.2
377330.0,5.0,1.6,5.1,1.9,13.6
363261.0,10.6,2.3,3.7,3.7,20.3
363736.0,9.7,3.3,3.2,1.7,17.9
313101.0,5.2,3.0,5.0,3.8,17.0
363469.0,11.7,2.2,2.7,2.0,18.6
422487.0,12.0,3.5,2.3,1.4,19.2
544048.0,6.1,1.2,3.7,1.5,12.5
363480.0,12.3,2.4,3.2,2.8,20.700000000000003
360457.0,12.8,3.4,3.6,2.0,21.8
428741.0,7.1,1.2,3.2,2.1,13.6
363482.0,12.7,2.0,2.7,3.0,20.4
384093.0,12.7,2.6,2.4,1.1,18.8
364810.0,6.3,1.5,4.6,3.2,15.599999999999998
363848.0,13.6,2.1,2.6,4.0,22.3
348010.0,11.8,3.1,3.6,2.5,21.0
388969.0,7.5,0.8,2.8,3.1,14.2
364442.0,11.6,1.4,3.2,5.1,21.3
385399.0,9.9,2.1,3.0,2.5,17.5
387988.0,6.5,0.7,2.8,2.5,12.5
364609.0,12.0,2.2,3.1,2.2,19.5
489152.0,7.2,1.2,3.8,1.9,14.1
364983.0,13.3,2.3,2.4,4.4,22.4
400596.0,13.1,3.3,3.0,2.7,22.1
380027.0,6.4,1.6,3.7,2.6,14.3
365120.0,11.8,2.0,2.6,3.2,19.6
365059.0,10.0,2.2,2.9,2.0,17.1
389427.0,5.7,1.6,4.7,2.3,14.3
365298.0,11.5,2.8,3.9,3.1,21.3
360599.0,11.0,3.3,3.6,2.3,20.200000000000003
393913.0,6.4,1.2,2.8,3.7,14.1
365511.0,12.2,1.1,3.5,5.0,21.8
386562.0,9.1,2.6,3.0,2.4,17.099999999999998
444901.0,5.5,0.8,3.2,2.6,12.1
365558.0,9.6,2.2,2.9,3.4,18.1
497127.0,5.2,1.4,3.5,1.4,11.5
365566.0,12.2,2.6,3.5,2.3,20.6
345180.0,11.1,4.3,3.7,2.0,21.1
389701.0,6.0,1.1,3.5,3.0,13.6
366121.0,10.8,2.1,3.4,3.6,19.9
400699.0,8.5,2.7,3.0,1.7,15.9
410523.0,6.9,1.9,3.6,2.4,14.8
366122.0,14.0,1.8,2.8,3.6,22.200000000000003
375908.0,11.6,2.7,2.8,2.0,19.1
445218.0,6.4,1.2,3.5,1.8,12.900000000000002
366836.0,13.2,1.9,2.3,3.5,20.9
386009.0,11.0,2.9,2.2,1.9,18.0
477078.0,4.8,2.0,2.3,1.8,10.9
367436.0,9.6,2.7,1.4,2.8,16.5
358665.0,7.0,1.3,3.8,2.9,15.000000000000002
367668.0,10.9,2.2,2.1,4.0,19.200000000000003
361695.0,10.6,2.5,3.2,2.3,18.6
284979.0,11.4,3.8,5.6,6.1,26.9
374366.0,7.7,1.6,2.7,3.1,15.1
368506.0,11.3,1.9,3.2,3.1,19.500000000000004
431083.0,8.8,1.6,2.4,2.9,15.7
346650.0,7.3,1.1,4.0,3.8,16.2
368751.0,12.0,1.9,2.6,4.3,20.8
375180.0,9.1,2.2,3.1,2.8,17.2
330843.0,7.9,1.8,3.3,3.2,16.2
368781.0,11.4,1.5,3.0,3.9,19.8
415650.0,9.6,2.7,3.6,2.5,18.4
388226.0,5.1,1.5,4.2,2.1,12.9
368949.0,9.5,2.4,4.7,2.3,18.9
367862.0,8.3,2.4,3.4,2.0,16.1
487596.0,6.2,1.4,3.1,1.7,12.4
368971.0,13.2,2.0,2.4,2.2,19.8
386389.0,11.8,3.1,2.2,1.8,18.9
456903.0,5.7,1.0,3.3,3.1,13.1
369466.0,11.6,2.3,3.1,3.6,20.6
452733.0,5.7,1.8,3.5,2.3,13.3
370151.0,12.1,2.4,2.7,2.7,19.9
396127.0,11.2,2.7,2.4,1.3,17.599999999999998
378871.0,7.1,1.6,4.0,1.9,14.6
370623.0,9.2,2.6,4.1,2.9,18.8
390966.0,7.0,1.9,4.5,2.1,15.5
361824.0,5.0,1.2,4.7,2.7,13.6
370681.0,9.6,2.1,3.7,3.1,18.5
361274.0,9.5,3.5,3.9,2.1,19.0
355733.0,7.5,1.2,3.3,3.1,15.1
370883.0,13.1,2.3,2.2,4.3,21.9
414527.0,10.5,2.2,2.5,2.5,17.7
494485.0,5.9,1.3,3.7,2.3,13.2
371110.0,12.5,2.4,3.5,3.3,21.7
349913.0,13.5,4.2,2.9,1.5,22.1
399029.0,5.7,0.5,2.9,3.5,12.6
371436.0,11.4,1.5,2.2,3.8,18.9
394969.0,11.0,2.1,2.4,2.7,18.2
402051.0,5.5,1.9,4.6,2.4,14.4
371745.0,12.0,2.7,3.1,2.8,20.6
352554.0,11.5,3.8,2.9,1.8,20.0
346296.0,6.3,1.4,4.3,2.3,14.3
371832.0,10.1,1.9,3.0,4.1,19.1
355905.0,10.9,2.2,2.7,2.0,17.8
372144.0,11.9,2.6,2.4,4.1,21.0
362976.0,13.3,3.0,2.8,2.4,21.5
366035.0,6.5,1.3,3.3,1.9,13.0
372266.0,11.4,2.0,3.1,2.1,18.6
304503.0,13.6,4.2,3.6,1.8,23.200000000000003
395781.0,6.7,1.3,3.9,2.7,14.6
372288.0,12.9,2.1,2.0,3.2,20.2
399862.0,13.1,2.5,1.8,1.7,19.1
491848.0,7.1,0.9,2.6,1.5,12.1
372397.0,13.0,1.8,2.2,2.9,19.9
393418.0,11.2,2.3,2.4,1.5,17.4
358599.0,7.4,1.5,3.3,2.7,14.9
372968.0,10.6,1.4,2.7,4.0,18.7
376103.0,10.0,2.2,2.5,1.8,16.5
387785.0,7.0,1.0,3.0,4.1,15.1
374176.0,9.0,2.7,3.3,5.2,20.2
409435.0,8.5,1.8,2.6,2.6,15.5
389579.0,6.5,1.0,2.9,2.1,12.5
374292.0,11.4,2.2,3.3,2.6,19.500000000000004
366786.0,6.5,1.4,3.4,2.6,13.9
374446.0,9.8,2.0,3.2,3.0,18.0
370817.0,10.4,2.3,2.7,2.1,17.5
375935.0,10.8,2.7,3.8,2.7,20.0
356444.0,11.1,4.0,3.4,1.5,20.0
697563.0,5.8,0.3,2.2,1.8,10.1
375987.0,13.5,2.1,2.1,2.4,20.1
395155.0,11.3,2.6,2.1,1.7,17.7
432329.0,6.1,1.4,2.7,2.6,12.8
376364.0,11.4,1.7,1.9,5.4,20.4
413274.0,10.0,2.4,2.0,2.4,16.8
388630.0,6.6,2.1,4.3,2.9,15.9
376385.0,13.1,2.8,3.2,2.9,22.0
377618.0,11.5,3.5,3.6,2.3,20.9
381664.0,6.4,0.8,3.0,2.9,13.1
376877.0,8.7,1.9,3.7,4.0,18.3
503172.0,7.4,1.6,2.7,2.4,14.1
430327.0,4.5,0.7,5.3,2.4,12.9
377567.0,6.4,1.6,3.9,2.1,14.0
377687.0,11.5,1.8,3.6,4.1,21.0
353297.0,11.6,3.5,3.8,2.2,21.1
381029.0,6.1,1.4,4.2,2.8,14.5
377869.0,11.7,1.8,2.5,3.8,19.8
353634.0,10.4,2.4,2.9,1.5,17.200000000000003
380672.0,6.2,1.5,3.5,2.5,13.7
378087.0,10.7,2.1,3.4,3.4,19.6
334431.0,12.2,2.7,3.2,2.5,20.6
367636.0,5.5,1.9,4.9,2.5,14.8
378347.0,11.2,2.5,3.1,3.1,19.9
316597.0,12.5,4.2,3.8,1.7,22.2
428700.0,7.0,1.1,3.3,3.4,14.8
378667.0,10.6,1.7,2.6,3.1,18.0
442699.0,9.7,2.3,2.4,1.8,16.2
565171.0,5.5,0.9,3.1,1.0,10.5
378702.0,12.9,3.3,3.0,2.0,21.2
403667.0,12.0,2.8,2.0,1.0,17.8
416982.0,8.4,1.8,2.9,3.4,16.5
379519.0,11.8,2.6,2.5,3.7,20.6
466785.0,7.0,2.1,3.0,1.1,13.2
459236.0,6.7,0.8,3.1,3.7,14.3
379934.0,11.0,1.9,2.6,5.5,21.0
425609.0,11.9,2.9,2.1,2.0,18.9
404931.0,6.0,1.3,4.1,2.3,13.7
380407.0,11.4,2.8,3.2,3.3,20.7
379086.0,12.1,3.5,3.3,1.9,20.8
360499.0,6.5,2.0,4.3,3.2,16.0
380747.0,9.0,2.4,3.6,4.9,19.9
357764.0,11.3,2.5,3.2,2.8,19.8
413215.0,5.9,1.5,2.9,2.1,12.4
380765.0,10.4,1.9,3.0,4.4,19.700000000000003
380727.0,10.5,2.9,2.8,2.1,18.3
480744.0,6.7,1.5,2.6,2.2,13.0
380957.0,14.7,2.0,2.3,3.1,22.1
394229.0,13.5,2.0,2.4,1.5,19.4
393500.0,5.6,0.9,3.8,2.9,13.2
381048.0,10.6,1.8,3.0,3.0,18.4
405989.0,8.9,2.1,3.7,1.6,16.3
444532.0,7.8,0.8,3.0,1.5,13.1
381187.0,13.4,1.4,2.1,2.2,19.1
400236.0,13.3,2.5,2.3,1.7,19.8
371759.0,6.1,1.4,3.8,2.2,13.5
381196.0,11.1,2.2,2.7,3.3,19.3
402065.0,5.7,0.8,3.0,3.0,12.5
412461.0,4.9,2.0,4.1,2.4,13.4
446297.0,5.6,1.3,3.6,2.3,12.8
381587.0,10.9,2.5,3.3,3.0,19.7
376481.0,5.1,1.4,3.8,2.5,12.8
381917.0,10.1,1.4,3.5,3.9,18.9
366953.0,9.9,2.5,2.8,2.2,17.4
382614.0,6.7,1.6,3.5,4.5,16.3
381993.0,10.4,1.8,4.1,4.5,20.8
356334.0,9.2,2.8,2.9,4.2,19.1
382106.0,14.2,1.6,2.6,3.7,22.1
455340.0,10.8,2.7,3.0,3.2,19.7
383561.0,6.1,1.4,3.1,3.2,13.8
382294.0,10.9,1.6,2.9,4.1,19.5
391126.0,9.9,2.7,3.3,2.0,17.900000000000002
379972.0,6.8,1.5,3.3,2.0,13.6
382647.0,12.6,1.4,2.8,2.1,18.9
384593.0,5.3,1.2,4.3,2.2,13.0
382801.0,11.3,2.0,2.8,2.7,18.8
336966.0,11.2,3.9,3.4,1.5,20.0
405419.0,5.4,1.5,4.5,2.0,13.4
382978.0,9.4,1.7,3.6,2.6,17.3
399742.0,8.2,2.2,3.4,1.1,14.9
376780.0,6.8,1.4,3.1,2.4,13.7
383029.0,9.8,2.1,2.7,3.1,17.700000000000003
393532.0,10.3,1.3,2.7,1.8,16.1
461508.0,4.0,0.8,3.7,2.2,10.7
383699.0,9.6,2.0,4.3,4.9,20.8
456649.0,7.5,2.6,2.8,1.8,14.7
424760.0,6.6,1.2,3.0,2.2,13.0
384108.0,13.7,1.9,2.3,2.7,20.6
404466.0,12.0,2.5,2.6,0.9,18.0
432752.0,4.9,1.1,4.0,2.1,12.1
384401.0,9.8,2.2,4.0,2.6,18.6
397646.0,7.6,2.6,3.9,1.9,16.0
381813.0,7.1,1.6,3.0,2.8,14.5
384502.0,11.3,2.2,2.6,3.8,19.9
387580.0,10.7,2.2,2.8,2.1,17.8
384546.0,11.2,1.9,3.5,3.2,19.8
373215.0,10.7,2.4,3.0,2.4,18.5
384602.0,12.9,2.4,2.8,2.1,20.200000000000003
402901.0,11.4,2.4,2.6,1.4,17.8
333641.0,6.4,2.3,5.1,2.2,16.0
384627.0,9.0,3.4,4.6,1.6,18.6
425776.0,9.7,3.2,3.3,1.5,17.7
491288.0,6.5,1.2,2.8,1.8,12.3
384767.0,13.3,1.2,2.1,2.0,18.6
402499.0,11.6,2.2,2.0,1.2,17.0
464588.0,5.5,1.3,3.1,2.5,12.4
385045.0,9.7,2.7,2.6,3.8,18.8
395351.0,11.1,2.3,2.0,2.3,17.7
387183.0,6.5,0.8,3.2,2.7,13.2
385206.0,10.7,2.0,2.6,3.1,18.4
408379.0,9.2,1.9,2.9,2.5,16.5
402747.0,6.1,1.9,3.8,2.0,13.8
385765.0,10.5,3.0,3.9,2.1,19.5
413946.0,10.5,2.9,2.9,1.5,17.8
447368.0,6.2,0.8,2.7,2.0,11.7
386064.0,13.4,1.9,1.7,2.1,19.1
398818.0,10.4,2.4,2.6,1.5,16.9
467890.0,6.1,1.9,2.5,2.1,12.6
386234.0,10.9,3.3,4.4,2.3,20.9
414206.0,8.7,4.5,2.9,1.6,17.7
414319.0,5.9,0.8,4.0,2.1,12.8
386375.0,12.8,1.5,2.5,3.7,20.5
422304.0,9.3,2.6,3.6,1.6,17.1
394744.0,6.4,1.6,3.4,2.0,13.4
386568.0,9.5,2.0,3.3,3.4,18.2
377649.0,10.0,2.7,2.8,1.8,17.3
493577.0,5.1,1.7,3.0,1.7,11.5
386963.0,10.1,2.4,3.1,2.7,18.3
395652.0,8.8,4.0,2.4,1.5,16.700000000000003
433027.0,4.3,0.8,3.6,1.8,10.5
387468.0,10.1,2.8,3.1,2.5,18.5
356927.0,10.9,3.2,3.3,2.5,19.9
487246.0,6.5,1.2,3.2,2.1,13.0
388501.0,12.6,2.4,2.6,2.6,20.200000000000003
404112.0,10.8,2.5,1.5,1.1,15.9
414253.0,5.3,1.2,3.3,3.6,13.4
388645.0,10.7,1.9,2.3,4.3,19.2
412586.0,8.2,1.6,3.0,2.3,15.099999999999998
463449.0,4.4,1.4,2.4,2.7,10.900000000000002
388656.0,7.7,2.1,2.9,3.6,16.3
381317.0,6.5,0.9,3.8,3.8,15.0
389641.0,11.1,1.1,2.6,4.7,19.5
435539.0,8.9,2.2,2.6,2.7,16.400000000000002
395504.0,5.2,1.6,4.2,2.6,13.6
389643.0,9.7,1.9,3.0,3.4,18.0
378608.0,9.2,3.0,3.5,2.3,18.0
372981.0,7.2,1.4,4.0,2.0,14.6
390727.0,13.9,1.5,2.4,2.9,20.7
380493.0,12.3,2.7,2.9,1.4,19.3
372368.0,7.0,1.0,3.5,2.1,13.6
390784.0,11.3,1.7,3.2,2.6,18.8
338396.0,11.3,3.8,3.6,2.0,20.700000000000003
402836.0,5.8,0.8,3.8,2.8,13.2
390898.0,9.8,1.9,3.1,4.0,18.8
417634.0,10.1,2.0,2.5,1.6,16.2
387310.0,6.5,1.1,3.3,2.8,13.7
390949.0,10.2,2.3,3.5,3.4,19.4
399962.0,9.6,1.7,3.1,2.2,16.599999999999998
390829.0,6.5,1.3,3.5,2.0,13.3
391362.0,11.9,2.4,3.1,2.2,19.6
376080.0,7.3,1.3,3.3,3.0,14.9
391678.0,10.7,1.9,3.2,3.3,19.1
370258.0,9.9,2.6,2.9,2.0,17.4
438390.0,3.9,1.9,3.3,1.6,10.7
391992.0,9.9,1.3,3.3,1.8,16.3
377961.0,8.6,2.0,2.9,1.5,15.0
409419.0,6.5,1.6,4.0,3.0,15.1
392413.0,10.3,1.5,2.1,4.8,18.7
398690.0,5.2,1.4,3.0,2.5,12.1
392510.0,11.1,2.0,2.6,4.4,20.1
299854.0,11.4,3.8,3.9,3.4,22.5
364289.0,6.6,1.9,4.5,2.4,15.4
392614.0,10.2,2.3,3.5,2.7,18.7
408335.0,9.6,3.1,2.7,1.7,17.099999999999998
536295.0,6.8,0.6,2.3,1.8,11.5
392695.0,11.3,2.1,3.0,3.4,19.8
412893.0,11.4,3.1,2.1,1.9,18.5
444798.0,5.5,1.1,3.5,1.5,11.6
392746.0,10.8,1.9,2.7,2.3,17.700000000000003
407221.0,9.9,3.0,2.9,2.2,18.0
400378.0,6.3,1.6,4.2,2.1,14.2
393339.0,10.4,2.2,3.4,2.4,18.4
458565.0,7.0,2.2,2.2,1.8,13.2
396190.0,5.6,1.0,3.5,2.2,12.3
393894.0,10.4,2.5,3.5,3.1,19.5
343500.0,11.8,4.1,3.6,2.0,21.5
442853.0,5.8,0.9,2.9,2.8,12.4
393927.0,10.2,1.5,2.8,4.4,18.9
429744.0,7.8,2.6,2.0,1.9,14.3
470153.0,5.1,1.3,3.8,1.7,11.9
394681.0,11.7,1.5,3.0,2.5,18.7
416545.0,8.7,2.1,3.0,2.2,16.0
636647.0,4.2,1.1,3.6,1.5,10.4
395165.0,11.5,2.7,3.4,2.1,19.7
411415.0,9.6,3.3,3.0,2.0,17.9
656925.0,4.9,1.2,3.1,1.1,10.3
395403.0,10.3,3.0,3.7,2.3,19.3
412698.0,10.5,2.9,2.4,1.4,17.2
408659.0,5.2,1.4,4.1,2.4,13.1
371548.0,5.4,1.3,4.4,2.4,13.500000000000002
361693.0,5.8,1.3,3.7,2.9,13.7
395608.0,11.2,2.4,3.0,3.5,20.1
311301.0,12.6,4.1,3.1,2.6,22.4
377985.0,6.8,1.4,3.8,3.5,15.5
395788.0,12.0,2.1,2.7,5.4,22.200000000000003
468465.0,6.8,1.8,2.9,2.3,13.8
392664.0,5.9,1.3,3.6,2.5,13.3
396714.0,11.0,2.8,3.4,3.4,20.6
395177.0,6.4,1.1,4.0,2.7,14.2
397567.0,10.9,2.5,4.6,2.6,20.6
329008.0,12.0,4.5,4.0,1.5,22.0
534411.0,6.3,1.0,2.2,1.7,11.2
398108.0,14.3,1.2,2.4,2.4,20.3
406443.0,11.2,2.6,2.3,1.3,17.4
468321.0,5.5,0.8,3.5,1.5,11.3
398202.0,9.3,2.7,3.7,2.4,18.1
409375.0,8.8,3.4,2.7,1.3,16.200000000000003
387349.0,6.5,1.3,3.2,2.5,13.5
398386.0,10.5,1.3,1.7,4.4,17.9
383874.0,10.8,2.3,2.9,2.0,18.0
371500.0,6.6,1.3,3.6,2.4,13.9
398554.0,10.9,2.0,2.2,3.3,18.4
411638.0,8.2,1.3,3.0,2.1,14.6
467266.0,5.7,1.5,4.3,2.8,14.3
399066.0,11.4,3.3,4.6,4.0,23.3
236220.0,18.1,5.7,5.8,3.6,33.2
365807.0,6.6,1.4,3.0,3.2,14.2
399173.0,11.6,2.1,2.5,3.4,19.6
383809.0,9.1,2.5,2.8,2.1,16.5
399304.0,5.7,0.8,3.0,2.1,11.6
399183.0,9.6,1.7,2.8,3.9,17.999999999999996
407194.0,8.7,1.6,3.2,1.8,15.3
396121.0,6.9,1.5,3.7,2.1,14.2
399424.0,11.4,2.5,3.4,2.4,19.7
412744.0,11.8,3.0,3.2,1.6,19.6
386516.0,6.3,1.1,3.4,2.2,13.0
399725.0,10.2,2.6,3.3,3.2,19.3
376279.0,10.0,1.8,2.8,2.2,16.8
438588.0,5.3,0.6,4.2,2.0,12.1
399756.0,10.7,1.9,2.7,3.0,18.3
398743.0,9.2,2.4,3.6,1.7,16.9
435655.0,5.2,1.4,3.5,1.4,11.5
403320.0,6.6,1.5,4.4,2.5,15.0
401338.0,11.6,2.1,3.0,3.2,19.9
417936.0,10.1,2.8,2.8,1.6,17.3
401654.0,15.3,2.1,2.6,3.2,23.200000000000003
433780.0,11.4,2.8,2.5,1.1,17.8
395535.0,6.8,1.1,3.4,2.7,14.0
401767.0,11.7,1.8,2.3,3.0,18.8
387213.0,11.0,2.9,2.9,1.9,18.7
422473.0,5.1,1.1,3.9,1.9,12.0
401795.0,9.7,1.6,3.1,2.8,17.2
378864.0,9.4,2.6,3.2,1.9,17.099999999999998
375658.0,6.5,0.9,3.2,2.2,12.8
402008.0,10.4,2.3,2.6,3.2,18.5
382014.0,9.3,2.5,3.1,2.3,17.2
389247.0,5.6,1.5,4.6,2.0,13.7
402290.0,10.9,2.0,3.1,1.7,17.7
343638.0,10.8,2.9,3.2,1.7,18.6
388458.0,7.3,1.4,3.8,3.5,16.0
402648.0,11.0,2.3,3.4,5.2,21.9
391678.0,6.0,1.2,3.3,1.9,12.4
403359.0,10.1,2.2,3.4,1.9,17.6
347451.0,11.5,3.4,2.8,1.7,19.4
381256.0,7.6,1.6,4.0,3.7,16.9
403510.0,10.8,2.3,3.4,4.6,21.1
392827.0,9.0,2.3,3.3,2.8,17.400000000000002
404248.0,8.4,2.1,3.6,3.6,17.7
448463.0,4.8,0.9,4.1,2.0,11.8
404309.0,9.7,2.2,3.7,2.9,18.5
402511.0,8.7,2.9,3.6,1.7,16.9
449230.0,5.2,1.1,3.0,2.5,11.8
404451.0,10.3,1.8,2.7,3.0,17.8
412524.0,10.7,2.2,2.4,1.7,17.0
441102.0,5.1,1.0,2.6,3.0,11.7
404936.0,9.7,2.5,2.3,3.9,18.4
394697.0,7.8,1.8,1.6,2.7,13.9
412222.0,6.1,1.1,4.0,2.9,14.1
405074.0,11.7,1.8,2.2,4.6,20.3
434903.0,8.5,1.7,3.0,2.4,15.6
535787.0,5.8,0.9,2.4,1.0,10.1
405433.0,12.4,1.4,2.3,2.9,19.0
418080.0,3.9,1.2,4.1,2.5,11.7
405766.0,8.8,2.1,3.2,2.8,16.900000000000002
417694.0,6.9,2.7,2.9,2.0,14.500000000000002
386603.0,7.3,2.2,3.2,4.1,16.799999999999997
405870.0,10.1,0.9,3.9,1.9,16.8
334041.0,12.8,3.8,3.4,0.8,20.8
413699.0,5.0,1.4,4.0,1.9,12.3
406442.0,11.8,2.3,3.1,2.2,19.4
342029.0,11.4,3.4,3.7,1.3,19.8
406551.0,10.4,2.5,3.2,2.9,19.0
418730.0,11.6,3.2,2.9,1.8,19.5
406626.0,5.2,0.7,2.8,2.9,11.6
407055.0,11.0,2.1,2.4,2.8,18.3
363188.0,9.2,2.6,3.2,2.4,17.4
469458.0,4.3,1.4,3.5,2.6,11.8
407123.0,9.4,3.0,3.0,2.4,17.8
391085.0,8.8,2.7,2.9,1.7,16.1
732179.0,5.1,0.1,3.5,2.9,11.6
407128.0,8.8,0.8,1.8,3.5,14.900000000000002
668942.0,6.4,1.3,2.5,1.3,11.5
375474.0,5.8,1.6,4.3,2.8,14.5
407238.0,10.4,2.5,2.6,4.0,19.5
303611.0,14.3,3.8,3.6,2.3,24.000000000000004
492596.0,5.1,1.3,3.4,2.5,12.3
407554.0,9.5,2.9,2.7,2.8,17.900000000000002
416924.0,9.2,3.1,2.3,1.7,16.299999999999997
419012.0,5.9,1.2,3.4,2.6,13.1
407766.0,10.7,1.7,3.4,4.1,19.9
437609.0,10.2,1.6,2.0,2.9,16.7
394389.0,5.0,1.2,2.2,3.5,11.9
408137.0,3.5,1.8,4.8,6.0,16.1
319399.0,4.2,2.5,5.8,3.0,15.5
408245.0,5.3,2.6,2.5,4.6,15.0
336298.0,12.0,5.1,6.1,5.1,28.300000000000004
457220.0,6.6,1.6,3.0,2.6,13.8
408545.0,9.1,2.5,3.3,3.3,18.2
469238.0,10.0,2.5,2.8,1.1,16.400000000000002
412426.0,5.4,1.3,3.4,2.4,12.5
408797.0,9.8,2.6,2.8,3.8,19.0
374235.0,8.8,2.9,3.3,2.4,17.4
411025.0,4.9,1.1,3.7,2.4,12.1
409361.0,10.9,1.6,2.2,2.9,17.599999999999998
418727.0,9.3,2.3,2.8,2.1,16.500000000000004
981200.0,4.4,0.5,2.4,2.7,10.0
409429.0,14.3,2.8,3.5,5.5,26.1
217667.0,18.5,4.9,5.0,4.5,32.9
429560.0,5.6,0.9,3.6,2.0,12.1
409734.0,10.0,1.8,2.6,3.3,17.7
398127.0,9.5,2.0,2.7,2.0,16.2
398102.0,6.0,1.9,4.6,2.1,14.6
409939.0,10.4,2.5,3.1,2.4,18.4
417134.0,9.5,3.4,2.4,1.5,16.8
455572.0,4.1,0.5,4.5,1.8,10.9
411201.0,9.1,1.8,3.2,2.9,17.0
414548.0,9.8,2.9,3.3,2.0,18.0
400716.0,6.4,1.4,3.6,3.0,14.4
411641.0,11.3,3.1,3.3,2.9,20.6
414449.0,5.5,1.4,3.8,3.4,14.1
411698.0,8.9,2.8,2.6,3.8,18.1
440551.0,10.0,1.1,2.2,2.0,15.3
406218.0,6.2,1.0,3.8,1.5,12.5
411797.0,8.8,2.0,3.3,3.3,17.400000000000002
411400.0,9.1,2.1,3.1,2.1,16.4
397867.0,5.8,1.4,3.2,2.6,12.999999999999998
411887.0,10.1,2.2,2.3,3.8,18.4
432982.0,9.7,1.5,2.3,1.9,15.4
504403.0,5.1,0.7,2.9,2.1,10.8
412808.0,10.3,1.6,2.8,2.1,16.8
453367.0,8.5,2.7,2.4,1.9,15.5
497170.0,5.2,1.4,3.6,3.0,13.2
413012.0,11.4,2.2,2.6,3.3,19.500000000000004
362377.0,12.5,3.7,3.6,2.4,22.2
446971.0,5.9,1.1,2.9,3.5,13.4
413080.0,9.7,1.3,2.1,4.7,17.8
454804.0,7.2,2.3,2.4,1.9,13.8
503314.0,4.1,1.1,3.5,2.1,10.8
413213.0,10.5,2.6,2.9,3.3,19.3
378122.0,9.8,3.3,2.7,1.8,17.6
430678.0,5.1,1.2,3.7,2.9,12.9
413468.0,10.1,1.5,2.9,3.2,17.7
436642.0,9.0,2.5,3.3,1.6,16.400000000000002
441003.0,4.8,1.0,3.8,1.9,11.5
413928.0,9.4,1.8,2.5,3.1,16.8
398059.0,8.5,3.1,3.0,1.7,16.3
445168.0,4.9,1.1,3.9,2.0,11.9
414067.0,9.3,2.3,3.4,2.6,17.6
455571.0,4.9,1.9,3.3,2.0,12.1
414085.0,8.9,2.0,3.5,3.2,17.6
375456.0,11.2,2.9,3.4,1.8,19.3
371352.0,6.6,0.8,3.2,4.0,14.6
414493.0,10.1,1.1,3.5,3.0,17.7
457803.0,7.9,1.4,2.3,0.8,12.400000000000002
414644.0,10.4,1.7,2.9,3.2,18.2
497088.0,4.6,1.8,3.1,1.3,10.8
482368.0,4.8,0.7,3.6,2.6,11.7
465678.0,5.1,0.8,3.8,2.3,12.0
415836.0,7.3,2.3,4.5,2.4,16.5
427446.0,6.2,2.7,3.5,2.0,14.4
374678.0,5.1,1.4,3.3,4.1,13.9
415986.0,10.0,1.5,2.9,3.9,18.3
422807.0,7.5,1.7,3.0,2.5,14.7
349404.0,8.4,1.5,4.4,4.2,18.5
416353.0,13.7,2.5,2.6,4.9,23.700000000000003
505455.0,13.3,3.1,2.6,2.6,21.600000000000005
416838.0,9.6,1.9,2.3,3.7,17.5
406012.0,9.7,2.0,2.6,3.0,17.299999999999997
790992.0,4.7,0.8,3.3,2.4,11.2
417661.0,11.4,2.2,3.0,5.1,21.700000000000003
306548.0,13.6,3.1,3.6,3.3,23.6
347905.0,7.8,2.5,4.6,4.8,19.7
417886.0,9.8,2.0,2.8,4.4,19.0
418091.0,12.5,1.7,2.4,2.6,19.2
447375.0,11.3,2.3,2.0,1.1,16.700000000000003
445691.0,5.4,1.3,3.5,2.6,12.8
418153.0,10.0,2.5,2.9,3.1,18.5
276250.0,14.1,4.8,4.1,2.8,25.8
476158.0,5.1,1.2,3.6,2.1,12.0
418698.0,9.2,1.7,3.0,3.6,17.5
545381.0,7.4,1.5,2.5,2.2,13.6
424308.0,4.5,1.4,3.7,2.6,12.2
418866.0,9.0,2.5,3.6,2.9,18.0
405797.0,9.8,3.0,3.2,2.3,18.3
598288.0,5.7,1.0,2.1,1.2,10.0
419177.0,12.2,1.6,2.2,2.0,18.0
453740.0,11.5,1.9,1.8,1.1,16.3
576875.0,6.1,0.8,2.1,2.0,11.0
420224.0,13.1,1.7,2.2,1.7,18.7
491673.0,9.6,1.6,1.9,1.2,14.3
452140.0,5.7,1.5,3.3,2.3,12.8
420433.0,9.7,1.9,2.9,3.9,18.4
530345.0,7.4,2.1,2.5,1.3,13.3
331885.0,7.9,2.3,4.4,3.2,17.8
420780.0,11.0,2.4,2.9,4.3,20.6
231484.0,16.3,3.6,4.5,1.8,26.200000000000003
438802.0,4.9,1.3,3.5,2.4,12.1
421691.0,10.0,1.7,2.3,2.8,16.8
436145.0,8.8,1.7,2.9,1.6,15.0
397033.0,6.2,2.0,3.5,3.0,14.7
421824.0,9.4,2.1,2.4,3.3,17.2
415846.0,8.6,2.5,2.8,1.9,15.8
480727.0,4.8,0.6,3.3,1.9,10.6
421880.0,8.6,1.7,2.9,2.3,15.5
420540.0,9.9,1.8,1.9,1.3,14.900000000000002
411493.0,6.0,1.3,3.4,2.8,13.5
421994.0,10.5,1.9,2.4,2.9,17.7
428144.0,5.3,1.5,3.4,3.0,13.2
422018.0,9.1,1.8,3.7,2.4,17.0
423719.0,8.4,2.0,3.2,1.9,15.500000000000002
422263.0,10.3,1.9,2.6,4.4,19.200000000000003
348321.0,11.6,2.3,3.0,3.0,19.9
415945.0,6.1,0.7,2.9,1.9,11.6
423010.0,10.7,1.4,2.3,3.0,17.4
418428.0,8.5,2.6,2.8,1.9,15.8
413172.0,5.6,0.9,2.7,2.4,11.6
423210.0,7.8,2.4,3.2,3.8,17.2
443796.0,9.1,1.8,2.6,2.5,16.0
423538.0,9.8,2.3,2.6,2.0,16.700000000000003
428586.0,8.7,3.7,3.4,1.9,17.7
423576.0,8.9,3.3,3.5,3.3,19.0
520475.0,4.7,1.9,3.2,1.7,11.5
423661.0,9.4,2.7,3.4,1.8,17.3
421124.0,9.3,3.7,3.5,1.7,18.2
543811.0,8.9,0.9,1.5,2.5,13.8
425391.0,12.7,1.0,2.9,3.0,19.6
420538.0,10.6,2.5,2.4,2.0,17.5
425514.0,9.6,1.5,2.4,4.6,18.1
476333.0,9.2,0.9,2.1,1.2,13.4
407237.0,5.1,1.5,4.1,2.2,12.9
425741.0,12.8,2.3,3.0,2.5,20.6
331646.0,13.8,4.2,3.3,2.1,23.4
411700.0,5.4,1.2,3.6,2.6,12.8
426165.0,9.2,1.3,2.4,3.4,16.3
404676.0,8.9,2.0,3.3,1.3,15.5
426511.0,12.0,1.6,2.7,1.7,18.0
426209.0,10.9,2.2,2.4,0.9,16.400000000000002
412350.0,6.8,0.8,2.8,2.2,12.599999999999998
426642.0,9.5,1.6,2.7,3.4,17.2
435364.0,10.7,2.2,2.2,1.8,16.9
413891.0,5.4,1.3,3.9,2.2,12.8
427131.0,10.9,1.5,1.8,3.2,17.400000000000002
466010.0,7.8,2.5,1.9,2.0,14.2
490557.0,4.9,1.1,3.4,2.3,11.7
427990.0,11.9,1.6,2.1,2.7,18.3
357973.0,12.1,3.4,3.1,1.8,20.4
404590.0,7.4,0.7,2.3,2.1,12.499999999999998
428135.0,10.5,1.2,2.6,3.1,17.4
473007.0,7.2,2.2,1.6,2.2,13.2
495943.0,4.4,0.8,2.6,2.8,10.6
428978.0,9.9,1.6,2.8,3.6,17.900000000000002
364018.0,7.9,3.4,2.4,2.1,15.8
429196.0,9.5,2.9,3.3,2.4,18.1
417077.0,11.4,3.6,3.4,1.2,19.6
410885.0,5.5,1.3,3.3,2.0,12.1
429213.0,8.7,1.6,3.6,2.7,16.599999999999998
466491.0,6.4,2.4,2.5,2.5,13.8
429530.0,11.2,2.2,2.5,2.7,18.6
527317.0,8.3,1.8,2.5,1.5,14.1
396440.0,5.6,1.8,3.6,2.5,13.5
430234.0,9.2,1.7,2.7,3.4,16.999999999999996
451248.0,8.4,1.7,2.7,2.1,14.9
317102.0,7.6,2.5,5.3,2.9,18.3
430508.0,12.5,3.6,4.1,3.0,23.200000000000003
265422.0,16.4,4.7,3.9,2.3,27.3
762622.0,3.8,0.8,2.8,2.8,10.2
430675.0,8.6,1.3,1.6,4.2,15.7
433303.0,6.3,0.7,2.6,2.2,11.8
431166.0,3.3,1.3,4.1,1.8,10.5
430830.0,10.3,1.4,2.3,1.9,15.9
535826.0,4.9,1.3,1.7,2.2,10.1
307129.0,9.0,2.1,3.6,1.2,15.9
430990.0,7.9,2.6,7.0,2.3,19.8
406149.0,5.3,1.5,4.4,2.0,13.2
431314.0,9.9,2.0,2.9,2.3,17.1
359956.0,10.8,3.3,3.1,1.7,18.9
502101.0,6.6,0.7,2.7,1.3,11.3
431483.0,12.5,1.6,2.6,3.8,20.5
437851.0,11.9,2.2,2.9,1.4,18.4
431307.0,5.9,1.0,3.5,3.0,13.4
431777.0,10.4,1.5,2.2,3.4,17.5
449160.0,8.2,1.4,2.5,2.4,14.5
435034.0,4.9,1.3,3.6,2.6,12.4
432476.0,10.2,1.6,1.8,3.8,17.4
457447.0,8.0,2.2,2.7,2.0,14.9
433173.0,12.3,2.5,2.9,3.7,21.4
298707.0,13.3,3.3,4.1,3.0,23.700000000000003
442740.0,4.9,1.0,3.3,2.0,11.2
433211.0,10.7,1.8,2.3,3.1,17.900000000000002
471116.0,8.2,2.6,2.2,1.6,14.6
568763.0,4.4,0.8,4.1,1.9,11.2
433703.0,11.6,1.2,4.1,3.1,20.0
420835.0,8.1,2.0,3.7,1.7,15.5
957877.0,5.3,1.2,3.0,2.5,12.0
433708.0,8.6,2.1,2.8,4.4,17.9
386322.0,11.1,2.5,2.3,2.5,18.4
434372.0,10.0,0.8,3.0,1.4,15.2
499668.0,6.9,1.4,2.1,1.8,12.2
419199.0,5.1,1.0,3.2,2.8,12.1
434440.0,9.9,1.8,2.5,3.0,17.200000000000003
465966.0,8.0,1.8,2.4,2.1,14.3
424031.0,7.9,1.8,2.7,1.5,13.900000000000002
434859.0,12.0,1.8,2.7,2.8,19.3
393371.0,12.6,3.0,3.7,1.3,20.6
562299.0,4.6,1.2,3.1,3.4,12.3
434945.0,10.8,2.8,3.4,3.2,20.2
343692.0,10.3,2.8,3.6,2.8,19.500000000000004
415563.0,6.0,0.9,3.5,1.8,12.2
435397.0,10.5,1.4,2.5,1.9,16.3
373799.0,11.6,3.5,2.6,1.3,19.0
483953.0,5.3,1.0,3.1,3.1,12.5
435712.0,11.1,1.3,2.5,4.0,18.9
435833.0,8.6,1.8,2.6,2.5,15.5
415702.0,5.1,1.1,3.3,1.8,11.3
435715.0,10.3,1.8,2.9,2.0,17.0
367043.0,10.0,3.0,3.2,1.6,17.8
490681.0,5.9,0.4,2.2,2.5,11.0
435904.0,8.3,1.9,2.5,2.5,15.2
461997.0,8.4,2.5,3.5,1.2,15.6
436163.0,9.7,2.0,1.9,2.2,15.8
406640.0,9.3,2.5,1.9,2.4,16.1
410451.0,7.5,1.0,4.5,0.8,13.8
436519.0,7.8,3.0,1.8,2.0,14.6
411276.0,7.2,1.2,3.0,1.6,13.0
437025.0,11.2,1.8,2.5,2.5,18.0
383685.0,9.3,2.7,3.2,1.5,16.7
452991.0,4.7,1.1,3.6,2.7,12.1
437052.0,11.0,2.0,2.7,3.4,19.1
443239.0,8.9,2.1,3.2,2.6,16.8
432754.0,5.7,1.1,2.8,2.0,11.6
438534.0,9.4,1.1,2.7,2.7,15.9
431514.0,8.3,1.7,2.6,2.2,14.8
501900.0,4.0,0.4,3.6,2.3,10.3
438808.0,10.0,1.8,3.3,1.7,16.8
504215.0,5.2,0.8,2.9,2.2,11.1
438920.0,9.9,1.8,2.1,2.7,16.5
878575.0,5.6,0.6,2.6,1.5,10.3
438977.0,11.4,2.0,2.0,2.5,17.9
431950.0,9.1,2.0,2.8,2.4,16.299999999999997
476451.0,4.2,0.7,3.1,2.7,10.7
439336.0,10.4,1.3,2.1,3.2,17.0
477988.0,8.1,1.4,2.6,1.6,13.7
426093.0,6.4,1.2,1.8,1.8,11.2
439337.0,9.8,0.4,2.2,3.3,15.700000000000005
512989.0,6.7,0.8,3.0,2.3,12.8
407868.0,6.0,1.1,3.8,2.8,13.7
439485.0,10.8,2.0,2.6,3.0,18.4
425387.0,9.5,1.4,2.9,2.3,16.1
461673.0,3.9,1.6,4.7,2.5,12.7
439728.0,9.7,1.0,2.4,1.6,14.7
470022.0,7.3,1.9,3.2,1.6,13.999999999999998
411069.0,5.5,1.2,2.8,2.2,11.7
440787.0,10.0,2.1,2.9,2.4,17.4
343145.0,10.2,4.0,3.3,2.6,20.1
442079.0,5.5,0.7,3.3,2.0,11.5
441081.0,9.0,1.4,2.6,3.7,16.7
447627.0,7.8,1.8,2.8,2.0,14.4
547693.0,4.5,1.0,3.7,1.4,10.6
441865.0,12.0,1.2,2.1,1.6,16.9
504526.0,10.0,2.2,2.7,0.9,15.8
430328.0,5.4,1.7,3.6,1.9,12.6
442411.0,9.6,1.0,2.4,2.6,15.6
498149.0,7.0,2.1,2.8,1.4,13.3
396550.0,6.0,1.1,3.0,3.0,13.1
442724.0,10.5,1.3,2.2,3.0,17.0
401503.0,9.5,2.2,2.3,1.9,15.9
422958.0,6.7,1.8,3.8,2.7,15.0
442781.0,10.3,1.4,2.0,3.0,16.700000000000003
395086.0,8.4,2.7,3.0,2.2,16.3
432798.0,5.5,1.0,3.1,1.8,11.4
443069.0,9.7,1.5,2.5,3.3,17.0
430942.0,9.5,1.7,2.3,2.0,15.5
495685.0,4.7,1.2,3.9,2.1,11.9
443092.0,10.7,2.6,3.1,3.1,19.5
439115.0,11.0,2.8,3.1,2.2,19.1
427952.0,6.8,0.9,2.9,2.8,13.4
443696.0,8.6,0.6,1.7,2.0,12.9
538905.0,6.3,1.1,3.7,0.8,11.900000000000002
448561.0,5.7,0.5,2.6,2.5,11.3
444734.0,8.7,1.8,2.4,3.0,15.9
496098.0,6.2,1.4,2.6,2.7,12.9
479342.0,4.6,0.8,3.4,1.4,10.2
445190.0,8.6,1.8,3.2,2.6,16.200000000000003
445357.0,7.2,1.8,3.1,1.9,14.0
457820.0,4.2,0.6,3.6,1.9,10.3
445475.0,8.6,1.3,1.4,3.8,15.1
432734.0,7.9,1.2,2.2,2.2,13.5
542855.0,5.5,1.0,3.0,2.0,11.5
445695.0,10.5,1.8,2.8,3.5,18.6
497859.0,8.2,2.1,2.3,2.9,15.499999999999998
441625.0,5.8,1.1,2.5,2.6,12.0
445828.0,8.8,1.3,2.0,4.2,16.3
459788.0,8.7,1.4,2.5,1.9,14.5
455767.0,4.4,1.0,3.5,2.2,11.1
446262.0,9.0,1.5,3.0,2.6,16.1
453304.0,7.4,1.9,2.8,2.0,14.1
412514.0,7.2,1.5,3.2,3.0,14.9
446773.0,12.4,2.6,2.8,3.6,21.4
406371.0,9.3,4.1,3.3,2.8,19.5
413626.0,4.5,1.3,3.7,2.3,11.8
447246.0,8.6,1.2,2.4,3.5,15.7
457528.0,7.7,2.2,2.3,1.8,14.0
447273.0,7.4,1.7,2.5,3.3,14.9
453310.0,7.7,0.8,2.7,1.8,13.0
492447.0,5.1,0.7,3.1,2.1,11.0
447440.0,10.3,1.7,2.4,3.2,17.6
382655.0,10.2,2.2,3.3,2.3,18.0
447983.0,8.6,1.5,2.7,4.9,17.700000000000003
448196.0,10.9,1.4,1.9,2.3,16.5
470867.0,7.3,2.3,3.0,2.0,14.6
414490.0,5.6,0.7,2.7,1.9,10.9
448356.0,9.3,1.3,1.9,2.9,15.400000000000002
429250.0,8.9,2.2,2.8,1.7,15.6
472893.0,6.1,0.9,2.8,1.5,11.3
448428.0,13.3,2.3,3.4,3.5,22.5
433373.0,10.4,2.6,3.3,1.7,18.0
392467.0,5.1,1.9,3.7,2.7,13.4
449429.0,12.5,1.7,2.7,2.5,19.4
385207.0,10.6,3.1,3.0,1.9,18.6
419049.0,5.8,1.8,4.7,2.1,14.4
450009.0,10.8,1.8,2.4,1.6,16.6
391407.0,10.3,2.7,3.2,1.3,17.5
450636.0,9.4,2.2,3.0,2.1,16.700000000000003
420189.0,9.5,3.1,2.6,2.0,17.2
451495.0,9.7,2.0,2.7,1.9,16.299999999999997
440808.0,9.0,2.6,2.6,1.5,15.7
438698.0,5.8,1.0,2.5,1.9,11.2
451567.0,10.5,0.7,1.9,3.2,16.3
468165.0,8.1,1.7,1.6,1.8,13.2
452543.0,10.0,1.8,2.3,1.3,15.400000000000002
469052.0,6.4,2.9,2.5,1.2,13.0
446568.0,6.4,1.1,3.1,2.1,12.7
452927.0,10.9,1.3,2.3,3.4,17.9
544692.0,8.8,1.6,2.2,1.7,14.3
646553.0,4.9,1.2,3.2,2.3,11.6
453236.0,10.9,2.0,2.7,3.4,19.0
470447.0,7.7,2.8,3.0,2.2,15.7
453432.0,8.9,1.8,2.8,2.8,16.3
418446.0,10.0,2.6,2.5,2.3,17.4
453958.0,7.5,2.1,2.8,2.7,15.099999999999998
438378.0,9.1,2.1,2.7,1.4,15.3
453738.0,6.1,1.2,3.2,1.8,12.3
454133.0,10.0,1.7,2.8,2.2,16.7
489629.0,8.9,2.1,2.7,1.2,14.9
512427.0,5.3,0.7,2.8,2.1,10.9
454322.0,10.5,2.3,1.7,2.8,17.3
384236.0,10.7,3.8,3.0,1.2,18.7
580765.0,4.4,1.1,3.8,2.0,11.3
454412.0,9.2,3.1,3.6,3.4,19.3
370697.0,10.1,3.5,4.3,2.5,20.4
454435.0,8.5,1.8,3.3,4.9,18.5
316528.0,10.9,3.4,3.3,2.8,20.4
457393.0,5.1,0.7,3.5,1.6,10.9
454445.0,9.2,1.9,2.5,2.7,16.3
456514.0,7.9,2.4,3.2,1.4,14.9
458396.0,5.1,0.9,3.4,1.9,11.3
454757.0,8.8,1.3,2.9,3.0,16.0
477313.0,7.2,1.8,2.8,2.2,14.0
427092.0,5.4,1.2,3.5,2.6,12.7
455149.0,9.2,1.5,2.5,4.2,17.4
485210.0,8.8,2.1,2.5,1.7,15.1
444854.0,5.9,0.7,3.2,1.8,11.6
456471.0,10.1,1.2,2.8,2.3,16.4
440216.0,7.3,2.1,2.9,2.0,14.3
458673.0,4.6,0.9,3.8,1.8,11.1
458396.0,8.7,1.9,3.1,2.4,16.099999999999998
462402.0,7.5,2.2,2.9,2.0,14.6
469555.0,5.3,0.6,2.6,1.5,10.0
458556.0,10.6,2.1,3.1,2.1,17.9
386595.0,10.2,3.2,2.4,1.8,17.599999999999998
440941.0,5.1,0.7,3.8,2.0,11.6
459258.0,9.6,1.4,2.3,2.5,15.8
498062.0,7.5,2.2,2.8,2.1,14.6
441497.0,5.1,1.1,3.9,1.7,11.8
459526.0,9.4,1.3,2.9,2.7,16.3
418946.0,9.5,2.0,2.9,1.7,16.1
503053.0,4.9,0.5,2.1,3.0,10.5
459671.0,10.0,1.6,1.2,4.6,17.4
479319.0,8.2,2.0,2.0,2.4,14.6
403206.0,5.7,1.0,2.3,2.3,11.3
460501.0,9.5,1.0,1.7,3.3,15.5
446476.0,7.7,2.1,3.1,1.4,14.3
461077.0,9.8,2.2,2.3,2.0,16.3
460018.0,7.7,1.3,2.3,1.2,12.5
461239.0,7.9,0.8,2.3,4.5,15.5
509928.0,9.0,1.6,1.2,1.2,12.999999999999998
461873.0,8.6,1.8,3.3,1.8,15.5
428967.0,9.8,1.8,3.0,1.5,16.1
467257.0,5.4,0.8,3.0,1.7,10.9
462795.0,10.2,1.1,2.2,3.1,16.6
448432.0,7.7,1.8,2.2,2.2,13.9
463005.0,9.2,1.7,2.9,1.9,15.7
457432.0,7.7,2.4,3.0,1.6,14.7
463308.0,9.3,1.8,2.2,1.8,15.1
468428.0,9.3,2.4,2.6,1.5,15.8
471951.0,4.8,0.7,2.9,2.8,11.2
463721.0,9.8,1.1,1.4,4.7,17.0
486024.0,7.0,0.9,2.2,2.4,12.500000000000002
427619.0,7.2,1.2,3.3,2.1,13.8
463816.0,9.8,3.2,2.4,4.0,19.4
422028.0,12.8,3.6,3.0,2.4,21.8
510044.0,5.3,1.1,2.9,1.9,11.2
463855.0,10.9,1.3,1.7,3.8,17.7
387883.0,10.1,3.1,3.3,1.6,18.1
479557.0,5.6,0.6,2.4,1.4,10.0
464169.0,8.4,1.0,1.9,2.9,14.2
502433.0,7.0,0.9,1.9,1.3,11.1
523230.0,4.2,1.1,3.9,1.9,11.1
464329.0,9.3,1.8,2.7,1.7,15.5
456456.0,9.8,2.6,2.7,1.1,16.200000000000003
464614.0,8.4,2.1,3.0,3.8,17.3
465572.0,9.1,1.5,3.7,2.3,16.6
482609.0,6.6,1.5,3.7,1.9,13.7
466867.0,8.7,2.4,2.1,2.5,15.7
542440.0,6.3,1.5,1.7,1.7,11.2
470519.0,4.8,0.5,3.3,2.7,11.3
467047.0,9.7,1.1,2.1,4.0,16.9
451382.0,8.2,2.1,2.8,2.8,15.9
468020.0,4.8,0.7,2.9,1.7,10.1
467296.0,9.6,1.4,2.1,2.8,15.9
482563.0,7.9,1.4,2.8,1.6,13.7
498600.0,3.9,0.8,3.8,1.6,10.1
467658.0,8.4,1.8,2.4,2.2,14.8
461818.0,7.4,2.7,2.7,2.2,15.0
442160.0,5.9,1.4,4.1,2.2,13.6
467842.0,10.6,1.7,2.6,2.2,17.099999999999998
482424.0,8.1,2.5,3.3,1.3,15.2
467900.0,11.1,1.0,1.7,2.9,16.7
475295.0,8.8,1.9,3.1,0.9,14.7
542266.0,5.7,0.8,3.1,2.0,11.6
469217.0,8.2,1.3,2.4,3.6,15.5
510875.0,7.6,1.3,2.6,1.5,13.0
469242.0,8.5,1.6,1.9,3.0,15.0
291743.0,14.1,3.0,3.2,3.2,23.5
367518.0,6.4,2.2,4.5,2.7,15.8
469896.0,9.0,2.2,2.4,3.5,17.1
549738.0,7.3,2.3,2.5,2.3,14.4
470000.0,7.8,2.3,1.6,3.7,15.4
427821.0,7.1,2.3,3.7,2.4,15.499999999999998
316036.0,1.5,1.0,5.8,6.0,14.3
470718.0,14.8,3.0,3.0,2.5,23.3
454095.0,5.2,0.7,2.2,2.5,10.6
471161.0,9.5,1.0,1.6,2.0,14.1
530783.0,8.4,1.1,2.0,1.6,13.1
486332.0,3.7,0.8,3.9,2.4,10.8
471569.0,10.0,0.5,2.1,1.9,14.5
445345.0,9.1,3.2,2.7,2.8,17.8
414803.0,6.4,2.6,5.4,2.4,16.8
472000.0,8.2,4.0,2.6,3.3,18.1
572795.0,5.1,1.0,2.4,1.8,10.3
472315.0,8.2,1.6,2.5,5.0,17.299999999999997
470264.0,4.2,1.4,3.1,1.8,10.5
472463.0,9.7,1.9,2.5,2.3,16.4
401556.0,9.5,2.6,3.5,1.5,17.1
534535.0,5.3,0.7,2.5,1.6,10.1
473171.0,9.8,1.2,2.7,2.3,16.0
545856.0,8.0,2.4,2.4,2.0,14.8
476713.0,4.7,1.6,3.7,1.8,11.8
473448.0,8.7,1.2,2.4,2.3,14.599999999999998
426981.0,11.1,2.2,2.6,1.3,17.2
489213.0,3.9,1.0,3.9,1.3,10.1
474197.0,8.0,1.6,3.0,2.4,15.0
475867.0,6.9,1.8,2.5,1.7,12.9
470811.0,5.2,1.0,2.8,1.9,10.9
474237.0,9.4,1.6,2.2,2.6,15.8
428925.0,8.9,1.7,2.3,1.8,14.7
474322.0,8.3,1.1,2.8,2.8,15.0
487466.0,7.1,1.3,2.3,1.7,12.4
414244.0,5.5,2.0,4.3,2.2,14.0
474523.0,11.1,2.7,3.1,2.0,18.9
314090.0,12.8,4.6,3.7,2.0,23.1
459415.0,5.3,0.7,2.4,2.3,10.7
474819.0,8.6,1.0,1.7,3.5,14.8
484809.0,6.3,1.1,2.9,2.3,12.6
578724.0,4.5,1.3,4.5,0.9,11.2
475514.0,9.5,2.9,3.4,1.5,17.3
525520.0,7.6,2.1,3.0,1.6,14.3
565385.0,4.3,0.6,3.1,2.2,10.2
472216.0,5.4,1.0,2.3,2.0,10.7
475694.0,8.0,0.8,2.0,2.5,13.3
456371.0,8.2,1.1,2.2,2.0,13.5
449876.0,5.1,0.7,2.7,1.9,10.4
475800.0,8.7,0.8,1.7,3.8,15.0
459983.0,4.8,0.8,2.7,3.3,11.6
476378.0,9.0,0.9,2.0,3.6,15.5
488882.0,8.1,1.8,2.3,1.3,13.5
394449.0,6.3,1.4,4.2,2.2,14.099999999999998
476990.0,10.3,1.5,2.2,2.6,16.6
503822.0,7.4,1.3,3.2,1.9,13.800000000000002
477337.0,10.1,1.0,2.2,2.4,15.7
460189.0,9.3,1.3,1.8,1.6,14.000000000000002
477762.0,4.4,1.2,2.8,2.3,10.7
477375.0,8.1,1.4,2.3,3.3,15.1
503503.0,8.3,1.9,2.8,1.3,14.3
458284.0,5.7,0.9,2.9,1.6,11.1
478222.0,8.3,1.4,2.6,2.2,14.5
495711.0,7.5,1.7,2.3,2.0,13.5
899921.0,5.1,1.1,3.2,1.9,11.3
478250.0,8.8,2.3,3.7,2.5,17.3
466205.0,8.1,2.6,3.3,1.6,15.6
452533.0,5.0,0.7,3.0,2.5,11.2
478823.0,8.1,0.7,2.2,3.4,14.4
468818.0,6.6,1.5,2.0,2.2,12.3
265940.0,10.2,4.8,0.2,7.2,22.4
376474.0,6.0,0.8,2.7,2.5,12.0
479003.0,12.7,1.5,2.8,3.5,20.5
479326.0,7.8,1.1,2.9,2.0,13.8
479705.0,11.0,1.9,3.1,1.4,17.4
501325.0,10.4,2.0,2.5,0.9,15.8
471574.0,5.5,0.8,3.1,2.0,11.4
480011.0,8.6,1.9,3.1,3.8,17.4
349393.0,12.1,2.9,3.4,2.1,20.5
480151.0,9.6,2.2,1.8,2.4,16.0
484720.0,7.9,3.2,2.5,0.8,14.400000000000002
472079.0,4.8,0.8,2.7,1.9,10.2
480160.0,8.6,1.3,2.1,2.3,14.3
457906.0,6.7,1.8,2.3,2.1,12.9
480197.0,9.9,2.0,2.2,2.6,16.700000000000003
388656.0,10.4,3.7,3.0,2.5,19.6
486210.0,4.6,1.2,2.3,2.2,10.3
480507.0,9.6,1.2,1.7,3.4,15.9
386896.0,11.0,2.9,2.8,2.0,18.7
480684.0,7.6,0.7,1.5,2.3,12.099999999999998
489566.0,4.7,1.2,3.8,2.2,11.9
487236.0,4.2,0.9,3.9,1.8,10.8
481104.0,7.5,1.5,2.9,2.1,14.0
492957.0,6.7,2.4,2.8,1.6,13.499999999999998
432208.0,4.7,0.8,2.7,1.8,10.0
481241.0,9.4,1.7,2.2,1.9,15.2
396303.0,9.3,2.7,3.7,1.8,17.5
481853.0,9.8,0.8,1.7,3.7,16.0
346194.0,13.0,3.1,3.2,2.3,21.6
482160.0,8.7,1.5,1.7,2.6,14.499999999999998
463292.0,7.8,1.0,2.4,2.0,13.2
493174.0,4.9,0.4,2.7,2.0,10.0
482328.0,7.8,1.2,2.2,3.1,14.3
513067.0,4.8,1.5,3.1,1.9,11.3
482382.0,8.4,1.6,1.3,3.7,15.0
471391.0,7.0,1.2,2.8,2.2,13.2
482433.0,5.7,1.1,2.5,5.2,14.5
401453.0,7.1,1.6,3.6,3.6,15.9
482648.0,9.9,1.5,2.9,3.5,17.8
524992.0,8.1,1.8,2.4,2.2,14.5
483552.0,7.5,2.0,3.0,2.5,15.0
474410.0,6.1,1.7,3.9,2.4,14.1
491715.0,4.8,0.7,2.9,2.4,10.8
483593.0,7.4,1.0,2.8,3.7,14.9
460817.0,8.0,1.9,2.6,2.1,14.6
546460.0,4.8,1.2,3.2,1.6,10.8
483734.0,9.0,2.6,3.3,2.5,17.4
454918.0,4.8,1.3,3.3,2.3,11.7
483764.0,9.5,2.0,2.3,2.2,16.0
485904.0,7.3,2.5,2.8,1.2,13.8
444606.0,5.2,1.4,3.0,2.0,11.6
484321.0,8.2,1.4,2.5,3.4,15.5
530088.0,7.3,1.5,2.3,1.7,12.8
484338.0,8.6,2.4,2.8,2.3,16.1
486106.0,9.0,1.6,1.6,0.2,12.4
535228.0,6.1,1.1,3.0,1.2,11.4
486167.0,8.6,1.1,2.3,4.0,16.0
523693.0,7.6,1.5,2.0,1.8,12.9
476251.0,4.4,1.1,3.4,2.3,11.2
486292.0,9.0,1.2,2.3,3.0,15.5
518898.0,7.5,1.5,1.9,1.9,12.8
486503.0,9.9,1.7,1.2,3.6,16.4
474184.0,8.4,2.3,1.3,2.4,14.4
361672.0,6.1,1.7,3.5,2.9,14.2
486581.0,10.0,2.4,3.8,3.0,19.2
288436.0,12.9,5.6,4.2,1.7,24.4
487326.0,9.2,1.9,3.0,1.7,15.8
314198.0,7.8,0.5,4.2,3.2,15.7
487782.0,7.8,1.3,3.0,2.0,14.1
487985.0,7.6,1.3,2.0,3.2,14.1
351839.0,8.8,3.0,2.8,2.5,17.1
504885.0,5.0,1.3,2.8,2.4,11.5
488489.0,9.1,2.2,1.9,2.7,15.900000000000002
493711.0,5.2,1.4,3.4,1.6,11.6
488539.0,10.2,1.5,2.4,2.4,16.5
406751.0,11.5,2.2,2.4,1.6,17.7
448517.0,4.5,1.2,3.7,2.8,12.2
488589.0,8.1,2.1,3.1,2.8,16.099999999999998
488641.0,8.7,1.0,1.7,3.1,14.499999999999998
504489.0,8.1,1.3,2.5,2.2,14.1
492191.0,4.7,0.8,2.9,2.0,10.4
489127.0,8.1,1.1,1.7,3.5,14.4
495212.0,8.2,1.9,2.3,1.9,14.3
489144.0,8.7,0.9,2.2,2.0,13.8
479278.0,7.0,1.9,2.4,1.5,12.8
483836.0,4.5,1.3,4.5,1.1,11.4
491232.0,9.1,1.8,3.3,1.3,15.5
503562.0,6.1,2.5,3.0,1.0,12.6
482634.0,4.5,0.4,4.3,1.7,10.9
491914.0,9.5,1.6,1.8,2.5,15.4
499304.0,6.6,2.0,3.5,1.1,13.2
410477.0,5.4,1.4,4.1,2.1,13.0
492068.0,8.4,1.8,2.5,1.7,14.4
545316.0,7.0,2.0,2.0,1.3,12.3
449974.0,5.0,1.1,3.3,2.5,11.9
492295.0,9.5,1.1,2.0,3.1,15.7
529591.0,8.8,1.6,2.3,1.5,14.2
492388.0,9.8,1.8,1.6,2.8,16.0
471149.0,8.2,1.4,3.0,1.2,13.8
491942.0,5.3,0.8,3.6,1.9,11.6
492905.0,7.8,0.9,2.2,4.1,14.999999999999998
466981.0,7.8,1.2,2.4,2.6,14.0
493587.0,8.0,0.3,1.3,4.8,14.400000000000002
479906.0,4.4,1.2,3.3,1.9,10.8
494165.0,8.5,1.4,1.8,2.5,14.2
511220.0,6.1,1.6,2.6,2.0,12.3
476246.0,4.5,1.2,3.7,2.5,11.9
494779.0,8.9,2.0,2.4,2.3,15.6
481290.0,7.6,2.7,3.0,1.4,14.7
493738.0,3.9,0.8,3.3,2.6,10.6
495027.0,9.1,0.8,2.0,2.2,14.1
537676.0,7.0,1.7,2.2,1.9,12.8
340949.0,10.8,0.9,3.2,1.9,16.8
448706.0,7.6,2.8,1.6,1.8,13.8
483722.0,4.4,0.6,3.3,1.9,10.2
495998.0,8.3,1.4,2.5,2.3,14.5
496725.0,6.7,2.4,2.8,1.6,13.499999999999998
381756.0,7.2,1.6,4.0,2.4,15.2
496862.0,9.1,0.9,2.2,2.2,14.4
497906.0,6.6,2.3,4.6,3.8,17.299999999999997
521622.0,6.4,3.7,2.1,0.5,12.7
497974.0,8.2,0.8,1.9,2.9,13.8
474207.0,8.8,0.9,2.0,1.7,13.4
579697.0,4.1,1.3,3.5,1.9,10.8
498019.0,8.5,1.2,3.3,1.8,14.8
496580.0,7.6,1.7,4.4,1.9,15.6
458045.0,4.9,0.8,2.7,2.5,10.9
498217.0,8.4,1.4,1.7,3.0,14.5
504329.0,7.3,1.2,1.9,2.1,12.5
498720.0,8.3,1.8,2.5,2.2,14.8
456646.0,6.3,1.6,2.7,1.8,12.400000000000002
440118.0,5.5,0.7,2.9,2.3,11.4
498969.0,9.3,2.2,2.1,2.9,16.5
385122.0,10.9,2.6,2.8,2.5,18.8
499462.0,10.0,0.8,0.3,2.6,13.7
499657.0,9.5,1.1,2.5,1.7,14.8
599796.0,5.7,1.4,2.0,1.0,10.1
509508.0,4.7,0.8,3.0,1.9,10.4
499856.0,7.9,1.2,2.3,2.1,13.499999999999998
483007.0,6.1,2.3,3.4,1.4,13.2
481393.0,5.3,1.0,3.6,1.9,11.8
499901.0,10.3,1.4,2.4,2.1,16.200000000000003
517188.0,6.1,0.8,2.4,2.2,11.5
500273.0,10.8,1.3,2.0,3.7,17.8
558315.0,6.2,1.0,2.0,2.2,11.4
529665.0,6.2,0.5,2.2,1.8,10.7
500393.0,8.6,1.1,1.8,3.8,15.3
536576.0,8.0,1.5,1.9,1.6,13.0
500900.0,9.6,0.7,1.9,2.7,14.9
528443.0,5.6,2.0,2.3,2.4,12.3
500993.0,8.3,1.5,3.1,2.1,15.0
489829.0,6.6,2.1,3.2,2.0,13.9
500902.0,5.0,0.8,2.7,1.5,10.0
501385.0,9.4,0.7,1.7,2.8,14.599999999999998
473298.0,7.0,2.2,2.8,1.6,13.6
495947.0,4.6,1.6,3.4,1.9,11.5
501451.0,8.3,1.5,2.8,2.7,15.3
518575.0,7.1,2.0,2.4,1.9,13.4
501531.0,11.1,1.4,1.5,2.8,16.8
439758.0,6.2,0.8,3.4,2.7,13.1
501778.0,8.4,0.9,1.8,4.1,15.2
504606.0,7.7,1.1,2.2,2.3,13.3
487005.0,6.3,0.4,2.3,2.7,11.7
501809.0,8.1,1.2,2.5,3.6,15.4
544145.0,7.3,1.1,2.4,2.1,12.9
512923.0,4.2,0.7,3.1,2.1,10.1
501814.0,9.3,1.5,2.0,2.5,15.3
517152.0,6.6,1.6,2.2,2.0,12.4
469441.0,6.0,1.2,3.7,2.1,13.0
501965.0,8.6,1.7,2.2,3.5,16.0
222678.0,9.5,5.2,3.2,1.2,19.1
502048.0,11.0,3.8,3.1,1.6,19.500000000000004
162397.0,17.8,8.5,10.5,2.0,38.8
452673.0,5.2,0.6,2.4,2.4,10.6
502507.0,9.2,1.1,2.0,2.7,15.0
540013.0,7.7,1.4,2.2,1.6,12.9
465743.0,6.5,0.5,3.0,2.2,12.2
502652.0,9.0,1.3,2.3,2.8,15.400000000000002
456631.0,9.3,2.0,3.3,1.9,16.5
481610.0,4.9,0.9,3.1,2.2,11.1
502833.0,9.1,1.2,2.7,3.3,16.3
474554.0,8.8,2.3,2.5,2.3,15.900000000000002
469250.0,4.4,1.3,3.6,1.6,10.9
503948.0,9.4,1.4,2.9,1.7,15.4
468640.0,8.7,2.6,2.2,1.4,14.9
504905.0,9.5,2.0,2.2,3.2,16.9
309963.0,15.6,4.2,4.1,3.7,27.6
505086.0,9.1,1.7,1.7,4.3,16.799999999999997
480217.0,4.9,0.7,3.6,1.4,10.6
507721.0,9.0,1.3,2.6,2.8,15.7
508139.0,8.5,1.5,2.4,3.7,16.1
449121.0,7.7,2.1,2.2,1.9,13.9
508394.0,6.4,0.5,2.2,3.8,12.900000000000002
508399.0,8.5,1.5,2.7,2.1,14.8
467532.0,7.7,3.4,2.3,1.1,14.499999999999998
509376.0,7.0,0.5,0.8,2.3,10.6
445730.0,5.0,0.7,3.5,2.3,11.5
510600.0,11.2,0.9,2.3,3.1,17.5
510650.0,6.0,0.6,0.8,3.3,10.7
538808.0,7.2,1.5,2.3,1.8,12.8
511234.0,7.7,1.3,2.1,3.6,14.7
558916.0,6.0,1.6,1.9,1.8,11.3
511390.0,7.9,1.4,2.6,2.4,14.3
503197.0,7.6,2.2,1.6,2.5,13.9
662280.0,4.4,0.2,3.7,1.8,10.1
512350.0,8.4,2.4,3.5,3.1,17.400000000000002
444490.0,8.1,3.0,3.8,2.3,17.2
512463.0,9.2,0.9,2.4,1.8,14.3
509202.0,7.0,1.0,2.5,1.4,11.9
512495.0,8.6,1.0,1.5,3.5,14.6
530233.0,7.8,1.2,1.9,1.8,12.7
483423.0,5.8,0.9,2.4,2.0,11.1
512851.0,8.7,1.1,1.5,3.0,14.3
538892.0,6.7,1.3,2.0,2.0,12.0
513058.0,8.8,1.0,2.5,2.1,14.4
519199.0,9.0,1.6,1.5,1.7,13.8
412941.0,6.2,2.5,3.0,1.8,13.5
513645.0,9.1,2.7,2.8,2.8,17.400000000000002
275465.0,15.3,5.1,3.8,2.8,27.0
515802.0,8.3,0.7,2.0,2.4,13.4
493494.0,7.3,1.9,2.4,1.2,12.8
516043.0,7.9,1.6,3.2,1.6,14.3
488423.0,7.0,1.3,2.8,1.6,12.7
476822.0,5.5,1.1,2.9,1.7,11.2
516286.0,8.9,1.6,2.4,2.3,15.2
465193.0,11.3,2.1,2.1,1.5,17.0
494024.0,4.9,0.4,3.0,2.2,10.5
517034.0,7.9,0.7,1.5,2.5,12.6
557123.0,5.8,0.9,2.2,1.9,10.8
555063.0,4.8,1.2,4.0,0.1,10.1
517862.0,4.6,0.8,1.8,4.5,11.7
517869.0,8.5,1.0,1.7,2.6,13.8
566390.0,5.8,1.2,2.1,1.8,10.9
518062.0,7.3,1.5,2.3,2.9,14.000000000000002
526387.0,7.4,1.9,3.0,2.0,14.3
518464.0,6.7,1.2,2.1,4.3,14.3
519084.0,8.3,1.3,2.1,2.3,14.0
544339.0,6.3,1.5,2.3,1.6,11.7
518745.0,5.4,1.4,2.7,1.4,10.9
520699.0,9.1,1.2,2.0,2.2,14.5
467067.0,9.2,2.5,2.4,2.0,16.1
521845.0,7.2,1.2,2.8,2.3,13.5
497548.0,5.8,2.3,2.7,1.1,11.9
483452.0,5.2,1.0,2.8,1.8,10.8
522014.0,7.7,1.3,2.0,3.1,14.1
571909.0,6.2,1.4,2.0,1.8,11.4
519182.0,5.3,1.2,3.1,1.7,11.3
523073.0,9.4,1.9,2.1,2.0,15.4
635081.0,7.3,1.9,1.3,1.5,12.0
523252.0,7.7,1.6,2.5,3.1,14.9
493676.0,4.7,0.6,2.7,2.7,10.7
523770.0,8.8,2.0,1.9,2.8,15.5
500464.0,6.8,1.2,2.5,1.8,12.3
401555.0,6.2,1.9,4.1,2.1,14.3
524585.0,9.4,1.5,2.8,1.7,15.4
525172.0,7.4,1.2,2.1,2.3,13.0
497259.0,7.0,1.9,1.9,1.9,12.7
525290.0,9.5,1.6,3.6,0.3,15.0
525663.0,10.7,0.5,1.7,2.4,15.3
561342.0,7.1,2.0,2.2,1.5,12.8
525794.0,7.8,1.2,1.9,2.0,12.9
522582.0,5.7,1.5,2.9,1.3,11.4
368434.0,9.2,1.0,8.0,2.2,20.4
526094.0,4.4,4.8,1.3,5.3,15.8
482971.0,5.4,1.3,3.7,1.6,12.0
527975.0,10.0,2.0,3.2,1.3,16.5
427684.0,10.4,3.5,3.3,1.3,18.5
528037.0,9.2,1.7,1.8,2.0,14.7
491815.0,8.1,1.3,2.0,1.3,12.7
531227.0,8.7,1.1,2.1,2.7,14.599999999999998
540178.0,5.9,0.6,2.5,2.5,11.5
531444.0,8.3,1.1,1.6,3.4,14.4
531701.0,7.9,1.3,1.9,3.4,14.500000000000002
498642.0,6.2,1.1,2.7,2.3,12.3
531981.0,7.0,2.2,3.3,1.7,14.2
423642.0,6.3,2.1,2.9,2.0,13.3
514198.0,4.4,0.9,3.3,1.8,10.400000000000002
533025.0,9.0,1.0,2.3,1.2,13.5
523231.0,3.6,1.2,3.6,1.9,10.3
533181.0,7.6,0.9,1.3,2.7,12.5
481764.0,7.0,1.4,2.4,1.5,12.3
534580.0,9.4,1.5,2.4,2.3,15.6
450719.0,10.0,3.3,2.3,1.7,17.3
534917.0,10.0,1.0,1.7,1.9,14.6
574949.0,7.4,1.5,1.9,1.5,12.3
535049.0,6.6,2.3,2.2,2.0,13.099999999999998
535352.0,10.8,1.5,1.3,2.7,16.3
433948.0,10.0,1.8,2.6,1.3,15.7
535576.0,10.4,1.6,2.4,2.9,17.3
522278.0,6.9,1.8,2.2,2.5,13.400000000000002
535902.0,8.0,0.8,2.3,2.4,13.500000000000002
480483.0,7.5,1.9,2.0,1.4,12.8
536230.0,8.1,1.5,2.4,3.7,15.7
612673.0,7.0,1.1,2.1,1.8,12.0
536613.0,8.8,2.6,3.2,1.2,15.8
679192.0,3.6,0.6,3.8,2.0,10.0
537148.0,7.6,1.0,2.5,2.3,13.4
556625.0,5.6,2.6,2.3,1.5,12.0
537324.0,7.4,1.7,3.0,2.2,14.3
436355.0,8.3,2.8,3.7,1.5,16.3
537485.0,8.1,1.0,1.8,2.0,12.9
566406.0,6.7,1.7,2.1,1.0,11.5
537941.0,8.8,1.2,1.7,2.9,14.6
492390.0,8.2,2.3,2.5,1.4,14.4
537059.0,3.8,1.8,2.8,2.0,10.4
538182.0,10.3,0.7,1.5,2.7,15.2
539120.0,8.9,1.4,1.5,1.3,13.1
537637.0,5.6,3.9,3.6,0.6,13.7
515960.0,4.5,1.0,3.2,2.6,11.3
539757.0,9.5,1.2,2.5,3.4,16.599999999999998
382314.0,10.2,2.9,2.6,2.3,18.0
540084.0,9.2,1.8,2.4,3.3,16.7
545183.0,7.6,2.0,2.2,1.1,12.9
531164.0,4.1,0.5,3.1,2.3,10.0
541407.0,9.0,1.0,2.0,2.7,14.7
528062.0,7.1,1.3,2.2,1.7,12.3
541960.0,7.8,1.1,1.8,2.6,13.3
571299.0,6.0,1.1,2.4,1.3,10.8
488152.0,5.2,0.7,3.1,1.1,10.1
543866.0,9.5,0.6,1.7,1.5,13.3
511263.0,7.3,1.9,2.5,1.1,12.8
513744.0,6.4,0.6,3.1,1.9,12.0
544018.0,9.1,1.0,1.6,2.6,14.3
505261.0,7.1,2.0,2.8,1.9,13.8
544042.0,7.0,1.5,1.4,3.0,12.9
475045.0,7.1,2.6,1.6,1.9,13.2
544737.0,8.0,1.4,1.3,2.0,12.7
544083.0,6.2,1.6,2.3,1.8,11.900000000000002
582893.0,5.0,1.0,2.9,1.6,10.5
544943.0,8.6,1.0,2.5,3.4,15.5
469114.0,9.5,2.3,2.7,1.5,16.0
545068.0,10.1,1.3,2.1,1.9,15.4
523084.0,7.8,1.5,2.4,2.4,14.1
519084.0,4.5,0.6,2.7,2.2,10.0
545096.0,8.3,0.9,1.7,3.1,14.0
500485.0,7.0,1.5,2.2,1.8,12.5
514824.0,4.6,0.7,3.0,2.1,10.4
545501.0,6.7,1.7,1.8,3.8,14.0
571305.0,5.9,1.6,2.0,2.0,11.5
545662.0,9.7,1.7,2.0,1.7,15.099999999999998
553083.0,6.2,1.3,1.9,1.8,11.2
545740.0,7.6,0.9,0.4,2.9,11.8
546023.0,5.8,0.5,2.3,2.3,10.9
546209.0,10.1,1.1,1.2,2.7,15.099999999999998
546495.0,6.8,1.6,2.0,2.3,12.7
543464.0,5.1,2.1,2.2,1.6,10.999999999999998
546842.0,7.1,1.1,2.4,2.1,12.7
563155.0,5.8,1.3,2.4,1.4,10.9
548030.0,5.9,0.4,1.7,3.5,11.5
394577.0,7.1,1.8,4.1,2.1,15.1
548856.0,7.1,1.1,1.4,2.7,12.3
512508.0,6.8,1.4,1.5,1.6,11.3
549204.0,7.7,1.6,2.2,2.7,14.2
523441.0,5.8,1.3,2.8,1.9,11.8
549517.0,7.3,1.3,2.0,3.1,13.7
549587.0,8.2,1.2,1.8,2.2,13.4
536843.0,7.3,1.3,2.4,1.7,12.7
550497.0,8.2,1.0,2.0,2.5,13.7
550610.0,7.7,1.1,1.6,2.5,12.9
554130.0,5.9,1.6,2.6,1.6,11.7
550741.0,7.4,1.2,2.0,2.2,12.8
552114.0,8.5,0.7,1.8,1.6,12.6
568078.0,6.4,1.4,2.2,1.5,11.5
553004.0,6.1,1.0,1.5,4.4,13.0
461046.0,4.6,0.6,3.5,1.6,10.3
553548.0,8.3,0.8,1.9,1.7,12.7
546753.0,7.3,1.9,1.6,1.3,12.1
217274.0,3.5,1.8,6.8,11.5,23.6
553928.0,4.6,0.3,2.4,4.0,11.3
175439.0,15.8,6.0,7.5,3.8,33.1
554683.0,8.5,0.6,1.3,2.2,12.6
521779.0,6.4,0.8,2.3,1.8,11.3
555012.0,7.0,0.9,1.4,2.5,11.8
516107.0,5.6,1.3,2.0,2.2,11.099999999999998
555674.0,6.8,1.2,3.0,2.7,13.7
536853.0,5.8,0.8,2.4,2.6,11.6
556687.0,8.9,1.3,1.4,3.9,15.500000000000002
557103.0,9.2,0.8,1.5,2.6,14.1
507879.0,6.8,1.1,2.0,2.0,11.9
558168.0,8.3,1.7,2.3,2.4,14.7
558646.0,8.2,1.0,2.7,1.8,13.7
535572.0,6.4,1.8,2.5,1.1,11.8
654175.0,4.7,0.7,2.6,2.6,10.6
558919.0,8.2,1.2,1.2,3.6,14.199999999999998
559241.0,6.1,0.6,1.5,2.2,10.4
591029.0,5.6,1.6,2.2,1.9,11.3
559346.0,7.7,1.1,1.5,2.0,12.3
574635.0,6.5,1.6,2.0,1.5,11.6
559388.0,4.6,2.4,6.4,0.4,13.8
518264.0,4.2,0.8,3.1,2.0,10.1
559608.0,8.1,1.3,2.1,2.6,14.1
591723.0,6.8,1.0,2.2,1.7,11.7
559699.0,7.7,0.8,1.9,1.3,11.7
526650.0,6.2,2.0,2.7,1.6,12.499999999999998
560076.0,7.0,1.4,2.4,2.5,13.3
581085.0,6.0,1.6,1.9,1.4,10.9
560108.0,7.5,1.0,1.5,2.7,12.7
575499.0,6.2,0.8,2.2,1.5,10.7
560549.0,8.2,1.5,2.5,2.1,14.3
560617.0,6.8,1.5,2.1,0.9,11.3
489235.0,11.0,1.3,3.0,1.5,16.8
561562.0,8.3,1.0,1.5,2.3,13.1
477577.0,9.8,2.4,2.5,1.5,16.200000000000003
562223.0,7.2,1.3,2.3,2.1,12.9
581575.0,7.1,1.9,2.2,1.1,12.3
562875.0,11.0,0.8,2.0,2.2,16.0
563011.0,7.2,1.9,2.4,2.6,14.1
601503.0,5.9,0.5,3.8,0.7,10.9
563401.0,8.3,1.0,1.5,2.3,13.1
586532.0,8.2,0.8,2.4,0.7,12.1
563796.0,7.6,1.2,1.7,3.5,13.999999999999998
564039.0,8.1,0.9,2.4,1.9,13.3
455794.0,7.6,1.7,2.9,2.1,14.3
565479.0,7.6,0.8,2.1,2.8,13.3
590050.0,5.9,1.4,1.5,1.7,10.5
566277.0,8.8,1.2,1.7,2.9,14.6
515695.0,6.8,1.1,2.4,1.8,12.1
566668.0,8.6,0.7,1.2,2.6,13.099999999999998
566942.0,7.0,1.6,2.3,1.7,12.599999999999998
538956.0,6.9,2.2,2.5,1.7,13.3
568180.0,6.9,1.4,2.3,1.3,11.900000000000002
573374.0,5.8,1.7,2.3,1.4,11.2
568990.0,8.0,1.0,1.5,2.5,13.0
638200.0,6.1,1.1,2.0,1.9,11.1
569144.0,8.0,0.6,1.9,2.0,12.5
571887.0,6.0,2.6,2.9,1.1,12.6
569742.0,7.0,1.4,2.5,2.9,13.8
555968.0,6.7,1.7,2.5,1.6,12.5
596171.0,4.4,1.2,2.9,1.9,10.4
571143.0,8.5,1.7,2.1,1.5,13.8
426689.0,9.2,2.8,2.5,1.2,15.7
571351.0,8.0,0.6,1.7,2.0,12.3
572826.0,7.9,1.1,2.2,3.1,14.3
555120.0,5.5,1.0,2.2,1.9,10.6
572909.0,6.3,0.6,2.9,3.3,13.099999999999998
574330.0,7.7,1.3,1.8,3.3,14.1
574352.0,7.7,1.3,2.2,3.5,14.7
482382.0,4.7,1.0,3.3,2.5,11.5
574662.0,7.6,1.0,1.8,3.5,13.9
575051.0,7.7,0.5,3.1,3.0,14.3
575338.0,6.0,0.8,1.7,2.4,10.9
569401.0,4.9,1.0,2.8,1.5,10.2
576043.0,7.3,2.3,3.0,3.8,16.4
385837.0,10.9,2.9,3.7,2.1,19.6
576132.0,7.2,1.3,1.8,2.1,12.4
550158.0,7.5,1.7,2.8,2.1,14.1
576278.0,7.0,1.5,2.1,0.9,11.5
572819.0,6.9,1.7,2.2,1.7,12.5
577245.0,9.0,1.9,2.2,3.2,16.3
383483.0,14.9,3.8,2.6,2.5,23.8
578682.0,7.3,0.9,2.0,2.0,12.2
600545.0,5.7,1.3,2.3,1.3,10.6
578867.0,7.8,1.3,1.3,3.2,13.6
599125.0,5.1,1.2,2.4,1.3,10.0
579749.0,7.0,1.2,2.3,4.2,14.7
580112.0,6.5,1.0,2.5,1.4,11.4
541528.0,5.7,2.2,2.3,1.3,11.5
581518.0,6.2,0.5,1.8,2.9,11.4
530799.0,7.1,0.9,2.3,1.5,11.8
582524.0,6.7,0.9,2.4,3.4,13.4
604726.0,5.5,1.3,2.3,2.5,11.6
583089.0,7.7,0.7,1.5,2.2,12.1
562540.0,6.8,1.8,2.0,1.7,12.3
583598.0,10.2,1.1,1.7,2.5,15.499999999999998
569629.0,5.8,1.4,2.7,1.7,11.599999999999998
585942.0,6.6,1.4,1.7,1.7,11.4
561008.0,7.1,1.6,1.6,1.5,11.8
380548.0,5.4,3.1,3.2,3.9,15.6
586783.0,7.5,0.4,1.6,2.5,12.0
74559.0,26.3,8.5,8.3,9.3,52.39999999999999
587010.0,9.1,0.9,1.5,2.1,13.6
588338.0,8.2,1.3,2.2,2.6,14.3
432495.0,9.0,2.2,2.6,1.8,15.6
588724.0,7.2,0.8,1.4,2.3,11.7
593718.0,5.9,1.6,1.9,1.8,11.2
589031.0,7.1,1.1,1.8,1.4,11.4
573567.0,5.7,1.7,2.4,1.8,11.6
589210.0,7.7,1.2,1.8,2.2,12.900000000000002
508583.0,6.7,2.7,2.7,1.1,13.2
589491.0,6.6,0.9,1.7,2.0,11.2
590742.0,6.7,1.0,1.5,2.7,11.9
590890.0,8.0,2.1,2.6,1.2,13.9
414419.0,10.8,3.7,2.8,1.4,18.7
592649.0,7.8,0.9,2.1,2.5,13.3
537178.0,8.0,1.9,2.2,1.1,13.2
592828.0,7.2,1.2,1.9,1.6,11.9
593112.0,8.0,1.0,1.5,1.8,12.3
602285.0,6.8,1.0,1.5,1.7,11.0
443928.0,5.6,1.5,3.9,1.9,12.9
593841.0,10.3,2.4,2.5,2.5,17.700000000000003
383798.0,13.1,3.3,3.0,1.7,21.1
594369.0,7.7,1.1,1.1,2.9,12.8
528474.0,6.8,1.5,2.5,1.7,12.5
580866.0,5.6,1.0,2.1,2.1,10.8
595199.0,8.9,1.1,2.3,2.5,14.8
524760.0,8.8,1.0,1.7,2.2,13.7
596249.0,8.1,0.6,1.2,1.6,11.499999999999998
458637.0,8.1,1.3,3.1,1.5,14.0
597846.0,7.3,1.2,1.1,1.6,11.2
597945.0,6.0,1.4,2.9,1.5,11.8
546122.0,7.0,1.7,2.9,1.1,12.7
598028.0,7.1,1.5,1.9,4.3,14.8
412851.0,8.4,1.7,3.7,2.2,16.0
599198.0,7.6,0.5,1.6,2.2,11.9
599431.0,8.1,0.8,0.7,2.3,11.9
600172.0,8.1,1.1,1.4,2.3,12.9
584136.0,6.3,1.1,1.7,1.7,10.8
600180.0,9.4,1.2,2.2,1.7,14.5
629177.0,6.7,1.3,2.2,1.8,12.0
600512.0,8.1,1.9,1.9,2.5,14.4
438207.0,9.5,2.6,2.9,1.4,16.4
600595.0,7.8,1.6,2.2,1.7,13.3
600722.0,7.2,0.8,2.1,2.1,12.2
595168.0,6.5,1.3,1.8,0.9,10.5
562879.0,4.8,0.8,3.3,2.4,11.3
600986.0,7.9,1.9,1.7,4.4,15.9
507716.0,5.9,1.6,2.9,2.7,13.1
601030.0,6.7,0.5,2.0,2.5,11.7
573688.0,7.4,1.0,1.8,1.3,11.500000000000002
602329.0,6.7,1.5,1.3,3.2,12.7
563552.0,4.2,0.6,2.7,2.5,10.0
603236.0,7.9,0.6,1.2,1.7,11.4
441541.0,9.1,1.9,2.7,1.6,15.3
604418.0,7.0,0.8,1.8,1.0,10.6
493991.0,8.5,2.1,2.4,1.8,14.8
605134.0,6.6,0.5,1.9,2.6,11.6
606669.0,6.7,0.8,2.1,2.5,12.1
559261.0,6.4,1.9,2.7,2.2,13.2
607113.0,5.4,1.3,2.5,1.2,10.4
640102.0,5.0,1.7,2.2,1.1,10.0
607298.0,6.4,0.9,1.0,1.8,10.1
571664.0,5.6,1.0,2.6,1.7,10.9
607762.0,7.8,1.4,2.8,2.1,14.1
559319.0,7.4,1.4,2.4,1.3,12.500000000000002
608093.0,5.9,0.8,1.9,3.9,12.5
608318.0,8.0,0.8,1.3,2.6,12.7
609918.0,7.4,1.3,1.8,3.2,13.700000000000005
416206.0,9.6,2.1,3.5,2.0,17.2
709461.0,7.1,1.3,0.4,1.4,10.2
611279.0,7.4,1.3,2.4,3.1,14.2
590286.0,7.5,1.5,1.7,2.2,12.9
611825.0,7.5,1.1,1.7,2.5,12.8
612012.0,7.6,0.9,1.7,3.4,13.6
612589.0,7.0,0.8,1.3,2.4,11.5
613265.0,6.9,0.4,0.9,3.4,11.6
614482.0,7.8,1.8,2.3,1.7,13.599999999999998
614605.0,7.4,0.8,1.5,1.5,11.2
567822.0,6.7,2.0,1.5,1.2,11.4
615656.0,6.9,1.0,1.8,3.6,13.3
443532.0,7.7,1.5,2.6,2.0,13.8
615958.0,8.5,1.2,1.0,2.5,13.2
616253.0,7.5,0.7,2.1,1.7,11.999999999999998
594312.0,6.8,1.7,2.6,0.9,12.0
616746.0,5.0,1.4,1.2,2.9,10.5
616804.0,5.9,1.2,1.8,2.3,11.2
509537.0,7.4,1.5,2.5,1.3,12.7
440166.0,5.3,1.0,3.7,2.3,12.3
617807.0,8.6,1.2,1.9,1.9,13.6
618183.0,6.3,0.9,2.4,1.7,11.3
655236.0,4.0,1.0,2.8,2.7,10.5
618674.0,6.7,0.8,0.6,2.8,10.9
622179.0,9.6,0.3,0.7,2.5,13.1
619985.0,5.5,1.0,2.1,1.5,10.1
622859.0,6.3,0.5,1.0,3.0,10.8
555685.0,6.5,0.7,2.6,2.1,11.9
623773.0,7.9,0.6,1.2,2.0,11.7
626239.0,7.3,1.0,2.0,2.2,12.5
623453.0,6.1,1.5,2.0,1.9,11.5
626605.0,7.2,1.0,1.6,2.3,12.099999999999998
642411.0,5.6,1.2,1.9,1.5,10.2
627181.0,7.5,1.1,1.8,2.0,12.4
602054.0,5.4,0.7,2.0,2.0,10.1
627624.0,8.1,2.1,3.6,2.5,16.299999999999997
392113.0,8.6,4.3,4.3,2.6,19.8
627796.0,7.4,0.7,1.3,2.4,11.8
580146.0,5.4,1.2,2.3,2.3,11.2
628703.0,6.9,1.0,2.1,3.0,13.0
537229.0,7.3,2.3,2.7,1.6,13.9
367965.0,4.5,3.8,7.0,3.8,19.1
555904.0,6.4,3.9,2.8,1.9,15.000000000000002
630026.0,7.7,1.6,2.4,2.6,14.3
376674.0,11.3,2.0,3.0,2.5,18.8
630388.0,7.8,1.1,1.8,2.3,13.0
630505.0,7.4,1.1,1.5,2.1,12.1
576988.0,6.5,1.3,2.1,1.5,11.4
631715.0,9.3,0.2,2.5,2.5,14.5
632676.0,7.0,1.8,0.5,0.8,10.1
632753.0,6.7,0.8,1.0,2.3,10.8
632844.0,6.1,0.9,1.8,2.3,11.1
590049.0,6.8,1.6,3.0,1.0,12.4
632880.0,6.4,2.1,3.7,1.1,13.3
633381.0,7.3,1.3,2.8,3.5,14.9
577963.0,7.5,2.2,1.9,1.8,13.4
633644.0,7.7,1.3,1.3,1.9,12.2
581732.0,5.8,1.8,2.4,1.4,11.4
634035.0,7.6,0.9,2.0,1.4,11.9
565638.0,8.4,0.2,1.7,1.8,12.1
634128.0,7.8,1.7,2.5,2.0,14.0
434346.0,9.0,2.4,2.5,1.5,15.4
634522.0,8.5,1.0,0.6,2.9,13.0
507081.0,7.3,0.8,2.5,1.7,12.3
634915.0,5.8,0.5,1.5,4.7,12.5
635098.0,6.2,0.9,1.6,2.0,10.7
635183.0,7.1,0.7,1.3,1.5,10.6
636042.0,7.2,1.2,1.7,1.5,11.6
590307.0,7.1,1.8,2.2,1.1,12.2
636860.0,6.6,0.8,1.2,2.2,10.8
638170.0,8.2,1.2,2.5,1.4,13.3
621286.0,6.2,2.2,2.8,1.1,12.3
639237.0,6.8,0.6,1.5,2.4,11.3
639493.0,6.8,0.5,1.7,1.6,10.6
639577.0,6.6,1.0,1.7,2.3,11.599999999999998
640381.0,7.0,1.2,1.3,1.6,11.1
662416.0,6.1,1.6,2.5,0.8,11.0
641908.0,8.0,0.9,1.8,1.5,12.2
562150.0,6.5,1.7,1.8,1.6,11.6
643973.0,6.2,0.6,1.4,2.1,10.3
644217.0,6.3,0.9,1.2,2.3,10.7
644650.0,7.7,0.9,2.0,1.9,12.5
645179.0,9.6,0.9,0.7,2.6,13.8
645251.0,6.4,0.7,1.9,2.2,11.2
646099.0,7.5,0.3,1.3,1.7,10.8
515146.0,7.8,1.2,2.6,1.8,13.4
646458.0,8.2,0.6,0.7,2.3,11.799999999999995
647294.0,5.8,0.8,1.1,2.7,10.4
647892.0,7.1,1.0,1.4,1.7,11.2
581418.0,5.6,1.8,2.3,2.1,11.8
649698.0,8.9,0.6,1.5,2.1,13.1
474528.0,8.3,0.8,1.8,2.1,13.000000000000002
649920.0,6.7,0.5,0.9,2.0,10.1
650015.0,7.0,0.8,0.7,2.9,11.4
652989.0,6.7,0.8,1.4,1.9,10.8
591715.0,6.6,1.6,2.3,1.3,11.8
653092.0,7.9,0.6,1.4,2.6,12.5
653108.0,8.0,1.0,1.6,2.1,12.7
532046.0,4.4,1.0,3.2,2.0,10.6
656055.0,6.9,1.0,1.9,3.2,13.0
450796.0,8.8,2.7,2.5,1.8,15.8
656926.0,6.1,1.5,1.9,1.5,11.0
657347.0,7.5,0.7,1.3,2.2,11.7
543977.0,6.6,1.5,1.8,1.4,11.3
514462.0,5.1,0.8,3.7,2.0,11.6
663044.0,7.4,1.4,2.3,2.8,13.900000000000002
467822.0,8.3,2.6,3.4,2.7,17.0
663627.0,6.5,0.6,1.8,2.6,11.5
664378.0,7.8,0.8,2.2,2.2,13.0
664664.0,6.6,0.9,1.9,1.9,11.3
633043.0,6.5,1.3,2.0,1.3,11.1
666864.0,7.7,1.5,1.7,1.8,12.7
667727.0,5.3,0.7,1.3,2.7,10.0
669040.0,6.3,0.7,1.6,1.7,10.3
670075.0,7.5,0.5,1.3,1.2,10.5
607227.0,6.2,0.9,2.2,1.5,10.8
671685.0,7.3,1.3,1.4,2.0,12.0
542366.0,6.2,2.6,1.3,2.1,12.2
672351.0,7.5,1.1,1.8,1.6,12.0
572435.0,6.5,2.2,2.1,1.4,12.2
674002.0,4.6,1.6,2.1,2.1,10.4
678334.0,7.3,0.5,0.8,1.6,10.2
678391.0,6.5,0.8,1.6,1.2,10.1
682001.0,7.5,0.8,1.8,1.4,11.500000000000002
500402.0,6.2,2.3,2.6,0.9,12.0
682305.0,7.0,0.7,1.4,2.0,11.1
608553.0,5.7,1.7,2.2,1.5,11.1
682842.0,6.5,0.4,1.0,2.5,10.4
683358.0,6.9,0.8,1.8,2.3,11.8
533850.0,7.5,1.3,2.2,0.9,11.9
685194.0,6.8,1.9,2.1,1.8,12.6
401343.0,2.0,0.8,7.2,3.2,13.2
685546.0,4.5,0.9,2.8,2.4,10.6
410423.0,8.0,6.1,0.9,0.9,15.9
463937.0,6.3,0.7,2.9,1.3,11.2
689584.0,7.4,0.9,2.0,1.0,11.3
689864.0,7.2,0.5,1.4,2.2,11.3
691816.0,5.8,0.8,1.4,3.7,11.7
694133.0,6.0,0.9,1.0,2.2,10.1
694658.0,7.1,1.0,2.1,1.3,11.5
509726.0,8.8,2.2,2.5,1.6,15.1
605363.0,7.8,0.8,2.0,2.6,13.2
696934.0,7.4,1.0,2.1,3.6,14.1
420052.0,8.3,2.4,3.2,2.4,16.3
697141.0,6.4,1.2,1.9,1.6,11.1
421615.0,9.2,2.9,3.7,1.4,17.2
697596.0,7.4,0.4,1.5,2.4,11.7
698835.0,8.3,0.3,0.7,2.1,11.4
701945.0,5.7,1.0,1.7,2.1,10.5
703966.0,6.8,1.0,1.2,1.7,10.7
707411.0,5.4,1.3,2.2,1.7,10.6
572285.0,6.3,2.1,2.0,1.4,11.8
709658.0,5.5,1.3,1.8,2.2,10.8
543316.0,8.1,2.1,2.6,1.5,14.3
620977.0,5.4,1.4,2.6,1.4,10.8
714791.0,5.6,0.7,1.6,2.5,10.4
718967.0,6.5,1.4,2.0,1.5,11.4
719062.0,8.2,0.6,2.3,3.4,14.499999999999998
115029.0,14.5,5.2,8.0,13.0,40.7
723066.0,4.2,4.9,5.3,2.9,17.3
126882.0,21.0,5.8,9.1,5.1,41.0
730290.0,5.7,0.8,1.7,1.9,10.1
735115.0,5.7,0.9,1.6,2.8,11.0
574522.0,5.0,1.5,2.5,1.7,10.7
738356.0,8.0,2.2,3.1,2.4,15.7
330119.0,10.1,3.1,4.1,2.3,19.6
612789.0,5.2,1.3,2.0,2.0,10.5
752851.0,7.1,1.0,2.0,1.7,11.8
754983.0,4.8,0.8,2.0,3.5,11.1
406618.0,10.7,1.9,2.3,1.4,16.299999999999997
760290.0,7.1,0.7,1.4,2.1,11.3
762249.0,6.5,1.3,1.3,2.4,11.5
504073.0,6.8,1.0,2.4,1.9,12.1
764535.0,5.6,0.3,1.3,3.3,10.5
764637.0,6.7,0.7,1.3,1.9,10.6
770682.0,4.8,3.0,0.8,2.4,11.0
528131.0,5.1,3.3,2.9,0.9,12.2
521293.0,6.5,2.6,2.7,1.3,13.1
774615.0,7.3,1.1,2.0,2.1,12.5
489118.0,8.7,2.4,2.7,1.7,15.5
682013.0,5.4,0.9,2.9,1.5,10.7
778102.0,5.0,2.0,0.5,7.0,14.5
541995.0,9.4,2.5,2.0,1.7,15.6
586956.0,12.5,3.9,3.4,2.6,22.4
503962.0,6.3,0.6,2.9,1.6,11.4
266039.0,6.4,2.2,7.0,5.8,21.4
255924.0,11.8,3.5,5.5,4.3,25.1
798468.0,6.3,1.0,1.6,1.6,10.5
526626.0,7.4,2.1,2.0,0.7,12.2
802763.0,6.8,0.6,0.7,2.2,10.3
564563.0,5.2,1.0,2.4,1.8,10.4
803672.0,8.0,1.2,2.0,1.5,12.7
307644.0,14.3,4.9,3.5,1.5,24.200000000000003
805501.0,7.2,1.0,1.4,1.3,10.9
466494.0,7.1,2.3,2.1,1.3,12.8
808796.0,6.0,0.8,2.1,1.1,10.0
505010.0,9.8,2.0,3.3,0.3,15.400000000000002
693765.0,5.6,1.8,1.8,1.1,10.3
842141.0,6.9,0.8,1.6,1.9,11.2
435791.0,10.1,2.9,3.3,1.8,18.1
538753.0,6.6,1.5,2.1,1.8,12.0
527983.0,7.3,1.9,1.6,2.4,13.2
422571.0,3.9,3.3,4.1,1.2,12.499999999999998
879668.0,7.6,1.5,2.4,2.6,14.1
445459.0,7.0,2.2,3.1,2.6,14.9
883752.0,4.8,1.2,2.0,2.5,10.5
582048.0,5.4,1.8,1.8,1.5,10.5
422622.0,6.0,1.0,3.8,3.8,14.6
924511.0,5.4,0.9,1.5,3.1,10.9
488758.0,6.6,1.6,2.1,1.3,11.6
549519.0,5.9,3.4,1.2,2.0,12.5
652706.0,5.5,1.1,2.0,1.5,10.1
941899.0,6.5,1.6,2.0,2.0,12.1
430636.0,9.1,3.6,3.3,2.0,18.0
465869.0,6.8,2.5,2.0,1.3,12.6
532753.0,7.8,1.4,2.0,2.1,13.3
974255.0,6.7,1.2,1.9,0.9,10.7
479237.0,7.2,3.1,2.6,1.6,14.5
489735.0,7.1,2.3,2.9,1.0,13.3
997647.0,5.7,0.8,2.1,2.4,11.0
350543.0,10.3,2.4,3.2,1.8,17.700000000000003
546108.0,5.3,2.1,2.3,1.4,11.1
467166.0,8.6,2.4,2.5,1.7,15.2
438237.0,9.5,2.1,2.8,1.5,15.9
539823.0,5.4,1.0,2.0,1.8,10.2
378083.0,6.2,1.8,4.8,2.0,14.8
289108.0,13.4,5.7,4.5,1.9,25.5
662969.0,5.1,1.4,2.5,1.3,10.3
376016.0,6.0,1.7,3.6,1.9,13.2
329051.0,12.3,4.8,3.9,1.0,22.0
537035.0,6.9,2.1,2.5,2.1,13.6
383486.0,5.9,1.6,4.3,1.9,13.7
384472.0,10.9,3.9,3.3,2.0,20.1
302376.0,5.3,1.8,2.3,8.5,17.9
467980.0,6.9,3.1,3.6,2.1,15.7
538985.0,7.5,1.2,2.5,1.9,13.1
396658.0,6.7,2.7,2.5,2.4,14.3
440506.0,5.8,0.5,2.8,4.2,13.3
449602.0,6.5,1.3,2.8,4.0,14.6
378774.0,10.4,3.7,3.2,1.7,19.0
146879.0,16.4,5.6,6.2,7.9,36.1
575372.0,5.6,1.1,2.5,1.8,11.0
505793.0,8.0,2.3,2.4,1.7,14.4
451351.0,9.7,3.9,2.9,1.9,18.4
284696.0,9.6,3.4,5.1,3.8,21.9
96638.0,16.4,6.2,8.6,8.1,39.3
91967.0,27.7,8.5,7.7,7.5,51.400000000000006
82545.0,19.9,7.5,7.9,9.0,44.3
308908.0,9.6,2.0,4.6,4.4,20.6
305031.0,8.3,3.1,3.9,3.8,19.1
297953.0,9.0,1.6,3.7,2.2,16.5
296700.0,8.7,2.0,4.5,3.2,18.4
270267.0,11.2,2.2,3.2,3.2,19.8
245697.0,9.7,1.7,4.7,3.3,19.4
206909.0,11.6,3.1,5.8,4.8,25.3
248537.0,8.8,3.0,5.6,2.5,19.9
298603.0,7.8,1.5,4.6,3.8,17.7
288112.0,9.2,1.6,3.8,0.7,15.299999999999995
269399.0,16.6,4.8,4.2,2.1,27.700000000000003
201326.0,11.5,4.0,6.5,4.9,26.9
291877.0,11.2,1.2,2.2,4.4,19.0
228035.0,8.2,3.5,7.0,6.5,25.2
297302.0,7.7,1.5,4.5,3.2,16.9
295999.0,8.4,1.8,4.1,3.7,18.0
299831.0,6.8,3.0,7.7,3.4,20.9
299736.0,9.8,1.0,3.5,4.4,18.700000000000003
299709.0,8.5,1.1,3.1,3.6,16.3
286935.0,10.1,1.1,4.1,4.6,19.9
279718.0,7.0,2.4,4.8,4.1,18.3
299066.0,7.9,1.8,1.6,2.5,13.8
137116.0,16.4,4.6,6.4,6.1,33.5
297301.0,9.8,1.6,3.9,3.2,18.5
294758.0,9.2,2.7,4.2,3.1,19.2
35495.0,26.2,9.0,9.8,11.6,56.6
42925.0,25.9,8.4,9.2,10.2,53.7
298311.0,8.3,2.0,3.8,4.1,18.200000000000003
293444.0,9.8,0.8,5.4,3.0,19.0
299399.0,14.6,4.6,3.5,1.7,24.4
289923.0,7.9,2.0,5.7,4.4,20.0
299341.0,8.0,2.3,3.9,3.8,18.0
246218.0,12.9,1.2,3.4,3.6,21.1
282339.0,8.1,2.4,4.7,3.4,18.6
284315.0,9.6,1.9,3.9,3.3,18.7
302467.0,6.1,2.4,5.6,3.5,17.6
297098.0,8.5,2.1,3.8,2.2,16.599999999999998
133429.0,25.1,7.2,6.0,5.0,43.3
79954.0,19.6,6.4,9.3,7.8,43.1
63308.0,32.6,9.0,8.5,8.0,58.1
157662.0,12.0,3.5,8.2,4.8,28.5
49886.0,23.3,8.2,9.7,9.7,50.900000000000006
39014.0,35.2,10.1,9.8,9.2,64.30000000000001
296540.0,11.0,3.0,4.4,3.4,21.8
126734.0,25.9,7.7,6.2,5.8,45.6
295597.0,14.0,4.8,3.9,2.0,24.7
341841.0,6.6,1.4,4.3,2.6,14.9
299854.0,8.0,1.8,3.5,4.0,17.3
248838.0,9.4,2.8,5.6,4.6,22.4
290081.0,8.2,1.8,4.0,1.7,15.7
256810.0,13.2,3.2,4.5,2.5,23.4
277282.0,13.6,2.8,4.0,3.1,23.5
199103.0,17.2,5.0,4.0,3.3,29.5
314213.0,8.9,2.0,4.9,3.0,18.8
129008.0,19.1,5.8,7.4,8.4,40.7
220558.0,11.0,4.0,6.7,5.0,26.7
47950.0,23.8,8.0,9.2,10.5,51.5
53971.0,22.9,8.1,9.1,10.2,50.3
357022.0,7.7,1.8,4.4,2.2,16.1
68183.0,21.2,6.8,8.8,8.8,45.6
84047.0,18.5,7.0,8.3,8.7,42.5
174079.0,17.1,4.5,6.5,7.6,35.7
557038.0,5.2,1.2,3.1,1.7,11.2
440706.0,5.9,1.5,3.7,2.4,13.500000000000002
253168.0,9.4,3.5,6.0,3.8,22.7
320705.0,8.8,2.0,4.4,2.6,17.8
30913.0,25.7,8.9,10.6,11.8,57.0
23646.0,29.0,9.8,11.1,11.9,61.8
111320.0,18.5,3.2,7.2,6.8,35.7
173591.0,16.0,0.5,4.2,2.0,22.7
244540.0,9.1,2.4,5.2,3.7,20.4
264391.0,8.6,2.6,3.5,4.1,18.8
168054.0,13.3,3.8,5.8,6.3,29.200000000000003
297742.0,6.2,2.1,3.1,4.4,15.8
248754.0,10.8,2.4,4.4,5.5,23.1
220601.0,11.0,2.9,5.7,3.1,22.700000000000003
291886.0,11.9,0.8,4.4,2.9,20.0
263128.0,3.8,5.5,2.5,4.8,16.6
283447.0,9.0,1.3,4.5,4.0,18.8
202059.0,9.5,7.0,8.0,7.2,31.7
298406.0,8.7,1.3,3.7,4.2,17.9
339930.0,6.1,2.7,4.2,3.5,16.5
227045.0,11.5,3.4,5.3,5.4,25.6
102488.0,18.8,5.8,7.9,8.2,40.7
47627.0,19.2,9.8,9.8,10.6,49.4
326693.0,8.1,1.3,3.8,4.8,18.0
275358.0,12.4,1.4,4.5,2.6,20.9
272833.0,6.8,0.2,5.8,2.2,15.0
246194.0,10.1,3.9,5.3,2.1,21.4
246444.0,13.0,5.4,4.2,2.3,24.9
368698.0,9.6,3.4,2.8,2.4,18.2
283259.0,7.2,4.8,4.2,2.0,18.2
221721.0,17.4,5.2,3.9,1.5,28.0
288520.0,10.4,3.1,5.1,5.9,24.5
192424.0,18.8,6.1,5.0,4.1,34.0
73510.0,19.9,7.4,9.4,8.7,45.39999999999999
79886.0,17.1,7.6,9.3,8.5,42.5
76500.0,30.5,9.1,7.9,7.7,55.2
96430.0,19.4,5.6,8.7,8.3,42.0
91162.0,27.8,9.1,7.7,6.7,51.3
294230.0,9.1,3.4,4.6,2.8,19.9
251501.0,15.8,4.9,4.3,2.3,27.300000000000004
298440.0,9.5,1.7,1.3,5.3,17.8
165210.0,21.9,5.6,5.1,5.7,38.3
235049.0,8.9,5.6,5.8,4.2,24.5
217282.0,17.0,5.2,4.7,3.9,30.8
202117.0,18.0,6.4,5.8,4.4,34.6
155549.0,13.8,5.4,4.4,6.2,29.8
262922.0,10.9,5.1,8.8,6.2,31.0
286015.0,13.8,0.4,3.4,4.8,22.4
290947.0,7.8,2.3,4.9,3.6,18.6
240269.0,8.5,2.7,5.5,3.6,20.3
296799.0,7.8,1.5,4.1,3.9,17.3
287451.0,9.1,2.4,5.5,3.0,20.0
288187.0,9.0,2.7,5.3,5.0,22.0
246889.0,13.7,4.6,4.1,4.1,26.5
289456.0,10.8,2.2,6.0,5.8,24.8
233353.0,9.3,4.6,6.0,5.2,25.1
276357.0,9.6,1.1,2.0,4.8,17.5
134712.0,26.4,8.2,6.1,3.9,44.6
280054.0,5.5,1.0,4.8,7.4,18.700000000000003
291310.0,10.1,2.5,4.2,6.4,23.200000000000003
196804.0,9.0,1.5,4.2,5.0,19.7
290412.0,11.1,2.8,2.8,3.7,20.4
291937.0,15.8,0.9,3.2,6.4,26.3
297566.0,9.8,1.4,3.4,3.4,18.0
295351.0,11.0,3.8,5.5,1.0,21.3
283871.0,9.3,3.1,6.9,3.9,23.2
196755.0,20.6,5.9,5.3,3.8,35.6
246497.0,11.0,3.0,3.5,5.0,22.5
293603.0,8.6,0.9,4.1,3.0,16.6
222293.0,19.1,4.4,4.4,3.4,31.3
42335.0,24.5,8.5,9.9,10.2,53.1
292275.0,7.1,1.5,4.3,3.8,16.7
298876.0,8.4,2.8,5.2,3.2,19.6
299636.0,7.5,1.8,4.6,3.9,17.8
283114.0,11.3,1.9,3.8,2.7,19.7
290058.0,12.9,1.6,4.0,3.4,21.9
286984.0,5.1,0.9,3.5,3.0,12.5
232213.0,11.8,1.5,2.9,2.9,19.1
285630.0,9.2,3.9,4.2,5.3,22.6
74633.0,20.7,6.9,9.0,9.0,45.6
68932.0,31.0,8.9,8.5,7.9,56.3
65562.0,22.0,7.5,9.2,9.9,48.6
62668.0,32.3,9.2,8.5,8.0,58.0
99743.0,17.5,6.1,7.9,7.5,39.0
91569.0,28.0,8.3,7.4,6.0,49.7
273939.0,10.6,2.8,4.9,7.3,25.6
491802.0,7.7,1.8,2.9,1.9,14.3
272991.0,9.1,4.1,4.9,3.3,21.4
212326.0,19.2,6.4,4.5,2.9,33.0
552865.0,7.0,1.3,2.3,1.7,12.3
280085.0,10.3,2.6,5.1,4.1,22.1
60397.0,23.6,8.1,7.8,10.1,49.6
270272.0,11.2,2.1,4.7,5.0,23.0
283269.0,8.5,1.5,4.7,6.1,20.8
148422.0,13.5,6.5,8.0,6.0,34.0
166097.0,12.8,4.8,4.2,8.2,30.0
276236.0,10.8,2.0,3.8,5.0,21.6
299184.0,7.0,2.2,4.4,3.1,16.7
425944.0,5.4,1.2,3.9,2.0,12.5
249702.0,6.5,3.0,5.2,3.8,18.5
297600.0,7.6,1.7,4.6,2.9,16.799999999999997
261608.0,13.8,3.3,5.5,4.0,26.6
111607.0,19.0,5.6,7.4,8.5,40.5
75047.0,22.5,7.8,8.1,10.1,48.5
206333.0,11.6,3.4,5.1,3.8,23.9
297334.0,7.5,2.1,4.1,3.8,17.5
298780.0,7.6,1.8,4.6,4.2,18.2
120488.0,17.4,5.3,7.5,7.1,37.3
104820.0,17.5,6.1,7.2,8.6,39.4
298988.0,10.0,1.8,4.3,4.0,20.1
152351.0,14.6,4.6,5.2,7.8,32.2
262948.0,9.6,2.2,1.8,3.6,17.200000000000003
197934.0,21.0,2.8,3.4,4.6,31.8
242242.0,10.2,2.3,5.2,4.7,22.4
286510.0,10.1,1.9,5.8,4.9,22.700000000000003
297987.0,8.4,2.5,4.2,3.1,18.200000000000003
268791.0,4.5,2.6,4.2,5.8,17.1
288387.0,6.0,4.0,5.1,0.9,16.0
299968.0,8.7,1.6,4.4,3.6,18.3
297785.0,9.9,0.9,4.2,3.2,18.2
299963.0,7.6,2.1,5.0,3.3,18.0
126897.0,12.6,3.9,6.1,8.5,31.1
589644.0,3.8,2.0,3.5,1.8,11.1
507276.0,10.0,5.6,1.4,0.5,17.5
297376.0,14.4,0.7,2.2,4.2,21.5
207563.0,7.0,3.8,7.2,5.0,23.0
33495.0,37.5,10.8,12.0,5.5,65.8
45499.0,24.5,8.4,9.8,10.5,53.2
156531.0,15.5,4.5,6.0,7.4,33.4
281826.0,12.0,2.2,3.5,3.1,20.8
249870.0,12.5,2.5,4.7,3.8,23.5
222265.0,7.5,2.0,6.8,3.2,19.5
254162.0,8.2,1.1,3.8,5.5,18.6
285074.0,5.2,2.8,5.8,4.5,18.3
99191.0,28.1,8.4,6.6,5.4,48.5
245579.0,7.5,1.0,7.8,3.2,19.5
290444.0,8.3,3.2,4.9,3.0,19.4
244559.0,18.8,5.3,4.3,2.4,30.8
222700.0,11.5,0.8,3.2,3.0,18.5
280811.0,7.5,3.8,3.0,3.2,17.5
262285.0,5.1,3.1,6.8,3.8,18.8
272193.0,9.2,1.3,5.4,3.5,19.4
227501.0,5.0,1.5,3.0,9.0,18.5
298845.0,10.3,2.7,4.6,3.1,20.700000000000003
298275.0,7.9,3.0,5.3,3.1,19.3
292806.0,7.7,1.2,4.5,4.2,17.6
297552.0,10.5,2.5,3.7,3.4,20.1
295923.0,9.3,2.8,4.8,4.5,21.4
154031.0,11.5,4.0,4.8,7.0,27.3
272757.0,9.0,2.2,4.5,4.4,20.1
297029.0,8.2,2.2,4.2,2.6,17.2
303600.0,11.0,2.8,5.5,4.2,23.5
298084.0,9.1,2.2,4.3,3.4,19.0
290019.0,8.6,3.2,4.8,3.5,20.1
249181.0,9.8,2.4,4.9,4.0,21.1
102103.0,17.2,5.8,10.5,10.5,44.0
267137.0,9.2,2.2,3.0,4.5,18.9
166709.0,13.5,5.0,7.2,7.2,32.9
298589.0,7.1,2.0,5.5,3.4,18.0
293157.0,11.4,1.3,4.8,3.4,20.9
296066.0,8.1,2.2,4.5,3.3,18.1
299379.0,7.5,2.2,4.8,2.9,17.4
295817.0,9.2,2.0,3.8,3.9,18.9
251469.0,8.4,3.7,5.6,4.9,22.6
293773.0,9.0,2.2,4.4,4.1,19.7
207030.0,8.8,1.0,6.5,3.2,19.5
298942.0,10.6,1.0,4.2,3.6,19.4
272739.0,4.8,2.5,2.5,6.0,15.8
299949.0,8.4,2.4,5.4,5.1,21.300000000000004
257287.0,11.8,0.8,5.5,3.5,21.6
299580.0,7.1,1.7,5.0,4.8,18.6
298618.0,8.0,2.6,3.6,1.6,15.8
292639.0,8.2,2.3,4.0,3.3,17.8
265209.0,10.2,3.2,4.5,2.8,20.7
170079.0,14.8,4.3,7.3,7.0,33.400000000000006
111601.0,16.4,5.7,7.7,7.8,37.6
94466.0,19.7,6.3,8.0,8.2,42.2
275586.0,8.5,2.3,4.6,4.5,19.9
28664.0,27.3,9.7,10.6,12.0,59.6
19705.0,31.2,10.0,9.9,12.4,63.5
237469.0,8.5,3.6,4.2,3.7,20.0
128980.0,16.5,4.6,7.6,7.0,35.7
204431.0,14.3,3.1,3.8,4.9,26.1
50076.0,24.8,7.3,10.8,10.8,53.7
295714.0,10.3,3.7,5.4,6.2,25.6
299280.0,10.4,2.2,4.3,5.0,21.9
99827.0,17.3,6.5,8.2,8.8,40.8
98564.0,13.1,5.9,10.5,8.0,37.5
119171.0,15.4,6.1,7.0,8.4,36.9
299686.0,9.3,2.0,5.2,4.4,20.9
90868.0,20.7,6.8,7.2,8.9,43.6
296479.0,8.1,3.9,6.2,6.0,24.2
297915.0,8.4,1.9,3.4,3.3,17.0
299836.0,9.7,1.7,4.2,2.9,18.5
298781.0,10.0,2.5,3.4,2.6,18.5
299544.0,8.5,1.8,4.4,3.5,18.200000000000003
299490.0,9.2,1.4,3.1,4.0,17.7
299769.0,8.8,1.3,3.2,3.8,17.1
293720.0,8.5,1.5,2.0,5.0,17.0
249429.0,10.0,2.2,5.0,3.4,20.6
299961.0,7.0,1.7,4.2,1.5,14.4
248046.0,7.5,2.2,10.5,1.5,21.7
279273.0,3.0,1.0,4.8,6.8,15.6
92202.0,23.2,7.5,9.2,6.8,46.7
211291.0,11.5,7.3,1.5,4.0,24.3
305505.0,8.2,1.9,4.8,2.8,17.7
82876.0,20.4,6.3,8.6,9.6,44.9
269547.0,9.9,3.1,5.4,4.8,23.2
297151.0,9.4,2.2,4.9,3.4,19.9
286349.0,9.3,2.2,4.8,3.6,19.9
298535.0,9.2,1.0,4.6,2.8,17.599999999999998
285158.0,8.3,3.4,4.9,2.3,18.9
209547.0,8.2,1.8,9.2,4.0,23.2
298534.0,7.6,1.2,3.7,3.9,16.4
291048.0,6.9,2.3,5.2,4.0,18.4
184185.0,9.0,4.5,8.8,3.0,25.3
278294.0,7.2,3.2,3.7,5.1,19.200000000000003
99116.0,17.2,4.5,7.2,8.8,37.7
267295.0,10.4,3.0,5.6,6.0,25.0
284890.0,7.9,3.5,3.7,3.1,18.200000000000003
286792.0,6.0,2.1,3.2,4.5,15.8
276300.0,6.6,2.3,6.1,3.8,18.8
63398.0,24.5,7.2,8.0,11.0,50.7
284053.0,7.2,4.2,2.2,7.0,20.6
281380.0,8.3,3.3,4.8,3.2,19.6
48855.0,24.8,8.1,8.9,10.1,51.9
283950.0,11.1,2.3,4.3,3.6,21.3
296988.0,5.5,1.5,4.8,4.3,16.1
167703.0,12.2,4.8,7.8,1.8,26.6
392693.0,6.8,2.0,1.8,3.3,13.900000000000002
137188.0,15.1,4.7,6.1,6.9,32.8
297165.0,9.6,7.4,2.3,4.3,23.6
298098.0,11.0,0.2,2.8,2.4,16.4
288372.0,11.8,3.6,5.7,5.4,26.5
297711.0,8.8,3.1,4.2,4.3,20.4
295862.0,9.3,2.9,4.2,4.5,20.9
205379.0,9.0,3.5,5.5,3.5,21.5
288260.0,10.0,3.5,6.0,4.3,23.8
560265.0,4.5,1.4,3.3,2.1,11.3
937270.0,7.8,0.6,2.8,2.3,13.5
225215.0,12.0,2.9,4.4,4.9,24.200000000000003
295438.0,11.1,1.6,5.1,4.2,22.0
290383.0,9.7,4.2,6.2,5.1,25.2
299914.0,6.1,2.0,4.4,4.8,17.3
297442.0,6.7,1.9,4.2,2.1,14.9
285985.0,10.9,2.7,3.0,5.2,21.8
287587.0,9.0,1.2,4.7,3.6,18.5
234801.0,9.9,3.2,3.7,3.6,20.4
410527.0,6.1,1.3,3.1,1.9,12.4
289069.0,8.4,1.0,3.5,3.4,16.3
298445.0,6.4,1.7,4.1,4.4,16.6
293931.0,7.4,1.8,3.6,2.8,15.6
204846.0,4.0,6.0,4.2,4.0,18.2
198518.0,13.0,4.4,5.9,6.2,29.5
296619.0,4.4,1.2,5.8,4.0,15.4
253230.0,16.6,4.6,4.2,2.6,28.000000000000004
246950.0,15.5,2.5,3.5,4.2,25.7
293637.0,8.2,2.0,4.1,3.8,18.1
298892.0,8.0,1.6,3.8,4.0,17.4
298471.0,14.0,1.6,2.5,5.0,23.1
298824.0,9.0,1.7,4.1,2.8,17.599999999999998
291992.0,9.5,1.5,5.5,3.9,20.4
151354.0,22.4,6.8,5.9,5.2,40.3
191551.0,9.8,3.0,7.8,6.9,27.5
291827.0,11.1,2.6,5.3,4.8,23.8
295185.0,14.3,4.4,3.7,3.4,25.8
235499.0,13.0,6.0,3.4,4.0,26.4
206021.0,12.4,2.4,2.5,5.6,22.9
289372.0,9.4,4.4,7.2,5.9,26.9
260027.0,17.5,4.3,4.2,3.7,29.7
282966.0,8.6,3.0,3.6,6.4,21.6
265970.0,15.8,4.0,3.8,3.5,27.1
251366.0,4.8,2.8,7.2,6.0,20.8
298588.0,10.8,2.1,2.9,4.3,20.1
296879.0,9.5,3.4,5.8,2.6,21.3
298665.0,8.1,1.9,4.6,4.3,18.9
276018.0,7.1,0.2,8.0,3.6,18.9
299824.0,7.5,2.2,4.3,3.6,17.6
291995.0,11.3,1.6,3.5,2.8,19.2
297589.0,9.4,1.6,4.4,3.2,18.6
246654.0,9.7,2.8,3.2,4.3,20.0
299727.0,8.6,3.1,5.9,3.1,20.700000000000003
474156.0,7.1,2.8,2.5,1.3,13.7
281714.0,7.6,2.5,4.7,4.4,19.200000000000003
280318.0,6.8,2.2,3.8,7.1,19.9
128519.0,15.2,4.8,8.0,6.5,34.5
556572.0,5.8,1.6,2.3,1.8,11.5
299617.0,5.9,2.5,4.2,3.6,16.200000000000003
233830.0,8.5,3.8,8.2,4.0,24.5
455000.0,7.8,2.6,3.8,1.7,15.9
42484.0,25.0,8.5,10.0,10.1,53.6
47040.0,25.0,8.2,8.6,10.4,52.2
45810.0,36.2,9.7,9.1,9.4,64.4
88835.0,16.2,7.7,9.6,9.9,43.4
285193.0,7.5,2.1,4.6,4.0,18.2
293451.0,6.5,2.9,3.4,4.4,17.200000000000003
187001.0,10.2,3.5,6.9,6.3,26.9
209025.0,14.0,3.2,6.0,6.5,29.7
227163.0,8.1,3.1,5.3,4.3,20.8
49873.0,22.6,8.3,9.7,10.5,51.1
575037.0,4.7,0.6,3.4,1.5,10.2
433208.0,9.7,2.7,2.8,1.4,16.599999999999998
186775.0,10.1,4.3,6.3,5.2,25.9
625668.0,4.2,1.4,3.0,1.5,10.1
75383.0,20.0,7.3,8.5,8.5,44.3
58922.0,22.3,7.8,9.6,9.7,49.400000000000006
52465.0,23.6,9.1,9.7,9.8,52.2
76870.0,21.0,7.6,8.2,9.1,45.9
299017.0,8.4,2.7,3.8,4.2,19.1
233674.0,16.4,4.8,4.8,3.6,29.6
400029.0,9.8,2.8,3.0,2.0,17.6
297068.0,9.2,2.9,4.2,3.8,20.1
171215.0,23.5,6.8,5.4,4.1,39.8
298970.0,7.6,2.2,4.4,3.3,17.5
296408.0,8.9,2.9,3.7,3.8,19.3
298602.0,9.3,2.2,3.9,4.4,19.8
281724.0,14.7,3.8,4.1,3.7,26.3
296902.0,7.5,2.9,5.6,4.4,20.4
299031.0,13.5,3.9,4.5,3.3,25.2
233248.0,14.0,3.2,4.3,4.5,26.0
177567.0,10.3,6.5,5.9,5.5,28.200000000000003
476172.0,7.1,3.2,2.2,1.9,14.4
34531.0,26.0,8.8,10.3,11.2,56.3
47620.0,23.3,8.7,9.5,10.4,51.9
274562.0,6.8,5.8,4.6,2.2,19.4
298566.0,7.3,3.0,4.9,4.2,19.4
292488.0,9.5,2.3,3.6,4.1,19.5
233897.0,5.0,3.8,4.5,2.8,16.1
294332.0,9.7,2.5,4.6,3.5,20.3
282642.0,7.4,2.2,5.9,4.1,19.6
293764.0,12.8,1.8,3.1,4.4,22.1
237495.0,6.8,2.3,6.0,7.2,22.3
179730.0,11.5,5.8,9.8,5.8,32.9
458313.0,8.6,2.1,1.6,0.8,13.1
189895.0,18.5,4.8,4.2,3.4,30.9
295261.0,6.9,4.1,3.2,2.6,16.8
261328.0,16.1,4.3,3.4,3.9,27.7
482064.0,6.9,3.0,2.2,2.1,14.2
286278.0,8.3,3.7,5.2,3.4,20.6
262038.0,14.4,5.1,4.6,3.3,27.4
296959.0,8.8,2.1,4.0,3.4,18.3
280154.0,11.9,4.1,4.2,3.2,23.4
286043.0,7.9,2.2,5.2,4.8,20.1
206457.0,18.6,5.4,4.7,4.0,32.7
284840.0,8.9,3.0,5.0,4.1,21.0
218791.0,18.0,5.2,4.3,3.7,31.2
246815.0,9.2,3.4,6.0,5.6,24.200000000000003
181610.0,22.0,6.3,5.3,4.1,37.7
260840.0,7.5,1.2,7.8,4.0,20.5
289867.0,15.7,3.7,4.0,2.4,25.8
554903.0,4.7,1.2,3.1,1.2,10.2
292918.0,5.2,2.1,4.8,4.0,16.1
144442.0,15.5,5.0,4.8,8.2,33.5
90909.0,18.4,6.8,10.2,9.7,45.1
77353.0,23.8,4.5,6.8,10.2,45.3
79952.0,19.8,7.0,8.5,9.6,44.9
76782.0,24.2,6.0,7.0,4.2,41.400000000000006
299161.0,6.8,2.0,4.3,3.9,17.0
297312.0,8.0,3.8,4.5,1.2,17.5
235909.0,11.1,2.4,4.5,3.6,21.6
176753.0,12.4,7.1,6.1,6.8,32.4
95009.0,16.9,8.0,8.4,9.7,43.0
295946.0,10.1,2.5,3.8,3.7,20.1
553121.0,5.9,1.6,2.1,1.1,10.7
292763.0,7.9,3.2,5.4,3.8,20.3
293520.0,9.1,2.0,5.6,2.9,19.6
41883.0,25.2,8.1,10.5,11.0,54.8
71630.0,20.7,7.5,9.2,9.3,46.7
76962.0,18.8,8.1,8.7,8.4,43.99999999999999
76772.0,17.9,5.9,11.1,7.4,42.3
290260.0,12.7,0.5,3.8,3.8,20.8
273400.0,9.6,2.4,3.6,4.6,20.2
296542.0,8.2,2.0,3.4,3.1,16.7
257822.0,16.3,4.8,3.3,3.1,27.500000000000004
630274.0,4.5,1.2,3.4,1.0,10.1
391395.0,9.7,3.4,2.9,2.0,18.0
294463.0,8.4,1.9,5.2,3.2,18.7
299890.0,11.7,2.0,3.8,6.2,23.7
187193.0,9.5,2.8,5.8,4.2,22.3
245634.0,13.9,3.7,4.7,6.2,28.5
237460.0,14.3,3.9,5.3,5.8,29.3
68149.0,20.4,8.4,8.9,9.1,46.8
235728.0,16.2,3.4,3.2,2.9,25.7
298682.0,8.1,2.5,4.1,4.0,18.7
79971.0,19.1,6.8,9.0,8.6,43.50000000000001
71637.0,32.3,8.9,8.0,7.4,56.6
83529.0,20.0,6.9,8.4,8.4,43.7
53449.0,22.3,7.4,9.2,9.1,48.00000000000001
728000.0,6.1,1.1,2.6,0.8,10.6
179764.0,12.6,4.5,4.8,8.5,30.4
293186.0,7.1,1.4,4.4,4.9,17.8
287981.0,14.3,4.2,3.3,3.8,25.6
288955.0,7.6,3.0,4.5,2.2,17.3
228174.0,10.8,2.2,5.3,6.9,25.200000000000003
298319.0,9.2,2.1,5.2,3.3,19.8
60178.0,24.0,7.6,9.3,10.9,51.8
195008.0,12.0,2.0,7.2,2.2,23.4
306273.0,8.8,2.8,5.0,3.0,19.6
413295.0,5.7,1.9,4.3,1.9,13.8
329101.0,8.9,3.1,5.2,4.4,21.6
816513.0,5.0,1.1,3.0,2.1,11.2
58346.0,22.7,7.4,9.1,9.6,48.8
52339.0,23.6,8.4,9.8,10.2,52.0
476515.0,5.6,2.0,4.6,2.2,14.4
684381.0,4.4,1.5,3.7,1.4,11.000000000000002
94841.0,17.6,6.5,8.7,8.0,40.8
83707.0,19.5,7.0,9.0,9.0,44.5
158661.0,15.8,5.1,7.1,6.1,34.1
363333.0,6.1,2.3,4.3,3.5,16.2
522900.0,4.6,1.2,3.7,2.3,11.8
488535.0,6.1,1.8,3.7,2.2,13.8
301317.0,8.6,2.8,5.0,3.3,19.7
295446.0,8.8,2.0,4.6,2.5,17.9
298178.0,8.9,1.2,3.1,3.8,17.0
297345.0,9.3,2.2,3.5,4.1,19.1
624107.0,4.4,0.9,3.1,2.1,10.5
249659.0,10.3,2.6,5.1,4.0,22.0
240815.0,10.4,2.8,4.5,5.2,22.9
27815.0,27.5,9.7,10.8,11.7,59.7
79999.0,19.9,6.9,9.3,8.7,44.8
506194.0,7.8,2.3,2.3,1.7,14.099999999999998
167154.0,12.8,3.8,6.9,7.5,31.0
79976.0,20.8,6.9,8.3,8.5,44.5
52275.0,22.4,9.0,9.8,10.0,51.2
99810.0,19.5,6.2,6.1,7.2,39.0
299693.0,7.8,2.4,4.7,5.1,20.0
281639.0,14.2,2.9,4.1,3.8,25.0
177196.0,4.2,7.8,9.2,8.2,29.4
299256.0,6.8,0.6,4.2,5.1,16.7
288179.0,7.2,2.2,4.5,6.2,20.1
273387.0,11.2,0.8,2.8,5.4,20.200000000000003
233553.0,9.5,1.9,5.0,4.8,21.2
46248.0,24.5,7.9,9.8,10.7,52.900000000000006
38408.0,24.2,9.5,7.2,10.8,51.7
49977.0,23.6,7.8,9.6,10.4,51.4
34260.0,35.0,10.1,10.1,9.6,64.8
49691.0,19.8,8.2,13.0,11.5,52.5
515032.0,6.3,2.5,2.7,1.1,12.6
578556.0,5.5,1.4,1.8,1.9,10.6
220858.0,11.3,2.9,6.1,4.4,24.700000000000003
283896.0,9.5,3.3,5.3,4.9,23.0
295859.0,9.7,3.2,4.7,3.5,21.1
291001.0,10.2,2.3,5.4,3.0,20.9
484254.0,5.4,1.5,3.4,1.9,12.2
242963.0,9.8,2.4,6.5,4.6,23.300000000000004
461040.0,7.7,2.5,3.0,1.8,15.0
158560.0,13.5,5.1,6.8,5.9,31.300000000000004
206284.0,13.5,3.6,5.0,6.4,28.5
253656.0,8.7,4.0,6.2,3.5,22.4
197535.0,11.9,4.8,6.0,5.8,28.5
520870.0,5.3,2.3,1.8,2.0,11.4
48864.0,21.9,8.3,10.0,10.5,50.7
238068.0,9.0,3.3,6.4,5.8,24.500000000000004
223757.0,13.2,3.6,5.3,5.2,27.3
44938.0,26.8,9.3,11.2,12.0,59.3
83501.0,19.4,6.9,9.5,9.7,45.5
221133.0,21.2,5.7,4.9,4.6,36.4
255413.0,11.8,3.0,4.6,6.0,25.4
51443.0,26.1,8.5,8.7,11.5,54.8
126842.0,28.8,7.8,6.6,5.9,49.1
111022.0,19.6,5.4,8.6,8.8,42.400000000000006
112055.0,20.2,6.2,9.2,9.5,45.1
294748.0,9.0,1.8,5.0,3.6,19.4
82049.0,19.1,7.0,9.0,9.1,44.2
93449.0,18.4,6.0,7.8,8.8,41.0
89587.0,19.2,7.8,8.3,10.1,45.4
78609.0,18.5,6.5,10.5,11.5,47.0
5361.0,35.3,12.1,12.0,13.2,72.6
8932.0,33.3,10.9,11.6,13.1,68.89999999999999
294644.0,7.9,2.8,2.1,6.2,19.0
204395.0,10.5,4.1,5.3,4.8,24.7
450272.0,4.6,1.7,3.4,1.9,11.6
355811.0,6.2,2.0,4.3,2.9,15.4
278004.0,8.8,1.5,3.6,4.9,18.8
233536.0,10.6,3.2,4.9,5.0,23.700000000000003
223909.0,5.2,3.5,8.0,6.0,22.7
168238.0,14.1,4.5,6.9,6.4,31.9
120663.0,23.7,3.5,5.1,5.4,37.7
267056.0,12.6,1.9,1.9,4.9,21.3
128744.0,15.4,3.8,6.3,7.2,32.7
527615.0,4.6,1.1,3.0,1.6,10.3
176707.0,13.6,4.6,5.6,5.6,29.4
86550.0,16.5,7.4,9.2,11.3,44.39999999999999
18464.0,31.2,10.1,10.4,12.0,63.7
273074.0,8.5,2.7,4.7,4.3,20.2
275808.0,8.9,1.6,4.8,4.4,19.700000000000003
74688.0,20.1,7.9,9.3,10.1,47.4
292200.0,8.2,1.6,6.6,1.2,17.599999999999998
299073.0,8.8,2.4,4.0,4.6,19.8
241852.0,10.8,2.5,4.6,4.8,22.7
93350.0,18.2,7.2,8.4,7.9,41.7
99814.0,17.8,6.3,8.1,7.9,40.1
248434.0,1.8,3.5,6.0,3.0,14.3
226919.0,14.2,4.5,3.8,4.0,26.5
49922.0,23.3,8.4,10.1,10.8,52.60000000000001
39050.0,34.5,10.5,9.4,9.5,63.9
355048.0,8.0,2.4,3.1,3.2,16.7
139242.0,15.1,4.9,6.7,4.8,31.5
248992.0,11.2,3.6,5.0,5.3,25.1
190625.0,20.2,6.0,5.4,4.5,36.1
105407.0,16.7,6.1,7.1,8.3,38.2
299497.0,8.8,2.0,4.3,3.6,18.700000000000003
44873.0,27.0,11.0,10.5,11.5,60.0
292226.0,7.3,1.5,4.5,4.6,17.9
91863.0,32.5,9.1,3.1,4.5,49.2
295208.0,9.6,2.2,4.5,6.1,22.4
166694.0,24.5,6.3,5.6,5.9,42.3
243022.0,10.0,3.8,6.2,4.5,24.5
247126.0,15.9,3.8,3.2,3.3,26.2
767513.0,4.9,1.3,3.2,1.5,10.9
210440.0,23.4,6.5,6.5,4.2,40.6
295471.0,5.7,1.9,4.8,4.2,16.599999999999998
283379.0,13.8,1.8,2.6,1.2,19.4
393342.0,6.5,0.9,3.0,2.4,12.8
210151.0,11.0,3.4,5.3,5.5,25.2
297845.0,7.4,2.5,4.5,3.6,18.0
259811.0,9.0,1.5,4.8,5.5,20.8
284437.0,6.8,1.5,4.6,4.9,17.8
297717.0,8.9,1.4,3.4,2.9,16.6
340497.0,5.6,0.2,4.0,4.4,14.2
316966.0,6.6,1.2,4.2,3.6,15.6
79747.0,20.4,7.0,8.6,9.2,45.2
70146.0,31.9,9.3,8.1,7.8,57.1
290119.0,10.4,2.4,4.5,4.2,21.5
299960.0,7.2,2.5,4.0,4.1,17.799999999999997
193655.0,5.5,3.8,13.0,7.8,30.1
292506.0,11.2,2.0,1.2,6.8,21.2
268020.0,8.0,0.8,5.0,5.8,19.6
199291.0,13.0,5.0,7.0,5.5,30.5
299320.0,8.6,1.7,4.2,4.5,19.0
296908.0,7.8,2.0,4.9,4.3,19.0
296839.0,8.8,2.0,3.9,4.2,18.9
283124.0,6.2,2.8,4.2,2.8,16.0
294550.0,9.3,2.9,3.3,4.3,19.8
60276.0,22.4,7.5,9.0,10.2,49.1
167397.0,13.7,4.8,7.0,7.2,32.7
297132.0,8.9,1.5,4.2,4.6,19.200000000000003
294069.0,14.4,4.6,4.3,2.2,25.5
354141.0,7.6,1.8,4.3,1.5,15.2
272108.0,4.8,2.4,5.4,4.4,17.0
290685.0,13.8,1.4,2.2,4.0,21.4
287562.0,8.3,1.5,4.7,4.5,19.0
206184.0,13.9,3.0,4.5,5.0,26.4
415821.0,6.6,1.2,3.6,3.0,14.4
296990.0,8.3,1.7,4.1,3.5,17.6
298846.0,7.1,1.6,4.1,3.4,16.2
248946.0,9.6,2.8,5.9,4.3,22.6
87521.0,27.8,9.8,2.8,5.8,46.2
297861.0,8.4,2.6,4.2,3.9,19.1
291037.0,13.5,4.9,3.3,3.0,24.7
299194.0,8.4,0.7,4.7,3.4,17.2
292385.0,8.3,3.4,3.8,3.8,19.3
273414.0,10.2,0.5,4.1,1.5,16.299999999999997
79554.0,19.3,7.8,9.8,9.0,45.900000000000006
275671.0,9.2,2.5,5.3,3.3,20.3
290593.0,7.7,2.1,3.7,4.4,17.9
86379.0,19.6,7.2,7.5,9.4,43.7
296917.0,8.4,1.9,3.6,3.5,17.4
290360.0,6.0,3.2,5.0,3.9,18.1
294738.0,7.7,3.1,3.6,4.6,19.0
290477.0,8.7,1.6,3.7,3.9,17.9
296632.0,7.9,2.3,5.0,3.7,18.9
123098.0,15.8,5.3,8.8,7.7,37.6
297214.0,8.5,1.5,3.3,3.9,17.2
298529.0,5.3,1.8,5.3,4.4,16.799999999999997
238324.0,11.1,2.9,3.6,4.2,21.8
299935.0,8.2,2.2,3.9,3.5,17.799999999999997
276864.0,8.5,2.4,4.1,3.6,18.6
299725.0,9.2,2.0,3.3,3.7,18.2
299575.0,9.1,2.6,3.5,1.9,17.099999999999998
298667.0,10.3,1.0,3.2,2.3,16.8
401083.0,5.2,0.4,4.0,2.6,12.2
294339.0,7.3,3.1,5.1,5.0,20.5
179610.0,12.7,3.8,5.8,7.6,29.9
298023.0,8.8,2.6,4.7,4.1,20.200000000000003
224906.0,19.4,5.0,4.4,3.8,32.599999999999994
286056.0,8.9,2.8,4.6,5.2,21.5
291214.0,8.7,3.0,5.2,4.4,21.3
207974.0,17.7,5.9,5.4,3.7,32.7
181039.0,9.8,5.4,4.9,6.9,27.0
38208.0,24.0,9.4,10.8,11.7,55.900000000000006
47020.0,24.2,8.5,10.5,10.2,53.400000000000006
49722.0,24.0,8.0,10.2,9.2,51.400000000000006
44912.0,25.5,9.1,9.6,10.9,55.1
299387.0,8.2,0.2,4.0,3.0,15.4
268833.0,15.0,4.7,4.3,3.3,27.3
222259.0,11.3,3.3,5.1,5.4,25.1
296180.0,8.3,1.8,4.1,3.4,17.6
164822.0,13.2,4.3,6.2,6.1,29.8
104638.0,18.6,6.0,7.5,8.7,40.8
228856.0,14.8,3.8,4.0,2.5,25.1
250147.0,11.4,2.9,4.4,4.5,23.200000000000003
215671.0,14.5,1.1,1.8,4.0,21.4
257600.0,3.0,5.2,7.2,4.2,19.6
92979.0,24.5,8.0,6.3,9.5,48.3
187297.0,16.5,2.0,4.5,4.3,27.3
95725.0,19.0,4.8,7.6,8.5,39.9
297788.0,8.6,2.5,4.8,4.3,20.2
133381.0,25.4,7.6,5.6,5.7,44.3
299145.0,7.4,1.7,2.5,3.6,15.2
261137.0,17.7,4.4,3.7,3.5,29.3
298344.0,10.4,2.7,4.6,5.0,22.700000000000003
163070.0,21.9,5.8,5.2,4.9,37.8
249733.0,12.4,3.5,6.0,5.6,27.5
204680.0,18.7,5.6,4.8,4.2,33.3
210714.0,10.9,3.3,5.7,4.0,23.9
298525.0,8.0,1.6,4.5,3.2,17.3
299045.0,8.4,3.2,3.9,2.1,17.6
280676.0,8.6,2.9,5.0,3.9,20.4
446298.0,5.2,1.6,3.5,1.4,11.7
216145.0,10.9,3.6,5.1,5.9,25.5
290899.0,10.0,2.5,4.6,4.0,21.1
89415.0,19.0,9.0,7.2,8.5,43.7
280836.0,9.1,3.6,5.7,5.8,24.2
280068.0,9.4,3.6,4.7,2.7,20.4
201135.0,20.4,5.9,3.6,3.4,33.3
321468.0,7.5,2.6,5.3,2.5,17.9
299384.0,8.4,2.0,4.2,3.7,18.3
289295.0,17.2,0.9,2.9,3.6,24.6
266273.0,6.8,3.0,3.2,0.8,13.8
298015.0,7.9,1.9,5.8,3.2,18.8
287692.0,7.1,2.0,5.0,3.2,17.3
298251.0,9.4,1.9,3.0,2.6,16.900000000000002
298797.0,8.3,1.3,3.6,3.4,16.6
293037.0,8.5,1.9,3.8,4.1,18.3
295942.0,7.6,2.4,4.4,4.0,18.4
283031.0,8.0,1.0,4.5,3.5,17.0
265229.0,7.5,2.6,4.5,3.1,17.7
299730.0,7.1,2.6,4.1,2.7,16.5
329834.0,6.8,1.4,4.0,3.2,15.4
281724.0,4.5,1.6,5.8,3.5,15.4
298199.0,7.9,2.5,4.6,3.9,18.9
196188.0,11.5,2.0,9.5,3.0,26.0
233219.0,3.2,4.2,4.5,2.8,14.7
290470.0,10.0,3.1,3.4,3.1,19.6
244607.0,8.2,2.4,5.2,6.1,21.9
198981.0,11.3,4.4,5.5,6.2,27.4
296460.0,8.2,1.2,3.8,4.6,17.799999999999997
291428.0,7.6,1.9,4.6,3.9,18.0
292368.0,9.7,1.9,1.8,3.2,16.6
269854.0,10.1,1.9,3.8,3.0,18.8
171188.0,14.2,4.1,5.7,6.3,30.3
311705.0,7.3,2.2,4.3,2.3,16.1
317573.0,7.0,2.4,5.0,3.0,17.4
143419.0,14.4,4.0,6.8,6.3,31.5
293090.0,10.6,2.8,1.9,4.7,20.0
9177.0,34.5,10.5,11.8,12.8,69.6
177633.0,5.8,6.0,9.5,8.5,29.8
96290.0,32.5,10.8,9.5,3.0,55.8
89543.0,16.8,8.5,10.5,5.2,41.0
188280.0,13.8,2.2,5.5,7.8,29.3
299658.0,9.0,1.4,3.5,2.8,16.7
298790.0,8.4,1.8,4.0,3.0,17.200000000000003
270606.0,14.0,4.5,1.8,2.0,22.3
294088.0,8.1,0.2,4.9,2.0,15.2
290612.0,11.0,2.5,2.4,4.2,20.1
278304.0,10.1,2.7,6.0,3.5,22.3
292196.0,9.6,3.0,3.9,4.7,21.2
239576.0,10.2,3.5,5.0,4.5,23.2
222555.0,18.0,5.7,4.1,3.3,31.1
4737.0,33.2,11.8,12.2,13.6,70.8
79921.0,22.0,7.9,8.3,9.8,48.0
290504.0,8.3,2.1,4.5,2.9,17.8
48537.0,31.3,11.8,8.0,9.0,60.1
299787.0,8.9,1.8,4.4,4.3,19.4
286305.0,10.7,2.2,3.9,4.2,21.0
285775.0,7.1,1.6,3.3,6.9,18.9
358461.0,6.3,2.0,4.1,2.7,15.1
294888.0,7.2,4.4,6.1,1.7,19.4
257195.0,8.2,3.0,5.0,2.5,18.7
287180.0,10.0,1.0,3.2,1.4,15.6
299813.0,6.9,2.2,4.8,4.1,18.0
245142.0,8.8,3.8,4.5,3.8,20.9
49955.0,23.8,8.3,9.5,11.1,52.7
43517.0,35.5,9.9,9.3,9.3,64.0
276063.0,9.7,1.7,3.7,3.4,18.5
159714.0,13.8,4.2,6.3,6.0,30.3
299472.0,7.7,2.5,5.0,2.8,18.0
132664.0,15.2,5.8,7.2,6.6,34.8
293059.0,3.8,3.0,4.2,2.0,13.0
124816.0,23.9,9.0,6.1,6.5,45.5
296428.0,8.6,2.4,5.1,3.8,19.9
223713.0,11.2,2.0,8.0,4.8,26.0
463275.0,3.2,1.5,7.0,0.2,11.9
357684.0,6.1,1.5,4.1,2.2,13.9
342326.0,7.2,2.0,4.3,2.4,15.9
299825.0,9.6,2.6,2.7,1.8,16.7
294096.0,6.2,3.0,5.5,2.7,17.4
201642.0,11.2,4.1,5.7,4.1,25.1
292019.0,7.6,2.3,4.5,3.5,17.9
277010.0,12.2,1.9,4.4,2.8,21.3
291574.0,14.1,4.1,4.0,2.3,24.5
298367.0,9.5,0.1,3.6,2.3,15.5
176147.0,13.8,3.8,5.5,6.0,29.1
293935.0,8.9,1.9,4.3,3.7,18.8
297489.0,11.1,2.5,4.5,4.8,22.9
298041.0,10.1,3.2,5.0,3.6,21.9
243993.0,10.6,2.2,4.9,4.4,22.1
298661.0,7.3,2.1,3.5,3.8,16.7
296583.0,6.6,3.1,5.4,2.8,17.9
299778.0,8.1,1.2,4.7,3.7,17.7
248068.0,9.1,2.8,4.5,4.9,21.3
281510.0,9.9,2.9,6.7,5.3,24.8
266330.0,8.3,2.6,5.6,3.4,19.9
283816.0,9.0,2.8,0.5,3.0,15.3
299253.0,7.9,2.0,3.6,3.1,16.6
299898.0,8.5,1.1,4.6,2.6,16.8
298351.0,7.4,0.8,5.7,2.9,16.8
208470.0,13.1,3.3,6.3,3.5,26.2
295050.0,8.4,2.5,4.8,2.4,18.1
271375.0,19.5,5.0,3.6,2.8,30.9
248350.0,10.6,3.8,5.6,5.1,25.1
295372.0,7.5,1.8,4.9,3.4,17.6
116690.0,26.4,6.4,5.7,5.2,43.7
266690.0,10.9,3.0,4.4,5.3,23.6
297704.0,9.0,1.0,3.0,1.9,14.9
126297.0,25.8,7.7,5.8,6.0,45.3
285355.0,7.2,2.4,5.9,3.2,18.7
287347.0,8.0,2.2,3.2,4.0,17.4
299333.0,7.8,1.8,4.4,3.2,17.2
293218.0,7.3,2.2,4.0,3.8,17.3
56371.0,22.5,8.1,9.2,9.5,49.3
299511.0,8.2,2.3,4.3,4.3,19.1
289471.0,6.6,2.1,4.5,4.1,17.299999999999997
297876.0,8.7,4.0,4.1,3.7,20.5
292175.0,7.8,2.1,4.2,4.0,18.1
240214.0,10.6,3.6,4.7,5.8,24.7
297415.0,8.8,2.6,4.8,5.0,21.2
114115.0,18.0,5.9,7.5,8.1,39.5
297782.0,6.4,2.1,5.2,2.4,16.099999999999998
297749.0,13.3,4.5,4.3,2.1,24.200000000000003
299272.0,6.8,2.4,5.5,3.7,18.4
299668.0,8.1,2.7,3.7,2.1,16.6
290371.0,8.7,0.7,4.0,1.6,14.999999999999998
71650.0,21.6,5.8,8.4,9.6,45.400000000000006
79620.0,17.4,4.8,8.8,10.7,41.7
47048.0,26.5,5.8,11.8,12.8,56.89999999999999
52073.0,23.2,4.8,9.2,11.5,48.7
51799.0,23.2,9.2,8.1,9.7,50.2
287222.0,10.9,1.6,4.4,4.4,21.3
292235.0,7.9,3.2,6.1,3.9,21.1
59224.0,24.5,5.8,8.2,9.0,47.5
47745.0,21.5,8.0,9.2,12.8,51.5
98623.0,18.5,5.4,7.5,6.2,37.6
240360.0,9.5,2.0,6.8,2.8,21.1
289891.0,4.8,1.8,4.2,3.0,13.8
289955.0,7.0,0.5,3.8,4.5,15.8
299453.0,7.0,1.9,5.4,3.7,18.0
180198.0,13.1,0.5,5.5,5.5,24.6
192984.0,10.0,2.2,5.5,6.8,24.5
239428.0,9.0,1.0,7.5,1.0,18.5
266872.0,9.2,1.9,6.2,4.2,21.5
291211.0,6.2,1.2,2.4,3.5,13.3
299465.0,9.9,0.5,3.1,2.6,16.1
293961.0,7.3,2.4,5.3,3.1,18.1
249358.0,11.6,2.2,5.8,4.7,24.3
233072.0,10.4,2.4,6.5,2.0,21.3
38136.0,23.6,9.6,10.0,11.4,54.6
66990.0,21.4,6.9,9.6,8.8,46.7
79544.0,21.4,7.1,8.8,9.0,46.3
57307.0,33.5,9.3,8.4,8.9,60.1
539398.0,7.3,2.0,2.3,1.1,12.7
49973.0,23.5,7.9,10.0,10.7,52.1
30981.0,36.3,10.2,9.4,9.4,65.3
49390.0,20.5,8.7,11.0,10.6,50.8
48240.0,35.7,9.7,9.9,8.8,64.10000000000001
258718.0,9.3,0.6,4.2,5.0,19.1
209882.0,17.9,5.6,4.3,4.5,32.3
296361.0,9.6,1.8,4.0,3.1,18.5
280708.0,7.9,4.1,6.6,1.6,20.200000000000003
298414.0,13.3,5.2,4.1,4.7,27.3
249518.0,13.3,1.6,3.7,3.2,21.8
77226.0,20.1,6.8,9.8,10.0,46.7
95032.0,18.3,6.5,8.2,8.2,41.2
299267.0,10.5,1.9,2.9,4.6,19.9
296515.0,11.5,3.5,1.8,4.5,21.3
292197.0,8.1,1.8,4.7,3.7,18.3
277852.0,8.1,3.0,2.5,1.0,14.6
296986.0,4.6,2.9,6.6,4.4,18.5
49391.0,24.3,8.8,11.0,10.6,54.7
49884.0,23.8,8.0,9.9,10.5,52.2
297907.0,9.3,1.8,4.9,2.2,18.2
288116.0,7.7,2.0,3.9,4.0,17.6
271505.0,9.2,2.8,4.8,5.2,22.0
292048.0,9.9,2.6,4.8,4.2,21.5
238822.0,14.9,5.0,4.7,4.0,28.6
385764.0,11.0,3.5,3.7,2.8,21.0
295117.0,7.6,3.3,4.9,3.4,19.2
245607.0,16.2,5.4,4.7,3.6,29.9
290849.0,11.0,4.9,6.0,1.4,23.3
177216.0,19.5,6.8,3.9,3.4,33.6
46175.0,24.6,9.4,10.3,11.6,55.9
27719.0,37.5,10.9,10.6,10.8,69.8
124426.0,14.0,8.2,4.5,8.2,34.9
7420.0,33.9,11.4,11.8,12.5,69.6
298992.0,7.1,2.2,4.4,3.2,16.900000000000002
227966.0,11.5,5.8,4.2,1.2,22.7
292969.0,10.8,1.6,2.4,4.0,18.8
287030.0,8.1,2.2,5.2,2.8,18.3
291950.0,8.8,2.1,5.2,3.1,19.200000000000003
297475.0,7.8,2.3,4.6,4.2,18.9
293317.0,8.4,2.5,5.2,2.4,18.5
88351.0,26.0,7.7,6.5,10.0,50.2
105673.0,16.6,4.6,8.0,9.1,38.3
77414.0,30.9,8.9,7.8,7.1,54.7
121947.0,16.6,5.7,6.5,7.2,36.0
119923.0,24.2,7.3,6.6,5.7,43.8
148269.0,22.9,6.9,6.3,4.3,40.39999999999999
73650.0,28.2,8.9,7.9,9.6,54.6
105033.0,15.1,6.7,9.6,8.6,40.0
76054.0,20.8,7.7,8.0,10.0,46.5
112836.0,23.0,6.9,6.5,9.5,45.9
170441.0,21.4,5.7,4.7,4.0,35.8
68137.0,21.4,8.6,8.9,7.5,46.4
140991.0,25.7,7.2,6.5,5.4,44.8
85500.0,26.0,7.9,6.8,9.6,50.3
162417.0,20.2,6.7,6.2,8.0,41.1
104932.0,16.8,4.8,7.0,7.1,35.7
114115.0,18.0,5.9,7.5,8.1,39.5
165614.0,18.7,5.1,5.7,6.1,35.599999999999994
102085.0,25.5,7.8,7.0,9.4,49.7
80728.0,20.5,7.4,8.5,9.3,45.7
156464.0,19.8,6.2,5.6,8.6,40.2
103472.0,17.8,5.9,7.8,8.2,39.7
73305.0,27.9,8.6,7.7,10.7,54.900000000000006
51884.0,22.6,8.8,10.3,10.5,52.2
155166.0,20.8,6.2,6.0,7.3,40.3
85247.0,30.5,8.7,7.5,7.8,54.5
70521.0,20.6,7.2,9.5,9.2,46.5
116789.0,21.9,2.9,4.3,6.0,35.099999999999994
179290.0,20.6,5.0,6.3,4.7,36.6
140445.0,18.3,7.1,4.3,9.8,39.5
82545.0,19.9,7.5,7.9,9.0,44.3
95341.0,18.0,5.5,8.0,9.0,40.5
127811.0,22.7,6.8,6.5,7.9,43.9
55288.0,22.4,7.9,9.5,9.9,49.7
129947.0,16.3,9.8,9.8,9.5,45.400000000000006
76980.0,27.7,8.9,7.5,10.1,54.2
120404.0,26.9,7.7,6.8,5.0,46.4
106434.0,15.5,6.7,8.4,8.6,39.2
115736.0,21.5,8.0,7.2,8.6,45.3
80597.0,25.4,8.7,6.9,10.3,51.3
112682.0,19.1,5.5,4.9,8.5,38.0
183388.0,22.2,5.1,4.8,5.9,37.99999999999999
116212.0,15.1,5.1,7.7,7.9,35.8
165634.0,19.4,5.9,6.2,5.9,37.4
129176.0,20.1,5.5,6.5,8.3,40.400000000000006
160270.0,20.9,4.8,7.1,4.4,37.2
182430.0,21.2,5.5,4.8,4.5,36.0
81824.0,19.9,7.2,8.5,9.4,44.99999999999999
139897.0,15.9,6.6,6.5,8.1,37.1
89587.0,19.2,7.8,8.3,10.1,45.4
170881.0,22.5,6.5,5.5,3.7,38.2
108652.0,20.9,8.1,6.1,11.6,46.7
135324.0,24.6,7.1,6.3,4.5,42.5
116565.0,26.8,6.9,6.1,5.9,45.7
153957.0,15.4,5.2,7.2,7.8,35.6
150673.0,24.3,6.5,5.6,3.9,40.3
85603.0,27.1,8.5,7.2,8.6,51.400000000000006
66715.0,22.3,7.0,9.6,10.0,48.9
151053.0,21.8,6.2,5.9,8.0,41.9
134442.0,21.5,6.9,6.0,7.3,41.7
117806.0,23.1,7.4,6.3,8.2,45.0
150478.0,18.2,7.5,5.9,5.2,36.8
148662.0,20.3,7.2,6.5,5.6,39.6
99487.0,25.5,8.1,7.5,9.1,50.2
113868.0,21.3,7.2,7.9,9.1,45.5
86759.0,18.6,7.0,8.5,8.6,42.7
181172.0,23.5,6.5,4.9,4.1,39.0
94466.0,19.7,6.3,8.0,8.2,42.2
117780.0,23.0,7.1,6.1,8.5,44.7
65392.0,21.8,7.9,8.9,9.7,48.3
55434.0,22.3,8.1,9.8,10.3,50.5
165631.0,22.7,6.2,5.4,5.5,39.8
93384.0,24.9,7.8,7.1,9.5,49.3
151079.0,21.8,6.8,6.3,3.9,38.8
86573.0,26.7,7.4,7.1,9.0,50.2
77471.0,31.8,7.7,8.1,6.7,54.3
114042.0,26.8,7.1,6.3,6.3,46.49999999999999
91258.0,19.5,6.8,8.2,8.1,42.6
158160.0,21.4,6.0,4.9,6.7,39.0
99743.0,17.5,6.1,7.9,7.5,39.0
67271.0,27.7,9.4,8.1,9.3,54.5
88022.0,27.4,7.6,7.6,5.8,48.4
91081.0,18.1,6.9,8.5,9.2,42.7
118868.0,27.9,8.0,5.9,7.1,48.9
133663.0,24.5,7.1,6.6,5.5,43.7
99739.0,27.5,7.7,6.7,6.9,48.8
166671.0,21.9,6.1,5.6,3.9,37.5
77411.0,29.8,9.0,7.9,7.3,53.99999999999999
74502.0,19.9,6.6,9.0,9.0,44.5
130401.0,27.6,6.8,5.2,4.8,44.4
141348.0,20.7,6.1,6.1,7.5,40.4
52330.0,22.0,6.9,10.2,11.9,50.99999999999999
176809.0,23.7,4.5,4.8,7.7,40.7
108710.0,24.5,7.7,7.1,8.4,47.7
88499.0,30.4,8.8,7.3,6.1,52.6
139442.0,21.5,6.5,6.0,8.8,42.8
161914.0,21.3,6.3,5.0,4.6,37.2
113193.0,23.4,7.0,6.1,9.1,45.6
100373.0,26.0,7.9,7.4,9.8,51.1
115124.0,23.7,6.6,6.1,8.7,45.1
174134.0,22.5,7.3,4.6,2.9,37.3
76907.0,30.6,8.4,7.7,8.0,54.7
122777.0,29.6,4.9,5.2,7.6,47.3
79581.0,17.9,7.0,10.2,7.9,42.99999999999999
157833.0,18.8,5.6,6.0,6.9,37.3
69595.0,27.8,8.8,7.6,10.4,54.6
126983.0,23.3,6.7,6.1,9.1,45.2
153379.0,20.4,5.7,5.8,6.8,38.7
142829.0,22.3,7.3,4.1,2.6,36.3
147306.0,22.2,6.7,5.6,8.4,42.9
59529.0,21.2,7.6,9.3,9.9,47.99999999999999
130451.0,21.3,6.9,6.5,8.5,43.2
109662.0,28.1,7.0,6.4,6.6,48.1
71072.0,21.2,7.1,8.8,9.7,46.8
166874.0,20.1,5.1,4.7,5.8,35.7
125321.0,23.8,7.1,6.1,8.8,45.8
96062.0,29.4,7.9,6.7,6.7,50.7
163001.0,22.8,6.2,5.1,4.2,38.3
199552.0,20.8,5.6,5.1,4.7,36.2
99393.0,29.3,8.5,6.9,6.9,51.6
104820.0,17.5,6.1,7.2,8.6,39.4
117303.0,24.0,7.5,6.8,9.3,47.6
114797.0,26.8,8.2,6.5,6.5,48.0
187923.0,20.2,4.8,4.8,5.3,35.1
112972.0,25.0,7.7,6.8,8.5,48.0
192195.0,20.3,5.4,5.2,4.2,35.1
103205.0,17.5,6.3,8.3,8.2,40.3
71072.0,21.2,7.1,8.8,9.7,46.8
79976.0,20.8,6.9,8.3,8.5,44.5
85092.0,32.7,7.9,6.5,6.9,54.0
91680.0,30.0,7.8,5.5,8.0,51.3
92979.0,24.5,8.0,6.3,9.5,48.3
74288.0,21.9,6.9,9.0,8.4,46.2
87433.0,20.8,7.2,8.9,10.1,47.0
95046.0,24.5,7.2,7.4,8.3,47.400000000000006
131520.0,21.3,7.5,6.4,8.2,43.400000000000006
112949.0,25.0,6.7,6.3,8.4,46.4
88429.0,25.9,8.9,7.4,8.9,51.1
75383.0,20.0,7.3,8.5,8.5,44.3
85623.0,19.2,6.7,8.1,8.6,42.6
94124.0,24.6,8.4,8.5,9.1,50.6
57557.0,22.6,8.6,9.1,11.8,52.10000000000001
132965.0,21.7,6.8,6.2,8.1,42.8
120570.0,15.6,4.9,7.3,8.0,35.8
172782.0,19.0,5.4,6.0,5.0,35.4
153379.0,20.4,5.7,5.8,6.8,38.7
90909.0,18.4,6.8,10.2,9.7,45.1
131709.0,23.7,7.5,6.3,6.5,44.0
70821.0,20.4,7.3,8.7,9.8,46.2
113744.0,30.3,7.9,5.9,5.2,49.3
157267.0,21.2,8.6,6.8,4.0,40.6
139845.0,27.2,7.7,4.9,5.3,45.1
123989.0,23.2,7.7,6.9,9.9,47.7
128199.0,22.2,7.0,6.8,7.9,43.9
180530.0,21.7,6.2,5.5,3.9,37.3
184343.0,20.9,6.8,6.2,4.9,38.8
180933.0,18.0,5.3,5.5,7.2,36.0
136786.0,24.2,6.9,5.7,5.4,42.2
154215.0,25.0,6.7,5.3,4.2,41.2
85523.0,30.1,8.4,7.3,6.7,52.5
92098.0,28.3,9.0,7.3,5.6,50.2
109841.0,17.0,5.7,7.8,8.1,38.6
108652.0,20.9,8.1,6.1,11.6,46.7
165631.0,22.7,6.2,5.4,5.5,39.8
98267.0,29.2,8.0,5.8,4.3,47.3
113548.0,28.9,7.4,5.6,4.8,46.7
137463.0,26.2,5.4,4.9,4.1,40.6
120623.0,16.8,5.5,7.1,8.3,37.7
127503.0,25.9,6.9,5.8,5.4,43.99999999999999
149584.0,22.5,6.7,6.7,5.7,41.6
118537.0,17.0,6.1,7.0,7.8,37.9
109404.0,20.8,7.2,9.1,9.1,46.2
110173.0,16.5,5.8,7.6,8.3,38.2
190975.0,20.2,6.0,5.6,7.7,39.5
180389.0,22.0,6.5,5.8,3.1,37.4
100737.0,17.3,6.4,8.2,7.6,39.5
125967.0,21.3,7.4,6.7,10.0,45.400000000000006
113237.0,17.6,5.7,6.9,8.3,38.5
78929.0,30.3,8.4,7.5,7.0,53.2
112765.0,23.6,7.5,6.4,9.7,47.2
113589.0,17.3,5.1,7.2,6.9,36.5
73409.0,20.8,7.0,7.9,9.6,45.3
66241.0,30.9,5.8,7.4,9.8,53.89999999999999
104008.0,26.3,4.9,6.2,9.8,47.2
82159.0,29.5,8.9,7.8,7.5,53.7
93168.0,18.3,6.8,8.0,9.4,42.5
147159.0,15.4,5.1,6.0,8.8,35.3
125556.0,16.6,4.9,6.9,7.1,35.5
113193.0,23.4,7.0,6.1,9.1,45.6
153639.0,20.8,5.2,5.7,4.0,35.7
115274.0,27.3,7.8,6.5,6.8,48.4
97765.0,28.6,8.4,7.1,6.3,50.4
169416.0,19.6,6.4,5.6,8.1,39.7
85623.0,19.2,6.7,8.1,8.6,42.6
109379.0,30.9,7.1,6.2,6.4,50.6
121007.0,26.3,7.1,6.0,6.6,46.0
82035.0,25.2,8.9,6.9,10.3,51.3
146396.0,21.7,6.3,5.6,7.8,41.4
120511.0,19.2,7.3,8.8,7.8,43.1
87273.0,31.4,8.5,5.9,5.3,51.1
152031.0,20.2,5.6,5.7,7.9,39.4
137143.0,24.3,6.9,5.8,6.1,43.1
87950.0,26.5,7.7,6.9,9.5,50.6
143053.0,22.5,6.5,5.9,4.3,39.2
165436.0,18.5,6.1,5.2,6.5,36.3
145140.0,20.2,5.5,4.7,5.9,36.3
100033.0,26.3,8.4,6.7,8.7,50.10000000000001
91081.0,18.1,6.9,8.5,9.2,42.7
130155.0,27.1,7.7,6.9,5.3,47.0
94466.0,19.7,6.3,8.0,8.2,42.2
122624.0,21.8,7.1,6.8,7.4,43.1
104213.0,28.2,7.7,6.8,6.0,48.7
110278.0,16.8,6.0,7.7,7.2,37.7
154311.0,18.7,6.6,5.4,7.4,38.1
89023.0,17.0,7.3,10.2,8.6,43.1
79045.0,21.7,7.5,8.3,9.3,46.8
53621.0,22.6,8.2,9.6,10.2,50.6
74988.0,20.7,7.0,8.1,9.9,45.7
88680.0,19.2,6.5,6.9,10.0,42.6
95489.0,17.1,5.8,8.9,9.9,41.7
156439.0,22.6,6.5,5.5,3.6,38.2
56867.0,22.5,7.8,9.5,10.1,49.9
121151.0,27.1,6.9,6.4,5.0,45.4
76782.0,24.2,6.0,7.0,4.2,41.400000000000006
152437.0,23.3,6.2,5.3,4.4,39.2
79230.0,27.0,8.3,7.4,9.7,52.39999999999999
99865.0,24.4,7.9,7.2,9.1,48.6
71773.0,20.9,7.0,8.8,9.6,46.3
170958.0,20.3,5.9,5.1,6.9,38.2
144276.0,23.2,6.2,5.7,5.1,40.2
98309.0,26.8,8.0,7.8,6.6,49.2
94841.0,17.6,6.5,8.7,8.0,40.8
134442.0,21.5,6.9,6.0,7.3,41.7
166492.0,17.8,5.5,6.3,7.1,36.7
125089.0,16.1,6.4,8.4,8.3,39.2
136447.0,20.3,6.8,6.5,6.9,40.5
154072.0,23.7,6.9,5.8,5.4,41.8
53925.0,23.7,7.9,9.6,10.1,51.3
124393.0,28.5,3.1,4.4,7.6,43.6
129443.0,21.5,8.0,4.3,5.6,39.4
74459.0,28.5,8.5,7.5,9.6,54.1
134691.0,21.2,6.4,7.2,9.4,44.2
113548.0,28.9,7.4,5.6,4.8,46.7
179747.0,19.1,3.5,4.6,9.0,36.2
159529.0,24.5,7.2,6.0,3.8,41.5
89226.0,19.6,7.9,6.2,10.4,44.1
127295.0,26.6,5.6,4.1,6.8,43.1
172101.0,20.6,6.8,7.1,7.0,41.5
135550.0,21.5,6.6,6.1,7.2,41.400000000000006
147688.0,20.4,6.7,6.3,7.8,41.2
110054.0,28.1,7.4,6.2,5.3,47.0
155206.0,22.6,6.4,5.1,4.5,38.6
100747.0,18.4,6.8,7.8,11.6,44.6
108035.0,17.6,6.2,6.8,7.9,38.5
152437.0,23.3,6.2,5.3,4.4,39.2
162536.0,21.1,4.8,2.9,8.0,36.8
119966.0,17.4,6.1,8.1,7.9,39.5
91258.0,19.5,6.8,8.2,8.1,42.6
89315.0,24.3,8.4,7.2,10.7,50.60000000000001
140501.0,22.9,6.3,5.4,8.1,42.7
107438.0,25.0,8.1,6.8,8.1,48.0
134129.0,26.2,7.0,6.4,5.4,45.0
98876.0,18.5,5.4,7.1,9.5,40.5
139845.0,27.2,7.7,4.9,5.3,45.1
140872.0,22.9,7.3,7.3,8.1,45.6
121747.0,23.3,6.3,6.0,8.2,43.8
95032.0,18.3,6.5,8.2,8.2,41.2
151414.0,20.3,6.0,5.8,6.5,38.6
95642.0,30.5,8.3,7.3,6.4,52.49999999999999
74258.0,20.4,6.3,9.2,8.8,44.7
150276.0,24.8,7.1,5.6,4.9,42.4
143804.0,18.8,7.3,5.3,7.8,39.2
115292.0,28.1,7.9,6.1,5.9,48.0
79855.0,26.8,9.1,7.8,10.6,54.3
79728.0,19.1,7.8,8.8,9.4,45.1
104456.0,27.3,8.5,6.9,6.7,49.4
111170.0,23.6,6.6,5.8,8.1,44.1
113575.0,14.7,6.4,8.0,8.2,37.3
57851.0,23.1,8.0,9.0,10.4,50.5
76908.0,20.2,6.9,8.4,9.0,44.5
175657.0,17.8,6.8,5.8,8.0,38.400000000000006
127503.0,25.9,6.9,5.8,5.4,43.99999999999999
50759.0,24.2,8.2,10.1,8.9,51.4
147836.0,22.0,3.8,6.7,6.5,39.0
122835.0,27.2,7.3,6.2,4.1,44.8
132792.0,22.0,6.2,6.0,7.8,42.0
88774.0,26.9,7.9,7.3,6.2,48.3
67271.0,27.7,9.4,8.1,9.3,54.5
92330.0,25.3,8.3,7.6,10.4,51.6
144548.0,24.0,6.9,6.5,5.3,42.7
66833.0,21.1,6.9,10.4,9.9,48.3
118665.0,23.8,6.9,6.4,6.6,43.7
79921.0,22.0,7.9,8.3,9.8,48.0
85092.0,32.7,7.9,6.5,6.9,54.0
124738.0,18.4,5.3,6.5,7.1,37.3
86573.0,26.7,7.4,7.1,9.0,50.2
115627.0,16.0,6.4,8.6,9.8,40.8
132792.0,22.0,6.2,6.0,7.8,42.0
130330.0,15.6,5.4,7.3,7.4,35.7
111121.0,19.2,5.5,6.5,5.8,37.0
96710.0,30.0,8.6,7.3,6.7,52.6
74988.0,20.7,7.0,8.1,9.9,45.7
80317.0,27.3,8.9,7.7,10.7,54.60000000000001
155272.0,21.4,7.1,6.3,4.4,39.2
73305.0,27.9,8.6,7.7,10.7,54.900000000000006
81043.0,31.3,7.8,7.9,7.2,54.2
85869.0,29.1,7.8,7.0,7.4,51.3
96485.0,25.5,7.9,8.6,8.8,50.8
77353.0,23.8,4.5,6.8,10.2,45.3
122297.0,22.2,7.3,6.7,8.3,44.5
143132.0,19.6,6.5,6.0,7.4,39.5
143329.0,24.4,6.8,6.2,4.5,41.9
76980.0,27.7,8.9,7.5,10.1,54.2
163564.0,20.9,7.5,6.5,3.1,38.0
125400.0,25.2,8.0,6.8,6.5,46.5
142770.0,19.8,8.2,7.2,6.8,42.0
62400.0,21.5,8.0,9.2,10.6,49.3
86134.0,25.7,8.1,7.7,9.5,51.0
114009.0,25.6,7.2,7.0,6.3,46.1
92544.0,25.0,7.7,6.6,10.2,49.5
103109.0,17.1,6.4,7.6,7.6,38.7
98876.0,18.5,5.4,7.1,9.5,40.5
86573.0,26.7,7.4,7.1,9.0,50.2
66082.0,18.8,9.3,8.4,10.7,47.2
76249.0,26.6,8.6,8.0,10.3,53.5
102085.0,25.5,7.8,7.0,9.4,49.7
50707.0,24.5,8.6,8.4,10.3,51.8
103406.0,25.1,6.8,5.9,9.4,47.2
89568.0,29.6,7.8,7.1,7.0,51.5
183156.0,20.6,5.6,4.6,4.2,35.00000000000001
99759.0,25.7,8.9,8.6,5.5,48.7
176579.0,19.9,5.2,5.4,6.7,37.2
163001.0,22.8,6.2,5.1,4.2,38.3
125967.0,21.3,7.4,6.7,10.0,45.400000000000006
101805.0,18.2,6.8,6.9,7.6,39.5
156439.0,22.6,6.5,5.5,3.6,38.2
174104.0,19.3,5.3,5.0,7.3,36.9
65724.0,27.5,9.1,8.8,9.1,54.50000000000001
150836.0,16.8,5.5,6.3,7.9,36.5
88431.0,29.7,8.2,7.2,7.1,52.2
89159.0,19.0,6.2,7.7,9.0,41.9
93255.0,25.1,8.0,7.4,9.0,49.5
132632.0,26.2,7.7,6.0,6.1,46.0
84114.0,21.4,6.5,7.7,7.9,43.5
155166.0,20.8,6.2,6.0,7.3,40.3
120403.0,16.8,5.2,7.1,7.6,36.7
159220.0,22.4,5.9,5.4,5.1,38.8
103472.0,17.8,5.9,7.8,8.2,39.7
51245.0,23.8,7.6,9.5,10.1,51.0
161327.0,22.2,5.7,5.1,5.2,38.2
128060.0,20.4,8.1,7.2,8.0,43.7
125537.0,22.2,6.0,6.1,8.2,42.5
148662.0,20.3,7.2,6.5,5.6,39.6
72792.0,20.4,7.2,9.0,8.5,45.1
111605.0,12.8,13.0,10.5,4.2,40.5
99393.0,29.3,8.5,6.9,6.9,51.6
174605.0,22.0,6.5,5.7,4.3,38.5
85309.0,29.8,8.9,7.0,6.6,52.3
121803.0,22.9,6.7,6.2,8.3,44.1
107436.0,20.3,5.8,6.9,8.6,41.6
173201.0,19.1,6.3,5.2,8.4,39.0
109675.0,23.5,7.0,6.3,9.8,46.6
85824.0,24.9,8.0,7.7,10.9,51.5
92626.0,30.8,9.2,6.5,6.2,52.7
113868.0,21.3,7.2,7.9,9.1,45.5
117789.0,16.4,5.7,8.8,7.6,38.5
83529.0,20.0,6.9,8.4,8.4,43.7
87623.0,30.0,8.1,6.5,6.7,51.3
131813.0,22.7,6.4,6.3,8.1,43.5
129343.0,24.5,7.4,7.0,9.7,48.6
100374.0,17.5,6.2,7.5,8.6,39.8
165222.0,20.7,6.5,4.4,3.5,35.1
75241.0,28.3,8.7,7.8,9.7,54.5
137463.0,26.2,5.4,4.9,4.1,40.6
62994.0,23.2,8.1,9.3,9.8,50.39999999999999
86569.0,19.1,6.8,8.8,8.9,43.6
50583.0,24.9,8.3,8.6,10.7,52.5
182331.0,20.7,4.5,7.6,4.3,37.1
175824.0,21.0,5.3,5.7,6.9,38.9
70499.0,27.7,8.7,8.2,10.1,54.7
170279.0,22.2,6.4,5.6,4.0,38.2
108393.0,27.3,7.4,6.7,6.9,48.3
132542.0,21.9,6.4,6.5,7.6,42.4
171880.0,18.5,6.5,5.6,6.9,37.5
109115.0,17.8,4.4,7.3,8.9,38.400000000000006
99953.0,29.3,7.4,6.4,8.3,51.400000000000006
95893.0,21.3,5.6,5.4,7.2,39.5
128581.0,22.8,7.1,6.0,7.7,43.6
99191.0,28.1,8.4,6.6,5.4,48.5
136229.0,22.3,7.3,6.5,7.2,43.3
90482.0,19.6,5.4,7.2,9.3,41.5
70078.0,24.1,7.9,6.8,9.1,47.9
122530.0,18.5,6.4,7.5,7.7,40.1
114090.0,27.9,7.8,6.8,5.1,47.6
111602.0,27.9,7.0,5.8,6.2,46.9
160093.0,20.2,5.2,5.3,7.4,38.1
182136.0,19.3,6.1,5.5,7.9,38.8
153119.0,23.8,6.4,4.9,5.2,40.3
111750.0,16.8,5.9,7.4,7.7,37.8
115537.0,18.1,5.4,8.2,8.3,40.0
90007.0,28.7,6.0,6.4,8.3,49.400000000000006
96973.0,24.9,7.9,6.7,9.3,48.8
157412.0,21.9,6.7,4.5,4.0,37.1
187923.0,20.2,4.8,4.8,5.3,35.1
150063.0,24.2,6.9,5.1,4.2,40.400000000000006
120396.0,14.8,5.6,7.6,7.6,35.6
57519.0,24.5,8.7,9.8,10.8,53.8
99344.0,25.3,8.0,6.7,8.5,48.5
79040.0,18.8,6.4,8.5,8.0,41.7
85597.0,27.1,8.2,7.5,10.9,53.7
94138.0,17.1,5.3,8.8,8.9,40.1
91382.0,18.2,6.7,8.5,8.6,42.0
60191.0,23.8,8.9,10.3,10.2,53.2
195358.0,21.1,6.3,5.8,2.8,36.0
60246.0,22.7,8.0,8.5,9.3,48.5
93958.0,18.9,6.7,8.6,9.1,43.3
81748.0,23.4,7.5,7.3,5.8,43.99999999999999
99487.0,25.5,8.1,7.5,9.1,50.2
122297.0,22.2,7.3,6.7,8.3,44.5
121747.0,23.3,6.3,6.0,8.2,43.8
80758.0,27.8,8.3,7.3,10.0,53.4
58944.0,21.4,8.8,8.9,10.2,49.3
76136.0,21.3,5.9,7.7,8.3,43.2
127935.0,20.4,6.5,8.3,7.1,42.3
112842.0,26.8,8.0,6.2,5.1,46.1
108169.0,28.4,7.8,6.0,5.0,47.2
125089.0,16.1,6.4,8.4,8.3,39.2
96749.0,28.4,7.6,7.2,7.1,50.3
64639.0,18.6,8.0,10.8,9.8,47.2
115274.0,27.3,7.8,6.5,6.8,48.4
79554.0,19.3,7.8,9.8,9.0,45.900000000000006
95055.0,18.0,6.7,8.6,8.1,41.4
133219.0,19.6,6.8,5.8,6.0,38.2
93707.0,25.7,8.3,7.4,10.0,51.4
121233.0,24.3,6.7,5.9,7.6,44.5
112842.0,26.8,8.0,6.2,5.1,46.1
85960.0,20.4,7.0,8.4,9.0,44.8
75073.0,27.6,8.6,7.3,10.5,54.0
124816.0,23.9,9.0,6.1,6.5,45.5
106381.0,17.7,6.2,7.2,8.4,39.5
99569.0,23.0,6.9,6.5,8.8,45.2
76784.0,28.3,8.5,7.5,9.8,54.1
130728.0,17.3,6.2,7.4,8.0,38.9
89993.0,26.0,8.0,6.7,8.7,49.400000000000006
129579.0,17.2,5.4,6.8,7.3,36.7
82213.0,26.6,8.7,7.8,9.9,52.99999999999999
112439.0,24.5,7.6,6.4,9.6,48.1
90743.0,30.1,7.9,7.0,7.2,52.2
87521.0,27.8,9.8,2.8,5.8,46.2
154311.0,18.7,6.6,5.4,7.4,38.1
144278.0,15.8,5.4,7.9,8.1,37.2
119711.0,18.6,5.9,5.8,6.6,36.9
110819.0,27.4,7.7,6.2,5.5,46.8
146879.0,16.4,5.6,6.2,7.9,36.1
103406.0,25.1,6.8,5.9,9.4,47.2
97689.0,25.5,7.0,6.8,9.8,49.1
115672.0,25.5,8.0,6.7,5.4,45.6
102437.0,28.6,8.1,7.0,6.7,50.400000000000006
119771.0,16.5,6.0,8.0,7.4,37.9
122375.0,26.8,6.8,5.9,6.7,46.2
98876.0,18.5,5.4,7.1,9.5,40.5
97777.0,29.5,8.2,7.4,6.3,51.4
151993.0,23.2,6.9,4.8,5.1,40.0
172273.0,19.5,5.3,5.2,6.8,36.8
188694.0,22.1,6.5,6.6,5.3,40.5
162063.0,17.0,8.1,7.8,9.5,42.4
76605.0,28.6,8.7,7.6,9.6,54.5
119866.0,23.3,6.9,6.2,8.6,45.00000000000001
110403.0,27.8,7.7,6.4,5.9,47.8
120570.0,15.6,4.9,7.3,8.0,35.8
77584.0,31.5,8.8,6.6,7.5,54.4
142060.0,20.5,6.4,5.5,8.1,40.5
126607.0,22.1,6.8,7.0,7.2,43.10000000000001
177050.0,19.7,5.4,5.1,7.9,38.1
126405.0,23.6,6.9,6.4,9.3,46.2
124816.0,23.9,9.0,6.1,6.5,45.5
58346.0,22.7,7.4,9.1,9.6,48.8
169416.0,19.6,6.4,5.6,8.1,39.7
125556.0,16.6,4.9,6.9,7.1,35.5
99810.0,19.5,6.2,6.1,7.2,39.0
93913.0,26.1,8.1,7.2,9.6,51.00000000000001
119066.0,22.5,8.3,6.5,8.0,45.3
75096.0,24.6,10.7,7.8,8.5,51.6
86379.0,19.6,7.2,7.5,9.4,43.7
110386.0,18.8,5.2,7.3,8.3,39.6
164139.0,23.4,6.7,5.6,5.1,40.8
155503.0,19.3,6.6,5.5,6.2,37.6
91332.0,28.3,8.8,7.3,6.1,50.5
89936.0,26.3,7.9,5.6,9.6,49.400000000000006
155148.0,21.2,5.0,5.1,4.9,36.2
87900.0,25.9,8.8,7.4,9.4,51.5
105680.0,28.4,7.4,7.4,5.1,48.3
133219.0,19.6,6.8,5.8,6.0,38.2
95317.0,29.0,8.2,6.8,7.3,51.3
164512.0,19.9,4.4,4.3,6.6,35.2
117290.0,22.0,7.0,6.7,9.4,45.1
92330.0,25.3,8.3,7.6,10.4,51.6
175913.0,20.3,5.6,5.2,4.3,35.4
121007.0,26.3,7.1,6.0,6.6,46.0
109379.0,30.9,7.1,6.2,6.4,50.6
111151.0,23.0,7.7,6.2,8.4,45.3
98215.0,28.8,8.4,6.8,6.0,50.0
108640.0,30.7,6.8,5.9,6.1,49.5
66141.0,21.8,7.2,8.2,9.9,47.1
165880.0,19.6,5.6,5.3,6.1,36.6
59350.0,23.5,8.6,8.9,11.1,52.1
118719.0,26.5,7.2,6.3,5.6,45.6
174228.0,18.3,6.6,5.9,8.2,39.0
90301.0,29.3,7.5,7.4,6.5,50.7
174650.0,18.4,7.1,6.0,4.2,35.7
99191.0,28.1,8.4,6.6,5.4,48.5
55330.0,25.2,7.0,8.2,9.2,49.60000000000001
85603.0,27.1,8.5,7.2,8.6,51.400000000000006
186427.0,19.8,4.1,5.1,6.4,35.4
119811.0,27.6,7.2,6.4,4.7,45.900000000000006
69636.0,30.9,6.9,9.3,7.3,54.39999999999999
56324.0,22.3,8.1,9.4,9.9,49.7
79356.0,25.8,8.6,8.8,10.9,54.1
75440.0,18.9,7.6,9.5,9.3,45.3
87864.0,24.8,5.6,7.5,6.6,44.5
114376.0,22.8,7.4,6.7,9.1,46.00000000000001
89820.0,21.7,6.7,7.8,8.5,44.7
95314.0,11.9,9.2,9.8,9.8,40.7
60178.0,24.0,7.6,9.3,10.9,51.8
81369.0,26.0,8.1,7.8,9.6,51.5
131870.0,22.2,6.5,6.0,7.1,41.8
170081.0,18.8,5.7,5.1,8.1,37.7
110206.0,26.5,7.4,5.7,5.8,45.4
99116.0,17.2,4.5,7.2,8.8,37.7
110814.0,26.6,7.7,6.2,5.7,46.20000000000001
125202.0,26.9,7.4,6.5,5.8,46.6
79746.0,30.4,9.1,7.6,6.0,53.1
115672.0,25.5,8.0,6.7,5.4,45.6
145502.0,22.1,6.9,6.1,7.2,42.3
105680.0,28.4,7.4,7.4,5.1,48.3
169959.0,21.3,5.9,4.9,3.2,35.300000000000004
55923.0,22.6,10.2,9.0,11.2,53.0
132669.0,26.7,6.6,6.0,4.8,44.1
156631.0,21.1,5.6,5.4,5.6,37.7
133663.0,24.5,7.1,6.6,5.5,43.7
91720.0,17.0,6.9,7.8,9.1,40.8
128232.0,22.1,7.1,6.0,7.9,43.1
88343.0,29.2,9.1,7.6,5.8,51.7
144130.0,17.8,1.8,8.3,9.3,37.2
99182.0,19.8,5.7,8.0,7.7,41.2
133711.0,29.2,7.2,6.0,3.9,46.3
95314.0,11.9,9.2,9.8,9.8,40.7
108689.0,22.4,7.3,6.1,9.8,45.6
65554.0,23.1,7.7,8.6,9.9,49.3
82035.0,25.2,8.9,6.9,10.3,51.3
149307.0,19.9,6.8,6.6,7.1,40.4
119866.0,23.3,6.9,6.2,8.6,45.00000000000001
94310.0,29.4,8.0,7.0,5.5,49.9
169598.0,20.6,6.1,5.6,6.4,38.7
107952.0,21.0,5.8,8.0,8.4,43.2
100108.0,21.8,5.4,7.1,7.6,41.900000000000006
169963.0,19.4,6.4,5.5,6.0,37.3
128199.0,22.2,7.0,6.8,7.9,43.9
81867.0,20.2,6.8,8.9,8.9,44.8
119171.0,15.4,6.1,7.0,8.4,36.9
82341.0,19.5,6.8,9.1,8.3,43.7
116565.0,26.8,6.9,6.1,5.9,45.7
58759.0,21.8,7.8,9.2,10.3,49.1
95040.0,28.4,7.1,6.3,6.3,48.1
94310.0,29.4,8.0,7.0,5.5,49.9
113090.0,22.5,7.1,7.1,10.1,46.8
100482.0,22.2,7.6,7.3,10.1,47.2
165247.0,26.3,4.6,3.8,3.4,38.1
123557.0,15.2,5.3,8.2,7.8,36.5
146364.0,18.5,6.9,7.6,6.1,39.1
122819.0,21.0,6.4,7.9,9.8,45.1
152118.0,22.2,5.9,5.8,5.6,39.5
161554.0,22.0,6.5,5.4,4.0,37.9
85960.0,20.4,7.0,8.4,9.0,44.8
100084.0,24.9,8.1,8.4,7.5,48.9
105033.0,15.1,6.7,9.6,8.6,40.0
90170.0,19.7,6.6,7.9,10.2,44.39999999999999
74823.0,21.1,7.1,8.2,9.0,45.400000000000006
160890.0,22.1,7.9,5.3,3.3,38.6
105245.0,26.9,8.1,6.5,6.1,47.6
184337.0,17.9,6.0,6.0,9.0,38.9
92214.0,26.0,8.3,8.0,10.3,52.6
173575.0,18.9,5.6,5.7,6.3,36.5
107969.0,21.0,2.2,8.2,7.2,38.6
101393.0,25.0,7.5,6.7,8.7,47.900000000000006
108934.0,28.5,7.7,6.8,5.4,48.4
98215.0,28.8,8.4,6.8,6.0,50.0
149038.0,23.0,5.0,4.6,6.2,38.8
110065.0,23.3,8.0,6.7,9.4,47.4
92979.0,24.5,8.0,6.3,9.5,48.3
155371.0,22.9,7.0,6.2,4.5,40.6
102208.0,25.1,7.7,7.2,9.0,49.00000000000001
115970.0,22.5,6.8,7.1,6.1,42.5
142953.0,21.4,6.1,5.9,6.5,39.9
113575.0,14.7,6.4,8.0,8.2,37.3
161948.0,20.2,5.3,5.3,7.4,38.2
114951.0,23.3,7.2,6.9,8.2,45.6
118157.0,27.3,7.1,6.7,5.9,47.0
119203.0,19.2,4.2,5.4,6.4,35.2
108689.0,22.4,7.3,6.1,9.8,45.6
82749.0,30.5,8.9,7.6,7.7,54.7
121708.0,24.8,7.0,5.9,9.4,47.1
78600.0,17.8,8.0,8.6,10.5,44.9
59234.0,24.9,7.8,9.7,11.1,53.49999999999999
112605.0,17.7,5.3,9.0,7.4,39.4
97823.0,15.1,5.6,8.9,9.6,39.2
128708.0,25.4,7.1,5.8,8.9,47.2
127935.0,20.4,6.5,8.3,7.1,42.3
169598.0,20.6,6.1,5.6,6.4,38.7
101790.0,24.1,7.4,6.6,9.4,47.5
183388.0,22.2,5.1,4.8,5.9,37.99999999999999
68030.0,19.2,6.6,8.9,7.1,41.8
82786.0,25.3,9.6,8.0,10.1,53.0
131520.0,21.3,7.5,6.4,8.2,43.400000000000006
53058.0,23.5,9.2,7.8,9.8,50.3
92216.0,20.5,6.4,8.8,8.3,44.0
91500.0,22.4,4.5,8.4,5.7,41.0
90301.0,29.3,7.5,7.4,6.5,50.7
103406.0,25.1,6.8,5.9,9.4,47.2
112842.0,26.8,8.0,6.2,5.1,46.1
112189.0,27.5,7.7,6.5,5.0,46.7
172305.0,19.3,5.1,5.5,6.1,36.0
77471.0,31.8,7.7,8.1,6.7,54.3
87106.0,26.0,7.3,6.8,11.5,51.6
82632.0,18.0,8.2,7.6,9.6,43.4
109015.0,23.5,7.9,7.2,9.2,47.8
152394.0,23.8,6.5,5.3,4.9,40.5
165628.0,19.3,5.8,5.4,7.6,38.1
137394.0,20.4,6.7,6.3,7.8,41.2
139801.0,25.2,7.0,5.5,5.7,43.400000000000006
55288.0,22.4,7.9,9.5,9.9,49.7
83959.0,29.6,8.7,7.0,7.3,52.6
133969.0,25.6,6.9,6.1,4.8,43.4
115814.0,23.4,7.3,6.3,8.5,45.5
86776.0,26.2,8.0,7.0,10.8,52.0
91304.0,29.0,6.7,6.8,8.9,51.4
91417.0,25.2,8.1,7.5,9.8,50.6
110147.0,17.5,4.7,5.5,10.1,37.8
121480.0,19.4,5.8,6.9,9.2,41.3
143957.0,21.1,6.6,6.3,5.0,39.0
86569.0,19.1,6.8,8.8,8.9,43.6
78182.0,19.2,10.0,7.0,8.0,44.2
149196.0,23.2,5.4,4.4,5.7,38.7
129932.0,23.1,7.3,6.1,9.9,46.4
98844.0,19.0,6.5,7.9,7.9,41.3
95366.0,15.8,5.6,8.8,8.0,38.2
78440.0,30.1,8.3,8.1,8.3,54.80000000000001
79045.0,21.7,7.5,8.3,9.3,46.8
94841.0,17.6,6.5,8.7,8.0,40.8
117624.0,26.3,7.5,6.0,5.5,45.3
157664.0,24.0,5.8,4.2,4.2,38.2
94027.0,18.4,6.8,7.8,8.1,41.1
121747.0,23.3,6.3,6.0,8.2,43.8
133951.0,24.6,6.2,5.7,5.7,42.2
143409.0,23.1,6.6,6.2,7.6,43.50000000000001
95513.0,24.2,3.1,4.0,6.8,38.1
139404.0,16.3,4.6,6.8,7.4,35.1
109115.0,17.8,4.4,7.3,8.9,38.400000000000006
118553.0,25.8,7.5,6.3,5.3,44.89999999999999
195358.0,21.1,6.3,5.8,2.8,36.0
73883.0,27.0,8.6,7.5,10.3,53.400000000000006
95032.0,25.4,8.4,7.5,8.6,49.9
108468.0,24.9,6.8,6.8,10.1,48.6
90868.0,20.7,6.8,7.2,8.9,43.6
190625.0,20.2,6.0,5.4,4.5,36.1
92725.0,26.5,7.9,6.7,9.4,50.5
84293.0,19.2,7.0,7.9,9.8,43.900000000000006
81012.0,25.4,9.5,7.7,10.6,53.2
63097.0,22.7,7.9,8.4,10.0,49.0
111380.0,14.2,8.0,8.2,8.2,38.6
106271.0,28.6,8.2,6.6,3.9,47.3
107162.0,27.7,6.4,5.4,6.6,46.1
153997.0,23.4,6.9,5.0,4.7,40.0
55330.0,25.2,7.0,8.2,9.2,49.60000000000001
96638.0,16.4,6.2,8.6,8.1,39.3
70653.0,20.2,6.2,7.4,8.9,42.7
50076.0,24.8,7.3,10.8,10.8,53.7
93375.0,18.4,6.0,3.9,9.5,37.8
52679.0,23.4,7.8,10.0,11.0,52.2
84889.0,27.1,8.1,7.6,10.4,53.2
126070.0,15.9,5.5,7.7,6.5,35.599999999999994
157779.0,23.4,5.2,5.7,3.3,37.6
118516.0,26.5,6.7,6.1,5.9,45.2
91304.0,29.0,6.7,6.8,8.9,51.4
139779.0,20.2,7.1,6.5,6.0,39.8
170838.0,18.9,5.5,5.2,7.5,37.1
50076.0,24.8,7.3,10.8,10.8,53.7
76782.0,24.2,6.0,7.0,4.2,41.400000000000006
91120.0,25.5,8.2,6.6,9.7,50.0
129166.0,18.2,5.2,6.6,6.4,36.4
79109.0,19.6,7.1,8.4,9.3,44.400000000000006
112210.0,17.3,6.3,8.5,7.7,39.8
77346.0,19.9,6.5,8.4,9.4,44.2
82297.0,27.3,8.2,6.9,9.6,52.0
117808.0,18.1,6.0,6.4,7.9,38.4
133861.0,20.0,7.7,6.7,7.5,41.9
169203.0,22.0,6.4,5.2,3.4,37.0
51175.0,24.7,7.6,10.3,9.8,52.39999999999999
86134.0,25.7,8.1,7.7,9.5,51.0
94138.0,17.1,5.3,8.8,8.9,40.1
103205.0,17.5,6.3,8.3,8.2,40.3
93913.0,26.1,8.1,7.2,9.6,51.00000000000001
128680.0,23.5,6.8,5.5,9.3,45.1
63236.0,21.3,7.4,10.5,10.2,49.400000000000006
158157.0,24.6,6.9,6.1,6.4,44.0
64969.0,21.2,7.3,8.8,9.6,46.9
95437.0,25.8,8.4,8.1,6.5,48.8
149307.0,19.9,6.8,6.6,7.1,40.4
127295.0,26.6,5.6,4.1,6.8,43.1
92100.0,29.2,8.7,7.6,6.2,51.7
120295.0,18.0,6.3,7.4,9.0,40.7
105870.0,26.6,8.0,8.0,5.6,48.2
92979.0,24.5,8.0,6.3,9.5,48.3
132067.0,26.2,6.4,5.5,5.8,43.9
112949.0,25.0,6.7,6.3,8.4,46.4
119793.0,23.8,6.7,7.4,6.9,44.8
134828.0,27.4,7.2,5.9,5.0,45.5
78600.0,17.8,8.0,8.6,10.5,44.9
66397.0,24.9,6.9,8.7,9.6,50.1
79359.0,18.8,6.9,8.9,9.8,44.400000000000006
92430.0,16.8,4.7,8.1,8.2,37.8
74033.0,28.3,8.9,8.0,9.8,55.0
137746.0,26.3,7.1,6.1,6.7,46.2
111320.0,18.5,3.2,7.2,6.8,35.7
128055.0,26.0,7.2,6.4,5.7,45.3
126104.0,25.8,7.6,6.3,4.7,44.4
51443.0,26.1,8.5,8.7,11.5,54.8
111727.0,23.5,7.8,7.1,8.0,46.4
192125.0,19.6,6.1,5.8,5.3,36.8
82786.0,25.3,9.6,8.0,10.1,53.0
59650.0,23.4,7.6,8.2,10.0,49.2
103784.0,28.8,8.8,5.3,5.6,48.5
170081.0,18.8,5.7,5.1,8.1,37.7
121272.0,27.8,7.1,5.9,4.9,45.7
183811.0,21.0,5.2,4.6,5.1,35.9
70078.0,24.1,7.9,6.8,9.1,47.9
86569.0,19.1,6.8,8.8,8.9,43.6
82970.0,28.1,8.3,6.7,9.6,52.70000000000001
147697.0,22.5,6.6,5.7,5.1,39.900000000000006
74146.0,29.9,8.2,8.4,6.9,53.39999999999999
89315.0,24.3,8.4,7.2,10.7,50.60000000000001
130728.0,17.3,6.2,7.4,8.0,38.9
128581.0,22.8,7.1,6.0,7.7,43.6
143036.0,22.5,5.3,4.9,6.9,39.6
145491.0,20.0,6.2,4.9,9.0,40.1
117672.0,24.0,7.5,6.5,8.8,46.8
156785.0,19.8,6.8,7.1,5.3,39.0
64434.0,21.9,7.6,8.0,9.0,46.5
81195.0,25.4,7.8,8.1,9.3,50.6
72217.0,26.6,8.8,7.7,10.5,53.60000000000001
147513.0,23.5,7.0,6.3,4.2,41.0
91510.0,33.1,7.3,7.8,5.3,53.49999999999999
63663.0,21.2,7.9,9.1,9.7,47.900000000000006
136321.0,21.4,6.7,6.3,8.5,42.9
96973.0,24.9,7.9,6.7,9.3,48.8
71627.0,21.1,7.5,8.5,8.9,46.0
180713.0,17.4,5.4,6.7,6.5,36.0
85277.0,25.5,8.4,7.5,10.6,52.0
129715.0,17.9,7.9,6.5,8.3,40.6
166174.0,20.2,4.8,4.2,6.8,36.0
119966.0,17.4,6.1,8.1,7.9,39.5
79976.0,20.8,6.9,8.3,8.5,44.5
117624.0,26.3,7.5,6.0,5.5,45.3
92963.0,31.5,7.4,5.1,10.0,54.0
166636.0,20.4,6.3,6.2,4.6,37.5
77039.0,30.9,8.7,7.2,5.0,51.8
134566.0,25.2,7.1,5.9,4.4,42.6
99739.0,27.5,7.7,6.7,6.9,48.8
82876.0,20.4,6.3,8.6,9.6,44.9
114115.0,18.0,5.9,7.5,8.1,39.5
127198.0,17.1,5.6,7.8,8.2,38.7
145519.0,23.7,5.2,5.1,6.9,40.9
163070.0,21.9,5.8,5.2,4.9,37.8
108474.0,23.7,8.7,7.0,9.3,48.7
169017.0,19.7,5.1,5.6,5.3,35.7
83970.0,29.6,9.1,7.5,6.9,53.1
139907.0,23.9,7.5,6.6,4.5,42.5
106575.0,28.8,7.7,7.7,7.2,51.400000000000006
105661.0,18.1,6.6,7.6,9.8,42.10000000000001
61665.0,21.9,7.8,9.0,11.3,50.0
108474.0,23.7,8.7,7.0,9.3,48.7
128787.0,16.9,6.4,7.2,9.4,39.9
76051.0,28.4,8.0,6.7,10.4,53.5
94755.0,17.6,6.1,8.5,9.1,41.3
140583.0,22.8,7.8,5.6,5.0,41.2
147251.0,21.2,6.3,6.4,6.8,40.7
104250.0,17.5,5.7,7.9,8.5,39.6
50642.0,20.9,9.7,9.8,9.2,49.6
143886.0,25.7,7.4,6.2,4.7,44.00000000000001
108468.0,24.9,6.8,6.8,10.1,48.6
105407.0,16.7,6.1,7.1,8.3,38.2
119117.0,16.3,6.0,7.7,6.7,36.7
73940.0,22.0,7.6,8.3,10.1,48.00000000000001
161673.0,18.0,7.0,5.1,5.0,35.1
125496.0,25.2,8.0,6.8,4.3,44.3
112595.0,22.8,7.4,6.1,9.3,45.60000000000001
60187.0,22.1,7.6,9.1,10.6,49.400000000000006
134500.0,24.2,7.5,7.1,4.3,43.1
56143.0,22.0,7.9,10.6,10.0,50.5
132542.0,21.9,6.4,6.5,7.6,42.4
146381.0,21.9,6.4,6.0,7.8,42.1
75776.0,26.3,10.2,9.3,5.7,51.5
145491.0,20.0,6.2,4.9,9.0,40.1
112874.0,16.4,7.2,8.6,7.9,40.1
133286.0,20.7,6.1,6.3,8.9,41.99999999999999
90453.0,25.4,8.0,7.5,9.1,50.0
76811.0,20.0,7.8,9.2,9.9,46.9
123976.0,23.5,7.3,7.0,6.3,44.1
59949.0,22.5,8.1,9.2,10.8,50.6
131719.0,22.3,6.5,6.1,8.2,43.1
98841.0,18.4,6.6,8.7,7.1,40.8
68786.0,20.8,7.3,9.4,10.1,47.6
85963.0,28.3,8.1,7.5,6.8,50.7
135550.0,21.5,6.6,6.1,7.2,41.400000000000006
100935.0,18.8,6.5,8.5,8.6,42.4
155371.0,22.9,7.0,6.2,4.5,40.6
103205.0,17.5,6.3,8.3,8.2,40.3
113028.0,23.4,7.0,6.3,8.9,45.6
91878.0,27.4,8.4,8.3,6.9,50.99999999999999
115537.0,18.1,5.4,8.2,8.3,40.0
178095.0,21.7,4.7,4.8,5.6,36.8
102306.0,29.2,8.1,6.5,6.3,50.1
195389.0,21.1,6.0,5.0,7.7,39.8
153587.0,20.6,5.7,5.6,6.9,38.8
76239.0,23.3,5.7,6.8,8.6,44.4
162536.0,21.1,4.8,2.9,8.0,36.8
161673.0,18.0,7.0,5.1,5.0,35.1
148399.0,22.8,6.0,5.5,4.7,39.0
97953.0,24.7,7.8,6.9,9.4,48.8
120915.0,25.9,7.4,6.7,4.9,44.9
129123.0,20.2,5.5,6.2,7.8,39.7
104638.0,18.6,6.0,7.5,8.7,40.8
154392.0,20.4,5.8,5.7,7.4,39.3
143409.0,23.1,6.6,6.2,7.6,43.50000000000001
99732.0,23.1,7.8,4.9,10.8,46.60000000000001
151732.0,19.8,6.2,6.2,6.3,38.5
154780.0,24.1,6.9,6.2,3.7,40.900000000000006
107356.0,17.5,6.1,8.0,8.3,39.900000000000006
162912.0,19.6,6.1,5.6,5.8,37.1
57730.0,21.8,10.2,8.6,9.7,50.3
56003.0,23.2,8.1,9.0,10.5,50.8
84581.0,18.4,6.5,8.1,9.2,42.2
98080.0,25.6,7.6,6.3,7.8,47.3
126297.0,25.8,7.7,5.8,6.0,45.3
105432.0,25.8,7.9,7.2,8.8,49.7
162238.0,21.7,5.6,5.3,5.3,37.89999999999999
79705.0,26.2,8.8,8.9,10.0,53.9
131813.0,22.7,6.4,6.3,8.1,43.5
102868.0,17.7,6.2,9.0,7.4,40.3
111750.0,16.8,5.9,7.4,7.7,37.8
65562.0,22.0,7.5,9.2,9.9,48.6
62651.0,21.2,7.5,8.9,8.4,46.0
102825.0,18.3,6.3,7.8,8.4,40.8
57060.0,24.1,8.6,8.6,10.7,52.0
94751.0,30.0,7.7,7.1,6.8,51.6
86622.0,30.2,6.5,6.8,6.5,50.0
86096.0,31.3,8.4,7.1,5.8,52.6
59030.0,24.6,7.2,10.0,11.0,52.8
144478.0,21.6,6.2,6.0,8.1,41.9
83445.0,19.8,6.4,8.4,8.4,43.0
159647.0,21.2,6.7,5.4,3.0,36.3
86622.0,30.2,6.5,6.8,6.5,50.0
91967.0,27.7,8.5,7.7,7.5,51.400000000000006
128112.0,20.4,4.0,6.2,5.5,36.1
98456.0,19.0,5.6,7.0,7.8,39.4
108480.0,28.5,7.7,6.4,5.8,48.4
94439.0,27.0,7.7,6.1,8.8,49.60000000000001
154639.0,15.7,5.0,7.1,7.4,35.2
102507.0,18.4,6.2,4.5,7.2,36.3
77353.0,23.8,4.5,6.8,10.2,45.3
126298.0,24.7,7.1,7.7,4.0,43.5
126151.0,23.2,7.2,6.7,8.0,45.1
115814.0,23.4,7.3,6.3,8.5,45.5
114115.0,18.0,5.9,7.5,8.1,39.5
99116.0,17.2,4.5,7.2,8.8,37.7
132542.0,21.9,6.4,6.5,7.6,42.4
102085.0,25.5,7.8,7.0,9.4,49.7
102731.0,17.9,6.2,7.9,8.2,40.2
106580.0,20.2,6.0,7.9,7.5,41.6
132020.0,23.4,8.1,6.2,3.9,41.6
82786.0,25.3,9.6,8.0,10.1,53.0
123557.0,15.2,5.3,8.2,7.8,36.5
126189.0,23.5,7.7,7.2,6.5,44.9
88343.0,29.2,9.1,7.6,5.8,51.7
103900.0,23.9,8.0,6.8,8.8,47.5
146083.0,27.3,4.3,5.5,3.1,40.2
104529.0,19.2,5.6,8.2,8.0,41.0
98623.0,18.5,5.4,7.5,6.2,37.6
75601.0,26.7,8.2,7.6,9.8,52.3
147552.0,21.3,7.0,5.6,8.9,42.8
142435.0,22.6,5.9,5.5,7.1,41.1
118665.0,23.8,6.9,6.4,6.6,43.7
54591.0,24.3,8.2,7.6,10.6,50.7
69250.0,21.4,7.2,8.7,9.2,46.5
146364.0,18.5,6.9,7.6,6.1,39.1
108090.0,17.2,5.8,7.6,7.9,38.5
146381.0,21.9,6.4,6.0,7.8,42.1
152761.0,21.3,5.2,6.9,7.6,41.0
62297.0,22.5,7.8,9.0,9.9,49.2
157858.0,23.1,6.0,5.5,5.0,39.6
143036.0,22.5,5.3,4.9,6.9,39.6
159231.0,22.1,6.1,5.4,4.6,38.2
181610.0,22.0,6.3,5.3,4.1,37.7
159708.0,21.6,5.4,6.4,6.3,39.7
168619.0,21.0,5.3,4.8,7.2,38.3
187923.0,20.2,4.8,4.8,5.3,35.1
88071.0,28.8,8.8,7.5,6.7,51.8
167652.0,19.5,5.7,6.2,4.5,35.9
117724.0,26.8,7.3,6.2,6.3,46.6
125797.0,20.3,6.4,6.0,7.3,40.0
135985.0,21.2,7.3,6.0,5.9,40.4
180693.0,21.2,5.4,5.1,4.2,35.900000000000006
94138.0,17.1,5.3,8.8,8.9,40.1
170410.0,22.4,6.1,4.9,4.0,37.4
110403.0,27.8,7.7,6.4,5.9,47.8
111727.0,23.5,7.8,7.1,8.0,46.4
182559.0,22.1,6.6,5.3,4.5,38.5
156464.0,19.8,6.2,5.6,8.6,40.2
104213.0,28.2,7.7,6.8,6.0,48.7
118883.0,23.8,7.0,5.9,7.6,44.3
92461.0,29.5,7.9,7.8,6.7,51.9
144189.0,27.8,5.4,3.8,4.8,41.8
176506.0,17.4,5.5,5.8,6.3,35.0
162912.0,19.6,6.1,5.6,5.8,37.1
118719.0,26.5,7.2,6.3,5.6,45.6
100372.0,25.6,8.1,6.9,8.3,48.900000000000006
94755.0,17.6,6.1,8.5,9.1,41.3
90406.0,19.2,6.8,8.7,7.8,42.5
170898.0,24.0,7.1,5.9,3.3,40.3
96455.0,23.2,8.7,7.3,9.9,49.1
61202.0,24.2,7.4,7.6,10.0,49.2
127546.0,23.5,6.6,7.1,6.0,43.2
90889.0,25.7,8.9,7.1,11.2,52.900000000000006
103610.0,23.8,7.3,6.2,9.3,46.60000000000001
64663.0,23.6,9.1,9.8,11.1,53.6
67116.0,21.4,7.4,9.2,10.2,48.2
125423.0,24.7,6.4,5.8,7.5,44.4
68103.0,21.7,7.4,8.9,10.0,48.0
56309.0,24.4,8.6,9.5,11.5,54.0
117219.0,15.0,5.4,8.7,7.4,36.5
77947.0,19.0,7.8,9.5,8.3,44.6
53133.0,23.6,8.1,9.8,10.0,51.5
119401.0,23.7,6.9,6.3,8.5,45.4
175185.0,19.3,5.8,5.9,5.8,36.8
164691.0,19.4,6.7,4.8,6.1,37.0
163574.0,21.4,7.7,5.3,5.5,39.9
182455.0,19.8,4.8,4.6,6.0,35.2
98262.0,28.8,8.3,7.3,6.2,50.6
84725.0,19.2,7.0,7.3,9.7,43.2
77949.0,29.0,8.9,9.0,6.9,53.8
165210.0,21.9,5.6,5.1,5.7,38.3
130330.0,15.6,5.4,7.3,7.4,35.7
90406.0,30.4,7.9,8.7,4.4,51.4
149196.0,23.2,5.4,4.4,5.7,38.7
128055.0,26.0,7.2,6.4,5.7,45.3
161212.0,20.2,7.0,6.3,8.6,42.1
100554.0,30.8,7.7,6.6,4.9,50.0
99569.0,23.0,6.9,6.5,8.8,45.2
127935.0,20.4,6.5,8.3,7.1,42.3
111483.0,18.0,5.8,6.9,8.3,39.0
100739.0,17.6,6.7,7.9,8.9,41.1
75377.0,26.0,6.9,7.6,8.1,48.6
50187.0,23.1,7.8,9.5,10.1,50.50000000000001
165959.0,19.7,8.0,5.3,4.7,37.7
84840.0,30.0,8.3,7.2,6.8,52.3
183811.0,21.0,5.2,4.6,5.1,35.9
142759.0,22.1,5.9,5.3,4.3,37.6
80721.0,27.9,8.5,6.9,9.9,53.2
150824.0,20.2,5.1,7.1,7.7,40.1
108924.0,27.5,8.2,7.4,5.4,48.5
187257.0,22.7,5.5,5.0,4.5,37.7
132777.0,24.9,7.7,6.6,9.9,49.1
68682.0,22.3,7.0,9.2,9.1,47.6
130958.0,24.7,6.8,6.0,4.8,42.3
155642.0,18.7,7.1,4.6,6.9,37.3
91307.0,18.8,6.6,7.8,8.9,42.1
78957.0,19.6,6.8,9.0,8.4,43.8
139863.0,21.6,6.3,6.2,8.0,42.1
51175.0,24.7,7.6,10.3,9.8,52.39999999999999
70746.0,21.8,8.6,8.9,10.8,50.1
121227.0,17.5,5.3,7.0,7.3,37.1
121456.0,21.3,6.8,6.2,9.3,43.60000000000001
107785.0,20.2,4.0,6.8,11.5,42.5
141257.0,21.8,6.8,5.6,8.0,42.2
98215.0,28.8,8.4,6.8,6.0,50.0
121769.0,26.9,8.0,6.9,5.4,47.2
69737.0,21.3,7.4,9.1,9.3,47.10000000000001
99899.0,28.3,8.1,6.8,5.9,49.1
121007.0,26.3,7.1,6.0,6.6,46.0
155706.0,20.4,7.1,5.2,3.6,36.3
105407.0,16.7,6.1,7.1,8.3,38.2
89587.0,19.2,7.8,8.3,10.1,45.4
112874.0,16.4,7.2,8.6,7.9,40.1
133488.0,21.2,6.3,6.4,8.0,41.9
120623.0,16.8,5.5,7.1,8.3,37.7
112984.0,25.9,7.5,6.5,6.5,46.4
131517.0,26.5,8.2,5.8,5.3,45.8
157504.0,23.1,6.6,5.4,3.5,38.6
71627.0,21.1,7.5,8.5,8.9,46.0
135550.0,21.5,6.6,6.1,7.2,41.400000000000006
70422.0,30.9,8.5,8.6,5.7,53.7
132572.0,21.6,7.3,6.3,7.2,42.400000000000006
78748.0,20.5,6.0,10.3,8.8,45.6
100372.0,25.6,8.1,6.9,8.3,48.900000000000006
184337.0,17.9,6.0,6.0,9.0,38.9
117303.0,24.0,7.5,6.8,9.3,47.6
154536.0,24.5,7.2,6.4,4.7,42.8
107169.0,23.6,7.9,6.6,8.4,46.5
120193.0,28.5,7.4,6.2,5.4,47.5
108842.0,25.5,7.6,6.7,8.6,48.400000000000006
91720.0,17.0,6.9,7.8,9.1,40.8
117624.0,26.3,7.5,6.0,5.5,45.3
151079.0,21.8,6.8,6.3,3.9,38.8
129907.0,19.7,7.4,6.1,8.3,41.5
163070.0,21.9,5.8,5.2,4.9,37.8
99461.0,30.9,8.2,6.9,6.1,52.1
83949.0,26.2,8.3,7.1,9.9,51.5
140710.0,20.5,7.2,4.7,7.4,39.8
89387.0,22.7,7.0,9.2,10.4,49.3
182455.0,19.8,4.8,4.6,6.0,35.2
61136.0,20.0,6.9,9.4,11.9,48.2
129176.0,20.1,5.5,6.5,8.3,40.400000000000006
113948.0,25.1,9.3,5.3,5.4,45.1
122819.0,21.0,6.4,7.9,9.8,45.1
145200.0,20.8,6.3,6.6,5.8,39.5
181172.0,23.5,6.5,4.9,4.1,39.0
158160.0,21.4,6.0,4.9,6.7,39.0
130451.0,21.3,6.9,6.5,8.5,43.2
107005.0,28.8,7.8,6.9,5.4,48.9
90822.0,20.8,7.8,8.8,10.4,47.8
89543.0,16.8,8.5,10.5,5.2,41.0
168558.0,19.1,6.3,6.1,5.6,37.1
166666.0,21.2,6.2,5.1,5.0,37.5
179079.0,17.3,7.1,9.2,7.4,40.99999999999999
122530.0,18.5,6.4,7.5,7.7,40.1
147491.0,21.2,5.8,5.8,6.6,39.4
93255.0,25.1,8.0,7.4,9.0,49.5
158381.0,22.0,7.2,7.0,5.6,41.8
147552.0,21.3,7.0,5.6,8.9,42.8
103718.0,25.8,7.4,5.6,9.7,48.5
71072.0,21.2,7.1,8.8,9.7,46.8
160129.0,23.1,6.7,5.0,4.1,38.9
86724.0,26.0,8.1,7.2,9.8,51.10000000000001
146059.0,22.4,6.1,5.4,6.9,40.8
118813.0,26.2,7.4,6.3,5.0,44.9
56867.0,22.5,7.8,9.5,10.1,49.9
121326.0,23.6,7.5,6.6,9.8,47.5
183316.0,19.5,5.8,5.5,4.7,35.5
171383.0,20.8,7.1,5.0,4.1,37.0
101687.0,26.0,6.9,6.2,9.5,48.6
180760.0,18.9,5.3,5.1,6.6,35.9
104617.0,28.0,7.6,7.1,6.9,49.6
154639.0,15.7,5.0,7.1,7.4,35.2
132624.0,15.3,5.3,7.5,7.4,35.5
110403.0,27.8,7.7,6.4,5.9,47.8
131827.0,26.3,6.8,5.3,4.6,43.0
74058.0,28.0,8.3,6.5,9.9,52.7
103900.0,23.9,8.0,6.8,8.8,47.5
104499.0,28.3,7.8,6.5,6.4,49.0
71632.0,28.4,8.5,6.7,10.6,54.2
148205.0,23.4,7.5,6.7,9.3,46.900000000000006
179305.0,18.7,5.0,4.7,7.2,35.6
100389.0,17.5,5.8,7.6,7.7,38.6
83727.0,16.9,7.4,8.1,9.2,41.6
157833.0,18.8,5.6,6.0,6.9,37.3
105329.0,23.6,8.3,6.0,7.3,45.2
181604.0,21.8,6.0,5.1,4.1,37.0
185089.0,20.1,4.8,5.4,8.0,38.3
130104.0,19.2,7.6,7.8,8.3,42.89999999999999
87123.0,32.2,8.2,5.7,8.1,54.20000000000001
121056.0,23.6,7.3,6.5,8.0,45.400000000000006
115041.0,16.4,5.5,7.7,6.7,36.3
99569.0,23.0,6.9,6.5,8.8,45.2
114115.0,18.0,5.9,7.5,8.1,39.5
157796.0,22.7,8.2,5.5,3.7,40.1
98844.0,19.0,6.5,7.9,7.9,41.3
152761.0,21.3,5.2,6.9,7.6,41.0
132224.0,19.0,6.7,7.5,8.2,41.400000000000006
151953.0,20.0,6.1,6.0,6.9,39.0
141348.0,20.7,6.1,6.1,7.5,40.4
143409.0,23.1,6.6,6.2,7.6,43.50000000000001
120737.0,22.1,5.8,8.1,6.5,42.5
51511.0,23.2,8.1,9.4,10.0,50.7
50895.0,23.5,7.8,9.5,9.9,50.7
190580.0,18.9,5.6,6.1,5.1,35.7
76962.0,18.8,8.1,8.7,8.4,43.99999999999999
134442.0,21.5,6.9,6.0,7.3,41.7
85903.0,18.9,6.6,8.2,8.4,42.1
125571.0,19.3,6.7,7.4,6.8,40.2
144234.0,20.8,6.6,6.1,7.3,40.8
112189.0,27.5,7.7,6.5,5.0,46.7
53028.0,23.1,9.0,10.2,10.4,52.7
115041.0,16.4,5.5,7.7,6.7,36.3
179305.0,18.7,5.0,4.7,7.2,35.6
82322.0,29.2,7.7,6.0,10.0,52.9
142060.0,20.5,6.4,5.5,8.1,40.5
98844.0,19.0,6.5,7.9,7.9,41.3
67993.0,30.3,7.4,6.1,10.8,54.60000000000001
158560.0,19.8,5.4,5.1,8.2,38.5
87995.0,19.5,6.5,8.0,8.9,42.9
164485.0,23.0,6.6,4.5,4.5,38.6
151993.0,23.2,6.9,4.8,5.1,40.0
147439.0,23.4,2.9,6.4,6.1,38.8
93088.0,25.5,8.3,7.3,8.9,49.99999999999999
116008.0,26.7,8.3,6.3,4.5,45.8
98859.0,27.3,8.3,7.2,5.9,48.7
95823.0,19.2,6.7,8.1,10.0,44.0
68887.0,19.8,7.5,9.4,9.8,46.5
108227.0,24.5,8.8,5.5,8.3,47.1
130451.0,21.3,6.9,6.5,8.5,43.2
52405.0,20.6,8.1,9.4,11.2,49.3
91878.0,27.4,8.4,8.3,6.9,50.99999999999999
148797.0,25.9,6.3,5.1,3.7,41.0
95249.0,29.4,7.6,6.1,6.8,49.9
70078.0,24.1,7.9,6.8,9.1,47.9
120663.0,23.7,3.5,5.1,5.4,37.7
110760.0,23.6,7.5,7.0,9.1,47.2
156737.0,22.7,6.6,5.2,4.3,38.8
79544.0,21.4,7.1,8.8,9.0,46.3
121007.0,26.3,7.1,6.0,6.6,46.0
148947.0,22.0,6.6,6.1,4.7,39.400000000000006
168181.0,22.0,5.7,4.9,6.0,38.6
101790.0,24.1,7.4,6.6,9.4,47.5
129966.0,22.9,6.9,6.2,7.0,43.0
79834.0,18.9,6.6,8.8,8.9,43.2
156734.0,23.7,7.2,5.3,4.1,40.3
90308.0,19.6,5.2,8.0,8.9,41.7
130108.0,25.5,7.6,6.2,4.3,43.6
194882.0,21.1,6.3,5.3,2.8,35.5
123127.0,16.5,4.9,7.3,7.4,36.1
55434.0,22.3,8.1,9.8,10.3,50.5
159766.0,18.6,6.3,5.1,7.5,37.5
64639.0,18.6,8.0,10.8,9.8,47.2
91472.0,23.0,8.7,8.5,8.6,48.8
122530.0,18.5,6.4,7.5,7.7,40.1
150427.0,23.3,6.9,5.5,3.7,39.400000000000006
75601.0,26.7,8.2,7.6,9.8,52.3
119811.0,27.6,7.2,6.4,4.7,45.900000000000006
166636.0,20.4,6.3,6.2,4.6,37.5
88831.0,33.2,7.9,6.4,7.0,54.5
70521.0,20.6,7.2,9.5,9.2,46.5
69636.0,30.9,6.9,9.3,7.3,54.39999999999999
162549.0,20.8,6.4,5.6,8.4,41.2
192599.0,19.0,3.8,6.1,7.3,36.2
109540.0,18.0,5.8,7.3,8.3,39.400000000000006
81043.0,31.3,7.8,7.9,7.2,54.2
88723.0,24.4,8.4,7.3,9.7,49.8
85277.0,25.5,8.4,7.5,10.6,52.0
101687.0,26.0,6.9,6.2,9.5,48.6
101790.0,24.1,7.4,6.6,9.4,47.5
93168.0,18.3,6.8,8.0,9.4,42.5
58010.0,24.3,8.4,8.3,9.4,50.4
136898.0,21.5,8.1,7.7,6.3,43.6
87617.0,32.4,7.3,6.0,5.8,51.49999999999999
78929.0,30.3,8.4,7.5,7.0,53.2
131266.0,21.3,6.5,6.8,8.6,43.2
103472.0,17.8,5.9,7.8,8.2,39.7
149307.0,19.9,6.8,6.6,7.1,40.4
66141.0,21.8,7.2,8.2,9.9,47.1
120295.0,18.0,6.3,7.4,9.0,40.7
97852.0,27.8,9.0,5.8,6.3,48.89999999999999
80949.0,26.6,7.8,8.4,10.6,53.4
159647.0,21.2,6.7,5.4,3.0,36.3
148115.0,21.9,7.2,6.5,8.2,43.8
113090.0,22.5,7.1,7.1,10.1,46.8
104702.0,17.3,5.9,8.0,7.7,38.900000000000006
87789.0,25.6,7.7,7.4,10.7,51.400000000000006
97286.0,17.4,6.4,8.3,8.0,40.1
132067.0,26.2,6.4,5.5,5.8,43.9
82179.0,19.5,7.6,8.4,9.3,44.8
67749.0,27.3,8.8,7.7,10.7,54.5
172305.0,19.3,5.1,5.5,6.1,36.0
106096.0,17.0,5.8,8.2,7.7,38.7
110146.0,13.1,8.5,8.9,9.0,39.5
111402.0,17.0,5.8,7.8,7.9,38.5
169115.0,21.2,6.7,5.8,2.4,36.1
87188.0,19.7,6.4,8.0,8.6,42.7
156737.0,22.7,6.6,5.2,4.3,38.8
143053.0,22.5,6.5,5.9,4.3,39.2
93244.0,23.9,8.5,8.0,9.2,49.6
145545.0,23.6,7.0,6.2,4.0,40.8
169017.0,19.7,5.1,5.6,5.3,35.7
92134.0,23.6,7.1,7.5,10.5,48.7
88103.0,29.6,8.7,7.4,6.4,52.1
140433.0,23.9,7.2,6.3,3.3,40.7
158286.0,22.3,7.1,6.6,2.2,38.2
157490.0,20.0,6.3,5.9,9.5,41.7
82366.0,30.3,8.2,6.9,7.2,52.6
113868.0,21.3,7.2,7.9,9.1,45.5
77794.0,21.0,7.0,6.5,9.5,44.0
161327.0,22.2,5.7,5.1,5.2,38.2
97583.0,27.9,7.6,6.4,4.5,46.4
178461.0,20.5,6.4,5.7,3.6,36.2
111028.0,16.2,6.0,7.8,8.1,38.1
84725.0,19.2,7.0,7.3,9.7,43.2
157779.0,23.4,5.2,5.7,3.3,37.6
126739.0,27.3,7.2,6.4,6.7,47.6
153639.0,20.8,5.2,5.7,4.0,35.7
162507.0,23.3,5.8,4.9,4.5,38.5
95661.0,28.4,8.8,7.5,6.6,51.3
163574.0,21.4,7.7,5.3,5.5,39.9
76136.0,21.3,5.9,7.7,8.3,43.2
127549.0,25.9,6.9,6.5,4.8,44.1
109811.0,18.2,6.8,8.4,9.4,42.8
117149.0,17.0,5.8,7.4,7.8,38.0
99785.0,19.5,6.1,7.8,8.9,42.3
108794.0,18.5,5.8,8.1,7.2,39.6
121272.0,27.8,7.1,5.9,4.9,45.7
124063.0,25.9,7.0,6.2,5.9,45.0
145176.0,20.7,5.5,5.9,8.3,40.400000000000006
109811.0,18.2,6.8,8.4,9.4,42.8
128581.0,22.8,7.1,6.0,7.7,43.6
105178.0,19.9,6.0,7.4,5.8,39.1
83919.0,27.0,8.9,8.0,7.8,51.7
67656.0,19.2,7.5,8.4,10.0,45.1
83529.0,20.0,6.9,8.4,8.4,43.7
130202.0,23.1,5.9,5.6,8.6,43.2
138037.0,21.8,7.3,6.4,9.5,45.0
159220.0,22.4,5.9,5.4,5.1,38.8
169540.0,16.2,7.0,7.2,5.8,36.2
118267.0,16.0,5.2,7.4,8.2,36.8
66849.0,21.9,7.4,9.5,9.4,48.2
60178.0,24.0,7.6,9.3,10.9,51.8
183316.0,19.5,5.8,5.5,4.7,35.5
105894.0,23.7,7.4,6.7,9.0,46.8
145502.0,22.1,6.9,6.1,7.2,42.3
98267.0,23.9,7.7,7.3,9.1,48.0
106903.0,25.0,7.3,6.3,8.7,47.3
79544.0,21.4,7.1,8.8,9.0,46.3
173462.0,18.6,6.0,5.5,6.2,36.3
83979.0,20.0,5.7,8.7,9.5,43.9
83665.0,30.3,7.2,7.7,6.6,51.8
67382.0,22.1,8.0,8.5,10.9,49.5
69205.0,21.3,7.0,8.7,9.6,46.6
153428.0,22.2,7.0,5.6,4.2,39.0
90656.0,25.6,7.9,6.9,9.6,50.0
119171.0,15.4,6.1,7.0,8.4,36.9
87939.0,19.1,7.0,8.8,8.1,43.00000000000001
98003.0,29.2,7.7,6.7,6.6,50.2
137664.0,22.6,5.5,4.1,8.3,40.5
140722.0,20.5,6.4,5.8,8.1,40.8
78964.0,21.5,6.4,9.1,9.6,46.6
90685.0,31.0,8.6,6.4,7.7,53.7
147688.0,20.4,6.7,6.3,7.8,41.2
53925.0,23.7,7.9,9.6,10.1,51.3
107116.0,24.0,6.7,6.9,6.7,44.3
125202.0,26.9,7.4,6.5,5.8,46.6
125803.0,25.6,7.1,5.6,5.9,44.2
82545.0,19.9,7.5,7.9,9.0,44.3
73862.0,22.5,6.4,7.7,9.0,45.6
81249.0,30.1,8.2,7.2,7.7,53.2
127549.0,25.9,6.9,6.5,4.8,44.1
77226.0,20.1,6.8,9.8,10.0,46.7
111320.0,18.5,3.2,7.2,6.8,35.7
162584.0,21.7,6.4,5.2,4.6,37.900000000000006
96304.0,15.1,7.2,9.3,6.3,37.9
109675.0,23.5,7.0,6.3,9.8,46.6
84810.0,29.6,9.3,8.3,6.5,53.7
73883.0,27.0,8.6,7.5,10.3,53.400000000000006
94310.0,29.4,8.0,7.0,5.5,49.9
133951.0,24.6,6.2,5.7,5.7,42.2
155774.0,21.4,5.4,4.9,7.7,39.4
96062.0,29.4,7.9,6.7,6.7,50.7
91417.0,25.2,8.1,7.5,9.8,50.6
99724.0,18.6,6.9,8.6,8.0,42.1
120570.0,15.6,4.9,7.3,8.0,35.8
102933.0,16.0,5.5,9.2,10.2,40.9
91081.0,18.1,6.9,8.5,9.2,42.7
131813.0,22.7,6.4,6.3,8.1,43.5
83665.0,30.3,7.2,7.7,6.6,51.8
109028.0,24.1,7.7,7.0,9.2,48.0
113855.0,17.9,5.9,7.3,8.1,39.2
78266.0,29.3,5.2,6.6,11.6,52.7
91162.0,27.8,9.1,7.7,6.7,51.3
84854.0,18.9,6.2,8.6,9.6,43.3
140730.0,21.7,7.8,8.3,4.2,42.0
51245.0,23.8,7.6,9.5,10.1,51.0
96464.0,19.8,6.9,7.9,9.3,43.900000000000006
91569.0,28.0,8.3,7.4,6.0,49.7
177613.0,21.2,5.6,5.0,3.8,35.599999999999994
75131.0,29.2,7.4,6.4,9.1,52.1
137123.0,21.0,8.0,6.7,4.4,40.1
81169.0,22.4,6.3,8.0,7.9,44.6
106601.0,24.2,7.7,6.7,9.5,48.1
126405.0,23.6,6.9,6.4,9.3,46.2
106443.0,26.2,7.0,6.7,8.0,47.900000000000006
173721.0,19.3,5.2,5.1,6.6,36.2
141959.0,21.2,6.4,6.0,4.1,37.7
159647.0,21.2,6.7,5.4,3.0,36.3
72526.0,25.6,9.0,5.5,12.8,52.900000000000006
142953.0,21.4,6.1,5.9,6.5,39.9
187267.0,19.0,4.4,4.7,7.2,35.3
96062.0,29.4,7.9,6.7,6.7,50.7
68103.0,21.7,7.4,8.9,10.0,48.0
159416.0,21.8,6.1,5.6,3.5,37.0
143253.0,20.8,6.4,6.3,7.5,41.0
125211.0,25.5,6.7,6.2,5.7,44.10000000000001
52679.0,23.4,7.8,10.0,11.0,52.2
143036.0,22.5,5.3,4.9,6.9,39.6
122783.0,24.0,6.9,7.0,9.5,47.4
148657.0,26.3,7.7,6.2,5.3,45.5
77950.0,27.4,8.7,7.8,10.3,54.19999999999999
127088.0,26.5,6.3,5.7,4.9,43.4
67749.0,27.3,8.8,7.7,10.7,54.5
142770.0,19.8,8.2,7.2,6.8,42.0
77947.0,19.0,7.8,9.5,8.3,44.6
90171.0,31.0,6.9,5.8,6.9,50.6
59411.0,21.4,8.3,8.3,10.7,48.7
88143.0,29.8,7.9,7.1,6.4,51.2
120034.0,23.2,8.1,6.7,5.3,43.3
113948.0,25.1,9.3,5.3,5.4,45.1
155095.0,22.5,6.4,5.7,5.2,39.8
73251.0,28.8,9.6,5.4,10.3,54.1
120596.0,16.6,5.4,7.9,6.8,36.7
90830.0,29.5,8.1,6.6,7.1,51.3
155371.0,22.9,7.0,6.2,4.5,40.6
118428.0,23.2,7.8,6.3,8.4,45.7
51511.0,23.2,8.1,9.4,10.0,50.7
129538.0,21.0,7.0,6.5,7.8,42.3
127043.0,16.5,5.4,7.5,7.8,37.2
82007.0,24.8,8.7,7.3,10.2,51.0
111028.0,16.2,6.0,7.8,8.1,38.1
85903.0,18.9,6.6,8.2,8.4,42.1
65660.0,22.1,7.2,8.2,10.2,47.7
52421.0,22.4,8.3,9.6,9.4,49.7
107169.0,23.6,7.9,6.6,8.4,46.5
141224.0,20.3,6.8,6.5,7.4,41.0
153997.0,23.4,6.9,5.0,4.7,40.0
153639.0,20.8,5.2,5.7,4.0,35.7
71773.0,20.9,7.0,8.8,9.6,46.3
71650.0,21.6,5.8,8.4,9.6,45.400000000000006
58922.0,22.3,7.8,9.6,9.7,49.400000000000006
94027.0,18.4,6.8,7.8,8.1,41.1
107616.0,24.2,7.4,7.0,8.7,47.3
52711.0,21.8,9.7,9.8,10.2,51.5
109811.0,18.2,6.8,8.4,9.4,42.8
189538.0,21.4,4.9,6.3,5.6,38.2
169444.0,21.7,6.3,5.4,3.2,36.6
55000.0,23.7,8.9,9.8,11.6,54.00000000000001
74762.0,20.3,7.3,8.6,9.6,45.8
144234.0,20.8,6.6,6.1,7.3,40.8
110403.0,27.8,7.7,6.4,5.9,47.8
126607.0,22.1,6.8,7.0,7.2,43.10000000000001
105245.0,26.9,8.1,6.5,6.1,47.6
138340.0,20.7,7.0,6.3,5.7,39.7
83445.0,19.8,6.4,8.4,8.4,43.0
130958.0,24.7,6.8,6.0,4.8,42.3
74207.0,27.8,8.0,7.6,10.3,53.7
140621.0,24.4,7.1,6.1,3.7,41.3
144278.0,15.8,5.4,7.9,8.1,37.2
100419.0,18.4,5.4,7.3,7.2,38.3
141174.0,21.4,7.9,6.2,5.4,40.9
96430.0,19.4,5.6,8.7,8.3,42.0
158160.0,21.4,6.0,4.9,6.7,39.0
119058.0,16.6,5.8,7.4,7.3,37.1
121233.0,24.3,6.7,5.9,7.6,44.5
105870.0,26.6,8.0,8.0,5.6,48.2
100935.0,18.8,6.5,8.5,8.6,42.4
109540.0,18.0,5.8,7.3,8.3,39.400000000000006
116008.0,26.7,8.3,6.3,4.5,45.8
143253.0,20.8,6.4,6.3,7.5,41.0
58010.0,24.3,8.4,8.3,9.4,50.4
123557.0,15.2,5.3,8.2,7.8,36.5
68137.0,21.4,8.6,8.9,7.5,46.4
117624.0,26.3,7.5,6.0,5.5,45.3
73158.0,22.1,7.4,8.0,9.5,47.0
56043.0,22.5,8.1,10.0,10.3,50.900000000000006
90406.0,30.4,7.9,8.7,4.4,51.4
50727.0,23.1,7.9,9.1,10.4,50.5
177360.0,20.8,4.9,5.9,3.8,35.4
156412.0,21.2,5.2,5.6,6.6,38.6
121007.0,26.3,7.1,6.0,6.6,46.0
119058.0,16.6,5.8,7.4,7.3,37.1
78964.0,21.5,6.4,9.1,9.6,46.6
97765.0,28.6,8.4,7.1,6.3,50.4
59350.0,23.5,8.6,8.9,11.1,52.1
108157.0,25.1,7.5,7.7,7.5,47.8
77760.0,22.0,7.0,6.8,8.5,44.3
70180.0,33.3,8.6,6.8,6.2,54.9
125400.0,25.2,8.0,6.8,6.5,46.5
194882.0,21.1,6.3,5.3,2.8,35.5
147928.0,24.1,6.8,5.9,6.0,42.8
140232.0,24.6,6.9,5.6,6.0,43.1
164198.0,16.9,5.6,5.7,8.7,36.9
78929.0,30.3,8.4,7.5,7.0,53.2
102681.0,24.1,7.4,6.9,9.7,48.1
167145.0,22.1,5.7,6.1,3.3,37.2
88797.0,28.8,8.5,7.4,6.4,51.1
109379.0,30.9,7.1,6.2,6.4,50.6
74459.0,28.5,8.5,7.5,9.6,54.1
120118.0,27.0,5.4,6.5,4.6,43.5
60191.0,23.8,8.9,10.3,10.2,53.2
99785.0,19.5,6.1,7.8,8.9,42.3
77930.0,28.5,8.4,7.9,7.1,51.9
81182.0,24.4,6.2,5.8,8.1,44.5
74988.0,20.7,7.0,8.1,9.9,45.7
126593.0,25.9,8.3,6.6,5.4,46.2
64434.0,21.9,7.6,8.0,9.0,46.5
77493.0,20.5,7.3,8.6,9.9,46.3
70603.0,21.8,7.3,8.8,9.0,46.900000000000006
79216.0,30.1,8.9,7.7,7.9,54.6
55204.0,23.6,8.1,9.3,11.1,52.1
155272.0,21.4,7.1,6.3,4.4,39.2
117633.0,13.6,5.5,8.8,8.4,36.3
86820.0,26.1,8.7,7.3,9.4,51.49999999999999
102388.0,16.2,6.7,7.6,7.6,38.1
113868.0,21.3,7.2,7.9,9.1,45.5
184398.0,18.6,5.2,5.5,8.7,38.0
93244.0,23.9,8.5,8.0,9.2,49.6
164018.0,23.7,6.2,3.5,5.9,39.3
107812.0,28.2,8.0,6.5,6.4,49.1
73118.0,20.9,7.4,8.3,9.9,46.49999999999999
104527.0,28.1,7.9,6.5,5.6,48.1
79295.0,29.0,8.4,6.1,10.6,54.1
88343.0,29.2,9.1,7.6,5.8,51.7
100618.0,27.1,7.2,7.1,8.8,50.2
189399.0,20.1,5.6,5.7,4.2,35.6
166671.0,21.9,6.1,5.6,3.9,37.5
99035.0,25.3,7.4,6.6,9.3,48.60000000000001
68137.0,21.4,8.6,8.9,7.5,46.4
56371.0,22.5,8.1,9.2,9.5,49.3
101302.0,27.5,6.9,6.7,8.5,49.6
86875.0,20.9,7.6,5.9,11.3,45.7
68683.0,28.6,8.4,7.8,10.2,55.0
53058.0,23.5,9.2,7.8,9.8,50.3
174104.0,19.3,5.3,5.0,7.3,36.9
108842.0,25.5,7.6,6.7,8.6,48.400000000000006
100374.0,17.5,6.2,7.5,8.6,39.8
60397.0,23.6,8.1,7.8,10.1,49.6
54018.0,25.9,6.8,9.3,10.5,52.5
74502.0,19.9,6.6,9.0,9.0,44.5
111627.0,22.6,7.5,6.7,9.4,46.2
90387.0,19.4,6.3,8.0,8.7,42.400000000000006
89412.0,31.0,8.0,6.1,7.7,52.8
74165.0,20.9,7.7,9.1,9.6,47.3
95008.0,19.1,6.3,7.7,9.0,42.1
148992.0,25.8,5.4,4.7,5.1,41.00000000000001
87333.0,18.9,7.1,8.7,9.5,44.2
94755.0,17.6,6.1,8.5,9.1,41.3
127807.0,21.6,6.9,7.0,9.0,44.5
116212.0,15.1,5.1,7.7,7.9,35.8
125556.0,16.6,4.9,6.9,7.1,35.5
132750.0,24.4,6.9,6.5,6.8,44.6
94287.0,27.9,6.2,6.3,7.6,48.0
65660.0,22.1,7.2,8.2,10.2,47.7
122375.0,26.8,6.8,5.9,6.7,46.2
139599.0,22.2,7.1,6.4,6.9,42.6
85496.0,21.2,6.6,8.0,8.6,44.4
66241.0,30.9,5.8,7.4,9.8,53.89999999999999
85473.0,22.2,5.6,7.2,8.5,43.5
85247.0,30.5,8.7,7.5,7.8,54.5
86668.0,29.6,8.3,7.5,6.7,52.10000000000001
86560.0,21.9,6.1,8.7,8.7,45.400000000000006
126102.0,22.8,7.0,5.6,6.8,42.2
95437.0,25.8,8.4,8.1,6.5,48.8
164222.0,18.5,5.6,5.7,6.3,36.1
66898.0,21.0,7.2,9.4,9.8,47.400000000000006
100374.0,17.5,6.2,7.5,8.6,39.8
79226.0,19.5,7.3,8.6,9.2,44.6
180713.0,17.4,5.4,6.7,6.5,36.0
183216.0,18.5,5.1,5.5,6.5,35.6
140571.0,19.1,6.5,7.3,6.6,39.5
100615.0,29.1,8.5,6.7,7.5,51.8
78748.0,20.5,6.0,10.3,8.8,45.6
138666.0,24.8,7.4,6.5,4.6,43.3
120737.0,22.1,5.8,8.1,6.5,42.5
76169.0,21.3,7.3,8.1,8.7,45.400000000000006
165631.0,22.7,6.2,5.4,5.5,39.8
70623.0,30.4,8.7,8.4,7.5,54.99999999999999
67887.0,32.4,7.8,6.3,7.6,54.1
84307.0,18.5,7.7,9.2,8.6,44.0
147159.0,15.4,5.1,6.0,8.8,35.3
184253.0,24.4,3.8,5.1,7.3,40.6
73496.0,21.7,6.9,8.6,8.7,45.900000000000006
94050.0,27.4,9.4,7.9,7.4,52.1
149526.0,19.8,6.3,6.1,7.2,39.400000000000006
139897.0,15.9,6.6,6.5,8.1,37.1
187257.0,22.7,5.5,5.0,4.5,37.7
141706.0,23.7,6.6,6.1,4.3,40.7
109540.0,18.0,5.8,7.3,8.3,39.400000000000006
78929.0,30.3,8.4,7.5,7.0,53.2
86189.0,26.8,8.4,7.2,10.1,52.50000000000001
111803.0,23.3,8.2,6.8,9.2,47.5
107377.0,22.2,8.0,6.1,9.1,45.4
53028.0,23.1,9.0,10.2,10.4,52.7
105686.0,26.9,7.9,6.8,6.5,48.1
130803.0,21.3,6.7,7.3,7.8,43.1
76116.0,33.0,6.3,6.3,9.3,54.89999999999999
181675.0,19.7,5.2,4.9,6.3,36.1
108383.0,17.9,5.6,7.5,8.2,39.2
141068.0,23.9,6.4,5.6,5.1,41.0
111928.0,18.5,7.1,6.4,9.2,41.2
107616.0,24.2,7.4,7.0,8.7,47.3
95040.0,28.4,7.1,6.3,6.3,48.1
109168.0,28.2,7.7,6.6,10.9,53.4
62400.0,21.5,8.0,9.2,10.6,49.3
93113.0,30.2,7.5,6.4,5.4,49.5
151993.0,23.2,6.9,4.8,5.1,40.0
91472.0,23.0,8.7,8.5,8.6,48.8
95009.0,16.9,8.0,8.4,9.7,43.0
175372.0,18.9,5.8,5.4,5.5,35.6
155642.0,18.7,7.1,4.6,6.9,37.3
146685.0,23.2,6.3,5.6,5.4,40.5
126983.0,23.3,6.7,6.1,9.1,45.2
99762.0,20.8,7.1,8.5,10.7,47.1
102388.0,16.2,6.7,7.6,7.6,38.1
131694.0,21.0,8.5,5.0,5.3,39.8
87533.0,22.0,7.4,9.2,11.0,49.6
107520.0,15.8,6.4,7.0,9.3,38.5
117887.0,27.4,7.3,6.4,5.9,46.99999999999999
121108.0,16.6,5.6,7.5,6.8,36.5
118408.0,22.8,7.5,6.1,7.9,44.3
132750.0,24.4,6.9,6.5,6.8,44.6
168383.0,19.6,5.0,5.3,8.4,38.3
95317.0,29.0,8.2,6.8,7.3,51.3
95299.0,27.5,7.9,6.6,7.2,49.2
144130.0,17.8,1.8,8.3,9.3,37.2
151953.0,20.0,6.1,6.0,6.9,39.0
115193.0,21.2,6.7,6.6,8.8,43.3
96496.0,18.5,7.4,9.6,8.8,44.3
84865.0,18.6,7.0,9.1,8.7,43.400000000000006
89791.0,25.5,8.0,7.3,9.3,50.1
139556.0,22.5,7.7,7.8,7.6,45.6
155706.0,20.4,7.1,5.2,3.6,36.3
77779.0,27.0,8.7,7.2,10.8,53.7
133246.0,22.0,6.7,6.0,7.2,41.900000000000006
102166.0,18.2,5.2,8.3,10.8,42.5
106224.0,25.6,8.1,7.0,9.9,50.6
117645.0,15.5,5.2,8.4,6.9,36.0
92134.0,23.6,7.1,7.5,10.5,48.7
159160.0,22.4,6.1,5.6,3.6,37.7
126739.0,27.3,7.2,6.4,6.7,47.6
96710.0,30.0,8.6,7.3,6.7,52.6
100374.0,17.5,6.2,7.5,8.6,39.8
82876.0,20.4,6.3,8.6,9.6,44.9
142033.0,15.5,5.2,6.9,8.3,35.900000000000006
55911.0,22.6,7.8,9.2,9.4,49.0
75131.0,29.2,7.4,6.4,9.1,52.1
101684.0,29.3,8.0,7.0,6.4,50.7
53080.0,21.8,7.6,10.3,10.3,50.0
116903.0,26.4,5.8,5.3,8.5,45.99999999999999
112164.0,18.3,5.6,6.1,7.4,37.4
81043.0,31.3,7.8,7.9,7.2,54.2
84967.0,19.2,6.7,8.6,8.2,42.7
81564.0,29.9,8.7,8.2,7.0,53.8
55925.0,23.5,7.7,9.4,10.6,51.2
161248.0,22.6,3.8,5.1,7.8,39.3
105200.0,24.1,7.5,6.6,9.2,47.400000000000006
101546.0,25.6,7.4,6.2,9.2,48.400000000000006
119811.0,27.6,7.2,6.4,4.7,45.900000000000006
90683.0,25.5,8.1,6.4,11.2,51.2
84648.0,20.2,6.8,8.0,8.9,43.9
55923.0,22.6,10.2,9.0,11.2,53.0
123347.0,23.7,7.1,6.7,9.7,47.2
85523.0,30.1,8.4,7.3,6.7,52.5
100737.0,17.3,6.4,8.2,7.6,39.5
78266.0,29.3,5.2,6.6,11.6,52.7
81317.0,19.8,6.4,8.5,9.4,44.1
112605.0,17.7,5.3,9.0,7.4,39.4
73971.0,18.0,5.5,10.5,14.0,48.0
66241.0,30.9,5.8,7.4,9.8,53.89999999999999
162835.0,19.7,5.8,5.4,6.8,37.7
146607.0,19.8,6.5,7.0,7.0,40.3
96638.0,16.4,6.2,8.6,8.1,39.3
111605.0,12.8,13.0,10.5,4.2,40.5
118160.0,22.7,7.2,6.2,8.7,44.8
131110.0,15.9,5.1,6.2,7.8,35.0
143209.0,19.4,5.5,2.6,8.5,36.0
137394.0,20.4,6.7,6.3,7.8,41.2
113948.0,25.1,9.3,5.3,5.4,45.1
110403.0,27.8,7.7,6.4,5.9,47.8
98136.0,29.4,8.4,7.4,6.3,51.49999999999999
77760.0,22.0,7.0,6.8,8.5,44.3
163486.0,21.9,6.3,6.0,4.7,38.900000000000006
135324.0,24.6,7.1,6.3,4.5,42.5
161551.0,22.6,6.7,5.7,3.7,38.7
182253.0,21.1,3.1,4.6,6.6,35.400000000000006
95032.0,18.3,6.5,8.2,8.2,41.2
144548.0,24.0,6.9,6.5,5.3,42.7
74688.0,20.1,7.9,9.3,10.1,47.4
87995.0,19.5,6.5,8.0,8.9,42.9
180933.0,18.0,5.3,5.5,7.2,36.0
123924.0,22.1,6.9,6.1,8.5,43.6
96037.0,30.6,8.0,6.3,5.2,50.1
68887.0,19.8,7.5,9.4,9.8,46.5
84114.0,21.4,6.5,7.7,7.9,43.5
168558.0,19.1,6.3,6.1,5.6,37.1
89159.0,19.0,6.2,7.7,9.0,41.9
140722.0,20.5,6.4,5.8,8.1,40.8
147251.0,21.2,6.3,6.4,6.8,40.7
99380.0,18.9,6.5,7.9,8.4,41.7
75440.0,18.9,7.6,9.5,9.3,45.3
60178.0,24.0,7.6,9.3,10.9,51.8
87443.0,27.3,8.8,8.3,6.0,50.400000000000006
155395.0,23.7,5.9,5.1,3.2,37.900000000000006
74608.0,31.2,8.4,7.6,7.0,54.2
78182.0,19.2,10.0,7.0,8.0,44.2
126298.0,24.7,7.1,7.7,4.0,43.5
117672.0,24.0,7.5,6.5,8.8,46.8
111851.0,18.4,6.2,8.1,9.9,42.6
163215.0,19.4,5.7,5.8,7.0,37.9
67259.0,22.0,9.1,8.0,10.4,49.5
138169.0,23.4,6.1,5.1,6.4,41.0
116208.0,23.4,6.8,6.0,8.0,44.2
69941.0,21.1,7.3,9.1,9.3,46.8
162168.0,22.6,6.5,5.5,4.0,38.6
103845.0,16.3,6.1,8.5,6.6,37.5
132669.0,26.7,6.6,6.0,4.8,44.1
122261.0,23.2,7.0,6.1,8.8,45.1
153639.0,20.8,5.2,5.7,4.0,35.7
95513.0,24.2,3.1,4.0,6.8,38.1
141516.0,20.3,6.6,6.0,8.1,41.0
76811.0,20.0,7.8,9.2,9.9,46.9
89159.0,19.0,6.2,7.7,9.0,41.9
83040.0,20.4,5.8,8.7,9.1,44.0
163547.0,18.3,5.6,5.6,8.1,37.6
87077.0,17.9,6.7,9.5,8.8,42.89999999999999
93677.0,23.9,8.5,7.5,9.4,49.3
128265.0,18.0,5.7,7.5,8.3,39.5
171173.0,19.5,5.7,5.2,5.8,36.2
148992.0,25.8,5.4,4.7,5.1,41.00000000000001
76391.0,31.1,8.5,8.0,6.9,54.5
95513.0,24.2,3.1,4.0,6.8,38.1
103845.0,16.3,6.1,8.5,6.6,37.5
93031.0,29.1,8.6,7.1,6.7,51.50000000000001
111040.0,24.0,7.1,6.2,8.5,45.8
101932.0,18.7,6.4,8.1,9.1,42.3
161865.0,19.5,5.8,5.8,7.2,38.3
99906.0,18.1,6.4,7.7,7.6,39.8
128212.0,24.0,6.5,7.4,4.8,42.7
99337.0,16.8,6.0,7.7,8.2,38.7
55464.0,23.1,8.6,9.2,9.9,50.8
79040.0,18.8,6.4,8.5,8.0,41.7
131719.0,22.3,6.5,6.1,8.2,43.1
74294.0,28.4,9.0,7.1,10.5,55.0
104280.0,23.7,7.7,6.9,9.2,47.5
90171.0,31.0,6.9,5.8,6.9,50.6
110206.0,26.5,7.4,5.7,5.8,45.4
119058.0,16.6,5.8,7.4,7.3,37.1
177360.0,20.8,4.9,5.9,3.8,35.4
100550.0,17.5,6.0,7.9,8.2,39.6
166174.0,20.2,4.8,4.2,6.8,36.0
86159.0,20.9,5.4,8.6,9.2,44.1
53971.0,22.9,8.1,9.1,10.2,50.3
51884.0,22.6,8.8,10.3,10.5,52.2
86096.0,31.3,8.4,7.1,5.8,52.6
151644.0,18.4,8.3,6.4,8.3,41.400000000000006
158615.0,19.6,5.7,4.7,7.6,37.6
82213.0,26.6,8.7,7.8,9.9,52.99999999999999
65220.0,22.3,7.7,9.0,10.0,49.0
66141.0,21.8,7.2,8.2,9.9,47.1
82705.0,28.5,9.2,7.3,8.4,53.4
85277.0,25.5,8.4,7.5,10.6,52.0
94027.0,18.4,6.8,7.8,8.1,41.1
106938.0,17.5,5.5,7.0,7.6,37.6
164672.0,15.6,6.3,7.3,6.2,35.4
169998.0,21.4,6.6,5.3,3.4,36.7
108480.0,28.5,7.7,6.4,5.8,48.4
65660.0,22.1,7.2,8.2,10.2,47.7
90619.0,26.2,8.5,7.1,8.1,49.900000000000006
175529.0,21.4,5.8,5.4,4.1,36.7
170574.0,18.9,5.6,5.7,5.6,35.8
72792.0,20.4,7.2,9.0,8.5,45.1
159220.0,22.4,5.9,5.4,5.1,38.8
123271.0,25.9,6.5,6.7,4.7,43.8
93531.0,27.8,8.8,7.7,6.7,51.00000000000001
75096.0,24.6,10.7,7.8,8.5,51.6
137746.0,26.3,7.1,6.1,6.7,46.2
165880.0,19.6,5.6,5.3,6.1,36.6
53058.0,23.5,9.2,7.8,9.8,50.3
89635.0,26.0,8.3,8.2,10.1,52.6
133381.0,25.4,7.6,5.6,5.7,44.3
148205.0,23.4,7.5,6.7,9.3,46.900000000000006
97635.0,18.7,6.2,5.8,8.5,39.2
128581.0,22.8,7.1,6.0,7.7,43.6
121110.0,26.9,7.7,6.8,5.0,46.4
92890.0,25.2,8.2,7.5,9.7,50.6
116995.0,23.8,7.4,6.7,8.0,45.900000000000006
181610.0,22.0,6.3,5.3,4.1,37.7
99337.0,16.8,6.0,7.7,8.2,38.7
65711.0,22.6,8.4,10.2,9.8,51.0
183033.0,20.4,5.2,5.2,4.5,35.3
93375.0,18.4,6.0,3.9,9.5,37.8
52472.0,24.0,7.7,9.2,10.2,51.1
121747.0,23.3,6.3,6.0,8.2,43.8
126189.0,23.5,7.7,7.2,6.5,44.9
126178.0,26.6,6.6,6.0,5.3,44.5
124866.0,16.5,5.1,7.1,7.1,35.800000000000004
72792.0,20.4,7.2,9.0,8.5,45.1
91417.0,25.2,8.1,7.5,9.8,50.6
136175.0,23.4,6.4,5.9,8.6,44.3
120193.0,28.5,7.4,6.2,5.4,47.5
67963.0,22.5,7.8,9.8,10.2,50.3
118868.0,27.9,8.0,5.9,7.1,48.9
148888.0,25.4,6.9,5.5,4.9,42.7
105673.0,16.6,4.6,8.0,9.1,38.3
173575.0,18.9,5.6,5.7,6.3,36.5
151414.0,20.3,6.0,5.8,6.5,38.6
111928.0,18.5,7.1,6.4,9.2,41.2
97159.0,20.3,10.1,5.3,8.5,44.2
168878.0,21.7,5.0,4.8,6.7,38.2
93088.0,25.5,8.3,7.3,8.9,49.99999999999999
121708.0,24.8,7.0,5.9,9.4,47.1
92950.0,22.6,4.3,5.4,9.8,42.10000000000001
121938.0,26.5,7.2,4.7,6.6,45.00000000000001
95423.0,24.7,8.4,8.5,9.3,50.900000000000006
123227.0,22.5,7.3,6.4,7.7,43.900000000000006
131827.0,26.3,6.8,5.3,4.6,43.0
150243.0,17.5,8.5,5.8,9.3,41.1
165628.0,19.3,5.8,5.4,7.6,38.1
79715.0,19.8,6.7,7.9,8.7,43.1
92544.0,25.0,7.7,6.6,10.2,49.5
134726.0,22.3,7.3,6.4,8.2,44.2
82007.0,24.8,8.7,7.3,10.2,51.0
116825.0,23.7,6.9,6.3,7.9,44.8
83011.0,19.8,6.7,8.7,8.6,43.8
91069.0,18.3,6.4,7.8,8.0,40.5
98564.0,13.1,5.9,10.5,8.0,37.5
151053.0,21.8,6.2,5.9,8.0,41.9
169963.0,19.4,6.4,5.5,6.0,37.3
103928.0,20.9,7.1,8.3,9.0,45.3
119117.0,16.3,6.0,7.7,6.7,36.7
125335.0,14.6,5.0,8.7,7.3,35.6
75131.0,29.2,7.4,6.4,9.1,52.1
95661.0,28.4,8.8,7.5,6.6,51.3
91258.0,19.5,6.8,8.2,8.1,42.6
104820.0,17.5,6.1,7.2,8.6,39.4
95249.0,29.4,7.6,6.1,6.8,49.9
144684.0,24.5,7.4,5.8,4.1,41.8
64639.0,18.6,8.0,10.8,9.8,47.2
165614.0,18.7,5.1,5.7,6.1,35.599999999999994
108710.0,24.5,7.7,7.1,8.4,47.7
85478.0,29.8,8.3,7.3,6.9,52.3
70413.0,28.7,8.1,8.1,10.0,54.9
97283.0,24.6,7.9,6.8,8.9,48.2
91569.0,28.0,8.3,7.4,6.0,49.7
79550.0,23.4,8.0,9.0,10.5,50.9
74040.0,21.0,7.6,9.0,9.6,47.2
139112.0,22.0,7.5,6.7,4.2,40.400000000000006
93780.0,19.1,6.0,8.1,9.1,42.3
67271.0,27.7,9.4,8.1,9.3,54.5
109168.0,28.2,7.7,6.6,10.9,53.4
88431.0,29.7,8.2,7.2,7.1,52.2
61665.0,21.9,7.8,9.0,11.3,50.0
117005.0,16.4,5.5,7.6,8.2,37.7
141224.0,20.3,6.8,6.5,7.4,41.0
112605.0,17.7,5.3,9.0,7.4,39.4
95314.0,11.9,9.2,9.8,9.8,40.7
79921.0,22.0,7.9,8.3,9.8,48.0
115141.0,26.7,7.8,6.6,6.6,47.7
50727.0,23.1,7.9,9.1,10.4,50.5
130330.0,15.6,5.4,7.3,7.4,35.7
85718.0,27.2,8.5,7.5,10.1,53.3
68344.0,21.5,7.3,8.8,9.6,47.2
98267.0,23.9,7.7,7.3,9.1,48.0
106732.0,17.5,6.5,7.8,8.4,40.2
166174.0,20.2,4.8,4.2,6.8,36.0
184337.0,17.9,6.0,6.0,9.0,38.9
122624.0,21.8,7.1,6.8,7.4,43.1
90754.0,20.9,5.5,7.6,8.8,42.8
107616.0,24.2,7.4,7.0,8.7,47.3
119358.0,25.1,8.2,6.3,5.5,45.1
135324.0,24.6,7.1,6.3,4.5,42.5
199043.0,19.6,6.6,5.8,3.6,35.6
82786.0,25.3,9.6,8.0,10.1,53.0
90308.0,19.6,5.2,8.0,8.9,41.7
134061.0,23.8,6.2,5.3,7.8,43.1
81824.0,19.9,7.2,8.5,9.4,44.99999999999999
115141.0,26.7,7.8,6.6,6.6,47.7
120511.0,19.2,7.3,8.8,7.8,43.1
152322.0,25.0,1.0,4.3,7.8,38.1
79921.0,22.0,7.9,8.3,9.8,48.0
125967.0,21.3,7.4,6.7,10.0,45.400000000000006
134036.0,21.4,6.0,5.6,9.9,42.9
107632.0,25.7,8.0,6.9,6.3,46.9
150317.0,23.6,5.6,5.5,4.5,39.2
100550.0,17.5,6.0,7.9,8.2,39.6
175956.0,22.7,5.4,4.0,3.6,35.7
55330.0,25.2,7.0,8.2,9.2,49.60000000000001
123227.0,22.5,7.3,6.4,7.7,43.900000000000006
148269.0,22.9,6.9,6.3,4.3,40.39999999999999
54259.0,23.8,7.3,9.3,11.0,51.400000000000006
52274.0,23.2,8.4,10.0,10.4,52.0
89635.0,26.0,8.3,8.2,10.1,52.6
72080.0,28.0,8.6,7.5,10.4,54.5
101878.0,29.0,9.0,7.2,6.5,51.7
99393.0,29.3,8.5,6.9,6.9,51.6
112874.0,16.4,7.2,8.6,7.9,40.1
63152.0,20.7,8.6,9.7,10.7,49.7
136447.0,20.3,6.8,6.5,6.9,40.5
80034.0,28.1,8.3,6.5,9.9,52.8
133025.0,22.9,5.4,4.3,9.0,41.6
140872.0,22.9,7.3,7.3,8.1,45.6
112055.0,20.2,6.2,9.2,9.5,45.1
135671.0,23.6,6.6,6.5,4.9,41.6
110278.0,16.8,6.0,7.7,7.2,37.7
91656.0,18.9,7.2,8.0,8.6,42.7
82705.0,28.5,9.2,7.3,8.4,53.4
105894.0,23.7,7.4,6.7,9.0,46.8
123823.0,23.1,7.2,6.7,7.4,44.4
131527.0,22.2,6.3,6.1,7.3,41.9
97286.0,17.4,6.4,8.3,8.0,40.1
108157.0,25.1,7.5,7.7,7.5,47.8
62297.0,22.5,7.8,9.0,9.9,49.2
87333.0,18.9,7.1,8.7,9.5,44.2
154283.0,22.9,6.5,4.9,3.1,37.4
140722.0,20.5,6.4,5.8,8.1,40.8
76453.0,20.2,7.6,9.1,9.1,46.0
97286.0,17.4,6.4,8.3,8.0,40.1
54038.0,22.6,8.3,9.4,10.5,50.8
90453.0,25.4,8.0,7.5,9.1,50.0
51884.0,22.6,8.8,10.3,10.5,52.2
70969.0,27.5,9.1,7.9,10.3,54.8
82632.0,18.0,8.2,7.6,9.6,43.4
81455.0,23.6,5.9,9.1,5.8,44.4
87796.0,18.9,6.3,8.0,9.0,42.2
88608.0,26.2,6.0,7.7,9.9,49.8
92833.0,22.6,6.8,8.2,9.0,46.6
92800.0,25.2,8.1,7.3,10.0,50.6
145176.0,20.7,5.5,5.9,8.3,40.400000000000006
116903.0,26.4,5.8,5.3,8.5,45.99999999999999
112605.0,17.7,5.3,9.0,7.4,39.4
113031.0,27.2,7.3,6.3,5.9,46.7
148269.0,22.9,6.9,6.3,4.3,40.39999999999999
84992.0,25.0,8.5,7.5,10.3,51.3
86569.0,19.1,6.8,8.8,8.9,43.6
133084.0,24.0,6.4,5.5,7.4,43.3
158065.0,22.9,6.8,5.4,3.9,39.0
81622.0,19.9,7.1,8.5,9.3,44.8
157810.0,20.9,6.6,6.3,8.6,42.4
74176.0,29.9,9.5,8.1,7.5,55.0
170410.0,22.4,6.1,4.9,4.0,37.4
80949.0,26.6,7.8,8.4,10.6,53.4
138403.0,16.9,6.1,7.5,6.6,37.1
64101.0,21.3,7.4,9.2,9.2,47.10000000000001
116789.0,21.9,2.9,4.3,6.0,35.099999999999994
124412.0,24.8,7.3,5.2,9.0,46.3
104263.0,17.4,6.3,8.0,9.6,41.3
66715.0,22.3,7.0,9.6,10.0,48.9
64178.0,21.4,7.9,9.3,9.2,47.8
145367.0,22.4,6.6,5.6,8.8,43.400000000000006
136229.0,22.3,7.3,6.5,7.2,43.3
110337.0,23.6,8.6,7.5,6.0,45.7
88036.0,20.2,6.8,8.8,8.8,44.6
90571.0,25.2,8.1,7.2,10.0,50.5
142033.0,15.5,5.2,6.9,8.3,35.900000000000006
125013.0,16.6,4.6,6.9,7.5,35.6
59677.0,21.5,8.6,7.7,10.3,48.10000000000001
136121.0,22.3,4.1,4.0,9.0,39.4
92330.0,25.3,8.3,7.6,10.4,51.6
168987.0,21.4,6.0,5.4,3.7,36.5
74258.0,20.4,6.3,9.2,8.8,44.7
56371.0,22.5,8.1,9.2,9.5,49.3
75096.0,24.6,10.7,7.8,8.5,51.6
50076.0,24.8,7.3,10.8,10.8,53.7
109028.0,24.1,7.7,7.0,9.2,48.0
174452.0,22.5,5.9,5.3,4.2,37.9
80728.0,20.5,7.4,8.5,9.3,45.7
150276.0,24.8,7.1,5.6,4.9,42.4
126121.0,26.7,7.8,7.2,6.5,48.2
106472.0,17.2,5.9,8.0,8.3,39.400000000000006
168181.0,22.0,5.7,4.9,6.0,38.6
119109.0,16.2,5.5,7.1,7.7,36.5
115863.0,21.9,7.6,6.9,8.8,45.2
180530.0,21.7,6.2,5.5,3.9,37.3
161865.0,19.5,5.8,5.8,7.2,38.3
139796.0,24.2,7.3,5.8,3.8,41.1
143349.0,24.2,6.0,5.2,5.6,41.0
69941.0,21.1,7.3,9.1,9.3,46.8
104263.0,17.4,6.3,8.0,9.6,41.3
111028.0,16.2,6.0,7.8,8.1,38.1
73195.0,18.9,7.9,10.7,8.7,46.2
135512.0,23.2,7.5,6.1,5.0,41.8
80096.0,28.8,7.7,5.6,9.2,51.3
109379.0,30.9,7.1,6.2,6.4,50.6
91627.0,19.5,7.4,8.0,9.1,44.0
112682.0,19.1,5.5,4.9,8.5,38.0
85903.0,18.9,6.6,8.2,8.4,42.1
145571.0,18.1,6.1,6.4,6.6,37.2
76782.0,24.2,6.0,7.0,4.2,41.400000000000006
74058.0,28.0,8.3,6.5,9.9,52.7
127088.0,26.5,6.3,5.7,4.9,43.4
91560.0,25.3,8.2,6.9,9.6,50.0
86622.0,30.2,6.5,6.8,6.5,50.0
161771.0,19.0,5.5,5.4,8.2,38.1
120511.0,19.2,7.3,8.8,7.8,43.1
84956.0,29.0,8.7,7.2,5.6,50.50000000000001
185016.0,21.0,5.8,5.0,4.1,35.9
91656.0,18.9,7.2,8.0,8.6,42.7
157504.0,23.1,6.6,5.4,3.5,38.6
115395.0,21.7,7.3,6.4,8.9,44.3
129907.0,19.7,7.4,6.1,8.3,41.5
74959.0,20.6,6.6,7.1,9.8,44.10000000000001
154639.0,15.7,5.0,7.1,7.4,35.2
92833.0,22.6,6.8,8.2,9.0,46.6
74747.0,26.3,9.3,8.1,10.5,54.2
153379.0,20.4,5.7,5.8,6.8,38.7
97038.0,28.5,8.0,6.8,7.4,50.7
51511.0,23.2,8.1,9.4,10.0,50.7
90007.0,28.7,6.0,6.4,8.3,49.400000000000006
155095.0,22.5,6.4,5.7,5.2,39.8
59030.0,24.6,7.2,10.0,11.0,52.8
168041.0,23.1,6.7,5.8,4.9,40.5
117624.0,26.3,7.5,6.0,5.5,45.3
70746.0,21.8,8.6,8.9,10.8,50.1
165110.0,22.6,5.5,5.5,4.5,38.1
117453.0,18.6,5.0,7.2,7.7,38.5
106416.0,26.7,7.7,7.0,6.2,47.6
73305.0,27.9,8.6,7.7,10.7,54.900000000000006
70286.0,22.8,7.1,9.9,7.2,47.0
186255.0,25.1,5.2,5.2,5.2,40.7
88470.0,20.8,6.7,7.4,7.5,42.4
101893.0,19.2,6.6,7.6,9.1,42.5
157915.0,22.7,6.3,5.8,4.0,38.8
126848.0,25.8,7.3,6.8,5.7,45.6
160399.0,22.4,5.6,4.9,4.9,37.8
138867.0,24.2,6.8,6.5,5.1,42.6
98236.0,28.4,7.7,6.7,6.6,49.400000000000006
105432.0,25.8,7.9,7.2,8.8,49.7
147251.0,21.2,6.3,6.4,6.8,40.7
125400.0,25.2,8.0,6.8,6.5,46.5
123084.0,25.1,7.4,6.8,7.7,47.0
154536.0,24.5,7.2,6.4,4.7,42.8
159766.0,18.6,6.3,5.1,7.5,37.5
77724.0,26.7,8.8,7.6,10.7,53.8
137813.0,22.9,6.5,6.4,7.2,43.0
106752.0,24.3,7.5,6.5,9.0,47.3
125763.0,26.6,7.3,6.2,4.7,44.8
129947.0,16.3,9.8,9.8,9.5,45.400000000000006
139033.0,20.0,5.2,5.7,7.3,38.2
131693.0,14.5,5.7,7.8,8.3,36.3
153119.0,23.8,6.4,4.9,5.2,40.3
120697.0,23.5,7.6,6.3,8.3,45.7
117780.0,23.0,7.1,6.1,8.5,44.7
129664.0,22.4,6.1,6.8,9.1,44.4
148115.0,21.9,7.2,6.5,8.2,43.8
116565.0,26.8,6.9,6.1,5.9,45.7
144287.0,23.1,6.2,5.5,4.7,39.5
133025.0,22.9,5.4,4.3,9.0,41.6
79469.0,27.0,8.5,7.6,10.4,53.5
105200.0,24.1,7.5,6.6,9.2,47.400000000000006
92330.0,25.3,8.3,7.6,10.4,51.6
162584.0,21.7,6.4,5.2,4.6,37.900000000000006
161771.0,19.0,5.5,5.4,8.2,38.1
99539.0,27.4,8.1,7.0,6.0,48.5
179290.0,20.6,5.0,6.3,4.7,36.6
149371.0,23.5,6.3,5.7,4.6,40.1
107520.0,15.8,6.4,7.0,9.3,38.5
80505.0,30.5,8.5,6.9,7.8,53.7
133381.0,25.4,7.6,5.6,5.7,44.3
146817.0,21.8,6.4,6.1,7.0,41.3
96136.0,27.4,9.9,7.3,9.3,53.89999999999999
56867.0,22.5,7.8,9.5,10.1,49.9
172782.0,19.0,5.4,6.0,5.0,35.4
116789.0,21.9,2.9,4.3,6.0,35.099999999999994
103472.0,17.8,5.9,7.8,8.2,39.7
115672.0,25.5,8.0,6.7,5.4,45.6
175913.0,20.3,5.6,5.2,4.3,35.4
102925.0,21.2,8.5,7.9,10.8,48.400000000000006
95032.0,25.4,8.4,7.5,8.6,49.9
87035.0,19.3,6.7,9.2,8.5,43.7
83597.0,20.8,7.0,9.0,8.6,45.4
162397.0,17.8,8.5,10.5,2.0,38.8
178511.0,20.5,6.5,5.2,4.2,36.400000000000006
103268.0,24.1,7.7,7.6,8.9,48.3
105200.0,24.1,7.5,6.6,9.2,47.400000000000006
104529.0,19.2,5.6,8.2,8.0,41.0
59234.0,24.9,7.8,9.7,11.1,53.49999999999999
101874.0,24.9,7.9,6.0,10.5,49.3
103610.0,23.8,7.3,6.2,9.3,46.60000000000001
159750.0,23.2,6.1,5.2,2.5,37.0
149034.0,23.6,6.9,5.9,5.0,41.4
102507.0,18.4,6.2,4.5,7.2,36.3
107139.0,25.4,7.4,5.3,11.2,49.3
147688.0,20.4,6.7,6.3,7.8,41.2
165419.0,20.3,5.5,5.0,7.5,38.3
145140.0,20.2,5.5,4.7,5.9,36.3
61004.0,22.2,7.4,9.1,9.8,48.5
77372.0,28.8,8.5,9.3,5.1,51.7
135550.0,21.5,6.6,6.1,7.2,41.400000000000006
76870.0,21.0,7.6,8.2,9.1,45.9
100793.0,26.0,7.8,7.4,5.5,46.7
84956.0,29.0,8.7,7.2,5.6,50.50000000000001
138666.0,24.8,7.4,6.5,4.6,43.3
131103.0,22.8,4.3,6.8,4.5,38.4
57953.0,22.6,7.7,9.5,10.2,50.0
93770.0,26.4,8.6,7.1,10.4,52.5
125400.0,25.2,8.0,6.8,6.5,46.5
172260.0,23.5,6.9,4.4,2.6,37.4
108952.0,21.7,8.9,6.4,9.8,46.8
87123.0,32.2,8.2,5.7,8.1,54.20000000000001
122640.0,16.3,5.2,7.4,7.6,36.5
52062.0,23.4,8.2,9.3,10.9,51.8
120995.0,26.2,7.2,6.1,5.7,45.2
159567.0,20.0,6.1,5.8,5.9,37.8
108338.0,26.3,6.0,7.3,6.1,45.7
149034.0,23.6,6.9,5.9,5.0,41.4
126848.0,25.8,7.3,6.8,5.7,45.6
162507.0,23.3,5.8,4.9,4.5,38.5
62651.0,21.2,7.5,8.9,8.4,46.0
58922.0,22.3,7.8,9.6,9.7,49.400000000000006
77950.0,27.4,8.7,7.8,10.3,54.19999999999999
93183.0,26.9,8.0,7.3,10.0,52.2
130451.0,21.3,6.9,6.5,8.5,43.2
99244.0,29.7,8.3,6.6,6.0,50.6
94287.0,27.9,6.2,6.3,7.6,48.0
170323.0,20.8,6.5,5.8,3.6,36.7
79921.0,22.0,7.9,8.3,9.8,48.0
106855.0,24.1,7.4,5.8,10.8,48.1
137546.0,22.3,7.5,5.0,9.5,44.3
121612.0,22.5,6.9,6.0,9.0,44.4
107438.0,25.0,8.1,6.8,8.1,48.0
97689.0,25.5,7.0,6.8,9.8,49.1
169979.0,22.6,6.6,5.1,4.2,38.50000000000001
60727.0,21.2,6.0,9.5,7.2,43.900000000000006
82213.0,26.6,8.7,7.8,9.9,52.99999999999999
122530.0,18.5,6.4,7.5,7.7,40.1
118930.0,22.3,8.2,6.4,10.3,47.2
88797.0,28.8,8.5,7.4,6.4,51.1
81885.0,26.4,8.5,7.6,10.2,52.7
74688.0,20.1,7.9,9.3,10.1,47.4
184253.0,24.4,3.8,5.1,7.3,40.6
107632.0,25.7,8.0,6.9,6.3,46.9
74459.0,28.5,8.5,7.5,9.6,54.1
108227.0,24.5,8.8,5.5,8.3,47.1
74601.0,27.5,9.0,7.9,10.5,54.9
121276.0,23.8,6.9,6.5,8.0,45.2
109784.0,20.4,3.4,6.0,6.0,35.8
94000.0,22.0,6.7,8.9,9.5,47.1
165880.0,19.6,5.6,5.3,6.1,36.6
106502.0,20.2,6.1,4.0,7.0,37.3
82341.0,19.5,6.8,9.1,8.3,43.7
118157.0,27.3,7.1,6.7,5.9,47.0
98267.0,29.2,8.0,5.8,4.3,47.3
108710.0,24.5,7.7,7.1,8.4,47.7
128090.0,25.6,7.3,5.8,5.0,43.7
73251.0,28.8,9.6,5.4,10.3,54.1
119274.0,22.4,6.8,6.5,8.5,44.2
120488.0,17.4,5.3,7.5,7.1,37.3
81182.0,24.4,6.2,5.8,8.1,44.5
147491.0,21.2,5.8,5.8,6.6,39.4
82624.0,29.3,9.1,7.5,8.1,54.0
186427.0,19.8,4.1,5.1,6.4,35.4
127503.0,25.9,6.9,5.8,5.4,43.99999999999999
111151.0,23.0,7.7,6.2,8.4,45.3
86946.0,30.1,8.0,7.6,8.0,53.7
96464.0,19.8,6.9,7.9,9.3,43.900000000000006
157959.0,19.7,6.0,5.4,7.4,38.5
134726.0,22.3,7.3,6.4,8.2,44.2
145896.0,21.7,6.1,5.1,6.5,39.4
135346.0,15.6,6.1,7.8,8.6,38.1
152051.0,16.6,5.8,6.3,7.1,35.800000000000004
94439.0,27.0,7.7,6.1,8.8,49.60000000000001
145011.0,24.4,4.1,6.2,3.4,38.1
161248.0,22.6,3.8,5.1,7.8,39.3
95032.0,18.3,6.5,8.2,8.2,41.2
112595.0,22.8,7.4,6.1,9.3,45.60000000000001
159527.0,24.4,6.9,6.3,4.2,41.8
133930.0,21.9,7.0,6.7,6.9,42.5
181865.0,20.7,6.5,5.8,3.1,36.1
170444.0,22.3,5.5,4.2,3.9,35.9
80981.0,27.0,8.0,7.9,10.1,53.0
59350.0,23.5,8.6,8.9,11.1,52.1
100084.0,24.9,8.1,8.4,7.5,48.9
58558.0,22.7,7.9,9.7,10.4,50.7
125335.0,14.6,5.0,8.7,7.3,35.6
99814.0,17.8,6.3,8.1,7.9,40.1
56143.0,22.0,7.9,10.6,10.0,50.5
98003.0,29.2,7.7,6.7,6.6,50.2
156295.0,21.8,6.6,5.8,3.7,37.9
128265.0,18.0,5.7,7.5,8.3,39.5
163530.0,21.2,6.1,5.3,4.2,36.8
163544.0,19.9,4.2,5.0,7.0,36.1
89660.0,24.7,9.0,7.7,8.7,50.10000000000001
149034.0,23.6,6.9,5.9,5.0,41.4
93597.0,24.7,8.0,7.2,9.2,49.10000000000001
65711.0,22.6,8.4,10.2,9.8,51.0
70893.0,27.9,8.8,7.6,10.3,54.60000000000001
189225.0,19.2,5.9,6.2,6.9,38.2
93770.0,26.4,8.6,7.1,10.4,52.5
110386.0,18.8,5.2,7.3,8.3,39.6
117808.0,18.1,6.0,6.4,7.9,38.4
99865.0,24.4,7.9,7.2,9.1,48.6
165980.0,19.7,5.6,5.7,7.4,38.4
123098.0,15.8,5.3,8.8,7.7,37.6
128708.0,25.4,7.1,5.8,8.9,47.2
82875.0,25.2,7.8,9.5,11.4,53.9
70078.0,24.1,7.9,6.8,9.1,47.9
67324.0,21.3,7.5,9.0,9.9,47.7
128652.0,26.0,7.2,6.1,7.3,46.6
65314.0,21.8,7.8,9.1,9.4,48.1
85869.0,29.1,7.8,7.0,7.4,51.3
74813.0,20.8,7.7,9.0,10.4,47.9
102610.0,27.6,8.0,6.8,7.5,49.9
90954.0,28.6,8.4,7.7,7.5,52.2
140415.0,14.8,5.5,6.3,9.3,35.900000000000006
94050.0,27.4,9.4,7.9,7.4,52.1
63097.0,22.7,7.9,8.4,10.0,49.0
173721.0,19.3,5.2,5.1,6.6,36.2
132624.0,15.3,5.3,7.5,7.4,35.5
79952.0,19.8,7.0,8.5,9.6,44.9
100605.0,25.9,7.2,6.3,8.5,47.9
157959.0,19.7,6.0,5.4,7.4,38.5
121415.0,24.3,6.5,6.9,6.6,44.3
52274.0,23.2,8.4,10.0,10.4,52.0
111170.0,23.6,6.6,5.8,8.1,44.1
158286.0,22.3,7.1,6.6,2.2,38.2
135612.0,24.9,7.3,7.0,3.7,42.9
120511.0,19.2,7.3,8.8,7.8,43.1
107632.0,25.7,8.0,6.9,6.3,46.9
194902.0,18.5,4.7,5.4,7.5,36.1
142759.0,22.1,5.9,5.3,4.3,37.6
68054.0,26.6,8.7,7.2,11.3,53.8
117230.0,15.8,5.9,8.0,7.8,37.5
123557.0,15.2,5.3,8.2,7.8,36.5
148311.0,18.3,7.4,6.2,7.8,39.7
157016.0,23.0,6.7,5.2,4.0,38.9
64178.0,21.4,7.9,9.3,9.2,47.8
158521.0,20.0,6.0,6.1,7.1,39.2
92134.0,23.6,7.1,7.5,10.5,48.7
62994.0,23.2,8.1,9.3,9.8,50.39999999999999
97286.0,17.4,6.4,8.3,8.0,40.1
109328.0,17.2,6.1,8.2,7.5,39.0
127138.0,22.1,7.0,6.5,8.6,44.2
129538.0,21.0,7.0,6.5,7.8,42.3
118537.0,17.0,6.1,7.0,7.8,37.9
87994.0,29.9,8.1,6.9,6.7,51.6
94235.0,19.7,6.8,8.0,9.2,43.7
120596.0,16.6,5.4,7.9,6.8,36.7
92568.0,28.8,8.3,7.6,6.7,51.400000000000006
162279.0,22.9,5.8,5.9,2.4,37.0
147439.0,23.4,2.9,6.4,6.1,38.8
124738.0,18.4,5.3,6.5,7.1,37.3
104820.0,17.5,6.1,7.2,8.6,39.4
103406.0,25.1,6.8,5.9,9.4,47.2
75131.0,29.2,7.4,6.4,9.1,52.1
127811.0,22.7,6.8,6.5,7.9,43.9
51175.0,24.7,7.6,10.3,9.8,52.39999999999999
84967.0,19.2,6.7,8.6,8.2,42.7
164386.0,19.4,6.0,5.0,8.5,38.9
152434.0,23.3,6.1,4.6,4.3,38.3
121096.0,24.6,7.7,5.5,6.8,44.6
184343.0,20.9,6.8,6.2,4.9,38.8
184183.0,18.9,5.8,6.2,8.2,39.1
150276.0,24.8,7.1,5.6,4.9,42.4
83753.0,26.7,7.9,7.1,9.4,51.1
114027.0,27.1,7.1,6.3,6.4,46.9
83942.0,29.9,8.5,7.6,7.3,53.3
149371.0,23.5,6.3,5.7,4.6,40.1
118665.0,23.8,6.9,6.4,6.6,43.7
57114.0,24.7,8.2,9.3,10.2,52.400000000000006
169444.0,21.7,6.3,5.4,3.2,36.6
177913.0,20.4,5.5,5.5,6.3,37.7
76169.0,21.3,7.3,8.1,8.7,45.400000000000006
107116.0,24.0,6.7,6.9,6.7,44.3
114414.0,17.1,5.3,7.9,7.3,37.6
178511.0,20.5,6.5,5.2,4.2,36.400000000000006
90743.0,30.1,7.9,7.0,7.2,52.2
129947.0,16.3,9.8,9.8,9.5,45.400000000000006
112014.0,16.8,5.0,6.6,7.0,35.4
76264.0,20.6,7.3,8.9,9.8,46.60000000000001
109352.0,29.6,7.2,5.9,5.6,48.3
78715.0,20.6,5.2,7.8,8.4,42.0
79870.0,27.5,7.2,7.6,10.7,53.0
194882.0,21.1,6.3,5.3,2.8,35.5
80949.0,26.6,7.8,8.4,10.6,53.4
56371.0,22.5,8.1,9.2,9.5,49.3
168383.0,19.6,5.0,5.3,8.4,38.3
126739.0,27.3,7.2,6.4,6.7,47.6
182691.0,25.0,5.6,6.1,7.3,44.0
80614.0,27.2,8.5,7.4,10.3,53.400000000000006
99539.0,27.4,8.1,7.0,6.0,48.5
178461.0,20.5,6.4,5.7,3.6,36.2
98127.0,17.7,6.1,7.4,8.5,39.7
150673.0,24.3,6.5,5.6,3.9,40.3
92592.0,17.5,6.0,6.5,6.2,36.2
100374.0,17.5,6.2,7.5,8.6,39.8
85500.0,26.0,7.9,6.8,9.6,50.3
93780.0,19.1,6.0,8.1,9.1,42.3
109831.0,19.1,5.2,7.0,8.0,39.3
100747.0,18.4,6.8,7.8,11.6,44.6
117688.0,23.4,7.3,6.1,8.7,45.5
150192.0,23.4,6.0,5.7,5.4,40.5
170574.0,18.9,5.6,5.7,5.6,35.8
93525.0,25.0,8.7,6.6,11.1,51.400000000000006
89159.0,19.0,6.2,7.7,9.0,41.9
158560.0,19.8,5.4,5.1,8.2,38.5
118665.0,23.8,6.9,6.4,6.6,43.7
92480.0,18.1,6.5,8.2,7.7,40.5
78002.0,30.9,9.9,6.5,6.6,53.9
180760.0,18.9,5.3,5.1,6.6,35.9
157810.0,20.9,6.6,6.3,8.6,42.4
100965.0,25.6,7.8,7.0,8.3,48.7
183402.0,22.5,6.3,5.1,3.1,37.0
95530.0,28.4,7.7,7.4,6.1,49.6
62994.0,23.2,8.1,9.3,9.8,50.39999999999999
100037.0,27.3,7.9,7.5,6.8,49.5
125900.0,21.9,7.7,7.6,8.1,45.3
88036.0,20.2,6.8,8.8,8.8,44.6
122849.0,27.1,7.6,6.0,5.2,45.900000000000006
99844.0,19.2,6.1,7.9,9.0,42.2
161914.0,21.3,6.3,5.0,4.6,37.2
122402.0,26.0,6.5,6.0,6.0,44.5
132750.0,24.4,6.9,6.5,6.8,44.6
98712.0,18.2,6.2,7.8,8.6,40.8
168619.0,21.0,5.3,4.8,7.2,38.3
89199.0,19.3,6.2,7.6,8.1,41.2
127807.0,21.6,6.9,7.0,9.0,44.5
169115.0,21.2,6.7,5.8,2.4,36.1
80728.0,20.5,7.4,8.5,9.3,45.7
152508.0,23.1,7.7,4.5,2.9,38.2
168702.0,14.3,4.5,6.8,11.5,37.1
96496.0,18.5,7.4,9.6,8.8,44.3
147615.0,21.5,6.9,6.2,8.2,42.8
93449.0,18.4,6.0,7.8,8.8,41.0
145938.0,33.6,6.1,2.6,6.0,48.3
117806.0,23.1,7.4,6.3,8.2,45.0
54591.0,24.3,8.2,7.6,10.6,50.7
164672.0,15.6,6.3,7.3,6.2,35.4
81935.0,20.9,8.3,9.2,11.8,50.2
67749.0,27.3,8.8,7.7,10.7,54.5
100033.0,26.3,8.4,6.7,8.7,50.10000000000001
99191.0,28.1,8.4,6.6,5.4,48.5
87994.0,29.9,8.1,6.9,6.7,51.6
83501.0,19.4,6.9,9.5,9.7,45.5
147456.0,24.2,7.1,5.5,5.5,42.3
88858.0,30.5,8.3,6.9,6.0,51.7
163140.0,18.8,4.3,5.4,6.5,35.0
125509.0,16.4,5.5,6.5,7.3,35.7
128232.0,22.1,7.1,6.0,7.9,43.1
54185.0,22.0,9.1,8.6,10.4,50.1
80949.0,26.6,7.8,8.4,10.6,53.4
112252.0,24.5,6.9,6.3,7.9,45.6
169899.0,21.2,6.7,6.0,6.6,40.5
130803.0,21.3,6.7,7.3,7.8,43.1
186255.0,25.1,5.2,5.2,5.2,40.7
91258.0,19.5,6.8,8.2,8.1,42.6
89412.0,31.0,8.0,6.1,7.7,52.8
54038.0,22.6,8.3,9.4,10.5,50.8
188553.0,19.6,4.9,5.0,7.5,37.0
192599.0,21.5,5.0,5.1,3.8,35.4
158286.0,22.3,7.1,6.6,2.2,38.2
80021.0,26.0,8.9,7.6,9.8,52.3
143176.0,23.1,6.4,3.9,4.5,37.9
80758.0,27.8,8.3,7.3,10.0,53.4
115725.0,31.1,6.7,6.2,5.0,49.00000000000001
133219.0,19.6,6.8,5.8,6.0,38.2
176232.0,18.4,4.8,5.7,7.1,36.0
119711.0,18.6,5.9,5.8,6.6,36.9
81169.0,22.4,6.3,8.0,7.9,44.6
68051.0,26.5,8.5,7.8,10.9,53.7
190580.0,18.9,5.6,6.1,5.1,35.7
88470.0,20.8,6.7,7.4,7.5,42.4
115970.0,22.5,6.8,7.1,6.1,42.5
137813.0,22.9,6.5,6.4,7.2,43.0
104755.0,23.9,8.0,7.8,9.7,49.39999999999999
68683.0,28.6,8.4,7.8,10.2,55.0
182331.0,20.7,4.5,7.6,4.3,37.1
77794.0,21.0,7.0,6.5,9.5,44.0
52421.0,22.4,8.3,9.6,9.4,49.7
97286.0,17.4,6.4,8.3,8.0,40.1
168224.0,22.5,6.1,5.0,4.4,38.0
77471.0,31.8,7.7,8.1,6.7,54.3
125964.0,22.1,6.6,6.3,8.4,43.4
117149.0,17.0,5.8,7.4,7.8,38.0
103472.0,17.8,5.9,7.8,8.2,39.7
93707.0,25.7,8.3,7.4,10.0,51.4
190625.0,20.2,6.0,5.4,4.5,36.1
169998.0,21.4,6.6,5.3,3.4,36.7
83665.0,30.3,7.2,7.7,6.6,51.8
82876.0,20.4,6.3,8.6,9.6,44.9
150673.0,24.3,6.5,5.6,3.9,40.3
88097.0,20.2,6.5,8.3,7.6,42.6
121803.0,22.9,6.7,6.2,8.3,44.1
162507.0,23.3,5.8,4.9,4.5,38.5
90909.0,18.4,6.8,10.2,9.7,45.1
118604.0,23.3,6.9,5.9,8.8,44.900000000000006
169979.0,22.6,6.6,5.1,4.2,38.50000000000001
62437.0,21.7,8.4,9.4,9.8,49.3
83501.0,19.4,6.9,9.5,9.7,45.5
138140.0,22.7,7.6,6.0,9.8,46.1
60178.0,24.0,7.6,9.3,10.9,51.8
169859.0,18.8,5.6,6.0,5.8,36.2
130514.0,22.0,6.9,6.4,7.1,42.4
87439.0,24.7,9.5,8.0,10.4,52.6
87617.0,32.4,7.3,6.0,5.8,51.49999999999999
124088.0,24.9,7.4,3.9,8.1,44.3
133070.0,15.6,5.4,7.4,6.9,35.3
89412.0,31.0,8.0,6.1,7.7,52.8
77389.0,34.1,5.3,4.2,8.6,52.2
125084.0,16.3,5.1,7.1,6.8,35.3
74762.0,20.3,7.3,8.6,9.6,45.8
147491.0,21.2,5.8,5.8,6.6,39.4
67749.0,27.3,8.8,7.7,10.7,54.5
107925.0,29.8,6.0,3.1,9.3,48.2
90718.0,19.4,6.7,8.0,8.2,42.3
87035.0,19.3,6.7,9.2,8.5,43.7
59350.0,23.5,8.6,8.9,11.1,52.1
72151.0,20.3,7.4,10.0,10.0,47.7
78195.0,21.8,8.0,9.2,9.9,48.9
161803.0,23.8,6.9,4.1,2.8,37.6
81154.0,19.2,7.2,7.1,8.6,42.1
111637.0,27.1,6.8,6.0,7.8,47.7
109831.0,19.1,5.2,7.0,8.0,39.3
122297.0,22.2,7.3,6.7,8.3,44.5
121480.0,19.4,5.8,6.9,9.2,41.3
106938.0,17.5,5.5,7.0,7.6,37.6
99844.0,19.2,6.1,7.9,9.0,42.2
73496.0,21.7,6.9,8.6,8.7,45.900000000000006
102306.0,29.2,8.1,6.5,6.3,50.1
180530.0,21.7,6.2,5.5,3.9,37.3
51511.0,23.2,8.1,9.4,10.0,50.7
108709.0,28.9,6.5,6.7,5.8,47.9
137664.0,22.6,5.5,4.1,8.3,40.5
66898.0,21.0,7.2,9.4,9.8,47.400000000000006
116903.0,26.4,5.8,5.3,8.5,45.99999999999999
162168.0,22.6,6.5,5.5,4.0,38.6
67963.0,22.5,7.8,9.8,10.2,50.3
155166.0,20.8,6.2,6.0,7.3,40.3
110403.0,27.8,7.7,6.4,5.9,47.8
81768.0,29.0,9.8,8.2,7.9,54.9
50895.0,23.5,7.8,9.5,9.9,50.7
112279.0,25.7,7.9,6.9,6.1,46.6
114367.0,26.7,6.9,6.1,5.7,45.400000000000006
163486.0,21.9,6.3,6.0,4.7,38.900000000000006
128090.0,25.6,7.3,5.8,5.0,43.7
68439.0,22.6,7.0,8.9,10.4,48.9
164672.0,15.6,6.3,7.3,6.2,35.4
172712.0,20.5,5.2,4.4,7.3,37.4
141300.0,24.5,5.6,6.1,6.3,42.5
95418.0,21.4,9.2,6.5,11.2,48.3
108934.0,28.5,7.7,6.8,5.4,48.4
166272.0,23.8,5.7,5.2,5.1,39.8
94050.0,27.4,9.4,7.9,7.4,52.1
75601.0,26.7,8.2,7.6,9.8,52.3
118665.0,23.8,6.9,6.4,6.6,43.7
108605.0,18.9,6.1,7.8,8.8,41.6
51245.0,23.8,7.6,9.5,10.1,51.0
64597.0,22.3,8.0,9.2,9.5,49.0
87061.0,29.8,8.3,6.8,7.5,52.4
87730.0,24.7,7.0,9.0,10.7,51.400000000000006
135612.0,24.9,7.3,7.0,3.7,42.9
129907.0,19.7,7.4,6.1,8.3,41.5
169667.0,20.8,4.7,5.0,5.3,35.8
79109.0,19.6,7.1,8.4,9.3,44.400000000000006
78182.0,19.2,10.0,7.0,8.0,44.2
122835.0,27.2,7.3,6.2,4.1,44.8
56143.0,22.0,7.9,10.6,10.0,50.5
76908.0,20.2,6.9,8.4,9.0,44.5
97159.0,20.3,10.1,5.3,8.5,44.2
169959.0,21.3,5.9,4.9,3.2,35.300000000000004
171173.0,19.5,5.7,5.2,5.8,36.2
186255.0,25.1,5.2,5.2,5.2,40.7
115970.0,22.5,6.8,7.1,6.1,42.5
134434.0,22.8,6.7,5.3,8.6,43.4
78609.0,18.5,6.5,10.5,11.5,47.0
120432.0,25.9,7.7,6.7,5.7,46.00000000000001
87273.0,31.4,8.5,5.9,5.3,51.1
165262.0,18.5,5.3,5.8,5.6,35.2
78957.0,19.6,6.8,9.0,8.4,43.8
102868.0,17.7,6.2,9.0,7.4,40.3
107777.0,26.5,7.5,7.1,7.0,48.1
107356.0,17.5,6.1,8.0,8.3,39.900000000000006
101684.0,29.3,8.0,7.0,6.4,50.7
90955.0,19.7,6.2,7.5,8.6,42.0
110906.0,27.4,7.0,6.9,5.7,47.0
144675.0,21.8,6.7,6.1,9.2,43.8
110814.0,26.6,7.7,6.2,5.7,46.20000000000001
52421.0,22.4,8.3,9.6,9.4,49.7
142187.0,16.5,5.2,6.2,7.6,35.5
100605.0,25.9,7.2,6.3,8.5,47.9
55288.0,22.4,7.9,9.5,9.9,49.7
98456.0,19.0,5.6,7.0,7.8,39.4
156084.0,19.4,6.0,6.1,6.7,38.2
70499.0,27.7,8.7,8.2,10.1,54.7
94841.0,17.6,6.5,8.7,8.0,40.8
79230.0,27.0,8.3,7.4,9.7,52.39999999999999
122318.0,16.5,5.7,7.7,7.6,37.5
119923.0,24.2,7.3,6.6,5.7,43.8
130158.0,25.6,6.3,6.4,4.8,43.1
105407.0,16.7,6.1,7.1,8.3,38.2
148165.0,22.6,6.4,5.8,5.3,40.1
172557.0,23.1,6.0,5.5,4.0,38.6
109468.0,22.3,7.9,6.9,9.1,46.2
80893.0,21.1,6.9,8.0,8.7,44.7
80893.0,21.1,6.9,8.0,8.7,44.7
71632.0,28.4,8.5,6.7,10.6,54.2
65582.0,21.6,7.0,10.0,9.6,48.2
63811.0,22.0,7.5,8.6,9.7,47.8
140232.0,24.6,6.9,5.6,6.0,43.1
136786.0,24.2,6.9,5.7,5.4,42.2
85391.0,25.1,7.9,6.8,10.0,49.8
120472.0,15.9,5.6,7.4,8.4,37.3
172712.0,20.5,5.2,4.4,7.3,37.4
172676.0,22.4,5.5,5.1,3.9,36.9
147922.0,20.6,6.1,5.4,6.8,38.9
135324.0,24.6,7.1,6.3,4.5,42.5
139404.0,16.3,4.6,6.8,7.4,35.1
169963.0,19.4,6.4,5.5,6.0,37.3
125900.0,21.9,7.7,7.6,8.1,45.3
120472.0,15.9,5.6,7.4,8.4,37.3
185089.0,20.1,4.8,5.4,8.0,38.3
86011.0,29.7,8.3,7.7,6.9,52.6
101695.0,28.5,8.8,7.1,6.4,50.8
88831.0,33.2,7.9,6.4,7.0,54.5
136786.0,24.2,6.9,5.7,5.4,42.2
166500.0,20.3,6.5,5.6,7.5,39.9
146786.0,23.4,7.1,5.4,5.0,40.9
84524.0,19.0,6.6,8.7,8.9,43.2
194882.0,21.1,6.3,5.3,2.8,35.5
146874.0,23.9,6.7,5.7,5.4,41.7
146685.0,23.2,6.3,5.6,5.4,40.5
111489.0,23.3,7.5,7.6,7.2,45.6
91186.0,29.5,8.2,7.7,6.0,51.400000000000006
144167.0,21.7,6.4,6.1,8.3,42.5
151657.0,19.9,6.3,6.3,6.4,38.9
135346.0,15.6,6.1,7.8,8.6,38.1
81824.0,19.9,7.2,8.5,9.4,44.99999999999999
178392.0,20.0,6.6,6.5,4.0,37.1
159529.0,24.5,7.2,6.0,3.8,41.5
139033.0,20.0,5.2,5.7,7.3,38.2
92216.0,20.5,6.4,8.8,8.3,44.0
85963.0,28.3,8.1,7.5,6.8,50.7
81768.0,29.0,9.8,8.2,7.9,54.9
107087.0,18.2,7.1,8.1,9.8,43.2
91332.0,28.3,8.8,7.3,6.1,50.5
89159.0,19.0,6.2,7.7,9.0,41.9
165831.0,20.0,5.6,5.4,7.2,38.2
86759.0,18.6,7.0,8.5,8.6,42.7
133406.0,22.0,6.1,6.0,8.1,42.2
158974.0,20.3,6.0,5.8,5.8,37.9
126823.0,22.4,6.6,6.1,8.5,43.6
86875.0,20.9,7.6,5.9,11.3,45.7
79216.0,30.1,8.9,7.7,7.9,54.6
175657.0,17.8,6.8,5.8,8.0,38.400000000000006
124251.0,26.1,7.9,7.0,5.5,46.5
95008.0,19.1,6.3,7.7,9.0,42.1
103397.0,17.9,6.6,7.9,8.4,40.8
119966.0,17.4,6.1,8.1,7.9,39.5
81154.0,19.2,7.2,7.1,8.6,42.1
100037.0,27.3,7.9,7.5,6.8,49.5
125967.0,21.3,7.4,6.7,10.0,45.400000000000006
106313.0,17.9,5.9,7.6,7.5,38.9
133656.0,25.7,7.7,6.3,4.6,44.3
180760.0,18.9,5.3,5.1,6.6,35.9
112682.0,19.1,5.5,4.9,8.5,38.0
180760.0,18.9,5.3,5.1,6.6,35.9
165880.0,19.6,5.6,5.3,6.1,36.6
189934.0,19.1,6.0,4.0,6.4,35.5
65722.0,19.8,8.4,9.0,10.4,47.6
110206.0,26.5,7.4,5.7,5.8,45.4
50707.0,24.5,8.6,8.4,10.3,51.8
74288.0,21.9,6.9,9.0,8.4,46.2
72027.0,27.3,8.7,8.1,10.8,54.900000000000006
147202.0,21.3,6.1,5.7,7.5,40.6
101932.0,18.7,6.4,8.1,9.1,42.3
142953.0,21.4,6.1,5.9,6.5,39.9
100389.0,17.5,5.8,7.6,7.7,38.6
81824.0,19.9,7.2,8.5,9.4,44.99999999999999
171639.0,22.1,5.3,4.9,4.1,36.400000000000006
128652.0,26.0,7.2,6.1,7.3,46.6
82875.0,25.2,7.8,9.5,11.4,53.9
94755.0,17.6,6.1,8.5,9.1,41.3
124816.0,23.9,9.0,6.1,6.5,45.5
85603.0,27.1,8.5,7.2,8.6,51.400000000000006
104820.0,17.5,6.1,7.2,8.6,39.4
150377.0,20.1,6.3,6.3,6.4,39.1
174317.0,16.1,4.5,5.4,9.4,35.4
80956.0,28.5,7.2,8.4,8.1,52.2
171173.0,19.5,5.7,5.2,5.8,36.2
183768.0,18.0,6.3,5.7,5.3,35.3
110278.0,16.8,6.0,7.7,7.2,37.7
169859.0,18.8,5.6,6.0,5.8,36.2
145176.0,20.7,5.5,5.9,8.3,40.400000000000006
148165.0,22.6,6.4,5.8,5.3,40.1
111380.0,14.2,8.0,8.2,8.2,38.6
85972.0,17.4,6.0,9.6,8.1,41.1
50059.0,24.2,7.6,9.1,9.9,50.8
169899.0,20.9,6.5,5.7,4.0,37.1
157534.0,16.8,5.4,6.9,7.6,36.7
169444.0,21.7,6.3,5.4,3.2,36.6
128055.0,26.0,7.2,6.4,5.7,45.3
82179.0,19.5,7.6,8.4,9.3,44.8
156464.0,19.8,6.2,5.6,8.6,40.2
70895.0,32.0,8.4,6.8,6.8,53.99999999999999
107777.0,26.5,7.5,7.1,7.0,48.1
61002.0,22.4,8.1,9.0,10.9,50.4
138053.0,23.9,5.1,6.2,4.8,40.0
87475.0,21.2,5.5,8.6,9.4,44.7
73496.0,21.7,6.9,8.6,8.7,45.900000000000006
82906.0,30.3,7.5,6.9,7.5,52.2
123895.0,26.4,6.8,6.1,5.3,44.6
174228.0,18.3,6.6,5.9,8.2,39.0
164597.0,21.0,6.4,5.9,5.2,38.5
76980.0,27.7,8.9,7.5,10.1,54.2
169416.0,19.6,6.4,5.6,8.1,39.7
105828.0,25.3,8.1,7.2,8.9,49.5
111348.0,18.1,6.7,7.5,9.4,41.7
162912.0,19.6,6.1,5.6,5.8,37.1
139737.0,23.0,6.4,5.7,4.4,39.5
148000.0,23.5,6.4,5.5,4.5,39.9
93780.0,19.1,6.0,8.1,9.1,42.3
167005.0,22.1,5.6,4.6,5.3,37.6
108924.0,27.5,8.2,7.4,5.4,48.5
91382.0,18.2,6.7,8.5,8.6,42.0
132083.0,23.3,6.5,4.6,7.3,41.7
103610.0,23.8,7.3,6.2,9.3,46.60000000000001
76811.0,20.0,7.8,9.2,9.9,46.9
100374.0,17.5,6.2,7.5,8.6,39.8
155706.0,20.4,7.1,5.2,3.6,36.3
151513.0,23.1,7.0,5.6,5.2,40.900000000000006
92579.0,23.8,9.3,8.1,9.7,50.900000000000006
128708.0,25.4,7.1,5.8,8.9,47.2
119088.0,22.8,7.3,6.4,7.9,44.4
117645.0,15.5,5.2,8.4,6.9,36.0
162387.0,24.9,6.3,7.2,4.4,42.8
59234.0,24.9,7.8,9.7,11.1,53.49999999999999
83011.0,19.8,6.7,8.7,8.6,43.8
56852.0,23.3,8.3,9.0,11.0,51.6
55288.0,22.4,7.9,9.5,9.9,49.7
79976.0,20.8,6.9,8.3,8.5,44.5
93958.0,18.9,6.7,8.6,9.1,43.3
138867.0,24.2,6.8,6.5,5.1,42.6
147615.0,21.5,6.9,6.2,8.2,42.8
80697.0,26.1,8.6,7.5,10.2,52.400000000000006
171949.0,20.1,6.9,5.9,4.2,37.1
114261.0,23.8,7.4,6.8,8.5,46.5
85500.0,26.0,7.9,6.8,9.6,50.3
164198.0,16.9,5.6,5.7,8.7,36.9
84865.0,18.6,7.0,9.1,8.7,43.400000000000006
123924.0,22.1,6.9,6.1,8.5,43.6
155148.0,21.2,5.0,5.1,4.9,36.2
161806.0,21.9,6.9,5.7,3.7,38.2
106903.0,25.0,7.3,6.3,8.7,47.3
109352.0,29.6,7.2,5.9,5.6,48.3
64918.0,22.0,7.4,9.1,9.7,48.2
84666.0,33.1,5.6,4.6,6.8,50.1
98682.0,26.9,7.9,7.5,6.9,49.2
156350.0,18.7,5.7,5.7,6.3,36.4
90308.0,19.6,5.2,8.0,8.9,41.7
149433.0,21.4,6.7,6.3,6.6,41.0
121823.0,25.8,8.0,6.7,9.2,49.7
130728.0,17.3,6.2,7.4,8.0,38.9
125725.0,23.0,7.6,8.2,5.5,44.3
87730.0,24.7,7.0,9.0,10.7,51.400000000000006
155349.0,22.3,6.6,5.1,5.3,39.3
87521.0,27.8,9.8,2.8,5.8,46.2
148992.0,25.8,5.4,4.7,5.1,41.00000000000001
137813.0,22.9,6.5,6.4,7.2,43.0
125013.0,16.6,4.6,6.9,7.5,35.6
81790.0,27.4,8.5,7.9,9.9,53.7
146396.0,21.7,6.3,5.6,7.8,41.4
148269.0,22.9,6.9,6.3,4.3,40.39999999999999
117005.0,16.4,5.5,7.6,8.2,37.7
99906.0,18.1,6.4,7.7,7.6,39.8
53058.0,23.5,9.2,7.8,9.8,50.3
174104.0,19.3,5.3,5.0,7.3,36.9
109662.0,28.1,7.0,6.4,6.6,48.1
95513.0,24.2,3.1,4.0,6.8,38.1
147615.0,21.5,6.9,6.2,8.2,42.8
194882.0,21.1,6.3,5.3,2.8,35.5
133084.0,24.0,6.4,5.5,7.4,43.3
65724.0,27.5,9.1,8.8,9.1,54.50000000000001
153727.0,21.5,6.6,6.2,6.5,40.8
80597.0,25.4,8.7,6.9,10.3,51.3
81753.0,30.6,7.8,6.4,6.6,51.4
153671.0,20.1,6.2,5.6,7.3,39.2
143053.0,22.5,6.5,5.9,4.3,39.2
155938.0,25.4,7.6,6.2,3.9,43.1
77346.0,19.9,6.5,8.4,9.4,44.2
105865.0,18.2,6.0,7.7,8.3,40.2
80949.0,26.6,7.8,8.4,10.6,53.4
74823.0,21.1,7.1,8.2,9.0,45.400000000000006
108774.0,27.8,8.3,7.1,5.8,49.0
178095.0,21.7,4.7,4.8,5.6,36.8
85500.0,26.0,7.9,6.8,9.6,50.3
178855.0,21.0,5.5,3.3,6.1,35.9
66912.0,20.5,8.0,9.4,9.8,47.7
73466.0,27.3,8.4,7.5,10.1,53.3
152526.0,20.2,7.9,5.7,3.3,37.1
63672.0,22.2,7.6,8.8,9.9,48.49999999999999
101684.0,29.3,8.0,7.0,6.4,50.7
110760.0,23.6,7.5,7.0,9.1,47.2
54052.0,23.1,7.8,9.2,10.1,50.2
102003.0,16.2,5.9,7.3,8.9,38.3
81676.0,19.3,7.1,8.7,9.4,44.49999999999999
157998.0,24.1,5.9,5.1,5.7,40.8
168507.0,17.9,5.8,5.7,7.1,36.5
110146.0,13.1,8.5,8.9,9.0,39.5
122402.0,26.0,6.5,6.0,6.0,44.5
126882.0,21.0,5.8,9.1,5.1,41.0
81455.0,23.6,5.9,9.1,5.8,44.4
86759.0,18.6,7.0,8.5,8.6,42.7
123597.0,26.4,6.9,6.0,5.9,45.2
123590.0,17.5,5.6,6.8,6.8,36.7
52248.0,24.2,6.7,9.4,10.8,51.1
167506.0,20.8,5.5,5.7,3.8,35.8
95645.0,24.6,7.7,6.6,9.0,47.900000000000006
138040.0,24.6,7.7,5.8,4.9,43.0
170743.0,20.8,5.7,5.1,4.7,36.3
106601.0,24.2,7.7,6.7,9.5,48.1
94034.0,16.1,6.8,10.2,8.8,41.900000000000006
132643.0,16.0,5.1,6.6,7.7,35.400000000000006
77578.0,31.8,9.0,6.7,5.9,53.4
147202.0,21.3,6.1,5.7,7.5,40.6
120404.0,26.9,7.7,6.8,5.0,46.4
105828.0,25.3,8.1,7.2,8.9,49.5
81455.0,23.6,5.9,9.1,5.8,44.4
74146.0,29.9,8.2,8.4,6.9,53.39999999999999
132965.0,21.7,6.8,6.2,8.1,42.8
103177.0,28.6,7.8,6.6,5.8,48.8
103845.0,16.3,6.1,8.5,6.6,37.5
120193.0,28.5,7.4,6.2,5.4,47.5
88608.0,26.2,6.0,7.7,9.9,49.8
172101.0,20.6,6.8,7.1,7.0,41.5
102306.0,29.2,8.1,6.5,6.3,50.1
158560.0,19.8,5.4,5.1,8.2,38.5
153379.0,20.4,5.7,5.8,6.8,38.7
132407.0,16.9,5.0,6.9,6.9,35.7
104499.0,28.3,7.8,6.5,6.4,49.0
147935.0,24.7,6.7,5.3,5.4,42.1
81011.0,31.9,8.7,7.3,7.1,54.99999999999999
110065.0,23.3,8.0,6.7,9.4,47.4
174816.0,18.5,5.4,5.6,5.7,35.2
185089.0,20.1,4.8,5.4,8.0,38.3
153642.0,22.0,5.1,5.4,8.0,40.5
168343.0,21.6,6.3,5.2,3.6,36.7
75656.0,16.2,9.0,10.2,10.2,45.6
148662.0,20.3,7.2,6.5,5.6,39.6
151579.0,18.5,5.7,6.7,6.6,37.5
160129.0,23.1,6.7,5.0,4.1,38.9
100434.0,18.8,6.2,6.4,6.5,37.9
152434.0,23.3,6.1,4.6,4.3,38.3
184297.0,20.4,4.3,4.4,7.6,36.7
126146.0,26.6,8.0,6.9,5.1,46.6
93770.0,26.4,8.6,7.1,10.4,52.5
98712.0,18.2,6.2,7.8,8.6,40.8
99258.0,25.9,9.3,7.5,10.5,53.2
88678.0,18.7,6.3,7.9,8.5,41.4
147247.0,20.2,6.6,6.5,7.2,40.5
141204.0,22.8,7.5,6.4,5.1,41.8
97823.0,15.1,5.6,8.9,9.6,39.2
107520.0,15.8,6.4,7.0,9.3,38.5
133206.0,22.6,7.0,6.5,6.7,42.8
178255.0,19.7,5.3,5.7,6.1,36.8
95249.0,29.4,7.6,6.1,6.8,49.9
65516.0,21.6,6.8,8.1,10.0,46.5
187257.0,22.7,5.5,5.0,4.5,37.7
113090.0,22.5,7.1,7.1,10.1,46.8
128090.0,25.6,7.3,5.8,5.0,43.7
139285.0,20.8,6.4,6.2,8.2,41.60000000000001
91680.0,30.0,7.8,5.5,8.0,51.3
166500.0,20.3,6.5,5.6,7.5,39.9
150588.0,21.5,7.2,6.5,6.5,41.7
143132.0,19.6,6.5,6.0,7.4,39.5
122318.0,16.5,5.7,7.7,7.6,37.5
69553.0,19.8,6.8,8.5,10.2,45.3
97105.0,23.8,8.1,7.3,9.1,48.3
105347.0,27.7,7.5,6.4,6.3,47.9
156350.0,18.7,5.7,5.7,6.3,36.4
163493.0,18.0,8.3,7.1,3.6,37.0
176506.0,17.4,5.5,5.8,6.3,35.0
86622.0,30.2,6.5,6.8,6.5,50.0
110386.0,18.8,5.2,7.3,8.3,39.6
96638.0,16.4,6.2,8.6,8.1,39.3
115156.0,26.8,7.5,6.4,6.0,46.7
174816.0,18.5,5.4,5.6,5.7,35.2
79999.0,19.9,6.9,9.3,8.7,44.8
178255.0,19.7,5.3,5.7,6.1,36.8
65392.0,21.8,7.9,8.9,9.7,48.3
81154.0,19.2,7.2,7.1,8.6,42.1
133345.0,21.4,6.8,6.6,8.3,43.1
148311.0,18.3,7.4,6.2,7.8,39.7
80141.0,20.8,7.6,9.4,9.6,47.4
121272.0,27.8,7.1,5.9,4.9,45.7
150797.0,22.8,3.8,5.0,5.3,36.9
74762.0,20.3,7.3,8.6,9.6,45.8
93168.0,18.3,6.8,8.0,9.4,42.5
99525.0,24.0,7.8,7.6,10.3,49.7
97875.0,24.6,8.1,6.7,8.9,48.3
76051.0,28.4,8.0,6.7,10.4,53.5
103693.0,23.5,8.8,7.3,6.5,46.1
111373.0,15.6,6.6,7.3,8.0,37.5
110147.0,17.5,4.7,5.5,10.1,37.8
95384.0,29.5,7.6,6.4,6.6,50.1
123590.0,17.5,5.6,6.8,6.8,36.7
67887.0,32.4,7.8,6.3,7.6,54.1
84889.0,27.1,8.1,7.6,10.4,53.2
94183.0,29.9,8.5,7.3,6.1,51.8
86875.0,20.9,7.6,5.9,11.3,45.7
146396.0,21.7,6.3,5.6,7.8,41.4
101695.0,28.5,8.8,7.1,6.4,50.8
172694.0,16.5,6.1,4.4,8.9,35.9
108090.0,17.2,5.8,7.6,7.9,38.5
76136.0,21.3,5.9,7.7,8.3,43.2
115931.0,17.0,5.5,7.7,7.5,37.7
153639.0,20.8,5.2,5.7,4.0,35.7
52339.0,23.6,8.4,9.8,10.2,52.0
74033.0,28.3,8.9,8.0,9.8,55.0
52339.0,23.6,8.4,9.8,10.2,52.0
108660.0,17.3,5.5,8.2,7.6,38.6
92800.0,25.2,8.1,7.3,10.0,50.6
128787.0,16.9,6.4,7.2,9.4,39.9
99569.0,23.0,6.9,6.5,8.8,45.2
129123.0,20.2,5.5,6.2,7.8,39.7
66833.0,21.1,6.9,10.4,9.9,48.3
166174.0,20.2,4.8,4.2,6.8,36.0
56867.0,22.5,7.8,9.5,10.1,49.9
106146.0,18.2,6.3,8.0,7.6,40.1
98309.0,26.8,8.0,7.8,6.6,49.2
124925.0,26.6,7.6,6.8,5.0,46.0
93354.0,18.7,6.3,7.7,9.0,41.7
138140.0,22.7,7.6,6.0,9.8,46.1
73496.0,21.7,6.9,8.6,8.7,45.900000000000006
104213.0,28.2,7.7,6.8,6.0,48.7
117788.0,25.5,7.1,6.1,8.3,47.0
144478.0,21.6,6.2,6.0,8.1,41.9
155349.0,22.3,6.6,5.1,5.3,39.3
68103.0,21.7,7.4,8.9,10.0,48.0
147346.0,21.1,6.3,5.8,8.1,41.3
103884.0,16.6,5.9,9.7,8.0,40.2
87506.0,28.0,7.9,4.4,7.3,47.6
115736.0,21.5,8.0,7.2,8.6,45.3
82749.0,30.5,8.9,7.6,7.7,54.7
118408.0,22.8,7.5,6.1,7.9,44.3
50642.0,20.9,9.7,9.8,9.2,49.6
143650.0,22.5,6.6,6.6,6.7,42.400000000000006
144276.0,23.2,6.2,5.7,5.1,40.2
100737.0,17.3,6.4,8.2,7.6,39.5
126427.0,24.8,7.8,6.0,6.0,44.6
131677.0,19.3,9.5,7.5,3.8,40.1
134129.0,26.2,7.0,6.4,5.4,45.0
139537.0,18.1,5.3,8.0,6.9,38.3
102488.0,18.8,5.8,7.9,8.2,40.7
132224.0,19.0,6.7,7.5,8.2,41.400000000000006
180187.0,21.5,5.8,4.9,4.3,36.5
68149.0,20.4,8.4,8.9,9.1,46.8
111627.0,22.6,7.5,6.7,9.4,46.2
76249.0,26.6,8.6,8.0,10.3,53.5
90934.0,25.7,8.1,6.8,9.7,50.3
90743.0,30.1,7.9,7.0,7.2,52.2
108842.0,25.5,7.6,6.7,8.6,48.400000000000006
125763.0,26.6,7.3,6.2,4.7,44.8
137813.0,22.9,6.5,6.4,7.2,43.0
140059.0,16.0,5.4,7.3,6.3,35.0
82213.0,26.6,8.7,7.8,9.9,52.99999999999999
155774.0,21.4,5.4,4.9,7.7,39.4
163215.0,19.4,5.7,5.8,7.0,37.9
119811.0,27.6,7.2,6.4,4.7,45.900000000000006
97613.0,28.7,7.4,7.3,6.9,50.3
75383.0,20.0,7.3,8.5,8.5,44.3
60727.0,21.2,6.0,9.5,7.2,43.900000000000006
89226.0,19.6,7.9,6.2,10.4,44.1
86379.0,19.6,7.2,7.5,9.4,43.7
187953.0,21.6,5.7,5.1,5.2,37.6
130355.0,25.0,6.6,6.1,7.1,44.8
52073.0,23.2,4.8,9.2,11.5,48.7
101790.0,24.1,7.4,6.6,9.4,47.5
81790.0,27.4,8.5,7.9,9.9,53.7
129907.0,19.7,7.4,6.1,8.3,41.5
69553.0,19.8,6.8,8.5,10.2,45.3
121769.0,26.9,8.0,6.9,5.4,47.2
105680.0,28.4,7.4,7.4,5.1,48.3
93088.0,25.5,8.3,7.3,8.9,49.99999999999999
79923.0,30.2,8.7,7.4,7.3,53.6
120488.0,17.4,5.3,7.5,7.1,37.3
110869.0,19.3,7.8,6.3,9.3,42.7
88723.0,24.4,8.4,7.3,9.7,49.8
79365.0,27.8,8.4,7.5,9.6,53.3
148992.0,25.8,5.4,4.7,5.1,41.00000000000001
108689.0,22.4,7.3,6.1,9.8,45.6
103406.0,25.1,6.8,5.9,9.4,47.2
90571.0,25.2,8.1,7.2,10.0,50.5
84175.0,21.4,6.3,7.1,9.1,43.9
108169.0,28.4,7.8,6.0,5.0,47.2
101893.0,19.2,6.6,7.6,9.1,42.5
86973.0,29.8,7.9,7.2,6.8,51.7
90594.0,25.3,10.8,8.0,10.3,54.400000000000006
138833.0,22.6,6.4,5.9,7.8,42.7
120027.0,22.3,8.1,5.8,7.3,43.49999999999999
60187.0,22.1,7.6,9.1,10.6,49.400000000000006
108086.0,17.7,6.0,7.5,7.8,39.0
117780.0,23.0,7.1,6.1,8.5,44.7
147892.0,19.5,4.5,4.8,7.5,36.3
129123.0,20.2,5.5,6.2,7.8,39.7
103848.0,23.4,7.7,7.0,8.6,46.7
123976.0,23.5,7.3,7.0,6.3,44.1
126427.0,24.8,7.8,6.0,6.0,44.6
182518.0,20.1,6.3,5.2,3.8,35.4
154518.0,20.1,5.6,5.4,8.2,39.3
122506.0,13.8,6.1,7.0,9.7,36.6
98262.0,28.8,8.3,7.3,6.2,50.6
181604.0,21.8,6.0,5.1,4.1,37.0
78957.0,19.6,6.8,9.0,8.4,43.8
138140.0,22.7,7.6,6.0,9.8,46.1
192326.0,17.8,4.8,5.4,7.0,35.0
110161.0,24.2,7.5,6.6,8.6,46.9
137664.0,22.6,5.5,4.1,8.3,40.5
85963.0,28.3,8.1,7.5,6.8,50.7
109015.0,28.0,7.7,5.8,6.1,47.6
113193.0,23.4,7.0,6.1,9.1,45.6
98003.0,29.2,7.7,6.7,6.6,50.2
150243.0,17.5,8.5,5.8,9.3,41.1
111627.0,22.6,7.5,6.7,9.4,46.2
173575.0,18.9,5.6,5.7,6.3,36.5
89936.0,26.3,7.9,5.6,9.6,49.400000000000006
159946.0,25.8,5.0,5.4,3.8,40.0
107679.0,22.7,7.0,7.6,7.7,45.0
67382.0,22.1,8.0,8.5,10.9,49.5
160093.0,20.2,5.2,5.3,7.4,38.1
112682.0,19.1,5.5,4.9,8.5,38.0
98064.0,25.0,7.4,6.6,9.1,48.1
120915.0,25.9,7.4,6.7,4.9,44.9
153119.0,23.8,6.4,4.9,5.2,40.3
133345.0,21.4,6.8,6.6,8.3,43.1
69958.0,19.6,7.7,9.4,8.3,45.0
109544.0,16.1,6.8,7.9,7.8,38.6
92100.0,29.2,8.7,7.6,6.2,51.7
78936.0,29.3,8.9,7.9,7.2,53.3
133219.0,19.6,6.8,5.8,6.0,38.2
169598.0,20.6,6.1,5.6,6.4,38.7
72027.0,27.3,8.7,8.1,10.8,54.900000000000006
148486.0,20.6,6.2,6.2,8.3,41.3
79216.0,30.1,8.9,7.7,7.9,54.6
82632.0,18.0,8.2,7.6,9.6,43.4
173201.0,19.1,6.3,5.2,8.4,39.0
190479.0,21.0,5.9,5.4,5.0,37.3
105865.0,18.2,6.0,7.7,8.3,40.2
157833.0,18.8,5.6,6.0,6.9,37.3
78266.0,29.3,5.2,6.6,11.6,52.7
105680.0,28.4,7.4,7.4,5.1,48.3
77713.0,27.9,8.5,7.7,10.3,54.400000000000006
132020.0,23.4,8.1,6.2,3.9,41.6
169899.0,20.9,6.5,5.7,4.0,37.1
144548.0,24.0,6.9,6.5,5.3,42.7
162183.0,22.2,6.2,6.3,4.3,38.99999999999999
63219.0,21.9,7.8,7.7,11.6,49.0
81825.0,29.8,9.3,8.0,7.8,54.9
119793.0,23.8,6.7,7.4,6.9,44.8
87010.0,30.5,8.7,7.6,6.3,53.1
90202.0,28.3,8.3,8.9,5.9,51.4
56867.0,22.5,7.8,9.5,10.1,49.9
187267.0,19.0,4.4,4.7,7.2,35.3
92100.0,29.2,8.7,7.6,6.2,51.7
115946.0,23.5,7.1,6.5,8.7,45.8
141975.0,20.3,5.0,7.8,8.8,41.900000000000006
97105.0,23.8,8.1,7.3,9.1,48.3
52711.0,21.8,9.7,9.8,10.2,51.5
133711.0,29.2,7.2,6.0,3.9,46.3
77039.0,30.9,8.7,7.2,5.0,51.8
80096.0,28.8,7.7,5.6,9.2,51.3
77950.0,27.4,8.7,7.8,10.3,54.19999999999999
50478.0,24.7,8.4,9.5,11.1,53.7
107139.0,25.4,7.4,5.3,11.2,49.3
108605.0,18.9,6.1,7.8,8.8,41.6
77512.0,27.5,8.4,7.9,9.7,53.5
77566.0,21.1,6.1,8.2,9.8,45.2
124183.0,23.3,7.1,5.8,8.9,45.1
154061.0,20.2,6.2,6.1,6.3,38.8
129966.0,22.9,6.9,6.2,7.0,43.0
169115.0,21.2,6.7,5.8,2.4,36.1
92544.0,25.0,7.7,6.6,10.2,49.5
140433.0,23.9,7.2,6.3,3.3,40.7
171383.0,20.8,7.1,5.0,4.1,37.0
156464.0,19.8,6.2,5.6,8.6,40.2
75377.0,26.0,6.9,7.6,8.1,48.6
170444.0,22.3,5.5,4.2,3.9,35.9
154283.0,22.9,6.5,4.9,3.1,37.4
105062.0,27.9,7.3,6.5,6.1,47.8
121272.0,27.8,7.1,5.9,4.9,45.7
89482.0,26.8,8.1,5.9,7.4,48.2
151732.0,19.8,6.2,6.2,6.3,38.5
131709.0,23.7,7.5,6.3,6.5,44.0
138106.0,24.8,7.0,5.5,4.5,41.8
58922.0,22.3,7.8,9.6,9.7,49.400000000000006
151657.0,19.9,6.3,6.3,6.4,38.9
175529.0,21.4,5.8,5.4,4.1,36.7
125262.0,23.6,6.7,6.2,8.6,45.1
180389.0,22.0,6.5,5.8,3.1,37.4
186766.0,20.6,6.4,5.7,2.8,35.5
85725.0,25.2,9.2,7.3,9.1,50.8
163853.0,21.9,6.4,6.5,4.7,39.5
143957.0,21.1,6.6,6.3,5.0,39.0
89315.0,24.3,8.4,7.2,10.7,50.60000000000001
83970.0,29.6,9.1,7.5,6.9,53.1
168041.0,23.1,6.7,5.8,4.9,40.5
126587.0,22.5,6.7,5.7,8.4,43.3
105329.0,23.6,8.3,6.0,7.3,45.2
128417.0,24.4,7.1,8.0,6.2,45.7
102003.0,16.2,5.9,7.3,8.9,38.3
117688.0,23.4,7.3,6.1,8.7,45.5
100692.0,18.5,6.4,8.0,7.8,40.7
152760.0,21.7,5.5,5.2,6.5,38.9
85597.0,27.1,8.2,7.5,10.9,53.7
180241.0,22.4,6.3,5.6,2.7,37.0
127996.0,21.1,7.4,6.5,8.2,43.2
186155.0,18.9,5.8,5.3,7.1,37.1
134085.0,28.5,6.5,4.6,3.1,42.7
105178.0,19.9,6.0,7.4,5.8,39.1
125546.0,25.2,7.2,6.0,6.0,44.4
111320.0,18.5,3.2,7.2,6.8,35.7
74176.0,29.9,9.5,8.1,7.5,55.0
85718.0,27.2,8.5,7.5,10.1,53.3
175185.0,19.3,5.8,5.9,5.8,36.8
120034.0,23.2,8.1,6.7,5.3,43.3
55213.0,24.8,9.0,9.2,10.8,53.8
175641.0,19.0,5.8,5.6,6.2,36.6
74033.0,28.3,8.9,8.0,9.8,55.0
91023.0,29.6,8.1,8.7,6.1,52.50000000000001
146132.0,20.7,6.2,5.7,4.1,36.7
106580.0,20.2,6.0,7.9,7.5,41.6
178138.0,20.5,6.3,6.6,2.6,36.0
102933.0,16.0,5.5,9.2,10.2,40.9
84840.0,30.0,8.3,7.2,6.8,52.3
135441.0,20.6,6.7,6.2,8.0,41.5
153727.0,21.5,6.6,6.2,6.5,40.8
91338.0,30.5,8.4,7.0,6.9,52.8
103108.0,22.8,8.1,7.9,9.6,48.4
180760.0,18.9,5.3,5.1,6.6,35.9
67116.0,21.4,7.4,9.2,10.2,48.2
165614.0,18.7,5.1,5.7,6.1,35.599999999999994
82049.0,19.1,7.0,9.0,9.1,44.2
100544.0,17.1,8.2,10.5,10.2,46.0
165628.0,19.3,5.8,5.4,7.6,38.1
58422.0,22.1,7.6,9.8,9.7,49.2
63672.0,22.2,7.6,8.8,9.9,48.49999999999999
87864.0,24.8,5.6,7.5,6.6,44.5
132148.0,22.2,6.9,6.5,7.0,42.6
53080.0,21.8,7.6,10.3,10.3,50.0
164635.0,22.2,6.8,4.9,3.3,37.2
152031.0,20.2,5.6,5.7,7.9,39.4
93770.0,26.4,8.6,7.1,10.4,52.5
78417.0,27.6,8.1,7.8,7.5,51.0
113174.0,29.2,8.3,7.2,4.9,49.6
81885.0,26.4,8.5,7.6,10.2,52.7
78417.0,27.6,8.1,7.8,7.5,51.0
155749.0,19.7,5.9,5.5,6.7,37.8
118268.0,24.3,6.5,6.5,5.3,42.6
126405.0,23.6,6.9,6.4,9.3,46.2
127935.0,20.4,6.5,8.3,7.1,42.3
179013.0,20.0,5.5,5.4,5.3,36.2
195627.0,19.7,5.7,4.9,6.7,37.0
116208.0,23.4,6.8,6.0,8.0,44.2
121151.0,27.1,6.9,6.4,5.0,45.4
79544.0,21.4,7.1,8.8,9.0,46.3
88499.0,30.4,8.8,7.3,6.1,52.6
122530.0,18.5,6.4,7.5,7.7,40.1
132585.0,21.8,6.7,5.9,8.6,43.0
93707.0,25.7,8.3,7.4,10.0,51.4
87024.0,19.1,6.5,8.5,8.6,42.7
60246.0,22.7,8.0,8.5,9.3,48.5
106146.0,18.2,6.3,8.0,7.6,40.1
115116.0,16.2,6.1,7.8,7.8,37.9
78002.0,30.9,9.9,6.5,6.6,53.9
137463.0,26.2,5.4,4.9,4.1,40.6
125537.0,22.2,6.0,6.1,8.2,42.5
141068.0,23.9,6.4,5.6,5.1,41.0
61424.0,21.8,7.8,8.8,9.0,47.400000000000006
116903.0,26.4,5.8,5.3,8.5,45.99999999999999
147208.0,20.8,6.4,5.6,9.1,41.900000000000006
161551.0,22.6,6.7,5.7,3.7,38.7
181604.0,21.8,6.0,5.1,4.1,37.0
162584.0,21.7,6.4,5.2,4.6,37.900000000000006
115405.0,26.6,7.6,7.3,4.9,46.4
195389.0,21.1,6.0,5.0,7.7,39.8
65516.0,21.6,6.8,8.1,10.0,46.5
133429.0,25.1,7.2,6.0,5.0,43.3
100108.0,21.8,5.4,7.1,7.6,41.900000000000006
109257.0,22.9,7.5,6.8,8.7,45.89999999999999
111701.0,22.4,7.8,8.5,8.4,47.1
77947.0,19.0,7.8,9.5,8.3,44.6
150797.0,22.8,3.8,5.0,5.3,36.9
112164.0,18.3,5.6,6.1,7.4,37.4
112595.0,22.8,7.4,6.1,9.3,45.60000000000001
109028.0,24.1,7.7,7.0,9.2,48.0
120404.0,26.9,7.7,6.8,5.0,46.4
170081.0,18.8,5.7,5.1,8.1,37.7
120488.0,17.4,5.3,7.5,7.1,37.3
109352.0,29.6,7.2,5.9,5.6,48.3
93040.0,26.3,7.6,7.1,9.1,50.1
95642.0,30.5,8.3,7.3,6.4,52.49999999999999
77950.0,27.4,8.7,7.8,10.3,54.19999999999999
74033.0,28.3,8.9,8.0,9.8,55.0
128232.0,22.1,7.1,6.0,7.9,43.1
84545.0,30.1,9.1,7.8,6.1,53.1
148115.0,21.9,7.2,6.5,8.2,43.8
92480.0,18.1,6.5,8.2,7.7,40.5
55288.0,22.4,7.9,9.5,9.9,49.7
111151.0,23.0,7.7,6.2,8.4,45.3
120403.0,16.8,5.2,7.1,7.6,36.7
122777.0,29.6,4.9,5.2,7.6,47.3
111750.0,16.8,5.9,7.4,7.7,37.8
161673.0,18.0,7.0,5.1,5.0,35.1
52679.0,23.4,7.8,10.0,11.0,52.2
158722.0,20.6,6.1,5.3,8.1,40.1
91601.0,25.5,8.4,7.0,10.0,50.9
67271.0,27.7,9.4,8.1,9.3,54.5
103693.0,23.5,8.8,7.3,6.5,46.1
97635.0,18.7,6.2,5.8,8.5,39.2
156631.0,21.1,5.6,5.4,5.6,37.7
89936.0,26.3,7.9,5.6,9.6,49.400000000000006
156350.0,18.7,5.7,5.7,6.3,36.4
189399.0,20.1,5.6,5.7,4.2,35.6
138053.0,23.9,5.1,6.2,4.8,40.0
91318.0,23.0,8.2,6.9,12.4,50.5
79700.0,22.4,6.0,8.3,9.0,45.7
111483.0,18.0,5.8,6.9,8.3,39.0
154798.0,23.3,6.8,6.3,4.0,40.4
134434.0,22.8,6.7,5.3,8.6,43.4
108843.0,17.6,5.9,7.0,8.6,39.1
76264.0,20.6,7.3,8.9,9.8,46.60000000000001
90308.0,19.6,5.2,8.0,8.9,41.7
125552.0,25.2,7.8,6.7,7.0,46.7
53346.0,24.3,8.1,9.6,10.6,52.6
93354.0,18.7,6.3,7.7,9.0,41.7
152394.0,23.8,6.5,5.3,4.9,40.5
159527.0,24.4,6.9,6.3,4.2,41.8
140621.0,24.4,7.1,6.1,3.7,41.3
112189.0,27.5,7.7,6.5,5.0,46.7
65582.0,21.6,7.0,10.0,9.6,48.2
183811.0,21.0,5.2,4.6,5.1,35.9
92725.0,26.5,7.9,6.7,9.4,50.5
87950.0,26.5,7.7,6.9,9.5,50.6
80317.0,27.3,8.9,7.7,10.7,54.60000000000001
149723.0,21.9,6.5,5.9,7.3,41.6
143676.0,24.6,6.7,5.8,4.9,42.0
176506.0,17.4,5.5,5.8,6.3,35.0
72526.0,25.6,9.0,5.5,12.8,52.900000000000006
133861.0,20.0,7.7,6.7,7.5,41.9
117808.0,18.1,6.0,6.4,7.9,38.4
128753.0,20.7,7.4,6.5,6.6,41.2
147491.0,21.2,5.8,5.8,6.6,39.4
99469.0,18.7,6.2,6.8,9.9,41.6
152760.0,21.7,5.5,5.2,6.5,38.9
107679.0,22.7,7.0,7.6,7.7,45.0
92124.0,24.0,8.8,8.0,9.8,50.6
168945.0,21.8,6.5,4.6,3.8,36.7
73305.0,27.9,8.6,7.7,10.7,54.900000000000006
76605.0,28.6,8.7,7.6,9.6,54.5
74288.0,21.9,6.9,9.0,8.4,46.2
108035.0,17.6,6.2,6.8,7.9,38.5
85972.0,17.4,6.0,9.6,8.1,41.1
151644.0,18.4,8.3,6.4,8.3,41.400000000000006
99563.0,25.2,8.2,7.1,9.5,50.0
77947.0,19.0,7.8,9.5,8.3,44.6
111633.0,29.1,8.5,5.8,5.5,48.9
166874.0,20.1,5.1,4.7,5.8,35.7
104527.0,28.1,7.9,6.5,5.6,48.1
119741.0,16.3,5.6,7.6,8.1,37.6
180954.0,18.9,4.7,5.6,6.3,35.49999999999999
179305.0,18.7,5.0,4.7,7.2,35.6
65815.0,21.9,7.4,8.8,10.1,48.2
187953.0,21.6,5.7,5.1,5.2,37.6
77090.0,22.4,8.0,6.2,9.4,46.0
88881.0,28.9,8.4,7.5,6.5,51.3
79954.0,19.6,6.4,9.3,7.8,43.1
121747.0,23.3,6.3,6.0,8.2,43.8
117123.0,21.9,7.5,6.9,9.5,45.8
165110.0,22.6,5.5,5.5,4.5,38.1
124866.0,16.5,5.1,7.1,7.1,35.800000000000004
99182.0,19.8,5.7,8.0,7.7,41.2
132482.0,23.3,6.4,6.1,10.1,45.900000000000006
59949.0,22.5,8.1,9.2,10.8,50.6
66534.0,20.8,7.3,9.0,9.9,47.0
101893.0,19.2,6.6,7.6,9.1,42.5
144278.0,15.8,5.4,7.9,8.1,37.2
147456.0,24.2,7.1,5.5,5.5,42.3
147928.0,24.1,6.8,5.9,6.0,42.8
80949.0,26.6,7.8,8.4,10.6,53.4
135441.0,20.6,6.7,6.2,8.0,41.5
59650.0,23.4,7.6,8.2,10.0,49.2
111627.0,22.6,7.5,6.7,9.4,46.2
106355.0,23.1,8.0,8.5,9.0,48.6
114009.0,25.6,7.2,7.0,6.3,46.1
92956.0,27.5,8.5,7.5,10.7,54.2
149196.0,23.2,5.4,4.4,5.7,38.7
52339.0,23.6,8.4,9.8,10.2,52.0
109845.0,27.3,8.4,7.0,5.2,47.900000000000006
140672.0,23.1,5.9,7.3,6.0,42.3
80021.0,26.0,8.9,7.6,9.8,52.3
115814.0,23.4,7.3,6.3,8.5,45.5
74813.0,20.8,7.7,9.0,10.4,47.9
85092.0,32.7,7.9,6.5,6.9,54.0
101170.0,18.6,6.2,6.2,8.0,39.0
91417.0,25.2,8.1,7.5,9.8,50.6
111727.0,23.5,7.8,7.1,8.0,46.4
129932.0,23.1,7.3,6.1,9.9,46.4
153997.0,23.4,6.9,5.0,4.7,40.0
171034.0,18.9,5.5,6.2,5.8,36.4
77794.0,21.0,7.0,6.5,9.5,44.0
100108.0,21.8,5.4,7.1,7.6,41.900000000000006
160460.0,20.9,5.0,5.7,6.2,37.8
199043.0,19.6,6.6,5.8,3.6,35.6
145200.0,20.8,6.3,6.6,5.8,39.5
121612.0,22.5,6.9,6.0,9.0,44.4
102847.0,25.3,7.2,7.1,9.1,48.7
86724.0,26.0,8.1,7.2,9.8,51.10000000000001
138340.0,20.7,7.0,6.3,5.7,39.7
161771.0,19.0,5.5,5.4,8.2,38.1
152050.0,20.3,6.1,5.9,6.7,39.0
52679.0,23.4,7.8,10.0,11.0,52.2
124251.0,26.1,7.9,7.0,5.5,46.5
64386.0,21.8,8.0,9.4,9.2,48.400000000000006
126739.0,27.3,7.2,6.4,6.7,47.6
125400.0,25.2,8.0,6.8,6.5,46.5
173596.0,22.0,5.9,5.4,3.4,36.7
119244.0,24.2,6.6,6.5,8.4,45.7
120697.0,23.5,7.6,6.3,8.3,45.7
121922.0,25.9,5.9,6.1,3.8,41.7
81622.0,19.9,7.1,8.5,9.3,44.8
183156.0,20.6,5.6,4.6,4.2,35.00000000000001
105686.0,26.9,7.9,6.8,6.5,48.1
188694.0,22.1,6.5,6.6,5.3,40.5
122297.0,22.2,7.3,6.7,8.3,44.5
120034.0,23.2,8.1,6.7,5.3,43.3
96136.0,27.4,9.9,7.3,9.3,53.89999999999999
85718.0,27.2,8.5,7.5,10.1,53.3
74601.0,27.5,9.0,7.9,10.5,54.9
117806.0,23.1,7.4,6.3,8.2,45.0
113090.0,22.5,7.1,7.1,10.1,46.8
118267.0,16.0,5.2,7.4,8.2,36.8
106810.0,19.0,5.8,8.2,8.0,41.0
119066.0,22.5,8.3,6.5,8.0,45.3
107438.0,25.0,8.1,6.8,8.1,48.0
98027.0,29.3,7.9,6.3,5.0,48.5
136447.0,20.3,6.8,6.5,6.9,40.5
120472.0,15.9,5.6,7.4,8.4,37.3
148797.0,25.9,6.3,5.1,3.7,41.0
108227.0,24.5,8.8,5.5,8.3,47.1
96136.0,27.4,9.9,7.3,9.3,53.89999999999999
92947.0,26.3,7.3,6.3,9.8,49.7
74207.0,27.8,8.0,7.6,10.3,53.7
83955.0,24.6,7.6,6.6,9.8,48.60000000000001
151456.0,23.9,6.4,6.0,4.6,40.9
111380.0,14.2,8.0,8.2,8.2,38.6
82127.0,30.4,8.6,7.0,6.9,52.9
106416.0,26.7,7.7,7.0,6.2,47.6
161597.0,20.1,5.7,4.1,8.6,38.5
163564.0,20.9,7.5,6.5,3.1,38.0
140088.0,25.1,7.0,5.3,3.8,41.2
162279.0,22.9,5.8,5.9,2.4,37.0
91069.0,18.3,6.4,7.8,8.0,40.5
132111.0,22.4,7.5,6.4,8.3,44.6
66082.0,18.8,9.3,8.4,10.7,47.2
161875.0,25.6,5.8,3.9,3.5,38.8
80893.0,21.1,6.9,8.0,8.7,44.7
186427.0,19.8,4.1,5.1,6.4,35.4
74762.0,20.3,7.3,8.6,9.6,45.8
171639.0,22.1,5.3,4.9,4.1,36.400000000000006
169922.0,21.9,6.1,4.7,2.7,35.400000000000006
108924.0,27.5,8.2,7.4,5.4,48.5
108709.0,28.9,6.5,6.7,5.8,47.9
83959.0,29.6,8.7,7.0,7.3,52.6
54317.0,22.4,7.9,9.4,9.8,49.5
61136.0,20.0,6.9,9.4,11.9,48.2
149512.0,22.4,7.9,5.9,4.4,40.6
153957.0,15.4,5.2,7.2,7.8,35.6
139801.0,25.2,7.0,5.5,5.7,43.400000000000006
164597.0,21.0,6.4,5.9,5.2,38.5
108383.0,17.9,5.6,7.5,8.2,39.2
121622.0,16.2,5.3,6.8,7.1,35.4
144470.0,21.8,6.1,5.9,8.0,41.8
73488.0,20.7,7.5,9.1,9.4,46.7
104932.0,16.8,4.8,7.0,7.1,35.7
84725.0,19.2,7.0,7.3,9.7,43.2
138037.0,21.8,7.3,6.4,9.5,45.0
100795.0,24.4,7.9,6.9,9.5,48.7
162549.0,20.8,6.4,5.6,8.4,41.2
109015.0,23.5,7.9,7.2,9.2,47.8
156737.0,22.7,6.6,5.2,4.3,38.8
99583.0,17.3,5.9,7.8,8.5,39.5
151732.0,19.8,6.2,6.2,6.3,38.5
152884.0,22.6,5.6,4.8,5.3,38.3
169630.0,19.5,7.4,6.0,4.0,36.9
109662.0,28.1,7.0,6.4,6.6,48.1
77389.0,34.1,5.3,4.2,8.6,52.2
83984.0,25.8,7.5,6.9,10.3,50.5
63672.0,22.2,7.6,8.8,9.9,48.49999999999999
122666.0,25.5,6.7,6.1,5.6,43.900000000000006
77578.0,31.8,9.0,6.7,5.9,53.4
92592.0,17.5,6.0,6.5,6.2,36.2
145367.0,22.4,6.6,5.6,8.8,43.400000000000006
120192.0,22.4,6.7,6.4,8.3,43.8
95009.0,16.9,8.0,8.4,9.7,43.0
88433.0,26.1,8.4,6.6,9.6,50.7
106416.0,26.7,7.7,7.0,6.2,47.6
65815.0,21.9,7.4,8.8,10.1,48.2
99461.0,30.9,8.2,6.9,6.1,52.1
132443.0,25.1,6.3,5.9,6.8,44.1
90909.0,18.4,6.8,10.2,9.7,45.1
119117.0,16.3,6.0,7.7,6.7,36.7
129664.0,22.4,6.1,6.8,9.1,44.4
126121.0,26.7,7.8,7.2,6.5,48.2
190336.0,20.9,6.7,5.1,3.2,35.9
82122.0,26.7,8.5,7.2,10.0,52.400000000000006
111373.0,15.6,6.6,7.3,8.0,37.5
140059.0,16.0,5.4,7.3,6.3,35.0
107377.0,22.2,8.0,6.1,9.1,45.4
89315.0,24.3,8.4,7.2,10.7,50.60000000000001
102049.0,23.8,7.9,7.0,9.0,47.7
82428.0,29.1,7.3,8.1,6.3,50.8
77455.0,30.7,9.2,8.0,6.7,54.6
74258.0,20.4,6.3,9.2,8.8,44.7
100793.0,26.0,7.8,7.4,5.5,46.7
103884.0,16.6,5.9,9.7,8.0,40.2
138040.0,24.6,7.7,5.8,4.9,43.0
62437.0,21.7,8.4,9.4,9.8,49.3
148399.0,22.8,6.0,5.5,4.7,39.0
82213.0,26.6,8.7,7.8,9.9,52.99999999999999
66241.0,30.9,5.8,7.4,9.8,53.89999999999999
188553.0,19.6,4.9,5.0,7.5,37.0
127043.0,16.5,5.4,7.5,7.8,37.2
165262.0,18.5,5.3,5.8,5.6,35.2
153587.0,20.6,5.7,5.6,6.9,38.8
127151.0,21.7,7.0,5.7,8.9,43.3
108710.0,24.5,7.7,7.1,8.4,47.7
117501.0,23.1,7.8,6.6,7.6,45.1
99494.0,17.7,6.7,7.7,8.6,40.7
91656.0,18.9,7.2,8.0,8.6,42.7
80956.0,28.5,7.2,8.4,8.1,52.2
109908.0,19.9,6.4,4.1,7.0,37.4
86875.0,20.9,7.6,5.9,11.3,45.7
117672.0,24.0,7.5,6.5,8.8,46.8
65554.0,23.1,7.7,8.6,9.9,49.3
124183.0,23.3,7.1,5.8,8.9,45.1
120663.0,23.7,3.5,5.1,5.4,37.7
90202.0,28.3,8.3,8.9,5.9,51.4
90619.0,26.2,8.5,7.1,8.1,49.900000000000006
108471.0,24.3,7.7,7.1,10.5,49.6
147192.0,20.8,4.5,3.8,7.1,36.2
73278.0,21.0,7.2,9.8,10.2,48.2
94000.0,22.0,6.7,8.9,9.5,47.1
85478.0,29.8,8.3,7.3,6.9,52.3
77471.0,31.8,7.7,8.1,6.7,54.3
139779.0,20.2,7.1,6.5,6.0,39.8
99525.0,24.0,7.8,7.6,10.3,49.7
169598.0,20.6,6.1,5.6,6.4,38.7
159518.0,26.2,5.9,4.8,3.3,40.2
168343.0,21.6,6.3,5.2,3.6,36.7
134566.0,25.2,7.1,5.9,4.4,42.6
126739.0,27.3,7.2,6.4,6.7,47.6
92950.0,22.6,4.3,5.4,9.8,42.10000000000001
83942.0,29.9,8.5,7.6,7.3,53.3
56845.0,22.7,8.2,9.7,9.2,49.8
108126.0,17.4,6.2,8.4,7.5,39.5
168978.0,20.4,5.8,6.6,7.0,39.8
102388.0,16.2,6.7,7.6,7.6,38.1
121110.0,26.9,7.7,6.8,5.0,46.4
119117.0,16.3,6.0,7.7,6.7,36.7
135612.0,24.9,7.3,7.0,3.7,42.9
108227.0,24.5,8.8,5.5,8.3,47.1
93244.0,23.9,8.5,8.0,9.2,49.6
192326.0,17.8,4.8,5.4,7.0,35.0
71632.0,28.4,8.5,6.7,10.6,54.2
81154.0,19.2,7.2,7.1,8.6,42.1
172782.0,19.0,5.4,6.0,5.0,35.4
126151.0,23.2,7.2,6.7,8.0,45.1
162040.0,23.4,6.1,5.1,4.8,39.4
90308.0,19.6,5.2,8.0,8.9,41.7
97286.0,17.4,6.4,8.3,8.0,40.1
153639.0,20.8,5.2,5.7,4.0,35.7
82215.0,19.3,6.6,9.6,8.8,44.3
198038.0,19.0,5.1,4.8,6.1,35.0
142829.0,22.3,7.3,4.1,2.6,36.3
126919.0,21.9,6.6,6.5,8.5,43.5
104193.0,16.8,5.8,7.5,8.2,38.3
65722.0,19.8,8.4,9.0,10.4,47.6
55434.0,22.3,8.1,9.8,10.3,50.5
169203.0,22.0,6.4,5.2,3.4,37.0
97546.0,30.7,8.4,7.5,7.6,54.2
130514.0,22.0,6.9,6.4,7.1,42.4
137394.0,20.4,6.7,6.3,7.8,41.2
124222.0,29.5,8.5,7.2,8.2,53.400000000000006
90656.0,25.6,7.9,6.9,9.6,50.0
78485.0,19.3,7.0,8.9,8.2,43.400000000000006
76980.0,27.7,8.9,7.5,10.1,54.2
96430.0,19.4,5.6,8.7,8.3,42.0
110338.0,28.6,7.4,6.2,5.3,47.5
91510.0,33.1,7.3,7.8,5.3,53.49999999999999
159527.0,24.4,6.9,6.3,4.2,41.8
183810.0,22.4,5.6,4.0,5.4,37.4
79216.0,30.1,8.9,7.7,7.9,54.6
160399.0,22.4,5.6,4.9,4.9,37.8
95661.0,28.4,8.8,7.5,6.6,51.3
72231.0,20.6,7.3,8.8,9.2,45.900000000000006
133286.0,20.7,6.1,6.3,8.9,41.99999999999999
158160.0,21.4,6.0,4.9,6.7,39.0
155503.0,19.3,6.6,5.5,6.2,37.6
84737.0,31.4,8.8,8.0,6.7,54.900000000000006
63663.0,21.2,7.9,9.1,9.7,47.900000000000006
168383.0,19.6,5.0,5.3,8.4,38.3
183552.0,22.1,5.4,4.5,4.6,36.6
119203.0,19.2,4.2,5.4,6.4,35.2
147159.0,15.4,5.1,6.0,8.8,35.3
102166.0,18.2,5.2,8.3,10.8,42.5
103183.0,24.1,7.7,6.8,8.5,47.1
94097.0,30.5,8.2,7.3,6.4,52.4
58550.0,24.2,8.2,8.2,10.5,51.1
95055.0,18.0,6.7,8.6,8.1,41.4
58946.0,21.4,7.7,9.2,10.0,48.3
110869.0,19.3,7.8,6.3,9.3,42.7
115736.0,21.5,8.0,7.2,8.6,45.3
128199.0,22.2,7.0,6.8,7.9,43.9
156464.0,19.8,6.2,5.6,8.6,40.2
96615.0,30.0,8.2,6.8,6.4,51.4
77414.0,30.9,8.9,7.8,7.1,54.7
135612.0,24.9,7.3,7.0,3.7,42.9
168181.0,22.0,5.7,4.9,6.0,38.6
187510.0,18.5,5.8,5.1,7.7,37.1
84956.0,29.0,8.7,7.2,5.6,50.50000000000001
141174.0,21.4,7.9,6.2,5.4,40.9
164691.0,19.4,6.7,4.8,6.1,37.0
95645.0,24.6,7.7,6.6,9.0,47.900000000000006
131110.0,15.9,5.1,6.2,7.8,35.0
128581.0,22.8,7.1,6.0,7.7,43.6
132492.0,23.3,6.5,6.2,5.6,41.6
149984.0,20.5,6.5,5.7,7.7,40.400000000000006
100605.0,25.9,7.2,6.3,8.5,47.9
99329.0,28.5,6.5,7.8,6.1,48.9
142060.0,20.5,6.4,5.5,8.1,40.5
76811.0,20.0,7.8,9.2,9.9,46.9
181250.0,17.3,6.4,4.5,6.9,35.1
78182.0,19.2,10.0,7.0,8.0,44.2
139897.0,15.9,6.6,6.5,8.1,37.1
99569.0,23.0,6.9,6.5,8.8,45.2
119866.0,23.3,6.9,6.2,8.6,45.00000000000001
109468.0,22.3,7.9,6.9,9.1,46.2
133488.0,21.2,6.3,6.4,8.0,41.9
108783.0,17.4,5.8,7.6,8.4,39.2
177375.0,21.4,5.5,4.3,4.5,35.7
65419.0,26.1,8.2,8.8,10.7,53.8
168507.0,17.9,5.8,5.7,7.1,36.5
118160.0,22.7,7.2,6.2,8.7,44.8
83919.0,27.0,8.9,8.0,7.8,51.7
162279.0,22.9,5.8,5.9,2.4,37.0
127935.0,20.4,6.5,8.3,7.1,42.3
90683.0,25.5,8.1,6.4,11.2,51.2
144536.0,26.2,7.4,6.2,7.9,47.7
125084.0,16.3,5.1,7.1,6.8,35.3
125546.0,25.2,7.2,6.0,6.0,44.4
113916.0,24.3,7.1,6.1,8.5,46.0
104529.0,19.2,5.6,8.2,8.0,41.0
165831.0,20.0,5.6,5.4,7.2,38.2
99494.0,17.7,6.7,7.7,8.6,40.7
128753.0,20.7,7.4,6.5,6.6,41.2
77724.0,26.7,8.8,7.6,10.7,53.8
141743.0,15.6,5.4,6.8,7.3,35.1
130330.0,15.6,5.4,7.3,7.4,35.7
115405.0,26.6,7.6,7.3,4.9,46.4
111803.0,23.3,8.2,6.8,9.2,47.5
83919.0,27.0,8.9,8.0,7.8,51.7
87443.0,27.3,8.8,8.3,6.0,50.400000000000006
104456.0,27.3,8.5,6.9,6.7,49.4
132224.0,19.0,6.7,7.5,8.2,41.400000000000006
111701.0,22.4,7.8,8.5,8.4,47.1
94235.0,19.7,6.8,8.0,9.2,43.7
83236.0,29.8,8.6,7.4,6.9,52.7
166636.0,20.4,6.3,6.2,4.6,37.5
99380.0,18.9,6.5,7.9,8.4,41.7
104356.0,19.5,5.3,7.1,7.8,39.7
139737.0,23.0,6.4,5.7,4.4,39.5
87995.0,19.5,6.5,8.0,8.9,42.9
169716.0,19.1,4.8,5.0,7.3,36.2
104008.0,26.3,4.9,6.2,9.8,47.2
129343.0,24.5,7.4,7.0,9.7,48.6
165923.0,23.7,7.7,4.4,4.4,40.2
125725.0,23.0,7.6,8.2,5.5,44.3
147176.0,19.3,7.2,4.1,6.2,36.8
103697.0,28.5,7.8,6.0,6.8,49.1
85473.0,22.2,5.6,7.2,8.5,43.5
76051.0,28.4,8.0,6.7,10.4,53.5
172782.0,19.0,5.4,6.0,5.0,35.4
148269.0,22.9,6.9,6.3,4.3,40.39999999999999
147176.0,19.3,7.2,4.1,6.2,36.8
117501.0,23.1,7.8,6.6,7.6,45.1
149038.0,23.0,5.0,4.6,6.2,38.8
65582.0,21.6,7.0,10.0,9.6,48.2
154215.0,25.0,6.7,5.3,4.2,41.2
124251.0,26.1,7.9,7.0,5.5,46.5
88911.0,28.7,8.4,7.8,6.9,51.8
115141.0,26.7,7.8,6.6,6.6,47.7
140621.0,24.4,7.1,6.1,3.7,41.3
163824.0,21.8,4.1,5.6,4.1,35.6
104250.0,17.5,5.7,7.9,8.5,39.6
54704.0,22.2,7.1,9.3,9.7,48.3
83879.0,21.3,7.1,8.0,9.8,46.2
168978.0,20.4,5.8,6.6,7.0,39.8
192025.0,17.0,5.9,5.1,7.3,35.3
83665.0,30.3,7.2,7.7,6.6,51.8
152884.0,22.6,5.6,4.8,5.3,38.3
146364.0,18.5,6.9,7.6,6.1,39.1
106443.0,26.2,7.0,6.7,8.0,47.900000000000006
64386.0,21.8,8.0,9.4,9.2,48.400000000000006
153119.0,23.8,6.4,4.9,5.2,40.3
157796.0,22.7,8.2,5.5,3.7,40.1
186926.0,21.2,6.4,5.4,3.6,36.6
83445.0,19.8,6.4,8.4,8.4,43.0
86724.0,26.0,8.1,7.2,9.8,51.10000000000001
102890.0,16.7,7.1,9.0,8.6,41.4
156295.0,21.8,6.6,5.8,3.7,37.9
163574.0,21.4,7.7,5.3,5.5,39.9
117688.0,23.4,7.3,6.1,8.7,45.5
119741.0,16.3,5.6,7.6,8.1,37.6
110278.0,16.8,6.0,7.7,7.2,37.7
98379.0,18.2,6.2,8.0,9.0,41.4
62437.0,21.7,8.4,9.4,9.8,49.3
63553.0,20.4,7.7,10.0,9.9,47.99999999999999
111681.0,16.8,6.0,8.6,7.4,38.8
104393.0,18.6,4.7,6.5,6.1,35.9
69115.0,21.1,6.6,9.3,9.5,46.5
68682.0,22.3,7.0,9.2,9.1,47.6
91655.0,31.4,8.1,6.6,5.9,52.0
89023.0,17.0,7.3,10.2,8.6,43.1
115124.0,23.7,6.6,6.1,8.7,45.1
119361.0,23.6,7.3,6.3,8.3,45.5
136229.0,22.3,7.3,6.5,7.2,43.3
113855.0,17.9,5.9,7.3,8.1,39.2
172712.0,20.5,5.2,4.4,7.3,37.4
83473.0,20.9,6.7,7.9,9.2,44.7
94034.0,16.1,6.8,10.2,8.8,41.900000000000006
147373.0,19.7,5.7,4.5,7.2,37.1
93384.0,24.9,7.8,7.1,9.5,49.3
169017.0,19.7,5.1,5.6,5.3,35.7
150673.0,24.3,6.5,5.6,3.9,40.3
156350.0,18.7,5.7,5.7,6.3,36.4
146059.0,22.4,6.1,5.4,6.9,40.8
101162.0,27.7,7.5,7.0,5.7,47.900000000000006
138609.0,24.9,6.8,6.0,5.2,42.900000000000006
58346.0,22.7,7.4,9.1,9.6,48.8
166694.0,24.5,6.3,5.6,5.9,42.3
67382.0,22.1,8.0,8.5,10.9,49.5
93525.0,25.0,8.7,6.6,11.1,51.400000000000006
148000.0,23.5,6.4,5.5,4.5,39.9
106752.0,24.3,7.5,6.5,9.0,47.3
152508.0,23.1,7.7,4.5,2.9,38.2
80758.0,27.8,8.3,7.3,10.0,53.4
187923.0,20.2,4.8,4.8,5.3,35.1
146132.0,20.7,6.2,5.7,4.1,36.7
112571.0,27.9,7.6,6.9,5.4,47.8
165110.0,22.6,5.5,5.5,4.5,38.1
146905.0,23.7,6.2,5.7,4.5,40.1
110147.0,17.5,4.7,5.5,10.1,37.8
131110.0,15.9,5.1,6.2,7.8,35.0
63181.0,19.6,8.2,8.9,9.6,46.3
129538.0,21.0,7.0,6.5,7.8,42.3
120596.0,16.6,5.4,7.9,6.8,36.7
146786.0,23.4,7.1,5.4,5.0,40.9
165831.0,20.0,5.6,5.4,7.2,38.2
97267.0,27.8,8.3,9.4,5.7,51.2
74033.0,28.3,8.9,8.0,9.8,55.0
92947.0,26.3,7.3,6.3,9.8,49.7
84427.0,20.4,6.9,7.7,10.1,45.1
107520.0,15.8,6.4,7.0,9.3,38.5
141300.0,24.5,5.6,6.1,6.3,42.5
76753.0,28.3,8.5,7.2,10.2,54.2
93963.0,24.8,7.8,7.3,9.5,49.4
118883.0,23.8,7.0,5.9,7.6,44.3
98456.0,19.0,5.6,7.0,7.8,39.4
147595.0,23.0,6.5,6.1,8.6,44.2
87068.0,30.8,8.0,7.5,7.2,53.5
189399.0,20.1,5.6,5.7,4.2,35.6
126102.0,22.8,7.0,5.6,6.8,42.2
88429.0,25.9,8.9,7.4,8.9,51.1
108086.0,17.7,6.0,7.5,7.8,39.0
81622.0,19.9,7.1,8.5,9.3,44.8
103848.0,23.4,7.7,7.0,8.6,46.7
126669.0,16.0,5.9,7.2,8.3,37.4
103268.0,24.1,7.7,7.6,8.9,48.3
166874.0,20.1,5.1,4.7,5.8,35.7
73496.0,21.7,6.9,8.6,8.7,45.900000000000006
126070.0,15.9,5.5,7.7,6.5,35.599999999999994
82875.0,25.2,7.8,9.5,11.4,53.9
82213.0,26.6,8.7,7.8,9.9,52.99999999999999
60178.0,24.0,7.6,9.3,10.9,51.8
174228.0,18.3,6.6,5.9,8.2,39.0
133284.0,25.0,7.0,6.4,4.8,43.2
141364.0,18.1,7.0,10.1,4.1,39.3
73862.0,22.5,6.4,7.7,9.0,45.6
91878.0,27.4,8.4,8.3,6.9,50.99999999999999
118813.0,26.2,7.4,6.3,5.0,44.9
121110.0,26.9,7.7,6.8,5.0,46.4
165110.0,22.6,5.5,5.5,4.5,38.1
126842.0,28.8,7.8,6.6,5.9,49.1
90571.0,25.2,8.1,7.2,10.0,50.5
83445.0,19.8,6.4,8.4,8.4,43.0
84175.0,21.4,6.3,7.1,9.1,43.9
179290.0,20.6,5.0,6.3,4.7,36.6
130451.0,21.3,6.9,6.5,8.5,43.2
54185.0,22.0,9.1,8.6,10.4,50.1
161945.0,20.9,6.6,6.4,6.3,40.2
89315.0,24.3,8.4,7.2,10.7,50.60000000000001
92202.0,23.2,7.5,9.2,6.8,46.7
88881.0,28.9,8.4,7.5,6.5,51.3
147595.0,23.0,6.5,6.1,8.6,44.2
111605.0,12.8,13.0,10.5,4.2,40.5
169540.0,16.2,7.0,7.2,5.8,36.2
81011.0,31.9,8.7,7.3,7.1,54.99999999999999
91601.0,25.5,8.4,7.0,10.0,50.9
110146.0,13.1,8.5,8.9,9.0,39.5
186255.0,25.1,5.2,5.2,5.2,40.7
99743.0,17.5,6.1,7.9,7.5,39.0
81317.0,19.8,6.4,8.5,9.4,44.1
151456.0,23.9,6.4,6.0,4.6,40.9
51884.0,22.6,8.8,10.3,10.5,52.2
125262.0,23.6,6.7,6.2,8.6,45.1
81588.0,26.3,8.0,7.7,10.4,52.4
128997.0,19.1,7.9,5.5,9.0,41.5
160460.0,20.9,5.0,5.7,6.2,37.8
104529.0,19.2,5.6,8.2,8.0,41.0
86193.0,19.6,6.7,8.3,9.3,43.900000000000006
137546.0,22.3,7.5,5.0,9.5,44.3
97777.0,29.5,8.2,7.4,6.3,51.4
175956.0,22.7,5.4,4.0,3.6,35.7
82020.0,27.0,8.5,7.3,9.7,52.5
110627.0,17.7,5.5,7.9,7.6,38.7
63073.0,22.7,7.8,8.7,9.8,49.0
94000.0,22.0,6.7,8.9,9.5,47.1
150063.0,24.2,6.9,5.1,4.2,40.400000000000006
104638.0,18.6,6.0,7.5,8.7,40.8
50187.0,23.1,7.8,9.5,10.1,50.50000000000001
76051.0,28.4,8.0,6.7,10.4,53.5
195610.0,20.1,4.8,4.6,5.9,35.4
73488.0,20.7,7.5,9.1,9.4,46.7
118206.0,27.5,7.9,6.6,4.9,46.9
58010.0,24.3,8.4,8.3,9.4,50.4
117501.0,23.1,7.8,6.6,7.6,45.1
183811.0,21.0,5.2,4.6,5.1,35.9
117501.0,23.1,7.8,6.6,7.6,45.1
65314.0,21.8,7.8,9.1,9.4,48.1
143429.0,24.3,6.7,5.5,4.7,41.2
101848.0,28.0,7.8,6.7,5.1,47.6
166671.0,21.9,6.1,5.6,3.9,37.5
59529.0,21.2,7.6,9.3,9.9,47.99999999999999
52589.0,23.4,8.2,9.4,10.5,51.5
76249.0,26.6,8.6,8.0,10.3,53.5
175956.0,22.7,5.4,4.0,3.6,35.7
126734.0,25.9,7.7,6.2,5.8,45.6
92803.0,28.9,7.8,6.5,6.6,49.8
97950.0,18.0,6.3,8.0,8.8,41.1
71262.0,27.3,8.3,8.8,9.4,53.8
138833.0,22.6,6.4,5.9,7.8,42.7
108952.0,21.7,8.9,6.4,9.8,46.8
97635.0,18.7,6.2,5.8,8.5,39.2
90656.0,25.6,7.9,6.9,9.6,50.0
69553.0,19.8,6.8,8.5,10.2,45.3
150796.0,24.3,5.9,5.7,4.8,40.7
107027.0,26.0,7.8,6.6,8.5,48.9
143323.0,22.5,6.2,5.0,7.6,41.3
144675.0,21.8,6.7,6.1,9.2,43.8
134028.0,16.0,5.3,7.2,6.9,35.4
84293.0,19.2,7.0,7.9,9.8,43.900000000000006
123614.0,25.8,7.7,6.9,5.9,46.3
108843.0,17.6,5.9,7.0,8.6,39.1
121708.0,24.8,7.0,5.9,9.4,47.1
164208.0,19.6,5.5,5.7,6.1,36.9
65392.0,21.8,7.9,8.9,9.7,48.3
160584.0,25.6,6.3,5.7,6.8,44.4
182858.0,17.0,5.5,6.5,6.6,35.6
113381.0,16.3,6.1,6.8,9.2,38.4
81011.0,31.9,8.7,7.3,7.1,54.99999999999999
143886.0,25.7,7.4,6.2,4.7,44.00000000000001
146381.0,21.9,6.4,6.0,7.8,42.1
107777.0,26.5,7.5,7.1,7.0,48.1
175641.0,19.0,5.8,5.6,6.2,36.6
107027.0,26.0,7.8,6.6,8.5,48.9
154949.0,25.7,6.8,5.7,3.4,41.6
105033.0,15.1,6.7,9.6,8.6,40.0
92890.0,25.2,8.2,7.5,9.7,50.6
86973.0,29.8,7.9,7.2,6.8,51.7
104706.0,17.1,5.9,8.1,8.5,39.6
95423.0,24.7,8.4,8.5,9.3,50.900000000000006
99827.0,17.3,6.5,8.2,8.8,40.8
118015.0,23.3,6.8,6.0,8.8,44.900000000000006
182331.0,20.7,4.5,7.6,4.3,37.1
122297.0,22.2,7.3,6.7,8.3,44.5
70964.0,21.1,7.1,9.2,9.8,47.2
74688.0,20.1,7.9,9.3,10.1,47.4
104393.0,18.6,4.7,6.5,6.1,35.9
91081.0,18.1,6.9,8.5,9.2,42.7
106601.0,24.2,7.7,6.7,9.5,48.1
104820.0,17.5,6.1,7.2,8.6,39.4
143000.0,18.4,7.4,6.3,7.3,39.39999999999999
161945.0,20.9,6.6,6.4,6.3,40.2
86875.0,20.9,7.6,5.9,11.3,45.7
179013.0,20.0,5.5,5.4,5.3,36.2
147697.0,22.5,6.6,5.7,5.1,39.900000000000006
112765.0,23.6,7.5,6.4,9.7,47.2
137143.0,24.3,6.9,5.8,6.1,43.1
103397.0,17.9,6.6,7.9,8.4,40.8
98309.0,26.8,8.0,7.8,6.6,49.2
96496.0,18.5,7.4,9.6,8.8,44.3
162040.0,23.4,6.1,5.1,4.8,39.4
100692.0,18.5,6.4,8.0,7.8,40.7
103228.0,21.5,7.7,8.9,9.9,48.0
165222.0,20.7,6.5,4.4,3.5,35.1
96485.0,25.5,7.9,8.6,8.8,50.8
95645.0,24.6,7.7,6.6,9.0,47.900000000000006
126734.0,25.9,7.7,6.2,5.8,45.6
155749.0,19.7,5.9,5.5,6.7,37.8
101069.0,15.7,6.1,8.6,8.8,39.2
125509.0,16.4,5.5,6.5,7.3,35.7
93449.0,18.4,6.0,7.8,8.8,41.0
113028.0,23.4,7.0,6.3,8.9,45.6
95032.0,25.4,8.4,7.5,8.6,49.9
107777.0,26.5,7.5,7.1,7.0,48.1
95299.0,27.5,7.9,6.6,7.2,49.2
81654.0,19.8,7.0,8.7,9.4,44.9
97635.0,18.7,6.2,5.8,8.5,39.2
124562.0,21.7,7.0,6.2,8.5,43.4
98262.0,28.8,8.3,7.3,6.2,50.6
80002.0,29.9,8.8,7.8,7.2,53.7
101166.0,28.1,8.5,7.5,7.3,51.4
122835.0,27.2,7.3,6.2,4.1,44.8
148888.0,25.4,6.9,5.5,4.9,42.7
158045.0,19.1,5.9,6.7,8.1,39.8
151579.0,18.5,5.7,6.7,6.6,37.5
98267.0,23.9,7.7,7.3,9.1,48.0
86722.0,25.6,8.2,7.4,9.4,50.6
125400.0,25.2,8.0,6.8,6.5,46.5
141300.0,24.5,5.6,6.1,6.3,42.5
165659.0,17.8,5.9,6.5,7.3,37.5
141743.0,15.6,5.4,6.8,7.3,35.1
86958.0,30.9,9.0,7.5,7.4,54.8
120193.0,28.5,7.4,6.2,5.4,47.5
130401.0,27.6,6.8,5.2,4.8,44.4
81012.0,25.4,9.5,7.7,10.6,53.2
80021.0,26.0,8.9,7.6,9.8,52.3
183216.0,18.5,5.1,5.5,6.5,35.6
126427.0,24.8,7.8,6.0,6.0,44.6
55204.0,23.6,8.1,9.3,11.1,52.1
126070.0,15.9,5.5,7.7,6.5,35.599999999999994
129078.0,18.1,4.7,6.6,6.4,35.8
72080.0,28.0,8.6,7.5,10.4,54.5
109328.0,17.2,6.1,8.2,7.5,39.0
187953.0,21.6,5.7,5.1,5.2,37.6
94825.0,30.8,8.6,7.0,5.8,52.2
147439.0,23.4,2.9,6.4,6.1,38.8
108379.0,29.3,7.3,6.3,6.3,49.2
149307.0,19.9,6.8,6.6,7.1,40.4
56867.0,22.5,7.8,9.5,10.1,49.9
144189.0,27.8,5.4,3.8,4.8,41.8
137264.0,20.9,7.3,6.9,8.6,43.7
175913.0,20.3,5.6,5.2,4.3,35.4
166174.0,20.2,4.8,4.2,6.8,36.0
73883.0,27.0,8.6,7.5,10.3,53.400000000000006
151993.0,23.2,6.9,4.8,5.1,40.0
133656.0,25.7,7.7,6.3,4.6,44.3
91304.0,29.0,6.7,6.8,8.9,51.4
138140.0,22.7,7.6,6.0,9.8,46.1
84854.0,18.9,6.2,8.6,9.6,43.3
90594.0,25.3,10.8,8.0,10.3,54.400000000000006
149271.0,21.6,5.7,5.6,5.9,38.8
52248.0,24.2,6.7,9.4,10.8,51.1
74823.0,21.1,7.1,8.2,9.0,45.400000000000006
99258.0,25.9,9.3,7.5,10.5,53.2
91304.0,29.0,6.7,6.8,8.9,51.4
64918.0,22.0,7.4,9.1,9.7,48.2
127857.0,23.5,7.8,5.4,9.4,46.1
72096.0,27.4,7.4,6.4,10.9,52.1
67963.0,22.5,7.8,9.8,10.2,50.3
119401.0,23.7,6.9,6.3,8.5,45.4
124049.0,14.2,5.2,8.5,7.2,35.1
99469.0,18.7,6.2,6.8,9.9,41.6
125139.0,22.9,6.5,5.7,7.9,43.0
121481.0,24.3,7.1,6.8,7.0,45.2
149371.0,23.5,6.3,5.7,4.6,40.1
51799.0,23.2,9.2,8.1,9.7,50.2
111182.0,35.3,7.1,5.3,5.2,52.9
99258.0,25.9,9.3,7.5,10.5,53.2
115395.0,21.7,7.3,6.4,8.9,44.3
107438.0,25.0,8.1,6.8,8.1,48.0
164597.0,21.0,6.4,5.9,5.2,38.5
94154.0,24.8,7.7,6.9,8.7,48.1
106732.0,17.5,6.5,7.8,8.4,40.2
108934.0,24.1,7.2,6.6,9.6,47.5
114951.0,23.3,7.2,6.9,8.2,45.6
135612.0,24.9,7.3,7.0,3.7,42.9
160129.0,23.1,6.7,5.0,4.1,38.9
65516.0,21.6,6.8,8.1,10.0,46.5
103928.0,20.9,7.1,8.3,9.0,45.3
91720.0,17.0,6.9,7.8,9.1,40.8
100793.0,26.0,7.8,7.4,5.5,46.7
153957.0,15.4,5.2,7.2,7.8,35.6
81011.0,31.9,8.7,7.3,7.1,54.99999999999999
151644.0,18.4,8.3,6.4,8.3,41.400000000000006
151354.0,22.4,6.8,5.9,5.2,40.3
65554.0,23.1,7.7,8.6,9.9,49.3
112159.0,17.2,5.6,7.4,6.4,36.6
143000.0,18.4,7.4,6.3,7.3,39.39999999999999
73409.0,20.8,7.0,7.9,9.6,45.3
74849.0,20.7,7.5,9.0,9.0,46.2
112836.0,23.0,6.9,6.5,9.5,45.9
92134.0,23.6,7.1,7.5,10.5,48.7
138021.0,20.8,6.5,5.7,8.0,41.0
138860.0,20.5,6.8,6.6,7.2,41.1
183402.0,22.5,6.3,5.1,3.1,37.0
129879.0,15.7,5.6,6.0,7.7,35.0
112041.0,16.6,5.9,8.0,7.7,38.2
113948.0,25.1,9.3,5.3,5.4,45.1
65392.0,21.8,7.9,8.9,9.7,48.3
125321.0,23.8,7.1,6.1,8.8,45.8
85603.0,27.1,8.5,7.2,8.6,51.400000000000006
128708.0,25.4,7.1,5.8,8.9,47.2
152335.0,24.6,7.4,6.3,2.1,40.4
92098.0,28.3,9.0,7.3,5.6,50.2
161212.0,20.2,7.0,6.3,8.6,42.1
91560.0,25.3,8.2,6.9,9.6,50.0
70653.0,20.2,6.2,7.4,8.9,42.7
171973.0,19.9,4.8,6.4,5.0,36.1
128090.0,25.6,7.3,5.8,5.0,43.7
96615.0,30.0,8.2,6.8,6.4,51.4
118206.0,27.5,7.9,6.6,4.9,46.9
68887.0,19.8,7.5,9.4,9.8,46.5
74823.0,21.1,7.1,8.2,9.0,45.400000000000006
152760.0,21.7,5.5,5.2,6.5,38.9
132669.0,26.7,6.6,6.0,4.8,44.1
140059.0,16.0,5.4,7.3,6.3,35.0
53133.0,23.6,8.1,9.8,10.0,51.5
143804.0,18.8,7.3,5.3,7.8,39.2
121456.0,21.3,6.8,6.2,9.3,43.60000000000001
170881.0,22.5,6.5,5.5,3.7,38.2
102003.0,16.2,5.9,7.3,8.9,38.3
125496.0,25.2,8.0,6.8,4.3,44.3
76753.0,28.3,8.5,7.2,10.2,54.2
106393.0,25.7,7.4,6.5,6.5,46.1
138021.0,20.8,6.5,5.7,8.0,41.0
85092.0,32.7,7.9,6.5,6.9,54.0
87077.0,17.9,6.7,9.5,8.8,42.89999999999999
72231.0,20.6,7.3,8.8,9.2,45.900000000000006
146381.0,21.9,6.4,6.0,7.8,42.1
147456.0,24.2,7.1,5.5,5.5,42.3
141516.0,20.3,6.6,6.0,8.1,41.0
89482.0,26.8,8.1,5.9,7.4,48.2
70821.0,20.4,7.3,8.7,9.8,46.2
55647.0,22.3,8.7,9.5,10.3,50.8
167208.0,20.6,5.8,5.9,5.8,38.1
84889.0,27.1,8.1,7.6,10.4,53.2
148657.0,26.3,7.7,6.2,5.3,45.5
143329.0,24.4,6.8,6.2,4.5,41.9
56852.0,23.3,8.3,9.0,11.0,51.6
190625.0,20.2,6.0,5.4,4.5,36.1
171034.0,18.9,5.5,6.2,5.8,36.4
146059.0,22.4,6.1,5.4,6.9,40.8
96638.0,16.4,6.2,8.6,8.1,39.3
137264.0,20.9,7.3,6.9,8.6,43.7
117789.0,16.4,5.7,8.8,7.6,38.5
123989.0,23.2,7.7,6.9,9.9,47.7
149271.0,21.6,5.7,5.6,5.9,38.8
52465.0,23.6,9.1,9.7,9.8,52.2
129078.0,18.1,4.7,6.6,6.4,35.8
128071.0,24.5,7.9,6.0,5.7,44.1
143053.0,22.5,6.5,5.9,4.3,39.2
100419.0,18.4,5.4,7.3,7.2,38.3
80981.0,27.0,8.0,7.9,10.1,53.0
55208.0,24.4,8.3,9.0,10.3,52.0
143176.0,23.1,6.4,3.9,4.5,37.9
172676.0,22.4,5.5,5.1,3.9,36.9
76772.0,17.9,5.9,11.1,7.4,42.3
129536.0,24.0,7.6,7.0,4.9,43.5
123614.0,25.8,7.7,6.9,5.9,46.3
83753.0,26.7,7.9,7.1,9.4,51.1
180900.0,18.6,5.2,5.4,5.8,35.0
164051.0,19.8,5.5,5.7,6.7,37.7
74294.0,28.4,9.0,7.1,10.5,55.0
100737.0,17.3,6.4,8.2,7.6,39.5
189538.0,21.4,4.9,6.3,5.6,38.2
74176.0,29.9,9.5,8.1,7.5,55.0
90955.0,19.7,6.2,7.5,8.6,42.0
155148.0,21.2,5.0,5.1,4.9,36.2
76054.0,20.8,7.7,8.0,10.0,46.5
93449.0,18.4,6.0,7.8,8.8,41.0
100739.0,17.6,6.7,7.9,8.9,41.1
111601.0,16.4,5.7,7.7,7.8,37.6
112765.0,23.6,7.5,6.4,9.7,47.2
116789.0,21.9,2.9,4.3,6.0,35.099999999999994
80427.0,26.9,8.2,8.2,9.4,52.7
90822.0,20.8,7.8,8.8,10.4,47.8
55183.0,23.4,8.6,7.8,9.9,49.7
74459.0,28.5,8.5,7.5,9.6,54.1
148205.0,23.4,7.5,6.7,9.3,46.900000000000006
187267.0,19.0,4.4,4.7,7.2,35.3
109352.0,29.6,7.2,5.9,5.6,48.3
162040.0,23.4,6.1,5.1,4.8,39.4
97456.0,29.1,8.1,7.3,5.8,50.3
99865.0,24.4,7.9,7.2,9.1,48.6
171880.0,18.5,6.5,5.6,6.9,37.5
92480.0,18.1,6.5,8.2,7.7,40.5
75096.0,24.6,10.7,7.8,8.5,51.6
119811.0,27.6,7.2,6.4,4.7,45.900000000000006
91338.0,30.5,8.4,7.0,6.9,52.8
74288.0,21.9,6.9,9.0,8.4,46.2
79870.0,27.5,7.2,7.6,10.7,53.0
129664.0,22.4,6.1,6.8,9.1,44.4
187064.0,20.3,5.3,5.0,7.9,38.5
92956.0,27.5,8.5,7.5,10.7,54.2
72155.0,29.3,8.2,7.1,9.8,54.400000000000006
164597.0,21.0,6.4,5.9,5.2,38.5
55464.0,23.1,8.6,9.2,9.9,50.8
69250.0,21.4,7.2,8.7,9.2,46.5
116307.0,22.0,6.6,6.1,9.5,44.2
141068.0,23.9,6.4,5.6,5.1,41.0
118779.0,16.5,5.9,7.5,9.2,39.1
163538.0,21.5,4.7,4.2,5.8,36.2
75701.0,22.3,7.6,9.3,10.3,49.5
133553.0,25.3,7.0,5.2,4.7,42.2
168338.0,22.4,6.6,5.3,3.4,37.7
156139.0,21.4,5.1,5.7,6.8,39.0
81676.0,19.3,7.1,8.7,9.4,44.49999999999999
152804.0,22.3,7.2,6.1,5.2,40.8
105062.0,27.9,7.3,6.5,6.1,47.8
80526.0,18.7,7.2,8.7,8.8,43.39999999999999
112874.0,16.4,7.2,8.6,7.9,40.1
79748.0,21.1,6.9,9.2,9.2,46.400000000000006
114027.0,27.1,7.1,6.3,6.4,46.9
181675.0,19.7,5.2,4.9,6.3,36.1
77760.0,22.0,7.0,6.8,8.5,44.3
124591.0,29.0,8.4,6.4,7.9,51.7
139163.0,23.9,6.8,6.2,4.6,41.5
162279.0,22.9,5.8,5.9,2.4,37.0
59677.0,21.5,8.6,7.7,10.3,48.10000000000001
126593.0,16.5,5.3,7.5,7.5,36.8
81790.0,27.4,8.5,7.9,9.9,53.7
104638.0,18.6,6.0,7.5,8.7,40.8
121108.0,16.6,5.6,7.5,6.8,36.5
140710.0,20.5,7.2,4.7,7.4,39.8
129443.0,21.5,8.0,4.3,5.6,39.4
169979.0,22.6,6.6,5.1,4.2,38.50000000000001
170574.0,18.9,5.6,5.7,5.6,35.8
125552.0,25.2,7.8,6.7,7.0,46.7
137143.0,24.3,6.9,5.8,6.1,43.1
115292.0,28.1,7.9,6.1,5.9,48.0
168558.0,19.1,6.3,6.1,5.6,37.1
126070.0,15.9,5.5,7.7,6.5,35.599999999999994
141348.0,20.7,6.1,6.1,7.5,40.4
90868.0,20.7,6.8,7.2,8.9,43.6
106271.0,28.6,8.2,6.6,3.9,47.3
156464.0,19.8,6.2,5.6,8.6,40.2
129166.0,18.2,5.2,6.6,6.4,36.4
169899.0,21.2,6.7,6.0,6.6,40.5
185089.0,20.1,4.8,5.4,8.0,38.3
192599.0,21.5,5.0,5.1,3.8,35.4
151644.0,18.4,8.3,6.4,8.3,41.400000000000006
91162.0,27.8,9.1,7.7,6.7,51.3
158560.0,19.8,5.4,5.1,8.2,38.5
157796.0,22.7,8.2,5.5,3.7,40.1
120570.0,15.6,4.9,7.3,8.0,35.8
140571.0,19.1,6.5,7.3,6.6,39.5
93244.0,23.9,8.5,8.0,9.2,49.6
88071.0,28.8,8.8,7.5,6.7,51.8
92394.0,19.6,6.2,7.6,8.9,42.3
148000.0,23.5,6.4,5.5,4.5,39.9
74502.0,19.9,6.6,9.0,9.0,44.5
79469.0,27.0,8.5,7.6,10.4,53.5
168524.0,22.5,6.1,6.1,3.5,38.2
185238.0,23.7,5.7,4.3,5.5,39.2
143650.0,22.5,6.6,6.6,6.7,42.400000000000006
182691.0,25.0,5.6,6.1,7.3,44.0
95175.0,17.6,5.7,8.7,8.8,40.8
106439.0,27.5,8.0,7.0,6.0,48.5
118883.0,23.8,7.0,5.9,7.6,44.3
154798.0,23.3,6.8,6.3,4.0,40.4
77779.0,27.0,8.7,7.2,10.8,53.7
131813.0,22.7,6.4,6.3,8.1,43.5
114042.0,26.8,7.1,6.3,6.3,46.49999999999999
181250.0,17.3,6.4,4.5,6.9,35.1
126882.0,21.0,5.8,9.1,5.1,41.0
120193.0,28.5,7.4,6.2,5.4,47.5
192599.0,21.5,5.0,5.1,3.8,35.4
142033.0,15.5,5.2,6.9,8.3,35.900000000000006
100373.0,26.0,7.9,7.4,9.8,51.1
77584.0,31.5,8.8,6.6,7.5,54.4
119274.0,22.4,6.8,6.5,8.5,44.2
152335.0,24.6,7.4,6.3,2.1,40.4
159220.0,22.4,5.9,5.4,5.1,38.8
159567.0,20.0,6.1,5.8,5.9,37.8
88567.0,20.4,7.9,7.9,12.3,48.5
86159.0,20.9,5.4,8.6,9.2,44.1
137664.0,22.6,5.5,4.1,8.3,40.5
156785.0,19.8,6.8,7.1,5.3,39.0
109891.0,23.7,6.9,6.4,8.9,45.9
106146.0,18.2,6.3,8.0,7.6,40.1
79469.0,27.0,8.5,7.6,10.4,53.5
98456.0,19.0,5.6,7.0,7.8,39.4
104250.0,17.5,5.7,7.9,8.5,39.6
147176.0,19.3,7.2,4.1,6.2,36.8
88343.0,29.2,9.1,7.6,5.8,51.7
79599.0,19.6,6.8,8.4,9.4,44.2
125571.0,19.3,6.7,7.4,6.8,40.2
85473.0,22.2,5.6,7.2,8.5,43.5
169203.0,22.0,6.4,5.2,3.4,37.0
115405.0,26.6,7.6,7.3,4.9,46.4
95177.0,18.0,7.0,8.2,9.4,42.6
92950.0,22.6,4.3,5.4,9.8,42.10000000000001
163538.0,21.5,4.7,4.2,5.8,36.2
55213.0,24.8,9.0,9.2,10.8,53.8
172481.0,17.8,6.9,6.1,6.6,37.400000000000006
168945.0,21.8,6.5,4.6,3.8,36.7
67718.0,20.6,7.1,9.3,9.2,46.2
119401.0,23.7,6.9,6.3,8.5,45.4
123557.0,15.2,5.3,8.2,7.8,36.5
174134.0,22.5,7.3,4.6,2.9,37.3
71773.0,20.9,7.0,8.8,9.6,46.3
71630.0,20.7,7.5,9.2,9.3,46.7
115595.0,27.1,8.2,6.5,4.2,46.0
145367.0,22.4,6.6,5.6,8.8,43.400000000000006
52062.0,23.4,8.2,9.3,10.9,51.8
55204.0,23.6,8.1,9.3,11.1,52.1
168507.0,17.9,5.8,5.7,7.1,36.5
144271.0,19.3,6.7,6.0,8.4,40.4
121007.0,26.3,7.1,6.0,6.6,46.0
116716.0,25.7,6.9,6.7,5.9,45.2
125321.0,23.8,7.1,6.1,8.8,45.8
149038.0,23.0,5.0,4.6,6.2,38.8
108035.0,17.6,6.2,6.8,7.9,38.5
88585.0,27.7,8.2,7.1,9.1,52.1
160584.0,25.6,6.3,5.7,6.8,44.4
152804.0,22.3,7.2,6.1,5.2,40.8
98003.0,29.2,7.7,6.7,6.6,50.2
127538.0,16.2,5.7,7.4,7.8,37.1
87521.0,27.8,9.8,2.8,5.8,46.2
187923.0,20.2,4.8,4.8,5.3,35.1
79715.0,19.8,6.7,7.9,8.7,43.1
108934.0,28.5,7.7,6.8,5.4,48.4
112041.0,16.6,5.9,8.0,7.7,38.2
51175.0,24.7,7.6,10.3,9.8,52.39999999999999
63398.0,24.5,7.2,8.0,11.0,50.7
96615.0,30.0,8.2,6.8,6.4,51.4
98841.0,18.4,6.6,8.7,7.1,40.8
161673.0,18.0,7.0,5.1,5.0,35.1
115124.0,23.7,6.6,6.1,8.7,45.1
147202.0,21.3,6.1,5.7,7.5,40.6
129176.0,20.1,5.5,6.5,8.3,40.400000000000006
186427.0,19.8,4.1,5.1,6.4,35.4
87188.0,19.7,6.4,8.0,8.6,42.7
92956.0,27.5,8.5,7.5,10.7,54.2
167925.0,20.2,6.6,6.3,4.1,37.2
79216.0,30.1,8.9,7.7,7.9,54.6
119401.0,23.7,6.9,6.3,8.5,45.4
74633.0,20.7,6.9,9.0,9.0,45.6
74040.0,21.0,7.6,9.0,9.6,47.2
86569.0,19.1,6.8,8.8,8.9,43.6
54185.0,22.0,9.1,8.6,10.4,50.1
88351.0,26.0,7.7,6.5,10.0,50.2
137813.0,22.9,6.5,6.4,7.2,43.0
82007.0,24.8,8.7,7.3,10.2,51.0
98064.0,25.0,7.4,6.6,9.1,48.1
120737.0,22.1,5.8,8.1,6.5,42.5
162507.0,23.3,5.8,4.9,4.5,38.5
156737.0,22.7,6.6,5.2,4.3,38.8
144278.0,15.8,5.4,7.9,8.1,37.2
132224.0,19.0,6.7,7.5,8.2,41.400000000000006
110648.0,24.8,6.9,5.8,8.1,45.6
124222.0,29.5,8.5,7.2,8.2,53.400000000000006
90134.0,19.4,6.6,8.0,8.8,42.8
99329.0,28.5,6.5,7.8,6.1,48.9
65722.0,19.8,8.4,9.0,10.4,47.6
195789.0,24.5,5.7,4.6,4.8,39.6
117887.0,27.4,7.3,6.4,5.9,46.99999999999999
81612.0,31.2,8.7,7.5,7.3,54.7
98683.0,17.7,6.2,7.9,8.5,40.3
163140.0,18.8,4.3,5.4,6.5,35.0
113948.0,25.1,9.3,5.3,5.4,45.1
141300.0,24.5,5.6,6.1,6.3,42.5
99827.0,17.3,6.5,8.2,8.8,40.8
118665.0,23.8,6.9,6.4,6.6,43.7
82297.0,27.3,8.2,6.9,9.6,52.0
94435.0,28.6,7.7,6.7,6.9,49.900000000000006
163574.0,21.4,7.7,5.3,5.5,39.9
106810.0,19.0,5.8,8.2,8.0,41.0
163001.0,22.8,6.2,5.1,4.2,38.3
184337.0,17.9,6.0,6.0,9.0,38.9
177288.0,22.1,5.2,4.7,3.7,35.7
166492.0,17.8,5.5,6.3,7.1,36.7
99525.0,24.0,7.8,7.6,10.3,49.7
89159.0,19.0,6.2,7.7,9.0,41.9
150243.0,17.5,8.5,5.8,9.3,41.1
120623.0,16.8,5.5,7.1,8.3,37.7
190479.0,21.0,5.9,5.4,5.0,37.3
156785.0,19.8,6.8,7.1,5.3,39.0
76609.0,29.0,7.0,6.8,9.3,52.1
79359.0,18.8,6.9,8.9,9.8,44.400000000000006
92090.0,18.7,6.7,7.8,8.6,41.8
147247.0,20.2,6.6,6.5,7.2,40.5
79554.0,19.3,7.8,9.8,9.0,45.900000000000006
88608.0,26.2,6.0,7.7,9.9,49.8
52472.0,24.0,7.7,9.2,10.2,51.1
110161.0,24.2,7.5,6.6,8.6,46.9
71630.0,20.7,7.5,9.2,9.3,46.7
180389.0,22.0,6.5,5.8,3.1,37.4
58656.0,22.6,7.9,9.3,9.1,48.9
180001.0,18.9,5.3,5.0,7.1,36.3
120382.0,17.6,4.5,6.6,6.3,35.0
76362.0,22.8,6.8,7.8,10.0,47.4
79295.0,29.0,8.4,6.1,10.6,54.1
129166.0,18.2,5.2,6.6,6.4,36.4
70521.0,20.6,7.2,9.5,9.2,46.5
117887.0,27.4,7.3,6.4,5.9,46.99999999999999
74212.0,19.5,7.4,9.4,8.6,44.9
168507.0,17.9,5.8,5.7,7.1,36.5
127549.0,25.9,6.9,6.5,4.8,44.1
84047.0,18.5,7.0,8.3,8.7,42.5
116565.0,26.8,6.9,6.1,5.9,45.7
53080.0,21.8,7.6,10.3,10.3,50.0
136229.0,22.3,7.3,6.5,7.2,43.3
149539.0,17.0,6.3,5.3,7.8,36.4
93031.0,29.1,8.6,7.1,6.7,51.50000000000001
138169.0,23.4,6.1,5.1,6.4,41.0
178255.0,19.7,5.3,5.7,6.1,36.8
65096.0,26.1,8.6,8.3,11.4,54.4
169000.0,19.3,5.2,5.1,6.2,35.800000000000004
171880.0,18.5,6.5,5.6,6.9,37.5
180389.0,22.0,6.5,5.8,3.1,37.4
74506.0,31.1,8.2,7.7,7.3,54.3
90743.0,30.1,7.9,7.0,7.2,52.2
95175.0,17.6,5.7,8.7,8.8,40.8
76908.0,20.2,6.9,8.4,9.0,44.5
150836.0,16.8,5.5,6.3,7.9,36.5
90263.0,29.3,7.9,7.1,6.5,50.8
93113.0,30.2,7.5,6.4,5.4,49.5
89159.0,19.0,6.2,7.7,9.0,41.9
148662.0,20.3,7.2,6.5,5.6,39.6
128265.0,18.0,5.7,7.5,8.3,39.5
102166.0,18.2,5.2,8.3,10.8,42.5
121456.0,21.3,6.8,6.2,9.3,43.60000000000001
163853.0,21.9,6.4,6.5,4.7,39.5
171383.0,20.8,7.1,5.0,4.1,37.0
119923.0,24.2,7.3,6.6,5.7,43.8
134614.0,22.0,6.7,5.9,8.3,42.900000000000006
74437.0,31.4,8.2,7.3,7.7,54.6
107520.0,27.8,7.5,7.1,5.8,48.2
78936.0,29.3,8.9,7.9,7.2,53.3
133284.0,25.0,7.0,6.4,4.8,43.2
67749.0,27.3,8.8,7.7,10.7,54.5
117808.0,18.1,6.0,6.4,7.9,38.4
170323.0,20.8,6.5,5.8,3.6,36.7
81515.0,30.5,8.6,8.4,7.3,54.8
154072.0,23.7,6.9,5.8,5.4,41.8
71632.0,28.4,8.5,6.7,10.6,54.2
79952.0,19.8,7.0,8.5,9.6,44.9
136456.0,22.2,6.3,5.8,7.7,42.0
157796.0,22.7,8.2,5.5,3.7,40.1
129724.0,22.0,6.9,6.3,9.6,44.8
70554.0,21.0,7.3,7.9,8.5,44.7
79954.0,19.6,6.4,9.3,7.8,43.1
93375.0,18.4,6.0,3.9,9.5,37.8
149242.0,25.5,7.0,5.7,3.2,41.400000000000006
99532.0,24.1,5.6,4.6,9.1,43.400000000000006
113589.0,17.3,5.1,7.2,6.9,36.5
72794.0,21.0,7.9,9.0,9.6,47.5
74602.0,26.8,9.2,7.3,9.6,52.9
112571.0,27.9,7.6,6.9,5.4,47.8
175185.0,19.3,5.8,5.9,5.8,36.8
96485.0,25.5,7.9,8.6,8.8,50.8
66912.0,20.5,8.0,9.4,9.8,47.7
63967.0,20.8,6.6,9.5,9.6,46.5
194882.0,21.1,6.3,5.3,2.8,35.5
128417.0,24.4,7.1,8.0,6.2,45.7
95009.0,16.9,8.0,8.4,9.7,43.0
86560.0,21.9,6.1,8.7,8.7,45.400000000000006
121296.0,28.0,6.9,5.9,4.1,44.9
140433.0,23.9,7.2,6.3,3.3,40.7
83236.0,29.8,8.6,7.4,6.9,52.7
124063.0,25.9,7.0,6.2,5.9,45.0
79976.0,20.8,6.9,8.3,8.5,44.5
76908.0,20.2,6.9,8.4,9.0,44.5
75131.0,29.2,7.4,6.4,9.1,52.1
92947.0,26.3,7.3,6.3,9.8,49.7
51175.0,24.7,7.6,10.3,9.8,52.39999999999999
104820.0,17.5,6.1,7.2,8.6,39.4
180211.0,20.8,6.1,5.6,3.1,35.6
105407.0,16.7,6.1,7.1,8.3,38.2
133085.0,27.6,6.7,5.0,4.7,44.00000000000001
152526.0,20.2,7.9,5.7,3.3,37.1
94034.0,16.1,6.8,10.2,8.8,41.900000000000006
54670.0,23.7,8.0,8.8,10.5,51.0
121056.0,23.6,7.3,6.5,8.0,45.400000000000006
95009.0,16.9,8.0,8.4,9.7,43.0
119203.0,19.2,4.2,5.4,6.4,35.2
133969.0,25.6,6.9,6.1,4.8,43.4
125345.0,21.8,6.9,6.8,8.8,44.3
180187.0,21.5,5.8,4.9,4.3,36.5
84737.0,31.4,8.8,8.0,6.7,54.900000000000006
126593.0,16.5,5.3,7.5,7.5,36.8
82632.0,18.0,8.2,7.6,9.6,43.4
98267.0,23.9,7.7,7.3,9.1,48.0
57851.0,23.1,8.0,9.0,10.4,50.5
132750.0,24.4,6.9,6.5,6.8,44.6
80526.0,18.7,7.2,8.7,8.8,43.39999999999999
70893.0,27.9,8.8,7.6,10.3,54.60000000000001
148657.0,26.3,7.7,6.2,5.3,45.5
53130.0,24.2,7.6,7.6,9.5,48.9
74887.0,26.4,8.4,8.7,10.4,53.9
145140.0,20.2,5.5,4.7,5.9,36.3
159766.0,18.6,6.3,5.1,7.5,37.5
85277.0,25.5,8.4,7.5,10.6,52.0
90263.0,29.3,7.9,7.1,6.5,50.8
183156.0,20.6,5.6,4.6,4.2,35.00000000000001
141174.0,21.4,7.9,6.2,5.4,40.9
100390.0,25.3,8.0,7.0,9.6,49.9
108086.0,17.7,6.0,7.5,7.8,39.0
77389.0,34.1,5.3,4.2,8.6,52.2
108652.0,20.9,8.1,6.1,11.6,46.7
106575.0,28.8,7.7,7.7,7.2,51.400000000000006
154095.0,19.7,6.3,6.2,7.1,39.3
107520.0,27.8,7.5,7.1,5.8,48.2
72151.0,20.3,7.4,10.0,10.0,47.7
97875.0,24.6,8.1,6.7,8.9,48.3
133711.0,29.2,7.2,6.0,3.9,46.3
70857.0,24.8,6.9,7.2,8.8,47.7
146364.0,18.5,6.9,7.6,6.1,39.1
149433.0,21.4,6.7,6.3,6.6,41.0
66446.0,20.3,6.7,9.1,9.4,45.5
52330.0,22.0,6.9,10.2,11.9,50.99999999999999
113381.0,16.3,6.1,6.8,9.2,38.4
117005.0,16.4,5.5,7.6,8.2,37.7
99880.0,24.6,7.8,7.7,9.0,49.1
126994.0,15.1,5.6,7.5,7.6,35.8
79940.0,30.9,8.6,7.3,7.2,54.0
82341.0,19.5,6.8,9.1,8.3,43.7
56143.0,22.0,7.9,10.6,10.0,50.5
115615.0,25.9,7.2,6.8,5.6,45.5
171973.0,19.9,4.8,6.4,5.0,36.1
89387.0,22.7,7.0,9.2,10.4,49.3
128680.0,23.5,6.8,5.5,9.3,45.1
99053.0,30.1,8.5,6.5,6.0,51.1
81195.0,25.4,7.8,8.1,9.3,50.6
82122.0,26.7,8.5,7.2,10.0,52.400000000000006
94755.0,17.6,6.1,8.5,9.1,41.3
132965.0,21.7,6.8,6.2,8.1,42.8
102103.0,17.2,5.8,10.5,10.5,44.0
91307.0,18.8,6.6,7.8,8.9,42.1
93255.0,25.1,8.0,7.4,9.0,49.5
98215.0,28.8,8.4,6.8,6.0,50.0
161948.0,20.2,5.3,5.3,7.4,38.2
149844.0,21.7,5.5,5.7,6.4,39.3
112635.0,24.0,7.4,6.8,8.3,46.5
157418.0,19.9,6.6,6.3,5.3,38.1
79109.0,19.6,7.1,8.4,9.3,44.400000000000006
98525.0,28.2,6.8,7.2,7.1,49.3
75241.0,28.3,8.7,7.8,9.7,54.5
120193.0,28.5,7.4,6.2,5.4,47.5
103177.0,28.6,7.8,6.6,5.8,48.8
66082.0,18.8,9.3,8.4,10.7,47.2
134712.0,26.4,8.2,6.1,3.9,44.6
89660.0,24.7,9.0,7.7,8.7,50.10000000000001
108794.0,18.5,5.8,8.1,7.2,39.6
83979.0,20.0,5.7,8.7,9.5,43.9
168702.0,14.3,4.5,6.8,11.5,37.1
115946.0,23.5,7.1,6.5,8.7,45.8
98456.0,19.0,5.6,7.0,7.8,39.4
67656.0,19.2,7.5,8.4,10.0,45.1
88881.0,28.9,8.4,7.5,6.5,51.3
172676.0,22.4,5.5,5.1,3.9,36.9
84956.0,29.0,8.7,7.2,5.6,50.50000000000001
66547.0,22.0,7.4,9.0,10.1,48.5
78325.0,25.3,9.2,8.0,9.6,52.1
103108.0,22.8,8.1,7.9,9.6,48.4
82749.0,30.5,8.9,7.6,7.7,54.7
78705.0,30.6,8.5,7.7,7.4,54.2
50187.0,23.1,7.8,9.5,10.1,50.50000000000001
95032.0,25.4,8.4,7.5,8.6,49.9
168524.0,22.5,6.1,6.1,3.5,38.2
195789.0,24.5,5.7,4.6,4.8,39.6
60059.0,20.8,6.2,9.7,10.8,47.5
98683.0,17.7,6.2,7.9,8.5,40.3
87123.0,32.2,8.2,5.7,8.1,54.20000000000001
165247.0,26.3,4.6,3.8,3.4,38.1
133930.0,21.9,7.0,6.7,6.9,42.5
147513.0,23.5,7.0,6.3,4.2,41.0
89659.0,27.8,8.0,7.6,9.6,53.0
108157.0,25.1,7.5,7.7,7.5,47.8
57114.0,24.7,8.2,9.3,10.2,52.400000000000006
94000.0,22.0,6.7,8.9,9.5,47.1
94751.0,30.0,7.7,7.1,6.8,51.6
150017.0,20.8,5.3,5.7,7.5,39.3
112595.0,22.8,7.4,6.1,9.3,45.60000000000001
162279.0,22.9,5.8,5.9,2.4,37.0
83979.0,20.0,5.7,8.7,9.5,43.9
157833.0,18.8,5.6,6.0,6.9,37.3
100390.0,25.3,8.0,7.0,9.6,49.9
97286.0,17.4,6.4,8.3,8.0,40.1
171383.0,20.8,7.1,5.0,4.1,37.0
54892.0,21.3,8.5,9.9,10.2,49.900000000000006
139404.0,16.3,4.6,6.8,7.4,35.1
145545.0,23.6,7.0,6.2,4.0,40.8
51245.0,23.8,7.6,9.5,10.1,51.0
129538.0,21.0,7.0,6.5,7.8,42.3
85263.0,25.3,8.1,7.1,9.6,50.1
167925.0,20.2,6.6,6.3,4.1,37.2
106393.0,25.7,7.4,6.5,6.5,46.1
159529.0,24.5,7.2,6.0,3.8,41.5
91162.0,27.8,9.1,7.7,6.7,51.3
94963.0,18.4,6.2,8.2,7.5,40.3
72641.0,31.7,8.5,6.9,7.7,54.8
130330.0,15.6,5.4,7.3,7.4,35.7
151993.0,23.2,6.9,4.8,5.1,40.0
136786.0,24.2,6.9,5.7,5.4,42.2
132624.0,15.3,5.3,7.5,7.4,35.5
55434.0,22.3,8.1,9.8,10.3,50.5
141516.0,20.3,6.6,6.0,8.1,41.0
160584.0,25.6,6.3,5.7,6.8,44.4
92430.0,16.8,4.7,8.1,8.2,37.8
119066.0,22.5,8.3,6.5,8.0,45.3
111040.0,24.0,7.1,6.2,8.5,45.8
108157.0,25.1,7.5,7.7,7.5,47.8
90263.0,29.3,7.9,7.1,6.5,50.8
136456.0,22.2,6.3,5.8,7.7,42.0
97366.0,17.7,6.5,8.4,9.0,41.6
72027.0,27.3,8.7,8.1,10.8,54.900000000000006
148399.0,22.8,6.0,5.5,4.7,39.0
126121.0,26.7,7.8,7.2,6.5,48.2
165628.0,19.3,5.8,5.4,7.6,38.1
99785.0,19.5,6.1,7.8,8.9,42.3
145519.0,23.7,5.2,5.1,6.9,40.9
109831.0,19.1,5.2,7.0,8.0,39.3
54038.0,22.6,8.3,9.4,10.5,50.8
115946.0,23.5,7.1,6.5,8.7,45.8
109845.0,27.3,8.4,7.0,5.2,47.900000000000006
78831.0,27.0,5.8,4.5,9.0,46.3
148516.0,21.2,7.1,6.7,9.7,44.7
51884.0,22.6,8.8,10.3,10.5,52.2
144278.0,15.8,5.4,7.9,8.1,37.2
110092.0,27.1,7.6,7.0,5.5,47.2
107591.0,18.8,6.1,8.7,8.1,41.7
81174.0,28.8,8.6,8.2,7.7,53.3
122640.0,16.3,5.2,7.4,7.6,36.5
143329.0,24.4,6.8,6.2,4.5,41.9
141663.0,21.2,6.7,6.6,7.1,41.6
180001.0,18.9,5.3,5.0,7.1,36.3
92125.0,24.3,8.2,6.6,10.7,49.8
128997.0,26.1,7.9,6.0,5.9,45.9
77328.0,30.7,8.6,7.7,7.4,54.4
99182.0,19.8,5.7,8.0,7.7,41.2
163564.0,18.5,5.7,5.8,6.2,36.2
111099.0,25.4,6.4,5.3,7.9,44.99999999999999
124816.0,23.9,9.0,6.1,6.5,45.5
98614.0,28.5,7.6,8.3,6.4,50.8
144287.0,23.1,6.2,5.5,4.7,39.5
110173.0,16.5,5.8,7.6,8.3,38.2
99844.0,19.2,6.1,7.9,9.0,42.2
88097.0,20.2,6.5,8.3,7.6,42.6
76784.0,28.3,8.5,7.5,9.8,54.1
97015.0,19.1,6.6,8.4,9.4,43.5
104527.0,28.1,7.9,6.5,5.6,48.1
53369.0,23.1,7.8,8.2,10.6,49.7
116789.0,21.9,2.9,4.3,6.0,35.099999999999994
175641.0,19.0,5.8,5.6,6.2,36.6
155503.0,19.3,6.6,5.5,6.2,37.6
89820.0,21.7,6.7,7.8,8.5,44.7
118206.0,27.5,7.9,6.6,4.9,46.9
159708.0,21.6,5.4,6.4,6.3,39.7
170444.0,22.3,5.5,4.2,3.9,35.9
97038.0,28.5,8.0,6.8,7.4,50.7
128736.0,26.6,7.1,6.2,4.6,44.50000000000001
86724.0,26.0,8.1,7.2,9.8,51.10000000000001
80949.0,26.6,7.8,8.4,10.6,53.4
76784.0,28.3,8.5,7.5,9.8,54.1
104755.0,23.9,8.0,7.8,9.7,49.39999999999999
127987.0,23.6,6.4,6.8,8.8,45.6
88143.0,29.8,7.9,7.1,6.4,51.2
148992.0,25.8,5.4,4.7,5.1,41.00000000000001
58010.0,24.3,8.4,8.3,9.4,50.4
139537.0,18.1,5.3,8.0,6.9,38.3
84679.0,29.1,8.4,7.5,6.8,51.8
117453.0,18.6,5.0,7.2,7.7,38.5
70286.0,22.8,7.1,9.9,7.2,47.0
105062.0,27.9,7.3,6.5,6.1,47.8
108480.0,28.5,7.7,6.4,5.8,48.4
99494.0,17.7,6.7,7.7,8.6,40.7
59650.0,23.4,7.6,8.2,10.0,49.2
127549.0,25.9,6.9,6.5,4.8,44.1
148591.0,25.4,7.3,5.7,4.6,43.0
79365.0,27.8,8.4,7.5,9.6,53.3
165923.0,23.7,7.7,4.4,4.4,40.2
93619.0,20.4,7.1,7.5,8.4,43.4
84132.0,29.9,8.2,7.7,7.9,53.7
199477.0,18.6,4.4,4.9,7.1,35.0
91934.0,19.0,6.4,8.2,8.1,41.7
93958.0,18.9,6.7,8.6,9.1,43.3
118609.0,15.6,5.8,8.0,7.0,36.4
143804.0,18.8,7.3,5.3,7.8,39.2
78957.0,19.6,6.8,9.0,8.4,43.8
126373.0,23.2,8.1,6.5,9.9,47.7
131103.0,22.8,4.3,6.8,4.5,38.4
110899.0,23.9,7.5,6.3,8.5,46.2
85304.0,19.7,6.8,9.0,8.7,44.2
80427.0,26.9,8.2,8.2,9.4,52.7
134085.0,28.5,6.5,4.6,3.1,42.7
99844.0,19.2,6.1,7.9,9.0,42.2
104755.0,23.9,8.0,7.8,9.7,49.39999999999999
113848.0,17.0,5.0,8.2,8.5,38.7
56143.0,22.0,7.9,10.6,10.0,50.5
164222.0,18.5,5.6,5.7,6.3,36.1
99329.0,28.5,6.5,7.8,6.1,48.9
149038.0,23.0,5.0,4.6,6.2,38.8
138397.0,16.2,5.6,7.2,6.5,35.5
114376.0,22.8,7.4,6.7,9.1,46.00000000000001
123216.0,24.9,7.6,6.6,5.5,44.6
79940.0,30.9,8.6,7.3,7.2,54.0
68149.0,20.4,8.4,8.9,9.1,46.8
58181.0,22.2,7.9,9.1,10.1,49.3
94034.0,16.1,6.8,10.2,8.8,41.900000000000006
104589.0,28.8,7.6,6.4,6.0,48.8
106313.0,17.9,5.9,7.6,7.5,38.9
93354.0,18.7,6.3,7.7,9.0,41.7
94154.0,24.8,7.7,6.9,8.7,48.1
102770.0,17.1,6.9,8.8,7.6,40.4
92202.0,23.2,7.5,9.2,6.8,46.7
155095.0,22.5,6.4,5.7,5.2,39.8
109168.0,28.2,7.7,6.6,10.9,53.4
73940.0,22.0,7.6,8.3,10.1,48.00000000000001
142372.0,23.8,7.4,5.9,4.6,41.7
98003.0,29.2,7.7,6.7,6.6,50.2
92803.0,28.9,7.8,6.5,6.6,49.8
158160.0,21.4,6.0,4.9,6.7,39.0
155938.0,25.4,7.6,6.2,3.9,43.1
100935.0,18.8,6.5,8.5,8.6,42.4
92100.0,25.1,8.5,7.8,10.2,51.6
103693.0,23.5,8.8,7.3,6.5,46.1
103472.0,17.8,5.9,7.8,8.2,39.7
76054.0,20.8,7.7,8.0,10.0,46.5
123614.0,25.8,7.7,6.9,5.9,46.3
67271.0,27.7,9.4,8.1,9.3,54.5
119401.0,23.7,6.9,6.3,8.5,45.4
107438.0,25.0,8.1,6.8,8.1,48.0
92461.0,29.5,7.9,7.8,6.7,51.9
121456.0,21.3,6.8,6.2,9.3,43.60000000000001
108489.0,24.3,8.4,6.2,8.9,47.8
108924.0,27.5,8.2,7.4,5.4,48.5
192326.0,17.8,4.8,5.4,7.0,35.0
75278.0,20.2,7.2,8.9,9.8,46.1
119475.0,15.7,6.6,8.5,7.6,38.4
160321.0,23.3,5.3,5.3,5.2,39.1
107632.0,25.7,8.0,6.9,6.3,46.9
175185.0,19.3,5.8,5.9,5.8,36.8
165628.0,19.3,5.8,5.4,7.6,38.1
126848.0,25.8,7.3,6.8,5.7,45.6
88567.0,20.4,7.9,7.9,12.3,48.5
93770.0,26.4,8.6,7.1,10.4,52.5
146685.0,23.2,6.3,5.6,5.4,40.5
78711.0,25.5,9.0,8.4,10.6,53.5
125400.0,25.2,8.0,6.8,6.5,46.5
81933.0,27.1,8.3,7.8,9.9,53.1
74601.0,27.5,9.0,7.9,10.5,54.9
87035.0,19.3,6.7,9.2,8.5,43.7
91569.0,28.0,8.3,7.4,6.0,49.7
150673.0,24.3,6.5,5.6,3.9,40.3
79109.0,19.6,7.1,8.4,9.3,44.400000000000006
69941.0,21.1,7.3,9.1,9.3,46.8
109247.0,23.6,6.7,6.8,8.6,45.7
95725.0,19.0,4.8,7.6,8.5,39.9
149811.0,22.9,6.8,5.3,4.7,39.7
179252.0,17.3,5.9,5.7,6.4,35.300000000000004
73409.0,20.8,7.0,7.9,9.6,45.3
130847.0,22.9,6.9,5.9,7.4,43.1
77412.0,25.6,8.9,7.7,9.1,51.3
83501.0,19.4,6.9,9.5,9.7,45.5
64178.0,21.4,7.9,9.3,9.2,47.8
87995.0,19.5,6.5,8.0,8.9,42.9
147052.0,19.8,5.7,5.4,7.8,38.7
98048.0,29.5,7.9,6.8,5.3,49.49999999999999
84524.0,19.0,6.6,8.7,8.9,43.2
139897.0,15.9,6.6,6.5,8.1,37.1
81487.0,26.5,8.2,7.1,10.1,51.900000000000006
168181.0,22.0,5.7,4.9,6.0,38.6
126427.0,24.8,7.8,6.0,6.0,44.6
117501.0,23.1,7.8,6.6,7.6,45.1
108474.0,23.7,8.7,7.0,9.3,48.7
135324.0,24.6,7.1,6.3,4.5,42.5
120295.0,18.0,6.3,7.4,9.0,40.7
175824.0,21.0,5.3,5.7,6.9,38.9
100373.0,26.0,7.9,7.4,9.8,51.1
101069.0,15.7,6.1,8.6,8.8,39.2
126842.0,28.8,7.8,6.6,5.9,49.1
77346.0,19.9,6.5,8.4,9.4,44.2
52734.0,21.6,8.2,10.5,10.1,50.4
122506.0,13.8,6.1,7.0,9.7,36.6
128090.0,25.6,7.3,5.8,5.0,43.7
170441.0,21.4,5.7,4.7,4.0,35.8
87939.0,19.1,7.0,8.8,8.1,43.00000000000001
92890.0,25.2,8.2,7.5,9.7,50.6
126349.0,22.9,7.3,6.6,7.7,44.5
51827.0,22.5,7.4,9.9,10.0,49.8
109784.0,20.4,3.4,6.0,6.0,35.8
131103.0,22.8,4.3,6.8,4.5,38.4
93677.0,23.9,8.5,7.5,9.4,49.3
91120.0,25.5,8.2,6.6,9.7,50.0
70140.0,29.9,9.0,8.1,7.2,54.2
139599.0,22.2,7.1,6.4,6.9,42.6
91162.0,27.8,9.1,7.7,6.7,51.3
112682.0,19.1,5.5,4.9,8.5,38.0
81824.0,19.9,7.2,8.5,9.4,44.99999999999999
169963.0,19.4,6.4,5.5,6.0,37.3
183402.0,22.5,6.3,5.1,3.1,37.0
183033.0,20.4,5.2,5.2,4.5,35.3
121769.0,26.9,8.0,6.9,5.4,47.2
69157.0,21.3,8.1,8.2,9.9,47.49999999999999
94050.0,27.4,9.4,7.9,7.4,52.1
73940.0,22.0,7.6,8.3,10.1,48.00000000000001
88499.0,30.4,8.8,7.3,6.1,52.6
60036.0,22.0,7.8,9.2,10.3,49.3
165959.0,19.7,8.0,5.3,4.7,37.7
157418.0,19.9,6.6,6.3,5.3,38.1
157016.0,23.0,6.7,5.2,4.0,38.9
96304.0,15.1,7.2,9.3,6.3,37.9
121823.0,25.8,8.0,6.7,9.2,49.7
86193.0,19.6,6.7,8.3,9.3,43.900000000000006
100935.0,18.8,6.5,8.5,8.6,42.4
117887.0,27.4,7.3,6.4,5.9,46.99999999999999
143736.0,20.6,5.3,6.9,6.5,39.3
147836.0,22.0,3.8,6.7,6.5,39.0
113948.0,25.1,9.3,5.3,5.4,45.1
110217.0,26.3,6.8,6.4,6.1,45.6
142659.0,25.2,7.4,6.7,3.4,42.7
179013.0,20.0,5.5,5.4,5.3,36.2
79834.0,18.9,6.6,8.8,8.9,43.2
125202.0,26.9,7.4,6.5,5.8,46.6
79527.0,28.1,8.1,6.4,10.4,53.0
139314.0,20.3,6.5,6.5,7.9,41.2
108098.0,27.5,7.4,6.8,6.0,47.7
75656.0,16.2,9.0,10.2,10.2,45.6
71650.0,21.6,5.8,8.4,9.6,45.400000000000006
125201.0,26.0,7.5,7.2,5.5,46.2
103183.0,24.1,7.7,6.8,8.5,47.1
55204.0,23.6,8.1,9.3,11.1,52.1
94454.0,24.1,8.4,7.5,8.9,48.9
146364.0,18.5,6.9,7.6,6.1,39.1
179153.0,16.5,5.8,6.9,6.3,35.5
80949.0,26.6,7.8,8.4,10.6,53.4
168619.0,21.0,5.3,4.8,7.2,38.3
190939.0,18.8,4.9,4.9,7.6,36.2
155774.0,21.4,5.4,4.9,7.7,39.4
50059.0,24.2,7.6,9.1,9.9,50.8
171034.0,18.9,5.5,6.2,5.8,36.4
144470.0,21.8,6.1,5.9,8.0,41.8
171880.0,18.5,6.5,5.6,6.9,37.5
148992.0,25.8,5.4,4.7,5.1,41.00000000000001
104820.0,17.5,6.1,7.2,8.6,39.4
170081.0,18.8,5.7,5.1,8.1,37.7
125803.0,25.6,7.1,5.6,5.9,44.2
122783.0,24.0,6.9,7.0,9.5,47.4
190336.0,20.9,6.7,5.1,3.2,35.9
78182.0,19.2,10.0,7.0,8.0,44.2
67718.0,20.6,7.1,9.3,9.2,46.2
120326.0,24.0,7.6,7.2,9.2,48.0
121227.0,17.5,5.3,7.0,7.3,37.1
96590.0,24.1,6.6,6.3,10.1,47.1
98683.0,17.7,6.2,7.9,8.5,40.3
78355.0,28.0,8.4,7.8,10.2,54.39999999999999
182858.0,17.0,5.5,6.5,6.6,35.6
106580.0,20.2,6.0,7.9,7.5,41.6
77947.0,19.0,7.8,9.5,8.3,44.6
189399.0,20.1,5.6,5.7,4.2,35.6
119401.0,23.7,6.9,6.3,8.5,45.4
80949.0,26.6,7.8,8.4,10.6,53.4
55000.0,23.7,8.9,9.8,11.6,54.00000000000001
79700.0,22.4,6.0,8.3,9.0,45.7
98946.0,18.6,6.4,7.9,7.4,40.3
97613.0,28.7,7.4,7.3,6.9,50.3
183552.0,22.1,5.4,4.5,4.6,36.6
171793.0,20.4,6.9,6.6,4.1,38.0
74650.0,27.4,8.5,7.8,10.4,54.1
85960.0,20.4,7.0,8.4,9.0,44.8
121456.0,21.3,6.8,6.2,9.3,43.60000000000001
139556.0,22.5,7.7,7.8,7.6,45.6
56324.0,22.3,8.1,9.4,9.9,49.7
81195.0,25.4,7.8,8.1,9.3,50.6
124049.0,14.2,5.2,8.5,7.2,35.1
104008.0,26.3,4.9,6.2,9.8,47.2
151053.0,21.8,6.2,5.9,8.0,41.9
154311.0,18.7,6.6,5.4,7.4,38.1
79971.0,19.1,6.8,9.0,8.6,43.50000000000001
53925.0,23.7,7.9,9.6,10.1,51.3
147513.0,23.5,7.0,6.3,4.2,41.0
102022.0,18.8,5.9,7.8,8.6,41.1
105680.0,28.4,7.4,7.4,5.1,48.3
126298.0,24.7,7.1,7.7,4.0,43.5
104902.0,26.7,7.7,7.3,5.9,47.6
55204.0,23.6,8.1,9.3,11.1,52.1
94000.0,22.0,6.7,8.9,9.5,47.1
149984.0,20.5,6.5,5.7,7.7,40.400000000000006
161454.0,21.1,4.1,5.0,7.1,37.3
134691.0,21.2,6.4,7.2,9.4,44.2
149271.0,21.6,5.7,5.6,5.9,38.8
93568.0,24.3,7.0,7.8,10.9,50.0
74146.0,29.9,8.2,8.4,6.9,53.39999999999999
133656.0,25.7,7.7,6.3,4.6,44.3
92100.0,25.1,8.5,7.8,10.2,51.6
119741.0,16.3,5.6,7.6,8.1,37.6
115124.0,23.7,6.6,6.1,8.7,45.1
65314.0,21.8,7.8,9.1,9.4,48.1
79971.0,19.1,6.8,9.0,8.6,43.50000000000001
127549.0,25.9,6.9,6.5,4.8,44.1
68786.0,20.8,7.3,9.4,10.1,47.6
59912.0,24.5,8.5,7.6,10.0,50.6
60187.0,22.1,7.6,9.1,10.6,49.400000000000006
181250.0,17.3,6.4,4.5,6.9,35.1
119105.0,17.3,5.7,8.5,7.0,38.5
85473.0,22.2,5.6,7.2,8.5,43.5
87168.0,26.1,6.9,6.5,9.6,49.1
69941.0,21.1,7.3,9.1,9.3,46.8
192599.0,19.0,3.8,6.1,7.3,36.2
80956.0,28.5,7.2,8.4,8.1,52.2
141516.0,20.3,6.6,6.0,8.1,41.0
63415.0,22.4,7.6,8.8,9.6,48.4
106330.0,24.6,8.0,6.5,8.8,47.900000000000006
119066.0,22.5,8.3,6.5,8.0,45.3
86946.0,30.1,8.0,7.6,8.0,53.7
108480.0,28.5,7.7,6.4,5.8,48.4
103693.0,23.5,8.8,7.3,6.5,46.1
99494.0,17.7,6.7,7.7,8.6,40.7
99344.0,25.3,8.0,6.7,8.5,48.5
86724.0,26.0,8.1,7.2,9.8,51.10000000000001
54297.0,22.9,8.2,9.5,10.1,50.7
121108.0,16.6,5.6,7.5,6.8,36.5
81825.0,29.8,9.3,8.0,7.8,54.9
116716.0,25.7,6.9,6.7,5.9,45.2
87333.0,18.9,7.1,8.7,9.5,44.2
126659.0,22.3,6.7,6.0,8.7,43.7
178855.0,21.0,5.5,3.3,6.1,35.9
130958.0,24.7,6.8,6.0,4.8,42.3
171793.0,20.4,6.9,6.6,4.1,38.0
104638.0,18.6,6.0,7.5,8.7,40.8
109468.0,22.3,7.9,6.9,9.1,46.2
100482.0,22.2,7.6,7.3,10.1,47.2
142435.0,22.6,5.9,5.5,7.1,41.1
160277.0,20.4,6.9,5.0,4.9,37.2
97845.0,24.9,7.3,7.1,8.5,47.8
84854.0,18.9,6.2,8.6,9.6,43.3
129664.0,22.4,6.1,6.8,9.1,44.4
83959.0,29.6,8.7,7.0,7.3,52.6
119244.0,24.2,6.6,6.5,8.4,45.7
163486.0,21.9,6.3,6.0,4.7,38.900000000000006
168619.0,21.0,5.3,4.8,7.2,38.3
174228.0,18.3,6.6,5.9,8.2,39.0
109028.0,24.1,7.7,7.0,9.2,48.0
190939.0,18.8,4.9,4.9,7.6,36.2
105217.0,17.5,6.2,7.8,8.6,40.1
81867.0,20.2,6.8,8.9,8.9,44.8
70180.0,33.3,8.6,6.8,6.2,54.9
66082.0,18.8,9.3,8.4,10.7,47.2
152051.0,16.6,5.8,6.3,7.1,35.800000000000004
82366.0,30.3,8.2,6.9,7.2,52.6
133578.0,18.6,6.5,10.5,7.9,43.5
68682.0,22.3,7.0,9.2,9.1,47.6
76051.0,28.4,8.0,6.7,10.4,53.5
144706.0,23.0,6.9,4.8,4.5,39.2
122463.0,26.2,7.4,6.6,5.3,45.5
160890.0,22.1,7.9,5.3,3.3,38.6
169017.0,19.7,5.1,5.6,5.3,35.7
78936.0,29.3,8.9,7.9,7.2,53.3
181250.0,17.3,6.4,4.5,6.9,35.1
84725.0,19.2,7.0,7.3,9.7,43.2
178095.0,21.7,4.7,4.8,5.6,36.8
176579.0,19.9,5.2,5.4,6.7,37.2
134712.0,26.4,8.2,6.1,3.9,44.6
79952.0,19.8,7.0,8.5,9.6,44.9
149481.0,20.4,6.5,5.9,7.2,40.0
99393.0,29.3,8.5,6.9,6.9,51.6
158012.0,19.7,5.7,5.5,7.2,38.1
101806.0,21.5,6.2,8.4,9.9,46.0
150317.0,23.6,5.6,5.5,4.5,39.2
86569.0,19.1,6.8,8.8,8.9,43.6
73862.0,22.5,6.4,7.7,9.0,45.6
185238.0,23.7,5.7,4.3,5.5,39.2
180933.0,18.0,5.3,5.5,7.2,36.0
161865.0,19.5,5.8,5.8,7.2,38.3
75377.0,26.0,6.9,7.6,8.1,48.6
134223.0,25.8,7.3,6.2,4.9,44.2
58656.0,22.6,7.9,9.3,9.1,48.9
80034.0,28.1,8.3,6.5,9.9,52.8
144017.0,23.3,7.6,5.8,4.9,41.6
161017.0,18.6,6.2,6.2,8.5,39.5
143563.0,24.3,7.1,6.0,4.9,42.3
115193.0,21.2,6.7,6.6,8.8,43.3
149811.0,22.9,6.8,5.3,4.7,39.7
72794.0,21.0,7.9,9.0,9.6,47.5
120193.0,28.5,7.4,6.2,5.4,47.5
53080.0,21.8,7.6,10.3,10.3,50.0
140730.0,21.7,7.8,8.3,4.2,42.0
182455.0,19.8,4.8,4.6,6.0,35.2
80427.0,26.9,8.2,8.2,9.4,52.7
124866.0,16.5,5.1,7.1,7.1,35.800000000000004
115615.0,25.9,7.2,6.8,5.6,45.5
189225.0,19.2,5.9,6.2,6.9,38.2
145502.0,22.1,6.9,6.1,7.2,42.3
84822.0,30.8,8.6,7.5,6.3,53.2
105686.0,26.9,7.9,6.8,6.5,48.1
99724.0,18.6,6.9,8.6,8.0,42.1
169115.0,21.2,6.7,5.8,2.4,36.1
139801.0,25.2,7.0,5.5,5.7,43.400000000000006
81162.0,26.4,8.7,7.5,9.2,51.8
114042.0,23.7,7.6,6.8,7.6,45.7
160294.0,19.4,6.0,5.8,5.9,37.1
83692.0,27.1,8.2,7.8,10.1,53.2
96641.0,24.9,8.0,6.6,10.3,49.8
134442.0,21.5,6.9,6.0,7.3,41.7
82428.0,29.1,7.3,8.1,6.3,50.8
64434.0,21.9,7.6,8.0,9.0,46.5
160093.0,20.2,5.2,5.3,7.4,38.1
131870.0,22.2,6.5,6.0,7.1,41.8
115274.0,27.3,7.8,6.5,6.8,48.4
71650.0,21.6,5.8,8.4,9.6,45.400000000000006
104589.0,28.8,7.6,6.4,6.0,48.8
172782.0,19.0,5.4,6.0,5.0,35.4
82906.0,30.3,7.5,6.9,7.5,52.2
59517.0,23.0,7.7,8.9,10.1,49.7
182253.0,21.1,3.1,4.6,6.6,35.400000000000006
77786.0,27.7,8.7,7.2,10.3,53.900000000000006
92052.0,29.6,8.2,7.2,6.5,51.5
53952.0,22.6,7.8,9.6,10.6,50.6
133025.0,22.9,5.4,4.3,9.0,41.6
166174.0,20.2,4.8,4.2,6.8,36.0
99191.0,28.1,8.4,6.6,5.4,48.5
80002.0,29.9,8.8,7.8,7.2,53.7
109908.0,19.9,6.4,4.1,7.0,37.4
87982.0,26.2,7.8,7.7,9.2,50.900000000000006
86151.0,26.5,8.0,7.1,10.2,51.8
87035.0,19.3,6.7,9.2,8.5,43.7
109216.0,27.5,8.1,6.6,6.9,49.1
157858.0,23.1,6.0,5.5,5.0,39.6
117789.0,16.4,5.7,8.8,7.6,38.5
156139.0,21.4,5.1,5.7,6.8,39.0
99762.0,20.8,7.1,8.5,10.7,47.1
173685.0,21.2,6.3,5.3,3.8,36.6
90822.0,20.8,7.8,8.8,10.4,47.8
116789.0,21.9,2.9,4.3,6.0,35.099999999999994
129715.0,17.9,7.9,6.5,8.3,40.6
81043.0,31.3,7.8,7.9,7.2,54.2
165614.0,18.7,5.1,5.7,6.1,35.599999999999994
119401.0,23.7,6.9,6.3,8.5,45.4
98564.0,13.1,5.9,10.5,8.0,37.5
134712.0,26.4,8.2,6.1,3.9,44.6
80614.0,27.2,8.5,7.4,10.3,53.400000000000006
158546.0,21.1,5.9,5.9,5.8,38.7
70413.0,28.7,8.1,8.1,10.0,54.9
77372.0,28.8,8.5,9.3,5.1,51.7
174134.0,22.5,7.3,4.6,2.9,37.3
173596.0,22.0,5.9,5.4,3.4,36.7
164485.0,23.0,6.6,4.5,4.5,38.6
69958.0,19.6,7.7,9.4,8.3,45.0
87982.0,26.2,7.8,7.7,9.2,50.900000000000006
85982.0,27.3,9.2,6.9,10.8,54.2
86120.0,30.7,7.5,7.0,6.7,51.900000000000006
90868.0,20.7,6.8,7.2,8.9,43.6
109247.0,23.6,6.7,6.8,8.6,45.7
78936.0,29.3,8.9,7.9,7.2,53.3
144130.0,17.8,1.8,8.3,9.3,37.2
180211.0,20.8,6.1,5.6,3.1,35.6
59912.0,24.5,8.5,7.6,10.0,50.6
55183.0,23.4,8.6,7.8,9.9,49.7
161803.0,23.8,6.9,4.1,2.8,37.6
141706.0,23.7,6.6,6.1,4.3,40.7
88499.0,30.4,8.8,7.3,6.1,52.6
111308.0,18.4,6.3,7.7,9.0,41.4
150796.0,24.3,5.9,5.7,4.8,40.7
53346.0,24.3,8.1,9.6,10.6,52.6
104499.0,28.3,7.8,6.5,6.4,49.0
138444.0,24.9,7.0,5.4,5.5,42.8
81564.0,29.9,8.7,8.2,7.0,53.8
110337.0,23.6,8.6,7.5,6.0,45.7
165634.0,19.4,5.9,6.2,5.9,37.4
127996.0,21.1,7.4,6.5,8.2,43.2
90007.0,28.7,6.0,6.4,8.3,49.400000000000006
138037.0,21.8,7.3,6.4,9.5,45.0
108652.0,20.9,8.1,6.1,11.6,46.7
153242.0,24.0,6.4,5.4,4.4,40.2
103194.0,20.9,5.8,7.8,7.6,42.1
66833.0,21.1,6.9,10.4,9.9,48.3
76907.0,30.6,8.4,7.7,8.0,54.7
97583.0,27.9,7.6,6.4,4.5,46.4
157394.0,22.2,6.3,5.6,3.7,37.8
178095.0,21.7,4.7,4.8,5.6,36.8
98712.0,18.2,6.2,7.8,8.6,40.8
79359.0,18.8,6.9,8.9,9.8,44.400000000000006
106472.0,17.2,5.9,8.0,8.3,39.400000000000006
110843.0,27.4,8.1,6.7,5.4,47.6
115970.0,22.5,6.8,7.1,6.1,42.5
142659.0,25.2,7.4,6.7,3.4,42.7
78957.0,19.6,6.8,9.0,8.4,43.8
105870.0,26.6,8.0,8.0,5.6,48.2
143807.0,21.1,5.4,5.8,5.9,38.2
61002.0,22.4,8.1,9.0,10.9,50.4
123989.0,23.2,7.7,6.9,9.9,47.7
73251.0,28.8,9.6,5.4,10.3,54.1
57851.0,23.1,8.0,9.0,10.4,50.5
54704.0,22.2,7.1,9.3,9.7,48.3
96072.0,28.1,6.7,6.9,7.7,49.400000000000006
126994.0,15.1,5.6,7.5,7.6,35.8
168524.0,22.5,6.1,6.1,3.5,38.2
101790.0,24.1,7.4,6.6,9.4,47.5
89791.0,25.5,8.0,7.3,9.3,50.1
108924.0,27.5,8.2,7.4,5.4,48.5
155272.0,21.4,7.1,6.3,4.4,39.2
142770.0,19.8,8.2,7.2,6.8,42.0
121481.0,24.3,7.1,6.8,7.0,45.2
78438.0,18.5,7.3,10.1,9.9,45.8
92330.0,25.3,8.3,7.6,10.4,51.6
89415.0,19.0,9.0,7.2,8.5,43.7
98407.0,25.1,8.1,7.5,10.9,51.6
151456.0,23.9,6.4,6.0,4.6,40.9
169630.0,19.5,7.4,6.0,4.0,36.9
190287.0,24.1,6.0,4.3,4.6,39.0
132492.0,23.3,6.5,6.2,5.6,41.6
83445.0,19.8,6.4,8.4,8.4,43.0
122777.0,29.6,4.9,5.2,7.6,47.3
63001.0,21.0,9.1,8.8,11.7,50.60000000000001
155166.0,20.8,6.2,6.0,7.3,40.3
74688.0,20.1,7.9,9.3,10.1,47.4
132482.0,23.3,6.4,6.1,10.1,45.900000000000006
116690.0,26.4,6.4,5.7,5.2,43.7
100692.0,18.5,6.4,8.0,7.8,40.7
170574.0,18.9,5.6,5.7,5.6,35.8
74650.0,27.4,8.5,7.8,10.4,54.1
92125.0,24.3,8.2,6.6,10.7,49.8
112874.0,16.4,7.2,8.6,7.9,40.1
165110.0,22.6,5.5,5.5,4.5,38.1
74300.0,20.1,7.0,9.2,8.7,45.0
107438.0,25.0,8.1,6.8,8.1,48.0
144684.0,24.5,7.4,5.8,4.1,41.8
116690.0,26.4,6.4,5.7,5.2,43.7
185089.0,20.1,4.8,5.4,8.0,38.3
61665.0,21.9,7.8,9.0,11.3,50.0
170923.0,20.8,6.3,5.2,6.7,39.00000000000001
90889.0,25.7,8.9,7.1,11.2,52.900000000000006
76055.0,18.7,7.5,10.7,10.8,47.7
91382.0,18.2,6.7,8.5,8.6,42.0
134061.0,23.8,6.2,5.3,7.8,43.1
160142.0,21.5,6.4,5.1,4.2,37.2
134093.0,25.5,6.9,6.2,5.3,43.9
81455.0,23.6,5.9,9.1,5.8,44.4
103068.0,25.2,7.6,7.0,8.1,47.9
82297.0,27.3,8.2,6.9,9.6,52.0
167005.0,22.1,5.6,4.6,5.3,37.6
70180.0,33.3,8.6,6.8,6.2,54.9
149242.0,25.5,7.0,5.7,3.2,41.400000000000006
64386.0,21.8,8.0,9.4,9.2,48.400000000000006
118408.0,22.8,7.5,6.1,7.9,44.3
107034.0,16.9,6.3,8.3,7.9,39.4
63553.0,20.4,7.7,10.0,9.9,47.99999999999999
94000.0,22.0,6.7,8.9,9.5,47.1
95823.0,19.2,6.7,8.1,10.0,44.0
144271.0,19.3,6.7,6.0,8.4,40.4
77713.0,27.9,8.5,7.7,10.3,54.400000000000006
98027.0,29.3,7.9,6.3,5.0,48.5
150797.0,22.8,3.8,5.0,5.3,36.9
133488.0,21.2,6.3,6.4,8.0,41.9
94435.0,28.6,7.7,6.7,6.9,49.900000000000006
148947.0,22.0,6.6,6.1,4.7,39.400000000000006
93031.0,29.1,8.6,7.1,6.7,51.50000000000001
115029.0,14.5,5.2,8.0,13.0,40.7
164597.0,21.0,6.4,5.9,5.2,38.5
108136.0,23.6,4.0,5.9,6.5,40.0
91186.0,29.5,8.2,7.7,6.0,51.400000000000006
121781.0,23.6,7.1,6.3,9.9,46.9
86550.0,16.5,7.4,9.2,11.3,44.39999999999999
117806.0,23.1,7.4,6.3,8.2,45.0
132965.0,21.7,6.8,6.2,8.1,42.8
126405.0,23.6,6.9,6.4,9.3,46.2
153639.0,20.8,5.2,5.7,4.0,35.7
149038.0,23.0,5.0,4.6,6.2,38.8
133861.0,20.0,7.7,6.7,7.5,41.9
100434.0,18.8,6.2,6.4,6.5,37.9
134772.0,24.6,7.3,6.6,5.2,43.7
80884.0,30.0,8.7,7.1,7.2,53.00000000000001
149539.0,17.0,6.3,5.3,7.8,36.4
104706.0,17.1,5.9,8.1,8.5,39.6
74559.0,26.3,8.5,8.3,9.3,52.39999999999999
104557.0,29.5,7.0,6.6,6.3,49.4
171880.0,18.5,6.5,5.6,6.9,37.5
97635.0,18.7,6.2,5.8,8.5,39.2
156464.0,19.8,6.2,5.6,8.6,40.2
91560.0,25.3,8.2,6.9,9.6,50.0
115609.0,16.8,6.0,7.3,8.3,38.400000000000006
77512.0,27.5,8.4,7.9,9.7,53.5
106502.0,20.2,6.1,4.0,7.0,37.3
101790.0,24.1,7.4,6.6,9.4,47.5
190287.0,24.1,6.0,4.3,4.6,39.0
100550.0,17.5,6.0,7.9,8.2,39.6
143563.0,24.3,7.1,6.0,4.9,42.3
83919.0,27.0,8.9,8.0,7.8,51.7
149844.0,21.7,5.5,5.7,6.4,39.3
131709.0,23.7,7.5,6.3,6.5,44.0
90822.0,20.8,7.8,8.8,10.4,47.8
74762.0,20.3,7.3,8.6,9.6,45.8
125262.0,23.6,6.7,6.2,8.6,45.1
91569.0,28.0,8.3,7.4,6.0,49.7
68786.0,20.8,7.3,9.4,10.1,47.6
168878.0,21.7,5.0,4.8,6.7,38.2
80721.0,27.9,8.5,6.9,9.9,53.2
72155.0,29.3,8.2,7.1,9.8,54.400000000000006
99532.0,24.1,5.6,4.6,9.1,43.400000000000006
84956.0,29.0,8.7,7.2,5.6,50.50000000000001
108640.0,30.7,6.8,5.9,6.1,49.5
87433.0,20.8,7.2,8.9,10.1,47.0
109662.0,28.1,7.0,6.4,6.6,48.1
107169.0,23.6,7.9,6.6,8.4,46.5
99569.0,23.0,6.9,6.5,8.8,45.2
75377.0,26.0,6.9,7.6,8.1,48.6
148516.0,21.2,7.1,6.7,9.7,44.7
192195.0,20.3,5.4,5.2,4.2,35.1
55330.0,25.2,7.0,8.2,9.2,49.60000000000001
98615.0,25.9,7.6,6.4,9.5,49.4
82296.0,22.2,6.2,7.6,9.4,45.4
130104.0,19.2,7.6,7.8,8.3,42.89999999999999
96062.0,29.4,7.9,6.7,6.7,50.7
104802.0,21.3,6.1,7.2,7.9,42.5
88835.0,16.2,7.7,9.6,9.9,43.4
130104.0,19.2,7.6,7.8,8.3,42.89999999999999
126669.0,16.0,5.9,7.2,8.3,37.4
134691.0,21.2,6.4,7.2,9.4,44.2
161134.0,20.3,3.9,6.3,6.8,37.3
96016.0,18.9,6.1,8.2,8.4,41.6
56972.0,21.5,7.3,8.9,11.1,48.8
99932.0,28.0,7.6,6.8,6.4,48.8
80317.0,27.3,8.9,7.7,10.7,54.60000000000001
153242.0,24.0,6.4,5.4,4.4,40.2
79855.0,26.8,9.1,7.8,10.6,54.3
169181.0,19.3,6.1,5.4,9.1,39.9
100482.0,22.2,7.6,7.3,10.1,47.2
97950.0,18.0,6.3,8.0,8.8,41.1
96474.0,26.5,9.3,6.8,7.8,50.39999999999999
117908.0,15.0,6.3,8.4,8.6,38.3
172676.0,22.4,5.5,5.1,3.9,36.9
95341.0,18.0,5.5,8.0,9.0,40.5
81043.0,31.3,7.8,7.9,7.2,54.2
95437.0,25.8,8.4,8.1,6.5,48.8
92134.0,23.6,7.1,7.5,10.5,48.7
98003.0,29.2,7.7,6.7,6.6,50.2
147922.0,20.6,6.1,5.4,6.8,38.9
128409.0,16.1,6.3,7.5,8.1,38.0
170441.0,21.4,5.7,4.7,4.0,35.8
154072.0,23.7,6.9,5.8,5.4,41.8
97845.0,24.9,7.3,7.1,8.5,47.8
54317.0,22.4,7.9,9.4,9.8,49.5
138397.0,16.2,5.6,7.2,6.5,35.5
187257.0,22.7,5.5,5.0,4.5,37.7
104008.0,26.3,4.9,6.2,9.8,47.2
107087.0,18.2,7.1,8.1,9.8,43.2
126151.0,23.2,7.2,6.7,8.0,45.1
131071.0,23.9,7.1,6.0,6.0,43.0
110337.0,23.6,8.6,7.5,6.0,45.7
186848.0,17.7,4.7,5.5,7.4,35.3
95040.0,28.4,7.1,6.3,6.3,48.1
118268.0,24.3,6.5,6.5,5.3,42.6
151487.0,24.3,6.6,5.1,4.6,40.6
164512.0,19.9,4.4,4.3,6.6,35.2
123127.0,16.5,4.9,7.3,7.4,36.1
102731.0,17.9,6.2,7.9,8.2,40.2
104802.0,21.3,6.1,7.2,7.9,42.5
51799.0,23.2,9.2,8.1,9.7,50.2
91120.0,25.5,8.2,6.6,9.7,50.0
133345.0,21.4,6.8,6.6,8.3,43.1
74601.0,27.5,9.0,7.9,10.5,54.9
182691.0,25.0,5.6,6.1,7.3,44.0
135550.0,21.5,6.6,6.1,7.2,41.400000000000006
97734.0,24.5,9.0,7.4,9.7,50.6
163544.0,19.9,4.2,5.0,7.0,36.1
182136.0,19.3,6.1,5.5,7.9,38.8
102610.0,27.6,8.0,6.8,7.5,49.9
85277.0,25.5,8.4,7.5,10.6,52.0
151487.0,24.3,6.6,5.1,4.6,40.6
57114.0,24.7,8.2,9.3,10.2,52.400000000000006
102103.0,17.2,5.8,10.5,10.5,44.0
90594.0,25.3,10.8,8.0,10.3,54.400000000000006
85623.0,19.2,6.7,8.1,8.6,42.6
98682.0,26.9,7.9,7.5,6.9,49.2
172782.0,19.0,5.4,6.0,5.0,35.4
155095.0,22.5,6.4,5.7,5.2,39.8
128804.0,23.0,6.4,6.4,8.6,44.4
85478.0,29.8,8.3,7.3,6.9,52.3
107169.0,23.6,7.9,6.6,8.4,46.5
71627.0,21.1,7.5,8.5,8.9,46.0
143807.0,21.1,5.4,5.8,5.9,38.2
121227.0,17.5,5.3,7.0,7.3,37.1
76811.0,20.0,7.8,9.2,9.9,46.9
121151.0,27.1,6.9,6.4,5.0,45.4
69011.0,31.5,7.6,7.2,7.1,53.400000000000006
66446.0,20.3,6.7,9.1,9.4,45.5
104371.0,28.3,7.4,6.7,6.5,48.900000000000006
92394.0,19.6,6.2,7.6,8.9,42.3
98236.0,28.4,7.7,6.7,6.6,49.400000000000006
182110.0,19.3,6.1,4.9,8.1,38.4
97159.0,20.3,10.1,5.3,8.5,44.2
80614.0,27.2,8.5,7.4,10.3,53.400000000000006
53058.0,23.5,9.2,7.8,9.8,50.3
80096.0,28.8,7.7,5.6,9.2,51.3
81011.0,31.9,8.7,7.3,7.1,54.99999999999999
62994.0,23.2,8.1,9.3,9.8,50.39999999999999
148165.0,22.6,6.4,5.8,5.3,40.1
108489.0,24.3,8.4,6.2,8.9,47.8
134223.0,25.8,7.3,6.2,4.9,44.2
61665.0,21.9,7.8,9.0,11.3,50.0
154283.0,22.9,6.5,4.9,3.1,37.4
131266.0,21.3,6.5,6.8,8.6,43.2
87521.0,27.8,9.8,2.8,5.8,46.2
86445.0,17.5,8.6,9.3,9.4,44.8
53028.0,23.1,9.0,10.2,10.4,52.7
144536.0,26.2,7.4,6.2,7.9,47.7
145502.0,22.1,6.9,6.1,7.2,42.3
169899.0,21.2,6.7,6.0,6.6,40.5
110206.0,26.5,7.4,5.7,5.8,45.4
74418.0,27.6,8.6,7.7,10.7,54.60000000000001
124222.0,29.5,8.5,7.2,8.2,53.400000000000006
106416.0,26.7,7.7,7.0,6.2,47.6
153727.0,21.5,6.6,6.2,6.5,40.8
133488.0,21.2,6.3,6.4,8.0,41.9
134726.0,22.3,7.3,6.4,8.2,44.2
129907.0,19.7,7.4,6.1,8.3,41.5
147697.0,22.5,6.6,5.7,5.1,39.900000000000006
108126.0,17.4,6.2,8.4,7.5,39.5
119171.0,15.4,6.1,7.0,8.4,36.9
80002.0,29.9,8.8,7.8,7.2,53.7
93113.0,30.2,7.5,6.4,5.4,49.5
114414.0,17.1,5.3,7.9,7.3,37.6
118606.0,16.9,5.3,7.3,8.3,37.8
152057.0,22.9,7.6,6.4,4.5,41.4
143886.0,25.7,7.4,6.2,4.7,44.00000000000001
62400.0,21.5,8.0,9.2,10.6,49.3
80480.0,30.8,8.5,7.7,6.7,53.7
87521.0,27.8,9.8,2.8,5.8,46.2
88797.0,28.8,8.5,7.4,6.4,51.1
81885.0,26.4,8.5,7.6,10.2,52.7
91627.0,19.5,7.4,8.0,9.1,44.0
108393.0,27.3,7.4,6.7,6.9,48.3
90308.0,19.6,5.2,8.0,8.9,41.7
110161.0,24.2,7.5,6.6,8.6,46.9
118606.0,16.9,5.3,7.3,8.3,37.8
105673.0,16.6,4.6,8.0,9.1,38.3
147159.0,15.4,5.1,6.0,8.8,35.3
92461.0,29.5,7.9,7.8,6.7,51.9
108783.0,17.4,5.8,7.6,8.4,39.2
165755.0,19.2,5.7,5.9,5.3,36.1
53080.0,21.8,7.6,10.3,10.3,50.0
161134.0,20.3,3.9,6.3,6.8,37.3
98064.0,25.0,7.4,6.6,9.1,48.1
85972.0,17.4,6.0,9.6,8.1,41.1
144782.0,16.8,5.4,6.6,7.3,36.1
140621.0,24.4,7.1,6.1,3.7,41.3
83970.0,29.6,9.1,7.5,6.9,53.1
82906.0,30.3,7.5,6.9,7.5,52.2
157412.0,21.9,6.7,4.5,4.0,37.1
108246.0,25.2,7.3,6.2,9.5,48.2
60178.0,24.0,7.6,9.3,10.9,51.8
65516.0,21.6,6.8,8.1,10.0,46.5
56003.0,23.2,8.1,9.0,10.5,50.8
114414.0,17.1,5.3,7.9,7.3,37.6
138040.0,24.6,7.7,5.8,4.9,43.0
71773.0,20.9,7.0,8.8,9.6,46.3
120432.0,25.9,7.7,6.7,5.7,46.00000000000001
73971.0,18.0,5.5,10.5,14.0,48.0
171973.0,19.9,4.8,6.4,5.0,36.1
157796.0,22.7,8.2,5.5,3.7,40.1
87789.0,25.6,7.7,7.4,10.7,51.400000000000006
139599.0,22.2,7.1,6.4,6.9,42.6
117624.0,26.3,7.5,6.0,5.5,45.3
109891.0,23.7,6.9,6.4,8.9,45.9
130084.0,16.9,5.7,7.5,7.8,37.9
135852.0,24.0,6.8,6.0,5.7,42.5
91258.0,19.5,6.8,8.2,8.1,42.6
166671.0,21.9,6.1,5.6,3.9,37.5
131520.0,21.3,7.5,6.4,8.2,43.400000000000006
101893.0,19.2,6.6,7.6,9.1,42.5
118719.0,26.5,7.2,6.3,5.6,45.6
63967.0,20.8,6.6,9.5,9.6,46.5
115141.0,26.7,7.8,6.6,6.6,47.7
117672.0,24.0,7.5,6.5,8.8,46.8
121947.0,16.6,5.7,6.5,7.2,36.0
122624.0,21.8,7.1,6.8,7.4,43.1
164635.0,22.2,6.8,4.9,3.3,37.2
113575.0,14.7,6.4,8.0,8.2,37.3
134938.0,26.7,7.6,6.3,5.2,45.8
53952.0,22.6,7.8,9.6,10.6,50.6
103228.0,21.5,7.7,8.9,9.9,48.0
120570.0,15.6,4.9,7.3,8.0,35.8
132492.0,23.3,6.5,6.2,5.6,41.6
119386.0,15.3,5.9,7.4,7.8,36.4
104024.0,25.6,9.7,8.1,9.9,53.3
79971.0,19.1,6.8,9.0,8.6,43.50000000000001
82876.0,20.4,6.3,8.6,9.6,44.9
83753.0,26.7,7.9,7.1,9.4,51.1
74762.0,20.3,7.3,8.6,9.6,45.8
187064.0,20.3,5.3,5.0,7.9,38.5
168558.0,19.1,6.3,6.1,5.6,37.1
79886.0,17.1,7.6,9.3,8.5,42.5
154311.0,18.7,6.6,5.4,7.4,38.1
79550.0,23.4,8.0,9.0,10.5,50.9
115274.0,27.3,7.8,6.5,6.8,48.4
149481.0,20.4,6.5,5.9,7.2,40.0
120900.0,24.8,6.9,4.9,6.8,43.4
102925.0,21.2,8.5,7.9,10.8,48.400000000000006
117005.0,16.4,5.5,7.6,8.2,37.7
72231.0,20.6,7.3,8.8,9.2,45.900000000000006
126823.0,22.4,6.6,6.1,8.5,43.6
82035.0,25.2,8.9,6.9,10.3,51.3
108098.0,27.5,7.4,6.8,6.0,47.7
86820.0,26.1,8.7,7.3,9.4,51.49999999999999
121296.0,28.0,6.9,5.9,4.1,44.9
79715.0,19.8,6.7,7.9,8.7,43.1
121922.0,25.9,5.9,6.1,3.8,41.7
61004.0,22.2,7.4,9.1,9.8,48.5
95055.0,18.0,6.7,8.6,8.1,41.4
141300.0,24.5,5.6,6.1,6.3,42.5
186255.0,25.1,5.2,5.2,5.2,40.7
83538.0,31.0,8.9,7.7,6.5,54.1
83949.0,26.2,8.3,7.1,9.9,51.5
58346.0,22.7,7.4,9.1,9.6,48.8
121769.0,26.9,8.0,6.9,5.4,47.2
63553.0,20.4,7.7,10.0,9.9,47.99999999999999
165634.0,19.4,5.9,6.2,5.9,37.4
75241.0,28.3,8.7,7.8,9.7,54.5
192326.0,17.8,4.8,5.4,7.0,35.0
83597.0,20.8,7.0,9.0,8.6,45.4
174816.0,18.5,5.4,5.6,5.7,35.2
196755.0,20.6,5.9,5.3,3.8,35.6
84581.0,18.4,6.5,8.1,9.2,42.2
135797.0,26.6,6.1,3.1,8.9,44.7
88097.0,20.2,6.5,8.3,7.6,42.6
103697.0,28.5,7.8,6.0,6.8,49.1
137394.0,20.4,6.7,6.3,7.8,41.2
114360.0,26.4,7.0,6.7,6.4,46.5
138666.0,24.8,7.4,6.5,4.6,43.3
132407.0,16.9,5.0,6.9,6.9,35.7
62635.0,20.5,6.7,9.8,10.2,47.2
66849.0,21.9,7.4,9.5,9.4,48.2
125400.0,25.2,8.0,6.8,6.5,46.5
90134.0,19.4,6.6,8.0,8.8,42.8
94034.0,16.1,6.8,10.2,8.8,41.900000000000006
91967.0,27.7,8.5,7.7,7.5,51.400000000000006
84865.0,18.6,7.0,9.1,8.7,43.400000000000006
97765.0,28.6,8.4,7.1,6.3,50.4
53346.0,24.3,8.1,9.6,10.6,52.6
127503.0,25.9,6.9,5.8,5.4,43.99999999999999
110146.0,13.1,8.5,8.9,9.0,39.5
89635.0,26.0,8.3,8.2,10.1,52.6
79971.0,19.1,6.8,9.0,8.6,43.50000000000001
83805.0,27.4,8.2,7.1,9.2,51.89999999999999
111182.0,35.3,7.1,5.3,5.2,52.9
91680.0,30.0,7.8,5.5,8.0,51.3
82296.0,22.2,6.2,7.6,9.4,45.4
187064.0,20.3,5.3,5.0,7.9,38.5
101327.0,18.7,6.0,8.0,8.2,40.900000000000006
158726.0,24.1,6.1,4.9,4.1,39.2
153727.0,21.5,6.6,6.2,6.5,40.8
98615.0,25.9,7.6,6.4,9.5,49.4
74688.0,20.1,7.9,9.3,10.1,47.4
101302.0,27.5,6.9,6.7,8.5,49.6
122207.0,27.8,8.1,6.6,5.0,47.5
155865.0,21.9,6.0,6.0,6.0,39.9
194882.0,21.1,6.3,5.3,2.8,35.5
120326.0,24.0,7.6,7.2,9.2,48.0
104706.0,17.1,5.9,8.1,8.5,39.6
122666.0,25.5,6.7,6.1,5.6,43.900000000000006
180389.0,22.0,6.5,5.8,3.1,37.4
54259.0,23.8,7.3,9.3,11.0,51.400000000000006
118516.0,26.5,6.7,6.1,5.9,45.2
91162.0,27.8,9.1,7.7,6.7,51.3
172675.0,20.3,6.0,5.6,6.5,38.4
77203.0,27.5,8.8,7.5,10.0,53.8
171880.0,18.5,6.5,5.6,6.9,37.5
165419.0,20.3,5.5,5.0,7.5,38.3
111750.0,16.8,5.9,7.4,7.7,37.8
73290.0,19.9,7.1,9.3,8.9,45.2
129715.0,17.9,7.9,6.5,8.3,40.6
158974.0,20.3,6.0,5.8,5.8,37.9
195627.0,19.7,5.7,4.9,6.7,37.0
149811.0,22.9,6.8,5.3,4.7,39.7
116565.0,26.8,6.9,6.1,5.9,45.7
102003.0,16.2,5.9,7.3,8.9,38.3
99116.0,17.2,4.5,7.2,8.8,37.7
130514.0,22.0,6.9,6.4,7.1,42.4
99035.0,25.3,7.4,6.6,9.3,48.60000000000001
92052.0,29.6,8.2,7.2,6.5,51.5
127811.0,22.7,6.8,6.5,7.9,43.9
165959.0,19.7,8.0,5.3,4.7,37.7
103109.0,17.1,6.4,7.6,7.6,38.7
91258.0,19.5,6.8,8.2,8.1,42.6
96255.0,17.0,6.3,7.0,7.7,38.0
79550.0,23.4,8.0,9.0,10.5,50.9
122261.0,23.2,7.0,6.1,8.8,45.1
109379.0,30.9,7.1,6.2,6.4,50.6
108207.0,23.0,7.3,7.0,9.5,46.8
146300.0,21.2,6.5,5.3,8.1,41.1
98456.0,19.0,5.6,7.0,7.8,39.4
68682.0,22.3,7.0,9.2,9.1,47.6
188302.0,19.1,5.6,4.8,5.8,35.300000000000004
156350.0,18.7,5.7,5.7,6.3,36.4
103109.0,17.1,6.4,7.6,7.6,38.7
171793.0,20.4,6.9,6.6,4.1,38.0
175372.0,18.9,5.8,5.4,5.5,35.6
90170.0,19.7,6.6,7.9,10.2,44.39999999999999
125013.0,16.6,4.6,6.9,7.5,35.6
66534.0,20.8,7.3,9.0,9.9,47.0
118160.0,22.7,7.2,6.2,8.7,44.8
79109.0,19.6,7.1,8.4,9.3,44.400000000000006
67749.0,27.3,8.8,7.7,10.7,54.5
92100.0,25.1,8.5,7.8,10.2,51.6
117869.0,17.2,6.2,7.4,6.1,36.9
74502.0,19.9,6.6,9.0,9.0,44.5
66446.0,20.3,6.7,9.1,9.4,45.5
74650.0,27.4,8.5,7.8,10.4,54.1
128090.0,25.6,7.3,5.8,5.0,43.7
145938.0,33.6,6.1,2.6,6.0,48.3
95513.0,24.2,3.1,4.0,6.8,38.1
148399.0,22.8,6.0,5.5,4.7,39.0
65516.0,21.6,6.8,8.1,10.0,46.5
111028.0,16.2,6.0,7.8,8.1,38.1
147373.0,19.7,5.7,4.5,7.2,37.1
99494.0,17.7,6.7,7.7,8.6,40.7
112595.0,22.8,7.4,6.1,9.3,45.60000000000001
106096.0,17.0,5.8,8.2,7.7,38.7
57851.0,23.1,8.0,9.0,10.4,50.5
143563.0,24.3,7.1,6.0,4.9,42.3
91680.0,30.0,7.8,5.5,8.0,51.3
81012.0,25.4,9.5,7.7,10.6,53.2
140021.0,22.4,6.9,6.1,8.1,43.5
72574.0,19.1,6.9,8.4,9.3,43.7
94454.0,24.1,8.4,7.5,8.9,48.9
143886.0,25.7,7.4,6.2,4.7,44.00000000000001
92098.0,28.3,9.0,7.3,5.6,50.2
108924.0,27.5,8.2,7.4,5.4,48.5
70623.0,30.4,8.7,8.4,7.5,54.99999999999999
149307.0,19.9,6.8,6.6,7.1,40.4
143957.0,21.1,6.6,6.3,5.0,39.0
106330.0,24.6,8.0,6.5,8.8,47.900000000000006
61004.0,22.2,7.4,9.1,9.8,48.5
92947.0,26.3,7.3,6.3,9.8,49.7
103848.0,23.4,7.7,7.0,8.6,46.7
95177.0,18.0,7.0,8.2,9.4,42.6
82545.0,19.9,7.5,7.9,9.0,44.3
90202.0,28.3,8.3,8.9,5.9,51.4
144675.0,21.8,6.7,6.1,9.2,43.8
152118.0,22.2,5.9,5.8,5.6,39.5
162602.0,22.0,5.6,5.1,4.6,37.3
108934.0,24.1,7.2,6.6,9.6,47.5
119771.0,16.5,6.0,8.0,7.4,37.9
123976.0,23.5,7.3,7.0,6.3,44.1
140021.0,22.4,6.9,6.1,8.1,43.5
85523.0,30.1,8.4,7.3,6.7,52.5
89993.0,26.0,8.0,6.7,8.7,49.400000000000006
134714.0,22.0,6.8,6.4,6.9,42.1
78485.0,19.3,7.0,8.9,8.2,43.400000000000006
95032.0,18.3,6.5,8.2,8.2,41.2
182876.0,22.2,5.3,5.3,4.2,37.0
169667.0,20.8,4.7,5.0,5.3,35.8
169998.0,21.4,6.6,5.3,3.4,36.7
92725.0,26.5,7.9,6.7,9.4,50.5
79829.0,30.8,8.4,7.2,7.2,53.60000000000001
163987.0,20.1,5.8,6.4,7.0,39.3
104499.0,28.3,7.8,6.5,6.4,49.0
55204.0,23.6,8.1,9.3,11.1,52.1
85304.0,19.7,6.8,9.0,8.7,44.2
71934.0,20.6,8.4,9.2,10.8,49.0
160648.0,20.7,7.0,4.8,4.0,36.5
140672.0,23.1,5.9,7.3,6.0,42.3
170279.0,22.2,6.4,5.6,4.0,38.2
90909.0,18.4,6.8,10.2,9.7,45.1
75601.0,26.7,8.2,7.6,9.8,52.3
124816.0,23.9,9.0,6.1,6.5,45.5
143676.0,24.6,6.7,5.8,4.9,42.0
119109.0,16.2,5.5,7.1,7.7,36.5
175657.0,17.8,6.8,5.8,8.0,38.400000000000006
190939.0,18.8,4.9,4.9,7.6,36.2
97845.0,24.9,7.3,7.1,8.5,47.8
117724.0,26.8,7.3,6.2,6.3,46.6
90800.0,26.2,8.2,7.3,10.4,52.1
78636.0,21.8,7.1,8.6,9.3,46.8
103205.0,17.5,6.3,8.3,8.2,40.3
96710.0,30.0,8.6,7.3,6.7,52.6
136121.0,22.3,4.1,4.0,9.0,39.4
170958.0,20.3,5.9,5.1,6.9,38.2
74212.0,19.5,7.4,9.4,8.6,44.9
107319.0,26.9,7.5,6.6,5.7,46.7
73305.0,27.9,8.6,7.7,10.7,54.900000000000006
65722.0,19.8,8.4,9.0,10.4,47.6
121110.0,26.9,7.7,6.8,5.0,46.4
124063.0,25.9,7.0,6.2,5.9,45.0
161806.0,21.9,6.9,5.7,3.7,38.2
72155.0,29.3,8.2,7.1,9.8,54.400000000000006
60059.0,20.8,6.2,9.7,10.8,47.5
125509.0,16.4,5.5,6.5,7.3,35.7
50059.0,24.2,7.6,9.1,9.9,50.8
123347.0,23.7,7.1,6.7,9.7,47.2
149433.0,21.4,6.7,6.3,6.6,41.0
132083.0,23.3,6.5,4.6,7.3,41.7
57953.0,22.6,7.7,9.5,10.2,50.0
135512.0,23.2,7.5,6.1,5.0,41.8
118604.0,23.3,6.9,5.9,8.8,44.900000000000006
87024.0,19.1,6.5,8.5,8.6,42.7
52421.0,22.4,8.3,9.6,9.4,49.7
93088.0,25.5,8.3,7.3,8.9,49.99999999999999
87900.0,25.9,8.8,7.4,9.4,51.5
119105.0,17.3,5.7,8.5,7.0,38.5
79855.0,26.8,9.1,7.8,10.6,54.3
113090.0,22.5,7.1,7.1,10.1,46.8
192599.0,21.5,5.0,5.1,3.8,35.4
120472.0,15.9,5.6,7.4,8.4,37.3
89482.0,26.8,8.1,5.9,7.4,48.2
158045.0,19.1,5.9,6.7,8.1,39.8
126659.0,22.3,6.7,6.0,8.7,43.7
64434.0,21.9,7.6,8.0,9.0,46.5
106938.0,17.5,5.5,7.0,7.6,37.6
81564.0,29.9,8.7,8.2,7.0,53.8
107377.0,22.2,8.0,6.1,9.1,45.4
60276.0,22.4,7.5,9.0,10.2,49.1
84967.0,19.2,6.7,8.6,8.2,42.7
86958.0,30.9,9.0,7.5,7.4,54.8
142126.0,25.1,6.9,5.9,3.9,41.8
189934.0,19.1,6.0,4.0,6.4,35.5
122506.0,13.8,6.1,7.0,9.7,36.6
108660.0,17.3,5.5,8.2,7.6,38.6
73883.0,27.0,8.6,7.5,10.3,53.400000000000006
170323.0,20.8,6.5,5.8,3.6,36.7
68030.0,19.2,6.6,8.9,7.1,41.8
91627.0,19.5,7.4,8.0,9.1,44.0
106810.0,19.0,5.8,8.2,8.0,41.0
74165.0,20.9,7.7,9.1,9.6,47.3
104820.0,17.5,6.1,7.2,8.6,39.4
88585.0,27.7,8.2,7.1,9.1,52.1
121803.0,22.9,6.7,6.2,8.3,44.1
66446.0,20.3,6.7,9.1,9.4,45.5
136447.0,20.3,6.8,6.5,6.9,40.5
167005.0,22.1,5.6,4.6,5.3,37.6
99244.0,29.7,8.3,6.6,6.0,50.6
115672.0,25.5,8.0,6.7,5.4,45.6
172267.0,21.4,6.3,5.1,3.4,36.2
79045.0,21.7,7.5,8.3,9.3,46.8
77713.0,27.9,8.5,7.7,10.3,54.400000000000006
66446.0,20.3,6.7,9.1,9.4,45.5
140710.0,20.5,7.2,4.7,7.4,39.8
117887.0,27.4,7.3,6.4,5.9,46.99999999999999
123924.0,22.1,6.9,6.1,8.5,43.6
89412.0,31.0,8.0,6.1,7.7,52.8
179252.0,17.3,5.9,5.7,6.4,35.300000000000004
143807.0,21.1,5.4,5.8,5.9,38.2
83236.0,29.8,8.6,7.4,6.9,52.7
104024.0,25.6,9.7,8.1,9.9,53.3
88567.0,20.4,7.9,7.9,12.3,48.5
77861.0,28.6,9.0,7.3,9.8,54.7
141068.0,23.9,6.4,5.6,5.1,41.0
76782.0,24.2,6.0,7.0,4.2,41.400000000000006
115946.0,23.5,7.1,6.5,8.7,45.8
76811.0,20.0,7.8,9.2,9.9,46.9
124591.0,29.0,8.4,6.4,7.9,51.7
141980.0,23.9,6.8,5.9,4.2,40.8
127295.0,26.6,5.6,4.1,6.8,43.1
144536.0,26.2,7.4,6.2,7.9,47.7
170743.0,20.8,5.7,5.1,4.7,36.3
81515.0,30.5,8.6,8.4,7.3,54.8
119811.0,27.6,7.2,6.4,4.7,45.900000000000006
196755.0,20.6,5.9,5.3,3.8,35.6
89660.0,24.7,9.0,7.7,8.7,50.10000000000001
128417.0,24.4,7.1,8.0,6.2,45.7
136229.0,22.3,7.3,6.5,7.2,43.3
92544.0,25.0,7.7,6.6,10.2,49.5
112311.0,23.2,7.4,6.6,9.2,46.400000000000006
96615.0,30.0,8.2,6.8,6.4,51.4
101806.0,21.5,6.2,8.4,9.9,46.0
79061.0,26.7,8.9,7.8,11.0,54.4
170081.0,18.8,5.7,5.1,8.1,37.7
79295.0,29.0,8.4,6.1,10.6,54.1
96638.0,16.4,6.2,8.6,8.1,39.3
122207.0,27.8,8.1,6.6,5.0,47.5
123976.0,23.5,7.3,7.0,6.3,44.1
81195.0,25.4,7.8,8.1,9.3,50.6
95177.0,18.0,7.0,8.2,9.4,42.6
170898.0,24.0,7.1,5.9,3.3,40.3
103397.0,17.9,6.6,7.9,8.4,40.8
118999.0,22.7,7.5,6.9,8.8,45.900000000000006
89993.0,26.0,8.0,6.7,8.7,49.400000000000006
114414.0,17.1,5.3,7.9,7.3,37.6
55464.0,23.1,8.6,9.2,9.9,50.8
76609.0,29.0,7.0,6.8,9.3,52.1
121007.0,26.3,7.1,6.0,6.6,46.0
146381.0,21.9,6.4,6.0,7.8,42.1
165436.0,18.5,6.1,5.2,6.5,36.3
75776.0,26.3,10.2,9.3,5.7,51.5
74559.0,26.3,8.5,8.3,9.3,52.39999999999999
111627.0,22.6,7.5,6.7,9.4,46.2
79359.0,18.8,6.9,8.9,9.8,44.400000000000006
108474.0,23.7,8.7,7.0,9.3,48.7
88858.0,30.5,8.3,6.9,6.0,51.7
51884.0,22.6,8.8,10.3,10.5,52.2
81442.0,26.6,8.5,7.1,9.9,52.1
187510.0,18.5,5.8,5.1,7.7,37.1
139537.0,18.1,5.3,8.0,6.9,38.3
103068.0,25.2,7.6,7.0,8.1,47.9
162238.0,21.7,5.6,5.3,5.3,37.89999999999999
79954.0,19.6,6.4,9.3,7.8,43.1
127857.0,23.5,7.8,5.4,9.4,46.1
81825.0,29.8,9.3,8.0,7.8,54.9
139737.0,23.0,6.4,5.7,4.4,39.5
168343.0,21.6,6.3,5.2,3.6,36.7
108934.0,28.5,7.7,6.8,5.4,48.4
80758.0,27.8,8.3,7.3,10.0,53.4
61665.0,21.9,7.8,9.0,11.3,50.0
87789.0,25.6,7.7,7.4,10.7,51.400000000000006
74602.0,26.8,9.2,7.3,9.6,52.9
78262.0,27.5,9.3,7.1,9.6,53.5
82366.0,30.3,8.2,6.9,7.2,52.6
112055.0,20.2,6.2,9.2,9.5,45.1
84175.0,21.4,6.3,7.1,9.1,43.9
118268.0,24.3,6.5,6.5,5.3,42.6
95437.0,25.8,8.4,8.1,6.5,48.8
79550.0,23.4,8.0,9.0,10.5,50.9
88844.0,31.3,6.7,7.1,6.3,51.4
60246.0,22.7,8.0,8.5,9.3,48.5
121108.0,16.6,5.6,7.5,6.8,36.5
167688.0,18.8,6.1,6.2,6.0,37.1
104633.0,22.7,7.7,6.9,9.0,46.3
93913.0,26.1,8.1,7.2,9.6,51.00000000000001
160118.0,22.5,7.5,6.9,4.5,41.4
97159.0,20.3,10.1,5.3,8.5,44.2
64663.0,23.6,9.1,9.8,11.1,53.6
93040.0,26.3,7.6,7.1,9.1,50.1
182136.0,19.3,6.1,5.5,7.9,38.8
70893.0,27.9,8.8,7.6,10.3,54.60000000000001
134434.0,22.8,6.7,5.3,8.6,43.4
161875.0,25.6,5.8,3.9,3.5,38.8
84545.0,30.1,9.1,7.8,6.1,53.1
79109.0,19.6,7.1,8.4,9.3,44.400000000000006
78929.0,30.3,8.4,7.5,7.0,53.2
182253.0,21.1,3.1,4.6,6.6,35.400000000000006
104617.0,28.0,7.6,7.1,6.9,49.6
90301.0,29.3,7.5,7.4,6.5,50.7
158157.0,24.6,6.9,6.1,6.4,44.0
109699.0,22.6,7.6,6.8,9.1,46.1
105407.0,16.7,6.1,7.1,8.3,38.2
125753.0,24.6,7.2,6.8,6.6,45.2
86622.0,30.2,6.5,6.8,6.5,50.0
112972.0,25.0,7.7,6.8,8.5,48.0
141257.0,21.8,6.8,5.6,8.0,42.2
165419.0,20.3,5.5,5.0,7.5,38.3
72054.0,21.8,7.2,8.6,9.6,47.2
94000.0,22.0,6.7,8.9,9.5,47.1
122530.0,18.5,6.4,7.5,7.7,40.1
79952.0,19.8,7.0,8.5,9.6,44.9
111681.0,16.8,6.0,8.6,7.4,38.8
168383.0,19.6,5.0,5.3,8.4,38.3
168383.0,19.6,5.0,5.3,8.4,38.3
133345.0,21.4,6.8,6.6,8.3,43.1
162584.0,21.7,6.4,5.2,4.6,37.900000000000006
119866.0,23.3,6.9,6.2,8.6,45.00000000000001
122777.0,29.6,4.9,5.2,7.6,47.3
148269.0,22.9,6.9,6.3,4.3,40.39999999999999
67887.0,32.4,7.8,6.3,7.6,54.1
102397.0,16.2,5.8,8.4,7.4,37.8
99393.0,29.3,8.5,6.9,6.9,51.6
133488.0,21.2,6.3,6.4,8.0,41.9
111439.0,16.5,5.3,8.2,7.8,37.8
164672.0,15.6,6.3,7.3,6.2,35.4
53031.0,23.4,8.1,8.8,9.9,50.2
126298.0,24.7,7.1,7.7,4.0,43.5
88407.0,19.3,6.9,7.1,9.2,42.5
118206.0,27.5,7.9,6.6,4.9,46.9
159818.0,20.4,6.2,6.4,3.7,36.7
117149.0,17.0,5.8,7.4,7.8,38.0
99880.0,24.6,7.8,7.7,9.0,49.1
161554.0,22.0,6.5,5.4,4.0,37.9
125763.0,26.6,7.3,6.2,4.7,44.8
73466.0,27.3,8.4,7.5,10.1,53.3
126151.0,23.2,7.2,6.7,8.0,45.1
140039.0,21.7,7.0,5.8,8.5,43.0
89784.0,29.1,8.0,7.2,6.5,50.8
71773.0,20.9,7.0,8.8,9.6,46.3
144782.0,16.8,5.4,6.6,7.3,36.1
101806.0,21.5,6.2,8.4,9.9,46.0
133286.0,20.7,6.1,6.3,8.9,41.99999999999999
102049.0,23.8,7.9,7.0,9.0,47.7
109699.0,22.6,7.6,6.8,9.1,46.1
82366.0,30.3,8.2,6.9,7.2,52.6
106752.0,24.3,7.5,6.5,9.0,47.3
182118.0,20.8,6.2,5.1,3.7,35.800000000000004
102208.0,25.1,7.7,7.2,9.0,49.00000000000001
106855.0,24.1,7.4,5.8,10.8,48.1
91510.0,33.1,7.3,7.8,5.3,53.49999999999999
55000.0,23.7,8.9,9.8,11.6,54.00000000000001
137184.0,16.8,6.8,8.7,9.0,41.3
118868.0,27.9,8.0,5.9,7.1,48.9
55647.0,22.3,8.7,9.5,10.3,50.8
148311.0,18.3,7.4,6.2,7.8,39.7
140621.0,24.4,7.1,6.1,3.7,41.3
139659.0,24.8,6.5,5.7,4.5,41.5
152051.0,16.6,5.8,6.3,7.1,35.800000000000004
163493.0,18.0,8.3,7.1,3.6,37.0
88723.0,24.4,8.4,7.3,9.7,49.8
156734.0,23.7,7.2,5.3,4.1,40.3
53885.0,23.5,7.0,8.2,9.6,48.3
93568.0,24.3,7.0,7.8,10.9,50.0
114090.0,27.9,7.8,6.8,5.1,47.6
163070.0,21.9,5.8,5.2,4.9,37.8
108794.0,18.5,5.8,8.1,7.2,39.6
86120.0,30.7,7.5,7.0,6.7,51.900000000000006
102404.0,20.3,8.6,7.8,10.1,46.8
99827.0,17.3,6.5,8.2,8.8,40.8
89101.0,30.6,8.1,7.4,6.1,52.2
182378.0,17.9,6.0,6.3,7.1,37.3
55647.0,22.3,8.7,9.5,10.3,50.8
149196.0,23.2,5.4,4.4,5.7,38.7
169959.0,21.3,5.9,4.9,3.2,35.300000000000004
98876.0,18.5,5.4,7.1,9.5,40.5
162912.0,19.6,6.1,5.6,5.8,37.1
135985.0,21.2,7.3,6.0,5.9,40.4
116672.0,16.3,5.6,7.7,7.3,36.9
173721.0,19.3,5.2,5.1,6.6,36.2
189399.0,20.1,5.6,5.7,4.2,35.6
120900.0,24.8,6.9,4.9,6.8,43.4
80884.0,30.0,8.7,7.1,7.2,53.00000000000001
120027.0,22.3,8.1,5.8,7.3,43.49999999999999
106416.0,26.7,7.7,7.0,6.2,47.6
117887.0,27.4,7.3,6.4,5.9,46.99999999999999
106472.0,17.2,5.9,8.0,8.3,39.400000000000006
90955.0,19.7,6.2,7.5,8.6,42.0
125900.0,21.9,7.7,7.6,8.1,45.3
113099.0,17.4,5.4,8.0,7.7,38.5
105547.0,16.8,5.9,7.7,7.4,37.8
94454.0,24.1,8.4,7.5,8.9,48.9
144189.0,27.8,5.4,3.8,4.8,41.8
138106.0,24.8,7.0,5.5,4.5,41.8
83970.0,29.6,9.1,7.5,6.9,53.1
87439.0,24.7,9.5,8.0,10.4,52.6
94091.0,27.9,8.1,7.3,6.1,49.4
98683.0,17.7,6.2,7.9,8.5,40.3
109699.0,22.6,7.6,6.8,9.1,46.1
104193.0,16.8,5.8,7.5,8.2,38.3
109328.0,17.2,6.1,8.2,7.5,39.0
87796.0,18.9,6.3,8.0,9.0,42.2
130084.0,16.9,5.7,7.5,7.8,37.9
171793.0,20.4,6.9,6.6,4.1,38.0
94751.0,30.0,7.7,7.1,6.8,51.6
159527.0,24.4,6.9,6.3,4.2,41.8
81612.0,31.2,8.7,7.5,7.3,54.7
111602.0,27.9,7.0,5.8,6.2,46.9
133711.0,29.2,7.2,6.0,3.9,46.3
83529.0,20.0,6.9,8.4,8.4,43.7
85718.0,27.2,8.5,7.5,10.1,53.3
100737.0,17.3,6.4,8.2,7.6,39.5
52339.0,23.6,8.4,9.8,10.2,52.0
107520.0,27.8,7.5,7.1,5.8,48.2
110065.0,23.3,8.0,6.7,9.4,47.4
144470.0,21.8,6.1,5.9,8.0,41.8
78418.0,27.4,8.3,7.3,10.0,53.0
100739.0,17.6,6.7,7.9,8.9,41.1
134155.0,23.9,6.6,6.0,5.3,41.8
146396.0,21.7,6.3,5.6,7.8,41.4
155083.0,19.8,5.8,5.6,7.9,39.1
147892.0,19.5,4.5,4.8,7.5,36.3
127996.0,21.1,7.4,6.5,8.2,43.2
82786.0,25.3,9.6,8.0,10.1,53.0
108379.0,29.3,7.3,6.3,6.3,49.2
53956.0,23.0,8.4,9.6,10.2,51.2
97689.0,25.5,7.0,6.8,9.8,49.1
99724.0,18.6,6.9,8.6,8.0,42.1
147928.0,24.1,6.8,5.9,6.0,42.8
53865.0,24.1,7.8,9.2,10.7,51.8
156734.0,20.2,5.5,5.3,7.2,38.2
139907.0,23.9,7.5,6.6,4.5,42.5
132083.0,23.3,6.5,4.6,7.3,41.7
67718.0,20.6,7.1,9.3,9.2,46.2
138444.0,24.9,7.0,5.4,5.5,42.8
81867.0,20.2,6.8,8.9,8.9,44.8
91258.0,19.5,6.8,8.2,8.1,42.6
103693.0,23.5,8.8,7.3,6.5,46.1
79061.0,26.7,8.9,7.8,11.0,54.4
84956.0,29.0,8.7,7.2,5.6,50.50000000000001
192326.0,17.8,4.8,5.4,7.0,35.0
141300.0,24.5,5.6,6.1,6.3,42.5
95418.0,21.4,9.2,6.5,11.2,48.3
90954.0,28.6,8.4,7.7,7.5,52.2
54185.0,22.0,9.1,8.6,10.4,50.1
184752.0,23.0,6.5,5.5,4.6,39.6
138867.0,24.2,6.8,6.5,5.1,42.6
163001.0,22.8,6.2,5.1,4.2,38.3
112836.0,23.0,6.9,6.5,9.5,45.9
182691.0,25.0,5.6,6.1,7.3,44.0
114781.0,13.8,6.4,9.1,7.2,36.50000000000001
166500.0,20.3,6.5,5.6,7.5,39.9
86569.0,19.1,6.8,8.8,8.9,43.6
172267.0,21.4,6.3,5.1,3.4,36.2
104617.0,28.0,7.6,7.1,6.9,49.6
118428.0,23.2,7.8,6.3,8.4,45.7
155503.0,19.3,6.6,5.5,6.2,37.6
146819.0,20.7,6.6,6.3,6.6,40.2
86240.0,25.5,8.3,7.1,9.9,50.8
79746.0,30.4,9.1,7.6,6.0,53.1
143804.0,18.8,7.3,5.3,7.8,39.2
98267.0,29.2,8.0,5.8,4.3,47.3
94920.0,20.2,5.1,8.2,8.4,41.9
60130.0,21.7,7.8,9.5,9.4,48.4
126146.0,26.6,8.0,6.9,5.1,46.6
134155.0,23.9,6.6,6.0,5.3,41.8
76264.0,20.6,7.3,8.9,9.8,46.60000000000001
93707.0,25.7,8.3,7.4,10.0,51.4
71773.0,20.9,7.0,8.8,9.6,46.3
131520.0,21.3,7.5,6.4,8.2,43.400000000000006
195358.0,21.1,6.3,5.8,2.8,36.0
165923.0,23.7,7.7,4.4,4.4,40.2
96255.0,17.0,6.3,7.0,7.7,38.0
109028.0,24.1,7.7,7.0,9.2,48.0
79748.0,21.1,6.9,9.2,9.2,46.400000000000006
72096.0,27.4,7.4,6.4,10.9,52.1
59912.0,24.5,8.5,7.6,10.0,50.6
158582.0,20.3,6.4,5.7,8.0,40.400000000000006
158521.0,20.0,6.0,6.1,7.1,39.2
107952.0,21.0,5.8,8.0,8.4,43.2
108471.0,24.3,7.7,7.1,10.5,49.6
132965.0,21.7,6.8,6.2,8.1,42.8
126405.0,23.6,6.9,6.4,9.3,46.2
193279.0,23.8,2.9,3.7,4.8,35.2
86820.0,26.1,8.7,7.3,9.4,51.49999999999999
157418.0,19.9,6.6,6.3,5.3,38.1
121938.0,26.5,7.2,4.7,6.6,45.00000000000001
144267.0,19.7,6.8,6.2,5.7,38.400000000000006
126734.0,25.9,7.7,6.2,5.8,45.6
132370.0,24.7,5.5,5.8,7.4,43.4
132585.0,21.8,6.7,5.9,8.6,43.0
122530.0,18.5,6.4,7.5,7.7,40.1
100793.0,26.0,7.8,7.4,5.5,46.7
129536.0,24.0,7.6,7.0,4.9,43.5
65314.0,21.8,7.8,9.1,9.4,48.1
145320.0,23.6,6.3,5.3,5.3,40.5
50707.0,24.5,8.6,8.4,10.3,51.8
106096.0,17.0,5.8,8.2,7.7,38.7
70328.0,21.0,7.4,8.4,9.5,46.3
107087.0,18.2,7.1,8.1,9.8,43.2
78748.0,20.5,6.0,10.3,8.8,45.6
128708.0,25.4,7.1,5.8,8.9,47.2
92950.0,22.6,4.3,5.4,9.8,42.10000000000001
130257.0,17.2,8.8,6.9,10.3,43.2
55330.0,25.2,7.0,8.2,9.2,49.60000000000001
83753.0,26.7,7.9,7.1,9.4,51.1
126297.0,25.8,7.7,5.8,6.0,45.3
95725.0,19.0,4.8,7.6,8.5,39.9
88470.0,20.8,6.7,7.4,7.5,42.4
122835.0,27.2,7.3,6.2,4.1,44.8
107952.0,21.0,5.8,8.0,8.4,43.2
99932.0,28.0,7.6,6.8,6.4,48.8
166135.0,19.1,5.3,5.4,6.7,36.50000000000001
112279.0,25.7,7.9,6.9,6.1,46.6
92056.0,19.4,6.2,7.8,9.1,42.5
97734.0,24.5,9.0,7.4,9.7,50.6
139537.0,18.1,5.3,8.0,6.9,38.3
141204.0,22.8,7.5,6.4,5.1,41.8
133381.0,25.4,7.6,5.6,5.7,44.3
55183.0,23.4,8.6,7.8,9.9,49.7
63782.0,23.7,5.9,6.6,10.9,47.1
106313.0,17.9,5.9,7.6,7.5,38.9
81676.0,19.3,7.1,8.7,9.4,44.49999999999999
79365.0,27.8,8.4,7.5,9.6,53.3
63617.0,23.4,7.2,8.2,10.0,48.8
131693.0,14.5,5.7,7.8,8.3,36.3
142770.0,19.8,8.2,7.2,6.8,42.0
66141.0,21.8,7.2,8.2,9.9,47.1
112189.0,27.5,7.7,6.5,5.0,46.7
156734.0,20.2,5.5,5.3,7.2,38.2
90007.0,28.7,6.0,6.4,8.3,49.400000000000006
76136.0,21.3,5.9,7.7,8.3,43.2
119475.0,15.7,6.6,8.5,7.6,38.4
64969.0,21.2,7.3,8.8,9.6,46.9
94920.0,20.2,5.1,8.2,8.4,41.9
92125.0,24.3,8.2,6.6,10.7,49.8
64174.0,24.0,8.4,9.9,11.6,53.9
127935.0,20.4,6.5,8.3,7.1,42.3
73883.0,27.0,8.6,7.5,10.3,53.400000000000006
143036.0,22.5,5.3,4.9,6.9,39.6
190336.0,20.9,6.7,5.1,3.2,35.9
96474.0,26.5,9.3,6.8,7.8,50.39999999999999
112571.0,27.9,7.6,6.9,5.4,47.8
178631.0,20.7,5.5,4.7,4.4,35.3
162565.0,23.8,5.7,5.1,4.0,38.6
178095.0,21.7,4.7,4.8,5.6,36.8
99336.0,17.2,6.3,8.1,7.7,39.3
116565.0,26.8,6.9,6.1,5.9,45.7
97802.0,26.4,8.0,7.8,8.5,50.7
147892.0,19.5,4.5,4.8,7.5,36.3
133345.0,21.4,6.8,6.6,8.3,43.1
108924.0,27.5,8.2,7.4,5.4,48.5
184090.0,18.3,6.5,4.5,6.3,35.6
154780.0,24.1,6.9,6.2,3.7,40.900000000000006
169283.0,19.5,5.7,5.0,7.2,37.4
82179.0,19.5,7.6,8.4,9.3,44.8
94505.0,27.5,8.3,4.5,10.5,50.8
106903.0,25.0,7.3,6.3,8.7,47.3
69859.0,27.8,8.4,7.8,11.0,55.0
130847.0,22.9,6.9,5.9,7.4,43.1
90800.0,26.2,8.2,7.3,10.4,52.1
129879.0,15.7,5.6,6.0,7.7,35.0
192025.0,17.0,5.9,5.1,7.3,35.3
55464.0,23.1,8.6,9.2,9.9,50.8
136121.0,22.3,4.1,4.0,9.0,39.4
151404.0,23.8,6.0,5.6,4.1,39.5
102610.0,27.6,8.0,6.8,7.5,49.9
107632.0,25.7,8.0,6.9,6.3,46.9
128997.0,19.1,7.9,5.5,9.0,41.5
195627.0,19.7,5.7,4.9,6.7,37.0
79365.0,27.8,8.4,7.5,9.6,53.3
118719.0,26.5,7.2,6.3,5.6,45.6
147306.0,22.2,6.7,5.6,8.4,42.9
77779.0,27.0,8.7,7.2,10.8,53.7
100497.0,24.8,7.5,7.1,9.7,49.1
87035.0,19.3,6.7,9.2,8.5,43.7
172481.0,17.8,6.9,6.1,6.6,37.400000000000006
100618.0,27.1,7.2,7.1,8.8,50.2
78936.0,29.3,8.9,7.9,7.2,53.3
84175.0,21.4,6.3,7.1,9.1,43.9
169283.0,19.5,5.7,5.0,7.2,37.4
130970.0,23.3,7.4,6.4,7.3,44.4
129579.0,17.2,5.4,6.8,7.3,36.7
167688.0,18.8,6.1,6.2,6.0,37.1
108886.0,13.6,5.6,8.1,9.2,36.5
118719.0,26.5,7.2,6.3,5.6,45.6
128409.0,16.1,6.3,7.5,8.1,38.0
80884.0,30.0,8.7,7.1,7.2,53.00000000000001
130104.0,19.2,7.6,7.8,8.3,42.89999999999999
71773.0,20.9,7.0,8.8,9.6,46.3
115615.0,25.9,7.2,6.8,5.6,45.5
95924.0,29.2,8.3,7.0,6.4,50.9
51511.0,23.2,8.1,9.4,10.0,50.7
175956.0,22.7,5.4,4.0,3.6,35.7
160270.0,20.9,4.8,7.1,4.4,37.2
131719.0,22.3,6.5,6.1,8.2,43.1
58759.0,21.8,7.8,9.2,10.3,49.1
54018.0,25.9,6.8,9.3,10.5,52.5
162183.0,22.2,6.2,6.3,4.3,38.99999999999999
85473.0,22.2,5.6,7.2,8.5,43.5
91225.0,24.7,6.3,7.9,10.0,48.9
147202.0,21.3,6.1,5.7,7.5,40.6
90619.0,26.2,8.5,7.1,8.1,49.900000000000006
89635.0,26.0,8.3,8.2,10.1,52.6
62437.0,21.7,8.4,9.4,9.8,49.3
141959.0,21.2,6.4,6.0,4.1,37.7
100554.0,30.8,7.7,6.6,4.9,50.0
70554.0,21.0,7.3,7.9,8.5,44.7
86418.0,30.5,8.3,6.8,5.8,51.39999999999999
186848.0,17.7,4.7,5.5,7.4,35.3
107162.0,27.7,6.4,5.4,6.6,46.1
69737.0,21.3,7.4,9.1,9.3,47.10000000000001
84840.0,30.0,8.3,7.2,6.8,52.3
128409.0,16.1,6.3,7.5,8.1,38.0
188553.0,19.6,4.9,5.0,7.5,37.0
73510.0,19.9,7.4,9.4,8.7,45.39999999999999
109675.0,23.5,7.0,6.3,9.8,46.6
120027.0,22.3,8.1,5.8,7.3,43.49999999999999
90387.0,19.4,6.3,8.0,8.7,42.400000000000006
177913.0,20.4,5.5,5.5,6.3,37.7
139759.0,25.9,7.6,6.3,4.4,44.2
86722.0,25.6,8.2,7.4,9.4,50.6
101302.0,27.5,6.9,6.7,8.5,49.6
178392.0,20.0,6.6,6.5,4.0,37.1
59350.0,23.5,8.6,8.9,11.1,52.1
55183.0,23.4,8.6,7.8,9.9,49.7
173201.0,19.1,6.3,5.2,8.4,39.0
92979.0,24.5,8.0,6.3,9.5,48.3
136326.0,15.8,5.6,7.5,6.1,35.0
97588.0,19.3,6.2,7.6,8.3,41.400000000000006
132964.0,22.4,7.3,6.6,6.7,43.0
74559.0,26.3,8.5,8.3,9.3,52.39999999999999
141980.0,23.9,6.8,5.9,4.2,40.8
121769.0,26.9,8.0,6.9,5.4,47.2
106381.0,17.7,6.2,7.2,8.4,39.5
99785.0,19.5,6.1,7.8,8.9,42.3
132715.0,17.5,5.8,7.9,6.9,38.1
62343.0,22.2,7.9,9.3,9.5,48.900000000000006
89784.0,29.1,8.0,7.2,6.5,50.8
140960.0,14.2,4.9,7.9,8.2,35.2
85972.0,17.4,6.0,9.6,8.1,41.1
93913.0,26.1,8.1,7.2,9.6,51.00000000000001
109015.0,23.5,7.9,7.2,9.2,47.8
109347.0,25.8,4.9,7.6,7.5,45.8
76620.0,27.2,8.4,7.1,10.5,53.2
183033.0,20.4,5.2,5.2,4.5,35.3
119235.0,17.7,5.6,7.9,7.9,39.1
135512.0,23.2,7.5,6.1,5.0,41.8
104024.0,25.6,9.7,8.1,9.9,53.3
76573.0,31.2,8.3,7.3,7.6,54.4
67116.0,21.4,7.4,9.2,10.2,48.2
71630.0,20.7,7.5,9.2,9.3,46.7
126298.0,24.7,7.1,7.7,4.0,43.5
110173.0,16.5,5.8,7.6,8.3,38.2
106732.0,17.5,6.5,7.8,8.4,40.2
110386.0,18.8,5.2,7.3,8.3,39.6
124063.0,25.9,7.0,6.2,5.9,45.0
113381.0,16.3,6.1,6.8,9.2,38.4
129536.0,24.0,7.6,7.0,4.9,43.5
106416.0,26.7,7.7,7.0,6.2,47.6
77950.0,27.4,8.7,7.8,10.3,54.19999999999999
131520.0,21.3,7.5,6.4,8.2,43.400000000000006
59529.0,21.2,7.6,9.3,9.9,47.99999999999999
84666.0,33.1,5.6,4.6,6.8,50.1
131719.0,22.3,6.5,6.1,8.2,43.1
180211.0,20.8,6.1,5.6,3.1,35.6
123347.0,23.7,7.1,6.7,9.7,47.2
85874.0,26.8,8.1,8.0,10.8,53.7
80141.0,20.8,7.6,9.4,9.6,47.4
92963.0,31.5,7.4,5.1,10.0,54.0
69737.0,21.3,7.4,9.1,9.3,47.10000000000001
90406.0,30.4,7.9,8.7,4.4,51.4
139737.0,23.0,6.4,5.7,4.4,39.5
104499.0,28.3,7.8,6.5,6.4,49.0
109675.0,23.5,7.0,6.3,9.8,46.6
108555.0,27.2,7.7,7.2,6.4,48.5
72641.0,31.7,8.5,6.9,7.7,54.8
97953.0,24.7,7.8,6.9,9.4,48.8
91069.0,18.3,6.4,7.8,8.0,40.5
177360.0,20.8,4.9,5.9,3.8,35.4
187923.0,20.2,4.8,4.8,5.3,35.1
147176.0,19.3,7.2,4.1,6.2,36.8
91680.0,30.0,7.8,5.5,8.0,51.3
68542.0,21.8,7.2,8.3,9.9,47.2
189460.0,18.5,6.0,5.5,7.2,37.2
131870.0,22.2,6.5,6.0,7.1,41.8
125321.0,23.8,7.1,6.1,8.8,45.8
81195.0,25.4,7.8,8.1,9.3,50.6
99880.0,24.6,7.8,7.7,9.0,49.1
160093.0,20.2,5.2,5.3,7.4,38.1
82215.0,19.3,6.6,9.6,8.8,44.3
100525.0,27.4,8.1,7.6,10.4,53.5
139863.0,21.6,6.3,6.2,8.0,42.1
117508.0,27.1,7.8,6.5,5.7,47.1
62994.0,23.2,8.1,9.3,9.8,50.39999999999999
120596.0,16.6,5.4,7.9,6.8,36.7
111170.0,23.6,6.6,5.8,8.1,44.1
151053.0,21.8,6.2,5.9,8.0,41.9
192326.0,17.8,4.8,5.4,7.0,35.0
125211.0,25.5,6.7,6.2,5.7,44.10000000000001
89967.0,17.4,5.9,8.0,9.3,40.6
111601.0,16.4,5.7,7.7,7.8,37.6
106381.0,17.7,6.2,7.2,8.4,39.5
