basari_sirasi,ayt_dil,toplam_net
389.0,4.06,4.06
279.0,76.7,76.7
215.0,78.8,78.8
791.0,1.72,1.72
918.0,75.6,75.6
1244.0,77.2,77.2
1707.0,2.52,2.52
1656.0,75.8,75.8
2120.0,75.8,75.8
1691.0,2.85,2.85
1874.0,76.8,76.8
1507.0,76.4,76.4
2067.0,2.5,2.5
2166.0,75.8,75.8
3248.0,73.6,73.6
2380.0,1.73,1.73
2943.0,76.3,76.3
2364.0,77.1,77.1
2617.0,77.0,77.0
3112.0,76.2,76.2
2513.0,77.0,77.0
3686.0,78.8,78.8
3682.0,75.6,75.6
3656.0,76.2,76.2
3123.0,4.9,4.9
3939.0,75.8,75.8
3142.0,76.0,76.0
2858.0,3.28,3.28
3986.0,75.5,75.5
3485.0,76.3,76.3
3558.0,1.39,1.39
4025.0,76.5,76.5
4605.0,74.5,74.5
3304.0,78.8,78.8
4086.0,73.2,73.2
4334.0,76.0,76.0
3822.0,4.39,4.39
4126.0,75.6,75.6
5134.0,73.9,73.9
5540.0,4.4,4.4
4226.0,75.0,75.0
6211.0,76.0,76.0
3376.0,2.86,2.86
4347.0,75.4,75.4
4710.0,74.8,74.8
4729.0,1.19,1.19
4909.0,75.4,75.4
6452.0,74.1,74.1
3844.0,4.21,4.21
5463.0,75.2,75.2
5003.0,73.5,73.5
3970.0,2.81,2.81
5492.0,75.7,75.7
5971.0,74.7,74.7
4660.0,4.92,4.92
5936.0,75.2,75.2
5467.0,74.5,74.5
4545.0,1.12,1.12
6002.0,75.3,75.3
7071.0,74.4,74.4
6731.0,3.75,3.75
6052.0,77.5,77.5
8453.0,75.0,75.0
6617.0,2.74,2.74
6513.0,74.2,74.2
4272.0,75.4,75.4
3943.0,3.1,3.1
6601.0,74.9,74.9
4559.0,74.9,74.9
3423.0,4.48,4.48
6641.0,76.3,76.3
4763.0,75.0,75.0
6959.0,4.3,4.3
6793.0,75.9,75.9
8650.0,71.5,71.5
5544.0,2.59,2.59
6856.0,75.8,75.8
7141.0,73.6,73.6
6825.0,3.3,3.3
6877.0,74.1,74.1
5665.0,70.3,70.3
5588.0,4.73,4.73
6960.0,74.8,74.8
6386.0,75.4,75.4
5791.0,3.02,3.02
7101.0,75.2,75.2
7256.0,73.8,73.8
5671.0,1.56,1.56
7283.0,76.7,76.7
5135.0,76.2,76.2
6033.0,3.62,3.62
7541.0,75.5,75.5
8301.0,74.5,74.5
8877.0,4.0,4.0
8346.0,77.5,77.5
6113.0,75.0,75.0
7063.0,4.47,4.47
8537.0,73.9,73.9
8896.0,73.2,73.2
6772.0,4.52,4.52
8568.0,75.0,75.0
8008.0,73.7,73.7
5585.0,3.05,3.05
8636.0,74.4,74.4
8075.0,74.8,74.8
6705.0,3.25,3.25
8659.0,70.8,70.8
10540.0,73.2,73.2
7229.0,1.39,1.39
8736.0,75.0,75.0
7661.0,74.5,74.5
6014.0,3.18,3.18
9229.0,73.2,73.2
10012.0,73.0,73.0
7583.0,4.58,4.58
9248.0,76.1,76.1
8387.0,74.3,74.3
6594.0,1.01,1.01
9285.0,74.3,74.3
7803.0,74.0,74.0
7049.0,4.77,4.77
9287.0,74.8,74.8
11192.0,73.7,73.7
5699.0,1.97,1.97
9400.0,73.6,73.6
9379.0,75.0,75.0
7727.0,76.2,76.2
9415.0,77.3,77.3
9753.0,74.5,74.5
8709.0,1.69,1.69
9743.0,74.2,74.2
11399.0,71.6,71.6
8253.0,1.94,1.94
9781.0,71.8,71.8
10364.0,71.7,71.7
12706.0,3.89,3.89
10122.0,73.9,73.9
15782.0,74.1,74.1
15057.0,1.7,1.7
10366.0,74.0,74.0
9718.0,73.2,73.2
9709.0,4.49,4.49
10478.0,74.3,74.3
11650.0,72.1,72.1
7565.0,2.99,2.99
10652.0,73.1,73.1
10061.0,73.0,73.0
8432.0,3.9,3.9
10794.0,73.3,73.3
10793.0,73.0,73.0
8187.0,1.81,1.81
10964.0,73.6,73.6
12055.0,72.0,72.0
7611.0,4.56,4.56
11219.0,73.4,73.4
11074.0,72.3,72.3
8635.0,1.95,1.95
11298.0,74.0,74.0
9951.0,73.0,73.0
9876.0,1.31,1.31
11311.0,74.1,74.1
11521.0,72.6,72.6
8686.0,75.0,75.0
11332.0,72.7,72.7
13437.0,72.0,72.0
9232.0,2.39,2.39
11403.0,71.7,71.7
11385.0,70.7,70.7
9964.0,4.94,4.94
11558.0,70.8,70.8
11844.0,74.3,74.3
11319.0,4.73,4.73
11576.0,73.8,73.8
11257.0,73.4,73.4
9370.0,1.27,1.27
11791.0,71.8,71.8
8657.0,74.3,74.3
8525.0,2.28,2.28
12141.0,73.2,73.2
11661.0,72.2,72.2
36174.0,4.11,4.11
12471.0,75.2,75.2
19658.0,71.8,71.8
8993.0,78.1,78.1
12598.0,73.2,73.2
12186.0,72.5,72.5
10910.0,4.55,4.55
12823.0,72.7,72.7
13909.0,72.0,72.0
9762.0,1.92,1.92
12827.0,71.4,71.4
12065.0,71.3,71.3
11338.0,2.8,2.8
12869.0,74.0,74.0
12194.0,73.0,73.0
10036.0,1.6,1.6
12977.0,72.3,72.3
13161.0,73.3,73.3
12851.0,3.69,3.69
13220.0,72.3,72.3
13769.0,71.4,71.4
16158.0,4.38,4.38
13441.0,73.3,73.3
9469.0,76.1,76.1
12305.0,4.4,4.4
13593.0,73.6,73.6
14027.0,71.7,71.7
11599.0,71.2,71.2
13711.0,73.7,73.7
13215.0,73.3,73.3
11900.0,2.05,2.05
13801.0,74.0,74.0
14432.0,73.0,73.0
10953.0,1.44,1.44
13963.0,72.8,72.8
15304.0,70.9,70.9
12836.0,4.41,4.41
14099.0,73.5,73.5
11052.0,71.4,71.4
10814.0,4.17,4.17
14175.0,70.5,70.5
13744.0,70.6,70.6
9539.0,4.51,4.51
14311.0,71.5,71.5
13455.0,71.9,71.9
12348.0,2.55,2.55
14407.0,72.6,72.6
14604.0,71.4,71.4
13809.0,2.97,2.97
14521.0,73.6,73.6
14462.0,72.7,72.7
12974.0,3.45,3.45
14650.0,69.9,69.9
8758.0,71.7,71.7
13731.0,77.8,77.8
14695.0,73.7,73.7
11986.0,74.6,74.6
10524.0,4.31,4.31
14827.0,70.9,70.9
12392.0,72.3,72.3
11843.0,2.17,2.17
15960.0,3.16,3.16
15227.0,73.3,73.3
15212.0,71.8,71.8
13312.0,3.61,3.61
15239.0,71.0,71.0
17248.0,70.4,70.4
10983.0,4.83,4.83
15509.0,71.6,71.6
14795.0,69.9,69.9
13985.0,4.0,4.0
15556.0,74.5,74.5
13275.0,74.4,74.4
10932.0,1.47,1.47
15560.0,71.5,71.5
14465.0,71.7,71.7
14688.0,3.25,3.25
15611.0,74.2,74.2
12396.0,4.13,4.13
15634.0,71.9,71.9
14964.0,72.1,72.1
12772.0,3.32,3.32
15652.0,72.0,72.0
15067.0,70.6,70.6
15256.0,1.92,1.92
15713.0,72.2,72.2
14864.0,72.3,72.3
12427.0,3.03,3.03
15724.0,68.5,68.5
12685.0,70.8,70.8
15898.0,4.71,4.71
14318.0,4.05,4.05
15895.0,72.4,72.4
14235.0,72.2,72.2
13326.0,3.0,3.0
15955.0,72.0,72.0
13134.0,72.0,72.0
35600.0,4.32,4.32
16116.0,67.0,67.0
15091.0,3.98,3.98
16143.0,74.0,74.0
14391.0,74.7,74.7
13877.0,1.0,1.0
16175.0,70.7,70.7
16920.0,69.4,69.4
12916.0,3.22,3.22
16324.0,72.2,72.2
18551.0,70.5,70.5
13388.0,1.35,1.35
16363.0,72.3,72.3
17265.0,69.3,69.3
13728.0,4.37,4.37
16420.0,70.1,70.1
12810.0,73.7,73.7
15111.0,1.73,1.73
16609.0,72.8,72.8
15472.0,71.4,71.4
16396.0,2.09,2.09
16753.0,72.4,72.4
15901.0,70.2,70.2
14546.0,4.19,4.19
16896.0,70.7,70.7
20342.0,68.0,68.0
14178.0,1.8,1.8
16918.0,71.9,71.9
17186.0,70.7,70.7
12158.0,1.37,1.37
17020.0,71.3,71.3
13614.0,71.3,71.3
18422.0,2.14,2.14
17031.0,72.4,72.4
16317.0,69.8,69.8
15600.0,2.73,2.73
17036.0,72.3,72.3
17620.0,71.1,71.1
18635.0,3.19,3.19
17102.0,68.9,68.9
15062.0,71.4,71.4
12766.0,2.46,2.46
17144.0,70.8,70.8
15867.0,70.6,70.6
12868.0,1.31,1.31
13378.0,3.61,3.61
13558.0,3.86,3.86
17388.0,71.0,71.0
15520.0,70.6,70.6
16266.0,1.16,1.16
17468.0,72.8,72.8
16903.0,73.1,73.1
13282.0,3.82,3.82
17548.0,72.1,72.1
19890.0,69.6,69.6
13799.0,3.96,3.96
17566.0,67.8,67.8
13624.0,71.9,71.9
24688.0,1.44,1.44
17616.0,72.1,72.1
5852.0,75.5,75.5
14245.0,1.0,1.0
17877.0,70.8,70.8
14434.0,69.7,69.7
15572.0,3.52,3.52
17953.0,71.1,71.1
19699.0,69.5,69.5
15561.0,4.96,4.96
17965.0,71.4,71.4
17281.0,70.5,70.5
16512.0,3.78,3.78
18011.0,69.7,69.7
17318.0,68.5,68.5
13220.0,1.64,1.64
18017.0,70.6,70.6
16015.0,69.1,69.1
67971.0,1.74,1.74
18033.0,67.5,67.5
17184.0,2.48,2.48
18202.0,69.6,69.6
14028.0,67.1,67.1
17176.0,4.82,4.82
18226.0,71.8,71.8
17414.0,71.0,71.0
15283.0,3.99,3.99
18294.0,70.9,70.9
17488.0,69.6,69.6
14009.0,2.05,2.05
18399.0,70.6,70.6
17777.0,70.0,70.0
18178.0,4.12,4.12
18575.0,70.9,70.9
17820.0,69.0,69.0
16531.0,3.72,3.72
18695.0,71.3,71.3
12769.0,71.7,71.7
15252.0,4.5,4.5
18802.0,69.4,69.4
19820.0,68.4,68.4
15245.0,76.2,76.2
18950.0,70.3,70.3
18019.0,70.6,70.6
16791.0,2.72,2.72
18489.0,1.53,1.53
19055.0,70.8,70.8
22359.0,69.3,69.3
21315.0,4.28,4.28
19077.0,71.8,71.8
19518.0,70.3,70.3
18625.0,1.13,1.13
19098.0,67.7,67.7
16011.0,69.6,69.6
14011.0,2.4,2.4
19100.0,69.1,69.1
17229.0,68.9,68.9
18120.0,80.0,80.0
19179.0,71.6,71.6
18434.0,69.7,69.7
19363.0,3.17,3.17
19308.0,70.5,70.5
19816.0,67.3,67.3
18331.0,3.67,3.67
19366.0,72.4,72.4
19790.0,68.9,68.9
14370.0,4.78,4.78
19389.0,68.8,68.8
17350.0,68.3,68.3
13832.0,4.37,4.37
19582.0,69.4,69.4
17579.0,69.0,69.0
18099.0,3.0,3.0
19930.0,72.5,72.5
18084.0,69.2,69.2
18279.0,3.44,3.44
19972.0,72.1,72.1
18737.0,2.36,2.36
20044.0,71.0,71.0
16596.0,4.94,4.94
19070.0,3.26,3.26
20263.0,68.9,68.9
19541.0,70.8,70.8
19226.0,4.5,4.5
18987.0,68.8,68.8
20534.0,70.8,70.8
20439.0,69.7,69.7
17551.0,4.75,4.75
20669.0,71.7,71.7
17925.0,67.6,67.6
14659.0,4.08,4.08
20748.0,67.8,67.8
18501.0,68.2,68.2
17495.0,3.23,3.23
20826.0,69.7,69.7
23556.0,66.0,66.0
15685.0,74.2,74.2
20860.0,69.1,69.1
17947.0,68.2,68.2
19253.0,4.15,4.15
20956.0,68.8,68.8
18335.0,2.16,2.16
20971.0,70.1,70.1
24230.0,66.2,66.2
20621.0,2.19,2.19
21054.0,70.5,70.5
23525.0,67.6,67.6
19694.0,1.77,1.77
21055.0,69.5,69.5
20034.0,68.0,68.0
18892.0,2.94,2.94
16503.0,2.4,2.4
21311.0,69.8,69.8
19932.0,69.1,69.1
16226.0,4.41,4.41
21426.0,66.7,66.7
19758.0,68.5,68.5
19601.0,2.44,2.44
21440.0,68.0,68.0
25049.0,63.4,63.4
19099.0,77.5,77.5
21591.0,72.3,72.3
23941.0,68.0,68.0
16262.0,2.2,2.2
21812.0,67.8,67.8
19913.0,67.2,67.2
20640.0,1.06,1.06
21859.0,69.7,69.7
19146.0,2.96,2.96
21877.0,70.9,70.9
23090.0,67.5,67.5
16804.0,1.23,1.23
21963.0,68.0,68.0
18520.0,68.7,68.7
17888.0,3.74,3.74
22050.0,69.9,69.9
23488.0,68.9,68.9
19510.0,1.73,1.73
22345.0,68.8,68.8
19321.0,71.1,71.1
20468.0,3.7,3.7
22448.0,69.1,69.1
21177.0,68.7,68.7
20406.0,1.05,1.05
22527.0,72.0,72.0
17419.0,69.8,69.8
17350.0,2.84,2.84
22654.0,69.5,69.5
19959.0,67.6,67.6
22313.0,4.77,4.77
22761.0,69.7,69.7
17285.0,1.38,1.38
22813.0,69.0,69.0
19346.0,68.3,68.3
31013.0,4.32,4.32
22863.0,71.7,71.7
26302.0,69.9,69.9
20634.0,4.73,4.73
22910.0,69.5,69.5
22103.0,68.3,68.3
19331.0,4.23,4.23
23017.0,64.0,64.0
21408.0,65.0,65.0
20296.0,4.75,4.75
23039.0,68.8,68.8
26248.0,65.1,65.1
19592.0,4.27,4.27
23068.0,68.1,68.1
20822.0,67.8,67.8
20759.0,2.69,2.69
23387.0,68.3,68.3
19579.0,67.6,67.6
21382.0,2.42,2.42
23839.0,68.0,68.0
22654.0,67.8,67.8
20737.0,2.92,2.92
20485.0,4.57,4.57
23915.0,69.1,69.1
21376.0,67.0,67.0
22224.0,2.63,2.63
24151.0,69.1,69.1
21292.0,67.1,67.1
19290.0,3.42,3.42
24189.0,66.9,66.9
21285.0,67.3,67.3
20365.0,75.0,75.0
24379.0,67.8,67.8
23325.0,66.7,66.7
20478.0,2.0,2.0
24718.0,67.6,67.6
23842.0,2.78,2.78
24970.0,69.1,69.1
19448.0,4.46,4.46
25075.0,65.8,65.8
21994.0,66.3,66.3
18919.0,2.09,2.09
25149.0,68.7,68.7
23502.0,72.3,72.3
21743.0,4.84,4.84
25262.0,69.1,69.1
26142.0,66.6,66.6
20427.0,3.62,3.62
25437.0,65.4,65.4
21648.0,66.1,66.1
20168.0,3.69,3.69
25512.0,66.1,66.1
22376.0,66.6,66.6
23617.0,4.43,4.43
25544.0,67.3,67.3
27106.0,65.7,65.7
22298.0,4.28,4.28
25750.0,69.8,69.8
23555.0,70.4,70.4
25730.0,3.48,3.48
25766.0,65.7,65.7
27422.0,70.3,70.3
22958.0,3.22,3.22
22779.0,2.22,2.22
23811.0,1.69,1.69
25923.0,68.7,68.7
30505.0,63.1,63.1
22177.0,3.72,3.72
26319.0,66.4,66.4
24488.0,65.1,65.1
20960.0,3.14,3.14
26346.0,66.2,66.2
23381.0,64.9,64.9
21963.0,1.73,1.73
26402.0,67.0,67.0
22651.0,67.7,67.7
23011.0,1.38,1.38
22714.0,2.17,2.17
26767.0,66.8,66.8
27212.0,63.3,63.3
23320.0,76.2,76.2
26882.0,67.9,67.9
26690.0,65.6,65.6
22356.0,68.8,68.8
26932.0,69.0,69.0
23915.0,1.77,1.77
27047.0,67.1,67.1
29362.0,63.1,63.1
21258.0,4.53,4.53
27201.0,65.7,65.7
24119.0,67.0,67.0
24933.0,1.83,1.83
27256.0,65.5,65.5
25104.0,66.7,66.7
23095.0,2.32,2.32
27265.0,66.7,66.7
25753.0,64.1,64.1
21588.0,3.86,3.86
27414.0,64.3,64.3
23685.0,64.2,64.2
28620.0,3.33,3.33
27513.0,68.1,68.1
23754.0,68.1,68.1
23090.0,74.0,74.0
27954.0,65.0,65.0
37351.0,62.2,62.2
23579.0,3.69,3.69
28011.0,66.4,66.4
21294.0,66.9,66.9
23080.0,3.32,3.32
28204.0,64.9,64.9
24345.0,66.2,66.2
22941.0,1.17,1.17
28347.0,64.8,64.8
24783.0,65.6,65.6
23307.0,4.77,4.77
28694.0,65.1,65.1
25252.0,64.6,64.6
25033.0,1.5,1.5
28724.0,68.0,68.0
28756.0,66.5,66.5
27352.0,2.76,2.76
28823.0,69.8,69.8
25269.0,68.9,68.9
24548.0,4.63,4.63
28923.0,64.4,64.4
22120.0,65.1,65.1
27620.0,2.07,2.07
29080.0,67.0,67.0
29077.0,63.7,63.7
35588.0,72.3,72.3
29145.0,68.5,68.5
31354.0,65.5,65.5
23553.0,3.52,3.52
29149.0,64.9,64.9
24951.0,65.3,65.3
30150.0,1.71,1.71
29192.0,69.1,69.1
26704.0,65.9,65.9
20918.0,4.08,4.08
29286.0,67.1,67.1
23895.0,3.46,3.46
29411.0,65.2,65.2
29714.0,66.7,66.7
23613.0,3.39,3.39
29422.0,64.4,64.4
24646.0,64.5,64.5
26280.0,3.03,3.03
29522.0,67.4,67.4
32318.0,62.0,62.0
26044.0,4.58,4.58
29603.0,63.9,63.9
33367.0,59.7,59.7
25297.0,4.5,4.5
29740.0,63.9,63.9
25364.0,64.0,64.0
26159.0,65.3,65.3
29811.0,64.5,64.5
30385.0,63.8,63.8
37413.0,3.14,3.14
29817.0,62.7,62.7
12079.0,76.3,76.3
28574.0,3.25,3.25
29843.0,66.9,66.9
30557.0,63.8,63.8
26399.0,71.9,71.9
29862.0,66.4,66.4
34464.0,63.5,63.5
26828.0,2.24,2.24
30088.0,66.6,66.6
29430.0,62.7,62.7
35127.0,1.51,1.51
30238.0,66.1,66.1
27750.0,67.2,67.2
24978.0,2.01,2.01
30306.0,62.2,62.2
25637.0,65.2,65.2
25536.0,1.04,1.04
30408.0,64.4,64.4
28646.0,63.1,63.1
29271.0,4.77,4.77
30638.0,65.0,65.0
32175.0,63.8,63.8
33784.0,1.69,1.69
30740.0,62.2,62.2
27637.0,1.92,1.92
30827.0,64.6,64.6
30692.0,61.4,61.4
27450.0,4.67,4.67
27028.0,2.95,2.95
30880.0,67.1,67.1
27680.0,64.8,64.8
27841.0,66.2,66.2
30940.0,65.5,65.5
30003.0,64.2,64.2
26961.0,1.22,1.22
31020.0,62.5,62.5
22331.0,66.7,66.7
29998.0,3.48,3.48
28183.0,73.5,73.5
31546.0,66.8,66.8
33257.0,63.9,63.9
31457.0,3.37,3.37
31566.0,65.6,65.6
33628.0,63.3,63.3
28321.0,4.75,4.75
32003.0,63.9,63.9
28686.0,62.5,62.5
28966.0,1.86,1.86
32382.0,63.1,63.1
30147.0,61.4,61.4
29260.0,2.47,2.47
29798.0,2.61,2.61
32878.0,61.7,61.7
34681.0,60.4,60.4
26123.0,4.29,4.29
32883.0,61.3,61.3
26085.0,63.8,63.8
26113.0,2.61,2.61
33116.0,62.5,62.5
24923.0,64.8,64.8
28878.0,2.44,2.44
33174.0,69.3,69.3
30123.0,70.2,70.2
27252.0,2.26,2.26
33179.0,61.8,61.8
26785.0,61.3,61.3
31141.0,1.83,1.83
33276.0,64.0,64.0
29245.0,64.5,64.5
27752.0,1.03,1.03
33303.0,68.8,68.8
25758.0,71.7,71.7
28642.0,2.2,2.2
30726.0,3.28,3.28
33666.0,65.6,65.6
32276.0,55.0,55.0
21470.0,1.8,1.8
33682.0,65.9,65.9
40410.0,65.6,65.6
28258.0,2.54,2.54
33978.0,60.3,60.3
27035.0,62.9,62.9
31010.0,4.69,4.69
31917.0,67.5,67.5
34228.0,64.8,64.8
33753.0,62.4,62.4
30784.0,4.1,4.1
34441.0,64.0,64.0
31743.0,61.8,61.8
30804.0,2.25,2.25
34607.0,63.4,63.4
38398.0,57.2,57.2
30456.0,2.12,2.12
34688.0,63.5,63.5
32529.0,62.6,62.6
30600.0,3.47,3.47
34745.0,60.3,60.3
30311.0,60.5,60.5
32946.0,75.0,75.0
35072.0,63.2,63.2
37337.0,60.7,60.7
32002.0,3.55,3.55
31187.0,2.92,2.92
35090.0,62.7,62.7
33786.0,58.6,58.6
32478.0,3.0,3.0
35256.0,63.4,63.4
33800.0,60.8,60.8
38376.0,2.03,2.03
35378.0,66.7,66.7
30317.0,67.7,67.7
29410.0,1.51,1.51
35672.0,61.1,61.1
28305.0,61.4,61.4
31687.0,3.57,3.57
35772.0,63.9,63.9
35291.0,61.7,61.7
32582.0,2.12,2.12
35859.0,65.5,65.5
28344.0,64.3,64.3
36333.0,4.58,4.58
36289.0,62.9,62.9
35153.0,59.9,59.9
37268.0,1.01,1.01
40699.0,4.27,4.27
36925.0,64.8,64.8
38408.0,61.2,61.2
32328.0,4.79,4.79
37006.0,58.2,58.2
29242.0,60.7,60.7
32745.0,1.45,1.45
37098.0,61.8,61.8
34368.0,61.1,61.1
33527.0,2.64,2.64
37246.0,62.8,62.8
39301.0,59.5,59.5
32038.0,1.98,1.98
37276.0,59.3,59.3
29635.0,62.7,62.7
31788.0,73.8,73.8
37606.0,60.3,60.3
37518.0,58.0,58.0
32800.0,4.05,4.05
38078.0,62.5,62.5
38486.0,58.8,58.8
27385.0,2.62,2.62
33735.0,5.0,5.0
38104.0,63.4,63.4
35374.0,60.1,60.1
34132.0,1.12,1.12
38106.0,57.8,57.8
30496.0,60.6,60.6
34417.0,3.46,3.46
38121.0,59.9,59.9
33810.0,58.8,58.8
42282.0,73.8,73.8
38326.0,65.0,65.0
43195.0,61.7,61.7
38085.0,2.58,2.58
38345.0,62.6,62.6
41137.0,58.8,58.8
35872.0,4.2,4.2
38893.0,61.1,61.1
37318.0,58.4,58.4
43490.0,1.06,1.06
39080.0,67.4,67.4
23904.0,70.0,70.0
35841.0,2.05,2.05
39155.0,59.9,59.9
38625.0,56.8,56.8
33383.0,2.96,2.96
39157.0,59.6,59.6
35330.0,58.0,58.0
44619.0,4.41,4.41
39316.0,63.6,63.6
37446.0,60.8,60.8
33963.0,4.08,4.08
39354.0,60.4,60.4
35177.0,59.4,59.4
36824.0,73.8,73.8
39528.0,59.1,59.1
38112.0,57.5,57.5
41454.0,1.19,1.19
39568.0,60.7,60.7
40412.0,57.5,57.5
33278.0,4.64,4.64
39660.0,58.7,58.7
36061.0,57.2,57.2
37849.0,3.1,3.1
39741.0,59.8,59.8
32388.0,59.4,59.4
34522.0,1.88,1.88
43726.0,1.58,1.58
39920.0,61.0,61.0
43153.0,54.6,54.6
40008.0,4.3,4.3
39975.0,64.7,64.7
26621.0,66.4,66.4
36075.0,1.78,1.78
40177.0,59.5,59.5
36346.0,57.0,57.0
41647.0,3.94,3.94
40187.0,62.6,62.6
40453.0,61.5,61.5
37257.0,2.84,2.84
40663.0,57.3,57.3
32074.0,59.4,59.4
35300.0,3.55,3.55
40798.0,66.8,66.8
45055.0,52.3,52.3
74245.0,3.42,3.42
40910.0,62.3,62.3
96589.0,13.5,13.5
41099.0,1.31,1.31
41160.0,59.7,59.7
47781.0,52.3,52.3
35607.0,2.79,2.79
41564.0,60.0,60.0
37731.0,57.4,57.4
36178.0,3.76,3.76
40411.0,1.54,1.54
42675.0,59.8,59.8
39788.0,57.3,57.3
39621.0,4.84,4.84
42724.0,55.9,55.9
33744.0,58.5,58.5
36422.0,3.22,3.22
38711.0,2.41,2.41
43010.0,58.6,58.6
44133.0,56.5,56.5
46624.0,2.66,2.66
43296.0,59.0,59.0
44366.0,56.5,56.5
44349.0,4.22,4.22
43323.0,57.9,57.9
38915.0,63.2,63.2
40824.0,4.32,4.32
43357.0,60.8,60.8
49554.0,54.0,54.0
39499.0,2.93,2.93
40044.0,4.44,4.44
43611.0,56.1,56.1
42121.0,2.76,2.76
43701.0,57.3,57.3
38459.0,56.3,56.3
36832.0,2.79,2.79
43790.0,59.8,59.8
37420.0,58.8,58.8
43437.0,3.74,3.74
44134.0,57.4,57.4
44489.0,54.2,54.2
39352.0,4.5,4.5
44195.0,56.4,56.4
38043.0,56.0,56.0
45412.0,1.44,1.44
44266.0,56.8,56.8
38972.0,55.6,55.6
45462.0,3.46,3.46
44307.0,57.0,57.0
41644.0,57.7,57.7
44593.0,60.2,60.2
48097.0,52.5,52.5
39429.0,4.59,4.59
44709.0,55.8,55.8
39411.0,55.1,55.1
39288.0,4.77,4.77
44904.0,57.4,57.4
43256.0,55.0,55.0
52474.0,3.32,3.32
44950.0,61.7,61.7
43707.0,57.7,57.7
38742.0,2.97,2.97
45190.0,56.3,56.3
34231.0,60.8,60.8
69956.0,1.35,1.35
45266.0,60.5,60.5
40226.0,59.0,59.0
39956.0,3.64,3.64
40172.0,3.13,3.13
44021.0,63.8,63.8
45565.0,58.5,58.5
47416.0,51.0,51.0
40464.0,4.55,4.55
45662.0,54.7,54.7
40061.0,56.4,56.4
44082.0,4.6,4.6
45797.0,58.2,58.2
41980.0,57.5,57.5
44486.0,2.38,2.38
46288.0,54.7,54.7
46988.0,53.1,53.1
41576.0,3.47,3.47
46429.0,54.4,54.4
41000.0,53.7,53.7
44352.0,1.98,1.98
46769.0,55.3,55.3
45383.0,53.9,53.9
40328.0,4.36,4.36
46827.0,55.6,55.6
41569.0,53.4,53.4
51867.0,2.02,2.02
47989.0,58.5,58.5
47894.0,57.4,57.4
46345.0,3.19,3.19
48353.0,55.9,55.9
33713.0,60.0,60.0
40412.0,2.27,2.27
48547.0,58.5,58.5
46684.0,53.7,53.7
44389.0,4.79,4.79
48819.0,56.4,56.4
50468.0,48.6,48.6
46853.0,3.27,3.27
49388.0,61.3,61.3
26548.0,65.3,65.3
71192.0,2.39,2.39
49466.0,60.0,60.0
45986.0,59.2,59.2
44418.0,3.57,3.57
49500.0,52.3,52.3
43218.0,52.9,52.9
45054.0,1.8,1.8
49521.0,53.4,53.4
42752.0,54.5,54.5
38746.0,3.3,3.3
45398.0,2.37,2.37
49940.0,52.5,52.5
44329.0,50.2,50.2
43629.0,4.79,4.79
50135.0,53.2,53.2
46632.0,51.3,51.3
47258.0,1.19,1.19
50289.0,59.5,59.5
48248.0,3.76,3.76
50292.0,59.7,59.7
48982.0,54.4,54.4
48440.0,1.5,1.5
50537.0,57.3,57.3
50059.0,50.8,50.8
152676.0,1.33,1.33
50705.0,56.5,56.5
51230.0,49.5,49.5
45041.0,59.0,59.0
50805.0,55.1,55.1
47068.0,52.1,52.1
47485.0,3.96,3.96
50881.0,53.3,53.3
41671.0,54.3,54.3
46077.0,4.53,4.53
51320.0,57.9,57.9
57323.0,43.7,43.7
49522.0,3.37,3.37
51353.0,53.0,53.0
44164.0,52.1,52.1
60276.0,3.15,3.15
51564.0,55.4,55.4
49188.0,51.2,51.2
45940.0,4.43,4.43
51836.0,53.7,53.7
52898.0,49.5,49.5
42704.0,1.82,1.82
52335.0,57.7,57.7
36828.0,56.8,56.8
53143.0,4.14,4.14
52338.0,52.5,52.5
51356.0,48.0,48.0
51710.0,1.64,1.64
52353.0,57.9,57.9
47222.0,2.3,2.3
52497.0,53.1,53.1
52585.0,47.3,47.3
45008.0,2.17,2.17
52539.0,55.0,55.0
46315.0,3.53,3.53
52542.0,54.3,54.3
53483.0,47.6,47.6
49797.0,3.99,3.99
47923.0,1.68,1.68
52807.0,56.8,56.8
58527.0,52.6,52.6
54099.0,4.54,4.54
52889.0,56.5,56.5
58494.0,50.4,50.4
71462.0,4.24,4.24
53157.0,57.5,57.5
58624.0,44.5,44.5
48013.0,1.89,1.89
53776.0,50.5,50.5
49902.0,47.6,47.6
47928.0,4.35,4.35
54123.0,47.8,47.8
46125.0,48.5,48.5
48852.0,3.68,3.68
54425.0,51.5,51.5
51829.0,51.3,51.3
58389.0,2.39,2.39
54586.0,54.9,54.9
46664.0,58.7,58.7
66588.0,57.5,57.5
54628.0,55.3,55.3
51259.0,3.24,3.24
46630.0,1.75,1.75
54874.0,49.5,49.5
53874.0,4.12,4.12
54900.0,49.9,49.9
45428.0,50.5,50.5
53416.0,2.72,2.72
54960.0,55.4,55.4
54852.0,53.2,53.2
49776.0,2.24,2.24
55088.0,51.4,51.4
55105.0,47.2,47.2
58423.0,4.71,4.71
55207.0,56.2,56.2
49861.0,56.0,56.0
55656.0,59.2,59.2
55501.0,51.6,51.6
49893.0,48.1,48.1
51755.0,3.02,3.02
55516.0,51.7,51.7
54026.0,47.8,47.8
52684.0,2.49,2.49
55588.0,52.7,52.7
38150.0,56.4,56.4
55209.0,2.57,2.57
55824.0,49.5,49.5
48524.0,50.7,50.7
50393.0,1.51,1.51
55977.0,49.2,49.2
47347.0,47.0,47.0
40394.0,3.33,3.33
56588.0,60.1,60.1
27125.0,66.4,66.4
149571.0,37.2,37.2
56597.0,56.6,56.6
49289.0,51.6,51.6
51796.0,1.77,1.77
56610.0,52.7,52.7
55666.0,48.0,48.0
52367.0,69.2,69.2
57080.0,48.2,48.2
49937.0,47.6,47.6
52752.0,1.03,1.03
57299.0,46.4,46.4
48548.0,48.3,48.3
87866.0,3.05,3.05
57334.0,54.0,54.0
73745.0,37.5,37.5
53043.0,1.97,1.97
58009.0,49.0,49.0
53462.0,45.8,45.8
67481.0,1.21,1.21
58022.0,53.8,53.8
63233.0,1.91,1.91
58110.0,56.5,56.5
63128.0,46.5,46.5
103079.0,5.0,5.0
58335.0,52.3,52.3
62247.0,43.7,43.7
53313.0,1.41,1.41
58607.0,50.6,50.6
57539.0,46.4,46.4
55476.0,4.81,4.81
53775.0,3.94,3.94
59145.0,50.7,50.7
53681.0,49.4,49.4
54485.0,3.84,3.84
59326.0,49.3,49.3
43349.0,56.7,56.7
55166.0,3.87,3.87
59395.0,44.9,44.9
51979.0,44.8,44.8
58290.0,4.96,4.96
59518.0,46.5,46.5
50228.0,47.8,47.8
108871.0,2.08,2.08
59696.0,45.8,45.8
54168.0,47.3,47.3
44782.0,3.91,3.91
59876.0,49.8,49.8
35265.0,59.0,59.0
60339.0,1.84,1.84
60190.0,47.9,47.9
56084.0,45.7,45.7
58537.0,2.15,2.15
60194.0,48.6,48.6
60257.0,46.5,46.5
116580.0,4.52,4.52
60384.0,49.4,49.4
80159.0,37.9,37.9
54892.0,76.2,76.2
60557.0,48.2,48.2
58383.0,45.4,45.4
67064.0,58.0,58.0
60826.0,51.5,51.5
52874.0,55.4,55.4
59869.0,2.67,2.67
61037.0,43.4,43.4
50980.0,46.0,46.0
56069.0,59.5,59.5
61097.0,46.2,46.2
41259.0,54.1,54.1
56834.0,61.8,61.8
61656.0,48.5,48.5
60008.0,44.3,44.3
152952.0,3.96,3.96
61670.0,49.6,49.6
58127.0,3.58,3.58
62105.0,45.3,45.3
56290.0,46.5,46.5
60117.0,1.19,1.19
62215.0,48.3,48.3
60977.0,44.6,44.6
71983.0,4.12,4.12
62621.0,58.5,58.5
54794.0,57.2,57.2
61123.0,1.21,1.21
62927.0,43.5,43.5
53921.0,44.6,44.6
50755.0,1.69,1.69
62969.0,45.4,45.4
63611.0,39.8,39.8
64979.0,3.12,3.12
62994.0,50.0,50.0
74663.0,37.1,37.1
64986.0,56.2,56.2
63029.0,43.5,43.5
61791.0,38.3,38.3
134757.0,3.15,3.15
63338.0,48.0,48.0
48468.0,48.6,48.6
77623.0,1.47,1.47
63387.0,45.3,45.3
70804.0,45.5,45.5
75190.0,2.12,2.12
63585.0,60.0,60.0
53076.0,62.8,62.8
57431.0,4.57,4.57
63998.0,47.3,47.3
56734.0,45.2,45.2
55173.0,1.31,1.31
64039.0,51.5,51.5
70369.0,44.1,44.1
45703.0,2.04,2.04
64090.0,52.9,52.9
36376.0,59.9,59.9
77242.0,4.6,4.6
64587.0,43.7,43.7
63649.0,43.5,43.5
110117.0,1.38,1.38
64853.0,42.3,42.3
63645.0,42.3,42.3
63947.0,4.53,4.53
64917.0,42.9,42.9
53244.0,43.3,43.3
61577.0,3.48,3.48
64920.0,44.9,44.9
60142.0,43.0,43.0
22847.0,1.54,1.54
65106.0,42.5,42.5
49250.0,3.58,3.58
66455.0,54.1,54.1
38489.0,58.8,58.8
64133.0,1.92,1.92
66521.0,43.0,43.0
54761.0,44.9,44.9
61808.0,56.2,56.2
66780.0,46.8,46.8
62214.0,46.9,46.9
62799.0,1.58,1.58
66898.0,46.4,46.4
60377.0,42.3,42.3
67061.0,44.9,44.9
118049.0,2.32,2.32
67191.0,53.5,53.5
69139.0,46.7,46.7
61131.0,2.17,2.17
69717.0,3.84,3.84
67471.0,36.3,36.3
104587.0,13.0,13.0
65256.0,2.38,2.38
67647.0,40.6,40.6
56877.0,42.2,42.2
61051.0,1.96,1.96
56248.0,1.35,1.35
68525.0,44.0,44.0
69803.0,38.6,38.6
63396.0,2.09,2.09
68821.0,42.2,42.2
63074.0,39.3,39.3
60790.0,65.6,65.6
69168.0,42.9,42.9
65446.0,43.0,43.0
62273.0,2.01,2.01
69426.0,47.5,47.5
85352.0,36.1,36.1
67846.0,3.88,3.88
68485.0,2.52,2.52
70065.0,43.4,43.4
57590.0,45.3,45.3
68086.0,2.88,2.88
70311.0,43.3,43.3
70790.0,42.8,42.8
72877.0,4.79,4.79
70395.0,43.8,43.8
58693.0,45.2,45.2
83881.0,44.5,44.5
71047.0,44.5,44.5
75188.0,40.2,40.2
64346.0,3.03,3.03
71129.0,43.1,43.1
65071.0,38.4,38.4
67414.0,2.94,2.94
71215.0,37.8,37.8
149720.0,4.99,4.99
71388.0,43.5,43.5
61708.0,48.0,48.0
98577.0,1.18,1.18
71606.0,46.6,46.6
29633.0,3.68,3.68
71872.0,43.3,43.3
63949.0,3.02,3.02
72868.0,43.5,43.5
57950.0,48.6,48.6
76175.0,4.2,4.2
72906.0,58.9,58.9
35836.0,63.5,63.5
80757.0,4.66,4.66
72907.0,48.7,48.7
57770.0,48.7,48.7
88607.0,1.07,1.07
73121.0,44.5,44.5
31823.0,61.3,61.3
70612.0,2.72,2.72
73842.0,2.74,2.74
73340.0,41.3,41.3
68635.0,36.6,36.6
66831.0,2.71,2.71
73668.0,42.8,42.8
72200.0,33.4,33.4
68802.0,4.81,4.81
73747.0,37.4,37.4
58824.0,41.5,41.5
118207.0,4.08,4.08
74131.0,38.8,38.8
73433.0,39.8,39.8
94951.0,1.64,1.64
74297.0,44.0,44.0
73737.0,38.5,38.5
69540.0,60.0,60.0
74793.0,39.3,39.3
68064.0,35.0,35.0
64761.0,2.35,2.35
74795.0,42.1,42.1
68032.0,38.4,38.4
104395.0,1.91,1.91
74941.0,35.8,35.8
55175.0,49.5,49.5
66073.0,62.5,62.5
75215.0,43.3,43.3
69793.0,39.4,39.4
132536.0,2.7,2.7
75244.0,45.1,45.1
68514.0,41.1,41.1
66567.0,3.36,3.36
75264.0,43.9,43.9
70049.0,47.6,47.6
48272.0,4.12,4.12
75281.0,58.8,58.8
29286.0,66.1,66.1
70310.0,4.08,4.08
75690.0,42.2,42.2
61374.0,41.0,41.0
74367.0,38.8,38.8
75899.0,43.0,43.0
86539.0,29.8,29.8
74438.0,3.47,3.47
76997.0,38.8,38.8
69314.0,34.0,34.0
60874.0,4.05,4.05
81176.0,2.05,2.05
77041.0,43.1,43.1
116339.0,25.1,25.1
72919.0,2.43,2.43
77146.0,38.6,38.6
67190.0,37.8,37.8
47646.0,68.8,68.8
77488.0,41.9,41.9
86528.0,39.8,39.8
131606.0,2.39,2.39
77578.0,41.6,41.6
72629.0,42.8,42.8
145213.0,63.8,63.8
77863.0,43.9,43.9
74467.0,4.63,4.63
78494.0,38.2,38.2
71005.0,35.3,35.3
105532.0,2.19,2.19
78504.0,41.3,41.3
57304.0,41.7,41.7
74549.0,2.18,2.18
78550.0,41.8,41.8
75914.0,35.6,35.6
108210.0,3.77,3.77
78624.0,38.5,38.5
75979.0,4.64,4.64
78892.0,36.2,36.2
60072.0,44.9,44.9
71038.0,4.03,4.03
78993.0,43.5,43.5
92381.0,31.2,31.2
77820.0,62.8,62.8
95258.0,3.92,3.92
106921.0,2.14,2.14
79330.0,42.4,42.4
57048.0,45.4,45.4
111931.0,4.29,4.29
79459.0,38.9,38.9
78312.0,34.5,34.5
71272.0,4.67,4.67
84522.0,1.66,1.66
84373.0,3.49,3.49
79977.0,37.2,37.2
75327.0,32.9,32.9
95043.0,1.79,1.79
80596.0,39.5,39.5
70813.0,43.4,43.4
74547.0,1.39,1.39
82242.0,35.0,35.0
69714.0,36.6,36.6
87117.0,3.18,3.18
82481.0,46.3,46.3
68653.0,45.6,45.6
70072.0,1.38,1.38
82667.0,38.3,38.3
83143.0,2.4,2.4
83341.0,33.4,33.4
75750.0,34.0,34.0
134903.0,1.16,1.16
83763.0,38.8,38.8
72904.0,36.0,36.0
82550.0,1.28,1.28
96121.0,4.36,4.36
84394.0,49.2,49.2
64950.0,52.3,52.3
91840.0,4.93,4.93
151357.0,2.69,2.69
84900.0,41.2,41.2
69229.0,39.1,39.1
114352.0,1.61,1.61
85144.0,43.0,43.0
76674.0,44.8,44.8
140332.0,41.0,41.0
86232.0,45.8,45.8
78500.0,45.1,45.1
96006.0,2.46,2.46
86280.0,32.0,32.0
72289.0,31.8,31.8
101848.0,4.87,4.87
86283.0,32.1,32.1
101488.0,33.1,33.1
79016.0,1.94,1.94
86588.0,33.8,33.8
78915.0,28.1,28.1
98275.0,4.25,4.25
87922.0,30.1,30.1
91044.0,24.7,24.7
120046.0,2.03,2.03
88049.0,38.1,38.1
69769.0,40.4,40.4
85020.0,3.81,3.81
88181.0,32.5,32.5
77834.0,31.6,31.6
141909.0,1.91,1.91
88299.0,31.3,31.3
119009.0,15.5,15.5
149637.0,2.34,2.34
88942.0,41.8,41.8
71700.0,54.1,54.1
70613.0,3.27,3.27
89005.0,45.4,45.4
92465.0,4.71,4.71
89049.0,47.2,47.2
54290.0,61.2,61.2
83385.0,2.81,2.81
89515.0,33.3,33.3
84205.0,26.0,26.0
88726.0,2.82,2.82
89645.0,29.4,29.4
85291.0,25.4,25.4
88439.0,4.59,4.59
90248.0,44.0,44.0
58759.0,53.5,53.5
85104.0,43.6,43.6
90542.0,32.8,32.8
84544.0,29.0,29.0
99025.0,4.08,4.08
99511.0,19.5,19.5
91515.0,36.5,36.5
113307.0,15.0,15.0
48814.0,2.75,2.75
91934.0,35.8,35.8
80632.0,27.1,27.1
90098.0,1.9,1.9
92624.0,37.5,37.5
100810.0,27.6,27.6
85592.0,1.5,1.5
92841.0,32.4,32.4
103253.0,25.8,25.8
96776.0,71.2,71.2
92891.0,33.4,33.4
84787.0,30.4,30.4
47796.0,56.0,56.0
88034.0,2.52,2.52
93382.0,28.0,28.0
86518.0,24.3,24.3
98345.0,4.53,4.53
94870.0,33.8,33.8
105182.0,24.3,24.3
150548.0,3.68,3.68
95519.0,30.9,30.9
99137.0,25.8,25.8
98284.0,4.37,4.37
133882.0,3.37,3.37
97101.0,34.0,34.0
88466.0,28.7,28.7
88158.0,1.52,1.52
97144.0,29.1,29.1
82312.0,33.5,33.5
95752.0,3.8,3.8
97433.0,26.6,26.6
84264.0,26.3,26.3
56940.0,3.23,3.23
97705.0,19.5,19.5
148829.0,1.11,1.11
97765.0,33.7,33.7
100935.0,38.8,38.8
97869.0,27.0,27.0
102110.0,17.7,17.7
109372.0,1.44,1.44
98412.0,42.4,42.4
65877.0,53.8,53.8
110782.0,4.94,4.94
98731.0,21.8,21.8
100935.0,11.6,11.6
100994.0,1.13,1.13
98892.0,24.6,24.6
81875.0,29.2,29.2
124334.0,1.96,1.96
99511.0,24.4,24.4
107520.0,4.81,4.81
99954.0,27.3,27.3
79932.0,32.3,32.3
115657.0,2.22,2.22
99985.0,51.3,51.3
50025.0,57.9,57.9
99550.0,3.02,3.02
100539.0,28.0,28.0
88683.0,24.0,24.0
131074.0,1.95,1.95
101987.0,26.5,26.5
88260.0,28.4,28.4
151735.0,1.78,1.78
102073.0,30.2,30.2
91325.0,28.2,28.2
127030.0,1.15,1.15
102281.0,34.7,34.7
65214.0,41.9,41.9
133435.0,2.03,2.03
102999.0,31.2,31.2
83146.0,35.6,35.6
93924.0,1.84,1.84
103377.0,34.6,34.6
117712.0,18.6,18.6
117126.0,2.01,2.01
104105.0,35.5,35.5
71612.0,46.6,46.6
143169.0,4.72,4.72
107080.0,30.5,30.5
102240.0,18.7,18.7
92543.0,2.79,2.79
107645.0,20.1,20.1
112511.0,15.5,15.5
139810.0,4.6,4.6
108254.0,25.7,25.7
87940.0,29.2,29.2
17046.0,2.74,2.74
108368.0,36.8,36.8
80046.0,42.5,42.5
102069.0,3.67,3.67
152543.0,1.02,1.02
108742.0,24.7,24.7
93309.0,20.9,20.9
134736.0,1.92,1.92
109189.0,28.6,28.6
78141.0,37.9,37.9
97370.0,4.66,4.66
109633.0,28.5,28.5
93560.0,30.1,30.1
52306.0,1.89,1.89
109635.0,48.4,48.4
36743.0,63.0,63.0
74978.0,2.08,2.08
110684.0,24.2,24.2
108511.0,1.37,1.37
111276.0,41.0,41.0
73587.0,42.9,42.9
103431.0,4.37,4.37
111291.0,26.9,26.9
111576.0,14.1,14.1
145455.0,3.89,3.89
112241.0,33.6,33.6
125117.0,1.17,1.17
114034.0,20.6,20.6
114497.0,14.4,14.4
119256.0,3.78,3.78
114315.0,24.3,24.3
152813.0,3.98,3.98
136904.0,2.57,2.57
115264.0,23.3,23.3
95845.0,23.8,23.8
115311.0,2.27,2.27
115456.0,19.4,19.4
123116.0,12.9,12.9
128708.0,2.37,2.37
116112.0,24.2,24.2
142714.0,1.54,1.54
117189.0,21.3,21.3
99769.0,19.6,19.6
135560.0,27.7,27.7
118305.0,18.5,18.5
120596.0,10.9,10.9
148148.0,4.53,4.53
118842.0,20.7,20.7
107370.0,16.0,16.0
152547.0,3.36,3.36
119124.0,30.2,30.2
140258.0,3.24,3.24
119691.0,27.8,27.8
98055.0,1.57,1.57
120672.0,22.8,22.8
42591.0,56.8,56.8
107508.0,1.35,1.35
120693.0,24.2,24.2
85919.0,28.5,28.5
133612.0,16.0,16.0
120746.0,17.2,17.2
130977.0,2.51,2.51
110434.0,19.0,19.0
121517.0,15.8,15.8
111302.0,29.8,29.8
140735.0,4.76,4.76
122518.0,23.0,23.0
122698.0,3.06,3.06
123875.0,44.0,44.0
50880.0,51.5,51.5
149173.0,2.48,2.48
124240.0,29.8,29.8
151214.0,2.9,2.9
128323.0,16.3,16.3
143094.0,3.35,3.35
129283.0,16.0,16.0
106788.0,2.27,2.27
131320.0,18.8,18.8
116210.0,10.8,10.8
143775.0,3.41,3.41
131915.0,13.8,13.8
114640.0,1.5,1.5
133091.0,24.1,24.1
148871.0,1.18,1.18
133530.0,41.7,41.7
61392.0,45.2,45.2
120656.0,4.04,4.04
134356.0,28.5,28.5
133308.0,1.09,1.09
152960.0,2.86,2.86
134867.0,17.7,17.7
114151.0,2.19,2.19
136052.0,11.9,11.9
86306.0,14.0,14.0
130173.0,4.74,4.74
139024.0,16.5,16.5
149828.0,1.48,1.48
140760.0,21.3,21.3
129458.0,4.75,4.75
141520.0,26.4,26.4
106155.0,37.0,37.0
149919.0,2.16,2.16
143493.0,11.0,11.0
146789.0,2.66,2.66
144272.0,10.4,10.4
147335.0,1.01,1.01
151551.0,4.97,4.97
152611.0,11.6,11.6
149115.0,3.2,3.2
153330.0,8.5,8.5
97081.0,32.5,32.5
153789.0,17.3,17.3
91828.0,28.8,28.8
29504.0,1.57,1.57
51026.0,44.0,44.0
130027.0,2.56,2.56
63102.0,40.4,40.4
27736.0,1.3,1.3
103527.0,4.57,4.57
23874.0,4.44,4.44
139834.0,3.24,3.24
5239.0,2.96,2.96
28614.0,3.06,3.06
45746.0,3.44,3.44
45386.0,3.46,3.46
101632.0,4.3,4.3
132589.0,3.12,3.12
75450.0,47.0,47.0
99696.0,11.5,11.5
49637.0,3.81,3.81
141087.0,3.43,3.43
86471.0,41.3,41.3
46028.0,2.73,2.73
97085.0,4.9,4.9
142099.0,1.86,1.86
144081.0,4.79,4.79
22273.0,3.71,3.71
138125.0,1.74,1.74
149594.0,4.31,4.31
146639.0,1.91,1.91
127122.0,1.09,1.09
151403.0,2.89,2.89
20291.0,3.57,3.57
146591.0,2.5,2.5
148284.0,3.53,3.53
150486.0,2.17,2.17
152648.0,1.44,1.44
116643.0,25.1,25.1
79711.0,1.05,1.05
50672.0,52.6,52.6
150278.0,2.71,2.71
151197.0,4.42,4.42
144018.0,1.31,1.31
72417.0,37.9,37.9
117710.0,2.19,2.19
55720.0,48.8,48.8
152848.0,55.0,55.0
83671.0,34.8,34.8
68699.0,4.18,4.18
30282.0,3.56,3.56
132274.0,4.29,4.29
84482.0,44.1,44.1
153034.0,1.2,1.2
153545.0,2.42,2.42
104200.0,27.1,27.1
79260.0,2.35,2.35
76098.0,3.26,3.26
92108.0,1.54,1.54
76209.0,3.16,3.16
151543.0,4.09,4.09
45002.0,3.05,3.05
25696.0,3.19,3.19
64808.0,1.69,1.69
23213.0,3.81,3.81
20376.0,3.48,3.48
153628.0,3.29,3.29
151172.0,4.38,4.38
79652.0,2.49,2.49
38743.0,58.8,58.8
389.0,4.5,4.5
279.0,76.7,76.7
215.0,78.8,78.8
791.0,4.1,4.1
918.0,75.6,75.6
1244.0,77.2,77.2
1707.0,4.26,4.26
1656.0,75.8,75.8
2120.0,75.8,75.8
1691.0,2.07,2.07
1874.0,76.8,76.8
1507.0,76.4,76.4
2067.0,1.14,1.14
2166.0,75.8,75.8
3248.0,73.6,73.6
2380.0,1.04,1.04
2943.0,76.3,76.3
2364.0,77.1,77.1
2617.0,77.0,77.0
3112.0,76.2,76.2
2513.0,77.0,77.0
3686.0,78.8,78.8
3682.0,75.6,75.6
3656.0,76.2,76.2
3123.0,1.34,1.34
3939.0,75.8,75.8
3142.0,76.0,76.0
2858.0,3.87,3.87
3986.0,75.5,75.5
3485.0,76.3,76.3
3558.0,4.12,4.12
4025.0,76.5,76.5
4605.0,74.5,74.5
3304.0,78.8,78.8
4086.0,73.2,73.2
4334.0,76.0,76.0
3822.0,4.35,4.35
4126.0,75.6,75.6
5134.0,73.9,73.9
5540.0,4.36,4.36
4226.0,75.0,75.0
6211.0,76.0,76.0
3376.0,3.97,3.97
4347.0,75.4,75.4
4710.0,74.8,74.8
4729.0,2.15,2.15
4909.0,75.4,75.4
6452.0,74.1,74.1
3844.0,2.24,2.24
5463.0,75.2,75.2
5003.0,73.5,73.5
3970.0,1.29,1.29
5492.0,75.7,75.7
5971.0,74.7,74.7
4660.0,4.1,4.1
5936.0,75.2,75.2
5467.0,74.5,74.5
4545.0,2.66,2.66
6002.0,75.3,75.3
7071.0,74.4,74.4
6731.0,4.42,4.42
6052.0,77.5,77.5
8453.0,75.0,75.0
6617.0,3.54,3.54
6513.0,74.2,74.2
4272.0,75.4,75.4
3943.0,2.44,2.44
6601.0,74.9,74.9
4559.0,74.9,74.9
3423.0,2.54,2.54
6641.0,76.3,76.3
4763.0,75.0,75.0
6959.0,3.53,3.53
6793.0,75.9,75.9
8650.0,71.5,71.5
5544.0,3.83,3.83
6856.0,75.8,75.8
7141.0,73.6,73.6
6825.0,3.1,3.1
6877.0,74.1,74.1
5665.0,70.3,70.3
5588.0,2.4,2.4
6960.0,74.8,74.8
6386.0,75.4,75.4
5791.0,1.19,1.19
7101.0,75.2,75.2
7256.0,73.8,73.8
5671.0,3.2,3.2
7283.0,76.7,76.7
5135.0,76.2,76.2
6033.0,4.45,4.45
7541.0,75.5,75.5
8301.0,74.5,74.5
8877.0,2.23,2.23
8346.0,77.5,77.5
6113.0,75.0,75.0
7063.0,2.39,2.39
8537.0,73.9,73.9
8896.0,73.2,73.2
6772.0,1.01,1.01
8568.0,75.0,75.0
8008.0,73.7,73.7
5585.0,4.27,4.27
8636.0,74.4,74.4
8075.0,74.8,74.8
6705.0,3.16,3.16
8659.0,70.8,70.8
10540.0,73.2,73.2
7229.0,2.77,2.77
8736.0,75.0,75.0
7661.0,74.5,74.5
6014.0,3.07,3.07
9229.0,73.2,73.2
10012.0,73.0,73.0
7583.0,4.89,4.89
9248.0,76.1,76.1
8387.0,74.3,74.3
6594.0,4.59,4.59
9285.0,74.3,74.3
7803.0,74.0,74.0
7049.0,2.08,2.08
9287.0,74.8,74.8
11192.0,73.7,73.7
5699.0,3.88,3.88
9400.0,73.6,73.6
9379.0,75.0,75.0
7727.0,76.2,76.2
9415.0,77.3,77.3
9753.0,74.5,74.5
8709.0,2.73,2.73
9743.0,74.2,74.2
11399.0,71.6,71.6
8253.0,3.52,3.52
9781.0,71.8,71.8
10364.0,71.7,71.7
12706.0,3.1,3.1
10122.0,73.9,73.9
15782.0,74.1,74.1
15057.0,1.59,1.59
10366.0,74.0,74.0
9718.0,73.2,73.2
9709.0,1.14,1.14
10478.0,74.3,74.3
11650.0,72.1,72.1
7565.0,3.43,3.43
10652.0,73.1,73.1
10061.0,73.0,73.0
8432.0,3.81,3.81
10794.0,73.3,73.3
10793.0,73.0,73.0
8187.0,1.24,1.24
10964.0,73.6,73.6
12055.0,72.0,72.0
7611.0,1.12,1.12
11219.0,73.4,73.4
11074.0,72.3,72.3
8635.0,2.52,2.52
11298.0,74.0,74.0
9951.0,73.0,73.0
9876.0,2.27,2.27
11311.0,74.1,74.1
11521.0,72.6,72.6
8686.0,75.0,75.0
11332.0,72.7,72.7
13437.0,72.0,72.0
9232.0,4.94,4.94
11403.0,71.7,71.7
11385.0,70.7,70.7
9964.0,2.07,2.07
11558.0,70.8,70.8
11844.0,74.3,74.3
11319.0,4.68,4.68
11576.0,73.8,73.8
11257.0,73.4,73.4
9370.0,4.21,4.21
11791.0,71.8,71.8
8657.0,74.3,74.3
8525.0,4.05,4.05
12141.0,73.2,73.2
11661.0,72.2,72.2
36174.0,4.73,4.73
12471.0,75.2,75.2
19658.0,71.8,71.8
8993.0,78.1,78.1
12598.0,73.2,73.2
12186.0,72.5,72.5
10910.0,4.46,4.46
12823.0,72.7,72.7
13909.0,72.0,72.0
9762.0,1.29,1.29
12827.0,71.4,71.4
12065.0,71.3,71.3
11338.0,4.31,4.31
12869.0,74.0,74.0
12194.0,73.0,73.0
10036.0,3.66,3.66
12977.0,72.3,72.3
13161.0,73.3,73.3
12851.0,4.49,4.49
13220.0,72.3,72.3
13769.0,71.4,71.4
16158.0,4.31,4.31
13441.0,73.3,73.3
9469.0,76.1,76.1
12305.0,4.16,4.16
13593.0,73.6,73.6
14027.0,71.7,71.7
11599.0,71.2,71.2
13711.0,73.7,73.7
13215.0,73.3,73.3
11900.0,1.05,1.05
13801.0,74.0,74.0
14432.0,73.0,73.0
10953.0,1.3,1.3
13963.0,72.8,72.8
15304.0,70.9,70.9
12836.0,4.03,4.03
14099.0,73.5,73.5
11052.0,71.4,71.4
10814.0,1.91,1.91
14175.0,70.5,70.5
13744.0,70.6,70.6
9539.0,2.23,2.23
14311.0,71.5,71.5
13455.0,71.9,71.9
12348.0,1.85,1.85
14407.0,72.6,72.6
14604.0,71.4,71.4
13809.0,4.19,4.19
14521.0,73.6,73.6
14462.0,72.7,72.7
12974.0,2.76,2.76
14650.0,69.9,69.9
8758.0,71.7,71.7
13731.0,77.8,77.8
14695.0,73.7,73.7
11986.0,74.6,74.6
10524.0,4.26,4.26
14827.0,70.9,70.9
12392.0,72.3,72.3
11843.0,1.57,1.57
15960.0,1.86,1.86
15227.0,73.3,73.3
15212.0,71.8,71.8
13312.0,3.69,3.69
15239.0,71.0,71.0
17248.0,70.4,70.4
10983.0,4.5,4.5
15509.0,71.6,71.6
14795.0,69.9,69.9
13985.0,3.07,3.07
15556.0,74.5,74.5
13275.0,74.4,74.4
10932.0,3.2,3.2
15560.0,71.5,71.5
14465.0,71.7,71.7
14688.0,2.18,2.18
15611.0,74.2,74.2
12396.0,4.41,4.41
15634.0,71.9,71.9
14964.0,72.1,72.1
12772.0,2.45,2.45
15652.0,72.0,72.0
15067.0,70.6,70.6
15256.0,4.63,4.63
15713.0,72.2,72.2
14864.0,72.3,72.3
12427.0,2.1,2.1
15724.0,68.5,68.5
12685.0,70.8,70.8
15898.0,4.79,4.79
14318.0,3.19,3.19
15895.0,72.4,72.4
14235.0,72.2,72.2
13326.0,3.36,3.36
15955.0,72.0,72.0
13134.0,72.0,72.0
35600.0,3.11,3.11
16116.0,67.0,67.0
15091.0,3.17,3.17
16143.0,74.0,74.0
14391.0,74.7,74.7
13877.0,3.22,3.22
16175.0,70.7,70.7
16920.0,69.4,69.4
12916.0,4.2,4.2
16324.0,72.2,72.2
18551.0,70.5,70.5
13388.0,3.96,3.96
16363.0,72.3,72.3
17265.0,69.3,69.3
13728.0,4.65,4.65
16420.0,70.1,70.1
12810.0,73.7,73.7
15111.0,2.45,2.45
16609.0,72.8,72.8
15472.0,71.4,71.4
16396.0,1.3,1.3
16753.0,72.4,72.4
15901.0,70.2,70.2
14546.0,3.71,3.71
16896.0,70.7,70.7
20342.0,68.0,68.0
14178.0,1.22,1.22
16918.0,71.9,71.9
17186.0,70.7,70.7
12158.0,2.96,2.96
17020.0,71.3,71.3
13614.0,71.3,71.3
18422.0,2.48,2.48
17031.0,72.4,72.4
16317.0,69.8,69.8
15600.0,2.28,2.28
17036.0,72.3,72.3
17620.0,71.1,71.1
18635.0,3.35,3.35
17102.0,68.9,68.9
15062.0,71.4,71.4
12766.0,2.86,2.86
17144.0,70.8,70.8
15867.0,70.6,70.6
12868.0,2.5,2.5
13378.0,4.3,4.3
13558.0,4.71,4.71
17388.0,71.0,71.0
15520.0,70.6,70.6
16266.0,2.65,2.65
17468.0,72.8,72.8
16903.0,73.1,73.1
13282.0,3.15,3.15
17548.0,72.1,72.1
19890.0,69.6,69.6
13799.0,4.56,4.56
17566.0,67.8,67.8
13624.0,71.9,71.9
24688.0,4.75,4.75
17616.0,72.1,72.1
5852.0,75.5,75.5
14245.0,4.34,4.34
17877.0,70.8,70.8
14434.0,69.7,69.7
15572.0,2.82,2.82
17953.0,71.1,71.1
19699.0,69.5,69.5
15561.0,3.17,3.17
17965.0,71.4,71.4
17281.0,70.5,70.5
16512.0,3.67,3.67
18011.0,69.7,69.7
17318.0,68.5,68.5
13220.0,2.38,2.38
18017.0,70.6,70.6
16015.0,69.1,69.1
67971.0,1.28,1.28
18033.0,67.5,67.5
17184.0,2.49,2.49
18202.0,69.6,69.6
14028.0,67.1,67.1
17176.0,2.39,2.39
18226.0,71.8,71.8
17414.0,71.0,71.0
15283.0,1.08,1.08
18294.0,70.9,70.9
17488.0,69.6,69.6
14009.0,1.17,1.17
18399.0,70.6,70.6
17777.0,70.0,70.0
18178.0,1.09,1.09
18575.0,70.9,70.9
17820.0,69.0,69.0
16531.0,4.75,4.75
18695.0,71.3,71.3
12769.0,71.7,71.7
15252.0,1.75,1.75
18802.0,69.4,69.4
19820.0,68.4,68.4
15245.0,76.2,76.2
18950.0,70.3,70.3
18019.0,70.6,70.6
16791.0,4.25,4.25
18489.0,1.56,1.56
19055.0,70.8,70.8
22359.0,69.3,69.3
21315.0,1.84,1.84
19077.0,71.8,71.8
19518.0,70.3,70.3
18625.0,1.89,1.89
19098.0,67.7,67.7
16011.0,69.6,69.6
14011.0,4.6,4.6
19100.0,69.1,69.1
17229.0,68.9,68.9
18120.0,80.0,80.0
19179.0,71.6,71.6
18434.0,69.7,69.7
19363.0,4.49,4.49
19308.0,70.5,70.5
19816.0,67.3,67.3
18331.0,3.87,3.87
19366.0,72.4,72.4
19790.0,68.9,68.9
14370.0,2.66,2.66
19389.0,68.8,68.8
17350.0,68.3,68.3
13832.0,3.64,3.64
19582.0,69.4,69.4
17579.0,69.0,69.0
18099.0,1.69,1.69
19930.0,72.5,72.5
18084.0,69.2,69.2
18279.0,2.22,2.22
19972.0,72.1,72.1
18737.0,2.69,2.69
20044.0,71.0,71.0
16596.0,2.39,2.39
19070.0,1.64,1.64
20263.0,68.9,68.9
19541.0,70.8,70.8
19226.0,4.25,4.25
18987.0,68.8,68.8
20534.0,70.8,70.8
20439.0,69.7,69.7
17551.0,1.08,1.08
20669.0,71.7,71.7
17925.0,67.6,67.6
14659.0,3.96,3.96
20748.0,67.8,67.8
18501.0,68.2,68.2
17495.0,1.93,1.93
20826.0,69.7,69.7
23556.0,66.0,66.0
15685.0,74.2,74.2
20860.0,69.1,69.1
17947.0,68.2,68.2
19253.0,3.13,3.13
20956.0,68.8,68.8
18335.0,4.15,4.15
20971.0,70.1,70.1
24230.0,66.2,66.2
20621.0,4.1,4.1
21054.0,70.5,70.5
23525.0,67.6,67.6
19694.0,2.56,2.56
21055.0,69.5,69.5
20034.0,68.0,68.0
18892.0,1.38,1.38
16503.0,3.5,3.5
21311.0,69.8,69.8
19932.0,69.1,69.1
16226.0,2.43,2.43
21426.0,66.7,66.7
19758.0,68.5,68.5
19601.0,4.85,4.85
21440.0,68.0,68.0
25049.0,63.4,63.4
19099.0,77.5,77.5
21591.0,72.3,72.3
23941.0,68.0,68.0
16262.0,3.38,3.38
21812.0,67.8,67.8
19913.0,67.2,67.2
20640.0,2.29,2.29
21859.0,69.7,69.7
19146.0,4.38,4.38
21877.0,70.9,70.9
23090.0,67.5,67.5
16804.0,2.63,2.63
21963.0,68.0,68.0
18520.0,68.7,68.7
17888.0,4.16,4.16
22050.0,69.9,69.9
23488.0,68.9,68.9
19510.0,2.0,2.0
22345.0,68.8,68.8
19321.0,71.1,71.1
20468.0,4.74,4.74
22448.0,69.1,69.1
21177.0,68.7,68.7
20406.0,1.56,1.56
22527.0,72.0,72.0
17419.0,69.8,69.8
17350.0,1.49,1.49
22654.0,69.5,69.5
19959.0,67.6,67.6
22313.0,1.05,1.05
22761.0,69.7,69.7
17285.0,4.93,4.93
22813.0,69.0,69.0
19346.0,68.3,68.3
31013.0,2.41,2.41
22863.0,71.7,71.7
26302.0,69.9,69.9
20634.0,1.13,1.13
22910.0,69.5,69.5
22103.0,68.3,68.3
19331.0,2.99,2.99
23017.0,64.0,64.0
21408.0,65.0,65.0
20296.0,2.13,2.13
23039.0,68.8,68.8
26248.0,65.1,65.1
19592.0,4.45,4.45
23068.0,68.1,68.1
20822.0,67.8,67.8
20759.0,2.08,2.08
23387.0,68.3,68.3
19579.0,67.6,67.6
21382.0,1.57,1.57
23839.0,68.0,68.0
22654.0,67.8,67.8
20737.0,2.53,2.53
20485.0,1.8,1.8
23915.0,69.1,69.1
21376.0,67.0,67.0
22224.0,1.63,1.63
24151.0,69.1,69.1
21292.0,67.1,67.1
19290.0,2.52,2.52
24189.0,66.9,66.9
21285.0,67.3,67.3
20365.0,75.0,75.0
24379.0,67.8,67.8
23325.0,66.7,66.7
20478.0,1.2,1.2
24718.0,67.6,67.6
23842.0,4.2,4.2
24970.0,69.1,69.1
19448.0,3.52,3.52
25075.0,65.8,65.8
21994.0,66.3,66.3
18919.0,1.51,1.51
25149.0,68.7,68.7
23502.0,72.3,72.3
21743.0,4.45,4.45
25262.0,69.1,69.1
26142.0,66.6,66.6
20427.0,4.03,4.03
25437.0,65.4,65.4
21648.0,66.1,66.1
20168.0,1.46,1.46
25512.0,66.1,66.1
22376.0,66.6,66.6
23617.0,2.3,2.3
25544.0,67.3,67.3
27106.0,65.7,65.7
22298.0,4.74,4.74
25750.0,69.8,69.8
23555.0,70.4,70.4
25730.0,3.65,3.65
25766.0,65.7,65.7
27422.0,70.3,70.3
22958.0,1.8,1.8
22779.0,4.68,4.68
23811.0,4.86,4.86
25923.0,68.7,68.7
30505.0,63.1,63.1
22177.0,3.81,3.81
26319.0,66.4,66.4
24488.0,65.1,65.1
20960.0,4.68,4.68
26346.0,66.2,66.2
23381.0,64.9,64.9
21963.0,2.63,2.63
26402.0,67.0,67.0
22651.0,67.7,67.7
23011.0,2.51,2.51
22714.0,3.73,3.73
26767.0,66.8,66.8
27212.0,63.3,63.3
23320.0,76.2,76.2
26882.0,67.9,67.9
26690.0,65.6,65.6
22356.0,68.8,68.8
26932.0,69.0,69.0
23915.0,1.85,1.85
27047.0,67.1,67.1
29362.0,63.1,63.1
21258.0,1.05,1.05
27201.0,65.7,65.7
24119.0,67.0,67.0
24933.0,2.32,2.32
27256.0,65.5,65.5
25104.0,66.7,66.7
23095.0,2.1,2.1
27265.0,66.7,66.7
25753.0,64.1,64.1
21588.0,2.08,2.08
27414.0,64.3,64.3
23685.0,64.2,64.2
28620.0,4.1,4.1
27513.0,68.1,68.1
23754.0,68.1,68.1
23090.0,74.0,74.0
27954.0,65.0,65.0
37351.0,62.2,62.2
23579.0,3.17,3.17
28011.0,66.4,66.4
21294.0,66.9,66.9
23080.0,4.65,4.65
28204.0,64.9,64.9
24345.0,66.2,66.2
22941.0,4.03,4.03
28347.0,64.8,64.8
24783.0,65.6,65.6
23307.0,2.28,2.28
28694.0,65.1,65.1
25252.0,64.6,64.6
25033.0,3.11,3.11
28724.0,68.0,68.0
28756.0,66.5,66.5
27352.0,1.05,1.05
28823.0,69.8,69.8
25269.0,68.9,68.9
24548.0,4.53,4.53
28923.0,64.4,64.4
22120.0,65.1,65.1
27620.0,3.04,3.04
29080.0,67.0,67.0
29077.0,63.7,63.7
35588.0,72.3,72.3
29145.0,68.5,68.5
31354.0,65.5,65.5
23553.0,3.6,3.6
29149.0,64.9,64.9
24951.0,65.3,65.3
30150.0,3.34,3.34
29192.0,69.1,69.1
26704.0,65.9,65.9
20918.0,3.24,3.24
29286.0,67.1,67.1
23895.0,1.3,1.3
29411.0,65.2,65.2
29714.0,66.7,66.7
23613.0,2.84,2.84
29422.0,64.4,64.4
24646.0,64.5,64.5
26280.0,2.63,2.63
29522.0,67.4,67.4
32318.0,62.0,62.0
26044.0,1.43,1.43
29603.0,63.9,63.9
33367.0,59.7,59.7
25297.0,4.54,4.54
29740.0,63.9,63.9
25364.0,64.0,64.0
26159.0,65.3,65.3
29811.0,64.5,64.5
30385.0,63.8,63.8
37413.0,3.32,3.32
29817.0,62.7,62.7
12079.0,76.3,76.3
28574.0,2.64,2.64
29843.0,66.9,66.9
30557.0,63.8,63.8
26399.0,71.9,71.9
29862.0,66.4,66.4
34464.0,63.5,63.5
26828.0,4.09,4.09
30088.0,66.6,66.6
29430.0,62.7,62.7
35127.0,1.16,1.16
30238.0,66.1,66.1
27750.0,67.2,67.2
24978.0,3.02,3.02
30306.0,62.2,62.2
25637.0,65.2,65.2
25536.0,1.11,1.11
30408.0,64.4,64.4
28646.0,63.1,63.1
29271.0,4.61,4.61
30638.0,65.0,65.0
32175.0,63.8,63.8
33784.0,4.22,4.22
30740.0,62.2,62.2
27637.0,1.26,1.26
30827.0,64.6,64.6
30692.0,61.4,61.4
27450.0,3.89,3.89
27028.0,3.94,3.94
30880.0,67.1,67.1
27680.0,64.8,64.8
27841.0,66.2,66.2
30940.0,65.5,65.5
30003.0,64.2,64.2
26961.0,3.37,3.37
31020.0,62.5,62.5
22331.0,66.7,66.7
29998.0,2.54,2.54
28183.0,73.5,73.5
31546.0,66.8,66.8
33257.0,63.9,63.9
31457.0,1.98,1.98
31566.0,65.6,65.6
33628.0,63.3,63.3
28321.0,4.89,4.89
32003.0,63.9,63.9
28686.0,62.5,62.5
28966.0,2.94,2.94
32382.0,63.1,63.1
30147.0,61.4,61.4
29260.0,4.01,4.01
29798.0,2.32,2.32
32878.0,61.7,61.7
34681.0,60.4,60.4
26123.0,3.07,3.07
32883.0,61.3,61.3
26085.0,63.8,63.8
26113.0,1.88,1.88
33116.0,62.5,62.5
24923.0,64.8,64.8
28878.0,3.94,3.94
33174.0,69.3,69.3
30123.0,70.2,70.2
27252.0,3.69,3.69
33179.0,61.8,61.8
26785.0,61.3,61.3
31141.0,1.18,1.18
33276.0,64.0,64.0
29245.0,64.5,64.5
27752.0,4.68,4.68
33303.0,68.8,68.8
25758.0,71.7,71.7
28642.0,1.61,1.61
30726.0,2.6,2.6
33666.0,65.6,65.6
32276.0,55.0,55.0
21470.0,4.03,4.03
33682.0,65.9,65.9
40410.0,65.6,65.6
28258.0,2.38,2.38
33978.0,60.3,60.3
27035.0,62.9,62.9
31010.0,4.19,4.19
31917.0,67.5,67.5
34228.0,64.8,64.8
33753.0,62.4,62.4
30784.0,4.45,4.45
34441.0,64.0,64.0
31743.0,61.8,61.8
30804.0,4.52,4.52
34607.0,63.4,63.4
38398.0,57.2,57.2
30456.0,2.85,2.85
34688.0,63.5,63.5
32529.0,62.6,62.6
30600.0,1.74,1.74
34745.0,60.3,60.3
30311.0,60.5,60.5
32946.0,75.0,75.0
35072.0,63.2,63.2
37337.0,60.7,60.7
32002.0,1.47,1.47
31187.0,1.63,1.63
35090.0,62.7,62.7
33786.0,58.6,58.6
32478.0,1.6,1.6
35256.0,63.4,63.4
33800.0,60.8,60.8
38376.0,4.0,4.0
35378.0,66.7,66.7
30317.0,67.7,67.7
29410.0,2.34,2.34
35672.0,61.1,61.1
28305.0,61.4,61.4
31687.0,3.88,3.88
35772.0,63.9,63.9
35291.0,61.7,61.7
32582.0,3.78,3.78
35859.0,65.5,65.5
28344.0,64.3,64.3
36333.0,3.27,3.27
36289.0,62.9,62.9
35153.0,59.9,59.9
37268.0,1.58,1.58
40699.0,1.98,1.98
36925.0,64.8,64.8
38408.0,61.2,61.2
32328.0,3.23,3.23
37006.0,58.2,58.2
29242.0,60.7,60.7
32745.0,3.2,3.2
37098.0,61.8,61.8
34368.0,61.1,61.1
33527.0,1.61,1.61
37246.0,62.8,62.8
39301.0,59.5,59.5
32038.0,1.13,1.13
37276.0,59.3,59.3
29635.0,62.7,62.7
31788.0,73.8,73.8
37606.0,60.3,60.3
37518.0,58.0,58.0
32800.0,3.52,3.52
38078.0,62.5,62.5
38486.0,58.8,58.8
27385.0,4.28,4.28
33735.0,2.32,2.32
38104.0,63.4,63.4
35374.0,60.1,60.1
34132.0,4.43,4.43
38106.0,57.8,57.8
30496.0,60.6,60.6
34417.0,4.48,4.48
38121.0,59.9,59.9
33810.0,58.8,58.8
42282.0,73.8,73.8
38326.0,65.0,65.0
43195.0,61.7,61.7
38085.0,2.62,2.62
38345.0,62.6,62.6
41137.0,58.8,58.8
35872.0,1.22,1.22
38893.0,61.1,61.1
37318.0,58.4,58.4
43490.0,4.04,4.04
39080.0,67.4,67.4
23904.0,70.0,70.0
35841.0,1.47,1.47
39155.0,59.9,59.9
38625.0,56.8,56.8
33383.0,3.7,3.7
39157.0,59.6,59.6
35330.0,58.0,58.0
44619.0,1.1,1.1
39316.0,63.6,63.6
37446.0,60.8,60.8
33963.0,4.5,4.5
39354.0,60.4,60.4
35177.0,59.4,59.4
36824.0,73.8,73.8
39528.0,59.1,59.1
38112.0,57.5,57.5
41454.0,2.65,2.65
39568.0,60.7,60.7
40412.0,57.5,57.5
33278.0,4.65,4.65
39660.0,58.7,58.7
36061.0,57.2,57.2
37849.0,3.19,3.19
39741.0,59.8,59.8
32388.0,59.4,59.4
34522.0,4.49,4.49
43726.0,2.04,2.04
39920.0,61.0,61.0
43153.0,54.6,54.6
40008.0,2.15,2.15
39975.0,64.7,64.7
26621.0,66.4,66.4
36075.0,2.2,2.2
40177.0,59.5,59.5
36346.0,57.0,57.0
41647.0,3.14,3.14
40187.0,62.6,62.6
40453.0,61.5,61.5
37257.0,2.06,2.06
40663.0,57.3,57.3
32074.0,59.4,59.4
35300.0,4.01,4.01
40798.0,66.8,66.8
45055.0,52.3,52.3
74245.0,4.37,4.37
40910.0,62.3,62.3
96589.0,13.5,13.5
41099.0,1.22,1.22
41160.0,59.7,59.7
47781.0,52.3,52.3
35607.0,2.88,2.88
41564.0,60.0,60.0
37731.0,57.4,57.4
36178.0,3.89,3.89
40411.0,4.62,4.62
42675.0,59.8,59.8
39788.0,57.3,57.3
39621.0,1.85,1.85
42724.0,55.9,55.9
33744.0,58.5,58.5
36422.0,4.46,4.46
38711.0,4.42,4.42
43010.0,58.6,58.6
44133.0,56.5,56.5
46624.0,2.75,2.75
43296.0,59.0,59.0
44366.0,56.5,56.5
44349.0,3.94,3.94
43323.0,57.9,57.9
38915.0,63.2,63.2
40824.0,4.77,4.77
43357.0,60.8,60.8
49554.0,54.0,54.0
39499.0,4.12,4.12
40044.0,1.38,1.38
43611.0,56.1,56.1
42121.0,1.75,1.75
43701.0,57.3,57.3
38459.0,56.3,56.3
36832.0,1.12,1.12
43790.0,59.8,59.8
37420.0,58.8,58.8
43437.0,2.62,2.62
44134.0,57.4,57.4
44489.0,54.2,54.2
39352.0,4.51,4.51
44195.0,56.4,56.4
38043.0,56.0,56.0
45412.0,4.88,4.88
44266.0,56.8,56.8
38972.0,55.6,55.6
45462.0,4.24,4.24
44307.0,57.0,57.0
41644.0,57.7,57.7
44593.0,60.2,60.2
48097.0,52.5,52.5
39429.0,4.87,4.87
44709.0,55.8,55.8
39411.0,55.1,55.1
39288.0,1.59,1.59
44904.0,57.4,57.4
43256.0,55.0,55.0
52474.0,3.98,3.98
44950.0,61.7,61.7
43707.0,57.7,57.7
38742.0,4.78,4.78
45190.0,56.3,56.3
34231.0,60.8,60.8
69956.0,4.62,4.62
45266.0,60.5,60.5
40226.0,59.0,59.0
39956.0,3.63,3.63
40172.0,3.88,3.88
44021.0,63.8,63.8
45565.0,58.5,58.5
47416.0,51.0,51.0
40464.0,3.87,3.87
45662.0,54.7,54.7
40061.0,56.4,56.4
44082.0,2.35,2.35
45797.0,58.2,58.2
41980.0,57.5,57.5
44486.0,2.9,2.9
46288.0,54.7,54.7
46988.0,53.1,53.1
41576.0,2.83,2.83
46429.0,54.4,54.4
41000.0,53.7,53.7
44352.0,2.04,2.04
46769.0,55.3,55.3
45383.0,53.9,53.9
40328.0,4.66,4.66
46827.0,55.6,55.6
41569.0,53.4,53.4
51867.0,4.48,4.48
47989.0,58.5,58.5
47894.0,57.4,57.4
46345.0,1.96,1.96
48353.0,55.9,55.9
33713.0,60.0,60.0
40412.0,3.92,3.92
48547.0,58.5,58.5
46684.0,53.7,53.7
44389.0,2.44,2.44
48819.0,56.4,56.4
50468.0,48.6,48.6
46853.0,4.66,4.66
49388.0,61.3,61.3
26548.0,65.3,65.3
71192.0,1.71,1.71
49466.0,60.0,60.0
45986.0,59.2,59.2
44418.0,4.45,4.45
49500.0,52.3,52.3
43218.0,52.9,52.9
45054.0,4.92,4.92
49521.0,53.4,53.4
42752.0,54.5,54.5
38746.0,2.72,2.72
45398.0,2.94,2.94
49940.0,52.5,52.5
44329.0,50.2,50.2
43629.0,4.26,4.26
50135.0,53.2,53.2
46632.0,51.3,51.3
47258.0,4.9,4.9
50289.0,59.5,59.5
48248.0,1.41,1.41
50292.0,59.7,59.7
48982.0,54.4,54.4
48440.0,1.87,1.87
50537.0,57.3,57.3
50059.0,50.8,50.8
152676.0,2.12,2.12
50705.0,56.5,56.5
51230.0,49.5,49.5
45041.0,59.0,59.0
50805.0,55.1,55.1
47068.0,52.1,52.1
47485.0,4.53,4.53
50881.0,53.3,53.3
41671.0,54.3,54.3
46077.0,3.92,3.92
51320.0,57.9,57.9
57323.0,43.7,43.7
49522.0,3.7,3.7
51353.0,53.0,53.0
44164.0,52.1,52.1
60276.0,1.79,1.79
51564.0,55.4,55.4
49188.0,51.2,51.2
45940.0,4.5,4.5
51836.0,53.7,53.7
52898.0,49.5,49.5
42704.0,3.72,3.72
52335.0,57.7,57.7
36828.0,56.8,56.8
53143.0,2.24,2.24
52338.0,52.5,52.5
51356.0,48.0,48.0
51710.0,4.91,4.91
52353.0,57.9,57.9
47222.0,1.98,1.98
52497.0,53.1,53.1
52585.0,47.3,47.3
45008.0,1.07,1.07
52539.0,55.0,55.0
46315.0,3.71,3.71
52542.0,54.3,54.3
53483.0,47.6,47.6
49797.0,3.65,3.65
47923.0,1.91,1.91
52807.0,56.8,56.8
58527.0,52.6,52.6
54099.0,2.44,2.44
52889.0,56.5,56.5
58494.0,50.4,50.4
71462.0,2.67,2.67
53157.0,57.5,57.5
58624.0,44.5,44.5
48013.0,2.28,2.28
53776.0,50.5,50.5
49902.0,47.6,47.6
47928.0,4.72,4.72
54123.0,47.8,47.8
46125.0,48.5,48.5
48852.0,1.32,1.32
54425.0,51.5,51.5
51829.0,51.3,51.3
58389.0,2.92,2.92
54586.0,54.9,54.9
46664.0,58.7,58.7
66588.0,57.5,57.5
54628.0,55.3,55.3
51259.0,2.24,2.24
46630.0,4.35,4.35
54874.0,49.5,49.5
53874.0,4.57,4.57
54900.0,49.9,49.9
45428.0,50.5,50.5
53416.0,2.84,2.84
54960.0,55.4,55.4
54852.0,53.2,53.2
49776.0,2.22,2.22
55088.0,51.4,51.4
55105.0,47.2,47.2
58423.0,1.75,1.75
55207.0,56.2,56.2
49861.0,56.0,56.0
55656.0,59.2,59.2
55501.0,51.6,51.6
49893.0,48.1,48.1
51755.0,3.82,3.82
55516.0,51.7,51.7
54026.0,47.8,47.8
52684.0,2.67,2.67
55588.0,52.7,52.7
38150.0,56.4,56.4
55209.0,3.07,3.07
55824.0,49.5,49.5
48524.0,50.7,50.7
50393.0,4.76,4.76
55977.0,49.2,49.2
47347.0,47.0,47.0
40394.0,3.0,3.0
56588.0,60.1,60.1
27125.0,66.4,66.4
149571.0,37.2,37.2
56597.0,56.6,56.6
49289.0,51.6,51.6
51796.0,1.29,1.29
56610.0,52.7,52.7
55666.0,48.0,48.0
52367.0,69.2,69.2
57080.0,48.2,48.2
49937.0,47.6,47.6
52752.0,1.41,1.41
57299.0,46.4,46.4
48548.0,48.3,48.3
87866.0,4.07,4.07
57334.0,54.0,54.0
73745.0,37.5,37.5
53043.0,4.56,4.56
58009.0,49.0,49.0
53462.0,45.8,45.8
67481.0,4.73,4.73
58022.0,53.8,53.8
63233.0,2.07,2.07
58110.0,56.5,56.5
63128.0,46.5,46.5
103079.0,4.5,4.5
58335.0,52.3,52.3
62247.0,43.7,43.7
53313.0,4.72,4.72
58607.0,50.6,50.6
57539.0,46.4,46.4
55476.0,4.46,4.46
53775.0,3.15,3.15
59145.0,50.7,50.7
53681.0,49.4,49.4
54485.0,1.37,1.37
59326.0,49.3,49.3
43349.0,56.7,56.7
55166.0,4.2,4.2
59395.0,44.9,44.9
51979.0,44.8,44.8
58290.0,3.6,3.6
59518.0,46.5,46.5
50228.0,47.8,47.8
108871.0,4.87,4.87
59696.0,45.8,45.8
54168.0,47.3,47.3
44782.0,1.44,1.44
59876.0,49.8,49.8
35265.0,59.0,59.0
60339.0,1.2,1.2
60190.0,47.9,47.9
56084.0,45.7,45.7
58537.0,1.77,1.77
60194.0,48.6,48.6
60257.0,46.5,46.5
116580.0,2.73,2.73
60384.0,49.4,49.4
80159.0,37.9,37.9
54892.0,76.2,76.2
60557.0,48.2,48.2
58383.0,45.4,45.4
67064.0,58.0,58.0
60826.0,51.5,51.5
52874.0,55.4,55.4
59869.0,1.05,1.05
61037.0,43.4,43.4
50980.0,46.0,46.0
56069.0,59.5,59.5
61097.0,46.2,46.2
41259.0,54.1,54.1
56834.0,61.8,61.8
61656.0,48.5,48.5
60008.0,44.3,44.3
152952.0,1.91,1.91
61670.0,49.6,49.6
58127.0,1.69,1.69
62105.0,45.3,45.3
56290.0,46.5,46.5
60117.0,1.42,1.42
62215.0,48.3,48.3
60977.0,44.6,44.6
71983.0,2.83,2.83
62621.0,58.5,58.5
54794.0,57.2,57.2
61123.0,1.89,1.89
62927.0,43.5,43.5
53921.0,44.6,44.6
50755.0,3.38,3.38
62969.0,45.4,45.4
63611.0,39.8,39.8
64979.0,2.33,2.33
62994.0,50.0,50.0
74663.0,37.1,37.1
64986.0,56.2,56.2
63029.0,43.5,43.5
61791.0,38.3,38.3
134757.0,4.15,4.15
63338.0,48.0,48.0
48468.0,48.6,48.6
77623.0,1.85,1.85
63387.0,45.3,45.3
70804.0,45.5,45.5
75190.0,3.71,3.71
63585.0,60.0,60.0
53076.0,62.8,62.8
57431.0,1.97,1.97
63998.0,47.3,47.3
56734.0,45.2,45.2
55173.0,3.62,3.62
64039.0,51.5,51.5
70369.0,44.1,44.1
45703.0,2.76,2.76
64090.0,52.9,52.9
36376.0,59.9,59.9
77242.0,5.0,5.0
64587.0,43.7,43.7
63649.0,43.5,43.5
110117.0,1.67,1.67
64853.0,42.3,42.3
63645.0,42.3,42.3
63947.0,4.08,4.08
64917.0,42.9,42.9
53244.0,43.3,43.3
61577.0,3.28,3.28
64920.0,44.9,44.9
60142.0,43.0,43.0
22847.0,4.03,4.03
65106.0,42.5,42.5
49250.0,3.77,3.77
66455.0,54.1,54.1
38489.0,58.8,58.8
64133.0,4.91,4.91
66521.0,43.0,43.0
54761.0,44.9,44.9
61808.0,56.2,56.2
66780.0,46.8,46.8
62214.0,46.9,46.9
62799.0,2.05,2.05
66898.0,46.4,46.4
60377.0,42.3,42.3
67061.0,44.9,44.9
118049.0,4.89,4.89
67191.0,53.5,53.5
69139.0,46.7,46.7
61131.0,2.14,2.14
69717.0,1.11,1.11
67471.0,36.3,36.3
104587.0,13.0,13.0
65256.0,2.25,2.25
67647.0,40.6,40.6
56877.0,42.2,42.2
61051.0,3.47,3.47
56248.0,4.96,4.96
68525.0,44.0,44.0
69803.0,38.6,38.6
63396.0,1.26,1.26
68821.0,42.2,42.2
63074.0,39.3,39.3
60790.0,65.6,65.6
69168.0,42.9,42.9
65446.0,43.0,43.0
62273.0,2.19,2.19
69426.0,47.5,47.5
85352.0,36.1,36.1
67846.0,4.66,4.66
68485.0,1.43,1.43
70065.0,43.4,43.4
57590.0,45.3,45.3
68086.0,4.38,4.38
70311.0,43.3,43.3
70790.0,42.8,42.8
72877.0,3.91,3.91
70395.0,43.8,43.8
58693.0,45.2,45.2
83881.0,44.5,44.5
71047.0,44.5,44.5
75188.0,40.2,40.2
64346.0,3.74,3.74
71129.0,43.1,43.1
65071.0,38.4,38.4
67414.0,3.6,3.6
71215.0,37.8,37.8
149720.0,4.73,4.73
71388.0,43.5,43.5
61708.0,48.0,48.0
98577.0,4.41,4.41
71606.0,46.6,46.6
29633.0,2.53,2.53
71872.0,43.3,43.3
63949.0,4.59,4.59
72868.0,43.5,43.5
57950.0,48.6,48.6
76175.0,2.0,2.0
72906.0,58.9,58.9
35836.0,63.5,63.5
80757.0,3.7,3.7
72907.0,48.7,48.7
57770.0,48.7,48.7
88607.0,2.64,2.64
73121.0,44.5,44.5
31823.0,61.3,61.3
70612.0,3.97,3.97
73842.0,1.1,1.1
73340.0,41.3,41.3
68635.0,36.6,36.6
66831.0,3.94,3.94
73668.0,42.8,42.8
72200.0,33.4,33.4
68802.0,2.96,2.96
73747.0,37.4,37.4
58824.0,41.5,41.5
118207.0,1.65,1.65
74131.0,38.8,38.8
73433.0,39.8,39.8
94951.0,1.88,1.88
74297.0,44.0,44.0
73737.0,38.5,38.5
69540.0,60.0,60.0
74793.0,39.3,39.3
68064.0,35.0,35.0
64761.0,1.7,1.7
74795.0,42.1,42.1
68032.0,38.4,38.4
104395.0,1.95,1.95
74941.0,35.8,35.8
55175.0,49.5,49.5
66073.0,62.5,62.5
75215.0,43.3,43.3
69793.0,39.4,39.4
132536.0,4.93,4.93
75244.0,45.1,45.1
68514.0,41.1,41.1
66567.0,4.15,4.15
75264.0,43.9,43.9
70049.0,47.6,47.6
48272.0,1.37,1.37
75281.0,58.8,58.8
29286.0,66.1,66.1
70310.0,4.9,4.9
75690.0,42.2,42.2
61374.0,41.0,41.0
74367.0,38.8,38.8
75899.0,43.0,43.0
86539.0,29.8,29.8
74438.0,3.13,3.13
76997.0,38.8,38.8
69314.0,34.0,34.0
60874.0,2.96,2.96
81176.0,3.38,3.38
77041.0,43.1,43.1
116339.0,25.1,25.1
72919.0,3.84,3.84
77146.0,38.6,38.6
67190.0,37.8,37.8
47646.0,68.8,68.8
77488.0,41.9,41.9
86528.0,39.8,39.8
131606.0,2.18,2.18
77578.0,41.6,41.6
72629.0,42.8,42.8
145213.0,63.8,63.8
77863.0,43.9,43.9
74467.0,1.91,1.91
78494.0,38.2,38.2
71005.0,35.3,35.3
105532.0,1.15,1.15
78504.0,41.3,41.3
57304.0,41.7,41.7
74549.0,1.21,1.21
78550.0,41.8,41.8
75914.0,35.6,35.6
108210.0,2.77,2.77
78624.0,38.5,38.5
75979.0,4.21,4.21
78892.0,36.2,36.2
60072.0,44.9,44.9
71038.0,2.08,2.08
78993.0,43.5,43.5
92381.0,31.2,31.2
77820.0,62.8,62.8
95258.0,1.03,1.03
106921.0,3.04,3.04
79330.0,42.4,42.4
57048.0,45.4,45.4
111931.0,1.33,1.33
79459.0,38.9,38.9
78312.0,34.5,34.5
71272.0,1.31,1.31
84522.0,2.68,2.68
84373.0,2.13,2.13
79977.0,37.2,37.2
75327.0,32.9,32.9
95043.0,2.08,2.08
80596.0,39.5,39.5
70813.0,43.4,43.4
74547.0,3.46,3.46
82242.0,35.0,35.0
69714.0,36.6,36.6
87117.0,2.89,2.89
82481.0,46.3,46.3
68653.0,45.6,45.6
70072.0,4.62,4.62
82667.0,38.3,38.3
83143.0,1.25,1.25
83341.0,33.4,33.4
75750.0,34.0,34.0
134903.0,1.91,1.91
83763.0,38.8,38.8
72904.0,36.0,36.0
82550.0,3.44,3.44
96121.0,4.29,4.29
84394.0,49.2,49.2
64950.0,52.3,52.3
91840.0,4.11,4.11
151357.0,2.98,2.98
84900.0,41.2,41.2
69229.0,39.1,39.1
114352.0,3.4,3.4
85144.0,43.0,43.0
76674.0,44.8,44.8
140332.0,41.0,41.0
86232.0,45.8,45.8
78500.0,45.1,45.1
96006.0,2.08,2.08
86280.0,32.0,32.0
72289.0,31.8,31.8
101848.0,1.32,1.32
86283.0,32.1,32.1
101488.0,33.1,33.1
79016.0,1.3,1.3
86588.0,33.8,33.8
78915.0,28.1,28.1
98275.0,4.06,4.06
87922.0,30.1,30.1
91044.0,24.7,24.7
120046.0,4.37,4.37
88049.0,38.1,38.1
69769.0,40.4,40.4
85020.0,1.5,1.5
88181.0,32.5,32.5
77834.0,31.6,31.6
141909.0,1.06,1.06
88299.0,31.3,31.3
119009.0,15.5,15.5
149637.0,1.28,1.28
88942.0,41.8,41.8
71700.0,54.1,54.1
70613.0,3.28,3.28
89005.0,45.4,45.4
92465.0,4.58,4.58
89049.0,47.2,47.2
54290.0,61.2,61.2
83385.0,4.07,4.07
89515.0,33.3,33.3
84205.0,26.0,26.0
88726.0,4.33,4.33
89645.0,29.4,29.4
85291.0,25.4,25.4
88439.0,2.46,2.46
90248.0,44.0,44.0
58759.0,53.5,53.5
85104.0,43.6,43.6
90542.0,32.8,32.8
84544.0,29.0,29.0
99025.0,1.26,1.26
99511.0,19.5,19.5
91515.0,36.5,36.5
113307.0,15.0,15.0
48814.0,1.06,1.06
91934.0,35.8,35.8
80632.0,27.1,27.1
90098.0,3.09,3.09
92624.0,37.5,37.5
100810.0,27.6,27.6
85592.0,2.87,2.87
92841.0,32.4,32.4
103253.0,25.8,25.8
96776.0,71.2,71.2
92891.0,33.4,33.4
84787.0,30.4,30.4
47796.0,56.0,56.0
88034.0,3.65,3.65
93382.0,28.0,28.0
86518.0,24.3,24.3
98345.0,4.45,4.45
94870.0,33.8,33.8
105182.0,24.3,24.3
150548.0,2.76,2.76
95519.0,30.9,30.9
99137.0,25.8,25.8
98284.0,3.75,3.75
133882.0,3.0,3.0
97101.0,34.0,34.0
88466.0,28.7,28.7
88158.0,1.52,1.52
97144.0,29.1,29.1
82312.0,33.5,33.5
95752.0,1.24,1.24
97433.0,26.6,26.6
84264.0,26.3,26.3
56940.0,2.63,2.63
97705.0,19.5,19.5
148829.0,3.66,3.66
97765.0,33.7,33.7
100935.0,38.8,38.8
97869.0,27.0,27.0
102110.0,17.7,17.7
109372.0,4.73,4.73
98412.0,42.4,42.4
65877.0,53.8,53.8
110782.0,4.06,4.06
98731.0,21.8,21.8
100935.0,11.6,11.6
100994.0,1.28,1.28
98892.0,24.6,24.6
81875.0,29.2,29.2
124334.0,2.52,2.52
99511.0,24.4,24.4
107520.0,3.24,3.24
99954.0,27.3,27.3
79932.0,32.3,32.3
115657.0,2.58,2.58
99985.0,51.3,51.3
50025.0,57.9,57.9
99550.0,4.3,4.3
100539.0,28.0,28.0
88683.0,24.0,24.0
131074.0,1.75,1.75
101987.0,26.5,26.5
88260.0,28.4,28.4
151735.0,3.23,3.23
102073.0,30.2,30.2
91325.0,28.2,28.2
127030.0,2.84,2.84
102281.0,34.7,34.7
65214.0,41.9,41.9
133435.0,3.96,3.96
102999.0,31.2,31.2
83146.0,35.6,35.6
93924.0,4.88,4.88
103377.0,34.6,34.6
117712.0,18.6,18.6
117126.0,4.39,4.39
104105.0,35.5,35.5
71612.0,46.6,46.6
143169.0,3.45,3.45
107080.0,30.5,30.5
102240.0,18.7,18.7
92543.0,1.29,1.29
107645.0,20.1,20.1
112511.0,15.5,15.5
139810.0,1.14,1.14
108254.0,25.7,25.7
87940.0,29.2,29.2
17046.0,1.91,1.91
108368.0,36.8,36.8
80046.0,42.5,42.5
102069.0,2.14,2.14
152543.0,1.47,1.47
108742.0,24.7,24.7
93309.0,20.9,20.9
134736.0,3.65,3.65
109189.0,28.6,28.6
78141.0,37.9,37.9
97370.0,1.11,1.11
109633.0,28.5,28.5
93560.0,30.1,30.1
52306.0,2.62,2.62
109635.0,48.4,48.4
36743.0,63.0,63.0
74978.0,3.58,3.58
110684.0,24.2,24.2
108511.0,4.42,4.42
111276.0,41.0,41.0
73587.0,42.9,42.9
103431.0,4.28,4.28
111291.0,26.9,26.9
111576.0,14.1,14.1
145455.0,4.28,4.28
112241.0,33.6,33.6
125117.0,4.18,4.18
114034.0,20.6,20.6
114497.0,14.4,14.4
119256.0,3.85,3.85
114315.0,24.3,24.3
152813.0,4.83,4.83
136904.0,2.93,2.93
115264.0,23.3,23.3
95845.0,23.8,23.8
115311.0,2.54,2.54
115456.0,19.4,19.4
123116.0,12.9,12.9
128708.0,4.01,4.01
116112.0,24.2,24.2
142714.0,1.82,1.82
117189.0,21.3,21.3
99769.0,19.6,19.6
135560.0,27.7,27.7
118305.0,18.5,18.5
120596.0,10.9,10.9
148148.0,4.58,4.58
118842.0,20.7,20.7
107370.0,16.0,16.0
152547.0,3.5,3.5
119124.0,30.2,30.2
140258.0,2.27,2.27
119691.0,27.8,27.8
98055.0,2.93,2.93
120672.0,22.8,22.8
42591.0,56.8,56.8
107508.0,1.36,1.36
120693.0,24.2,24.2
85919.0,28.5,28.5
133612.0,16.0,16.0
120746.0,17.2,17.2
130977.0,4.28,4.28
110434.0,19.0,19.0
121517.0,15.8,15.8
111302.0,29.8,29.8
140735.0,4.0,4.0
122518.0,23.0,23.0
122698.0,2.52,2.52
123875.0,44.0,44.0
50880.0,51.5,51.5
149173.0,1.68,1.68
124240.0,29.8,29.8
151214.0,1.3,1.3
128323.0,16.3,16.3
143094.0,1.16,1.16
129283.0,16.0,16.0
106788.0,1.74,1.74
131320.0,18.8,18.8
116210.0,10.8,10.8
143775.0,4.77,4.77
131915.0,13.8,13.8
114640.0,4.3,4.3
133091.0,24.1,24.1
148871.0,4.66,4.66
133530.0,41.7,41.7
61392.0,45.2,45.2
120656.0,4.67,4.67
134356.0,28.5,28.5
133308.0,3.78,3.78
152960.0,3.09,3.09
134867.0,17.7,17.7
114151.0,1.7,1.7
136052.0,11.9,11.9
86306.0,14.0,14.0
130173.0,4.49,4.49
139024.0,16.5,16.5
149828.0,1.61,1.61
140760.0,21.3,21.3
129458.0,3.41,3.41
141520.0,26.4,26.4
106155.0,37.0,37.0
149919.0,4.3,4.3
143493.0,11.0,11.0
146789.0,2.46,2.46
144272.0,10.4,10.4
147335.0,2.38,2.38
151551.0,3.89,3.89
152611.0,11.6,11.6
149115.0,3.2,3.2
153330.0,8.5,8.5
97081.0,32.5,32.5
153789.0,17.3,17.3
91828.0,28.8,28.8
29504.0,4.26,4.26
51026.0,44.0,44.0
130027.0,2.69,2.69
63102.0,40.4,40.4
27736.0,3.16,3.16
103527.0,4.03,4.03
23874.0,4.52,4.52
139834.0,4.04,4.04
5239.0,4.21,4.21
28614.0,2.53,2.53
45746.0,4.19,4.19
45386.0,4.57,4.57
101632.0,2.99,2.99
132589.0,4.95,4.95
75450.0,47.0,47.0
99696.0,11.5,11.5
49637.0,3.62,3.62
141087.0,4.26,4.26
86471.0,41.3,41.3
46028.0,3.52,3.52
97085.0,1.71,1.71
142099.0,3.98,3.98
144081.0,3.87,3.87
22273.0,1.45,1.45
138125.0,1.24,1.24
149594.0,4.13,4.13
146639.0,3.26,3.26
127122.0,2.83,2.83
151403.0,1.52,1.52
20291.0,3.47,3.47
146591.0,3.4,3.4
148284.0,4.56,4.56
150486.0,4.11,4.11
152648.0,4.53,4.53
116643.0,25.1,25.1
79711.0,1.99,1.99
50672.0,52.6,52.6
150278.0,1.82,1.82
151197.0,3.77,3.77
144018.0,2.41,2.41
72417.0,37.9,37.9
117710.0,3.0,3.0
55720.0,48.8,48.8
152848.0,55.0,55.0
83671.0,34.8,34.8
68699.0,3.87,3.87
30282.0,1.98,1.98
132274.0,3.95,3.95
84482.0,44.1,44.1
153034.0,1.2,1.2
153545.0,1.56,1.56
104200.0,27.1,27.1
79260.0,4.22,4.22
76098.0,4.68,4.68
92108.0,1.71,1.71
76209.0,4.04,4.04
151543.0,2.32,2.32
45002.0,3.53,3.53
25696.0,4.2,4.2
64808.0,1.75,1.75
23213.0,4.36,4.36
20376.0,4.17,4.17
153628.0,1.79,1.79
151172.0,1.54,1.54
79652.0,3.78,3.78
38743.0,58.8,58.8
389.0,2.09,2.09
279.0,76.7,76.7
215.0,78.8,78.8
791.0,3.59,3.59
918.0,75.6,75.6
1244.0,77.2,77.2
1707.0,1.72,1.72
1656.0,75.8,75.8
2120.0,75.8,75.8
1691.0,4.25,4.25
1874.0,76.8,76.8
1507.0,76.4,76.4
2067.0,1.61,1.61
2166.0,75.8,75.8
3248.0,73.6,73.6
2380.0,3.05,3.05
2943.0,76.3,76.3
2364.0,77.1,77.1
2617.0,77.0,77.0
3112.0,76.2,76.2
2513.0,77.0,77.0
3686.0,78.8,78.8
3682.0,75.6,75.6
3656.0,76.2,76.2
3123.0,4.46,4.46
3939.0,75.8,75.8
3142.0,76.0,76.0
2858.0,1.51,1.51
3986.0,75.5,75.5
3485.0,76.3,76.3
3558.0,3.68,3.68
4025.0,76.5,76.5
4605.0,74.5,74.5
3304.0,78.8,78.8
4086.0,73.2,73.2
4334.0,76.0,76.0
3822.0,3.19,3.19
4126.0,75.6,75.6
5134.0,73.9,73.9
5540.0,2.7,2.7
4226.0,75.0,75.0
6211.0,76.0,76.0
3376.0,3.55,3.55
4347.0,75.4,75.4
4710.0,74.8,74.8
4729.0,3.18,3.18
4909.0,75.4,75.4
6452.0,74.1,74.1
3844.0,3.45,3.45
5463.0,75.2,75.2
5003.0,73.5,73.5
3970.0,4.05,4.05
5492.0,75.7,75.7
5971.0,74.7,74.7
4660.0,4.68,4.68
5936.0,75.2,75.2
5467.0,74.5,74.5
4545.0,2.86,2.86
6002.0,75.3,75.3
7071.0,74.4,74.4
6731.0,1.36,1.36
6052.0,77.5,77.5
8453.0,75.0,75.0
6617.0,2.34,2.34
6513.0,74.2,74.2
4272.0,75.4,75.4
3943.0,1.31,1.31
6601.0,74.9,74.9
4559.0,74.9,74.9
3423.0,3.97,3.97
6641.0,76.3,76.3
4763.0,75.0,75.0
6959.0,2.36,2.36
6793.0,75.9,75.9
8650.0,71.5,71.5
5544.0,4.83,4.83
6856.0,75.8,75.8
7141.0,73.6,73.6
6825.0,1.37,1.37
6877.0,74.1,74.1
5665.0,70.3,70.3
5588.0,2.96,2.96
6960.0,74.8,74.8
6386.0,75.4,75.4
5791.0,3.14,3.14
7101.0,75.2,75.2
7256.0,73.8,73.8
5671.0,3.19,3.19
7283.0,76.7,76.7
5135.0,76.2,76.2
6033.0,3.33,3.33
7541.0,75.5,75.5
8301.0,74.5,74.5
8877.0,1.28,1.28
8346.0,77.5,77.5
6113.0,75.0,75.0
7063.0,3.22,3.22
8537.0,73.9,73.9
8896.0,73.2,73.2
6772.0,1.95,1.95
8568.0,75.0,75.0
8008.0,73.7,73.7
5585.0,4.27,4.27
8636.0,74.4,74.4
8075.0,74.8,74.8
6705.0,1.4,1.4
8659.0,70.8,70.8
10540.0,73.2,73.2
7229.0,2.18,2.18
8736.0,75.0,75.0
7661.0,74.5,74.5
6014.0,4.04,4.04
9229.0,73.2,73.2
10012.0,73.0,73.0
7583.0,4.94,4.94
9248.0,76.1,76.1
8387.0,74.3,74.3
6594.0,2.76,2.76
9285.0,74.3,74.3
7803.0,74.0,74.0
7049.0,2.0,2.0
9287.0,74.8,74.8
11192.0,73.7,73.7
5699.0,1.44,1.44
9400.0,73.6,73.6
9379.0,75.0,75.0
7727.0,76.2,76.2
9415.0,77.3,77.3
9753.0,74.5,74.5
8709.0,1.99,1.99
9743.0,74.2,74.2
11399.0,71.6,71.6
8253.0,2.53,2.53
9781.0,71.8,71.8
10364.0,71.7,71.7
12706.0,3.66,3.66
10122.0,73.9,73.9
15782.0,74.1,74.1
15057.0,2.25,2.25
10366.0,74.0,74.0
9718.0,73.2,73.2
9709.0,3.2,3.2
10478.0,74.3,74.3
11650.0,72.1,72.1
7565.0,1.61,1.61
10652.0,73.1,73.1
10061.0,73.0,73.0
8432.0,4.07,4.07
10794.0,73.3,73.3
10793.0,73.0,73.0
8187.0,2.43,2.43
10964.0,73.6,73.6
12055.0,72.0,72.0
7611.0,4.89,4.89
11219.0,73.4,73.4
11074.0,72.3,72.3
8635.0,4.58,4.58
11298.0,74.0,74.0
9951.0,73.0,73.0
9876.0,1.63,1.63
11311.0,74.1,74.1
11521.0,72.6,72.6
8686.0,75.0,75.0
11332.0,72.7,72.7
13437.0,72.0,72.0
9232.0,3.21,3.21
11403.0,71.7,71.7
11385.0,70.7,70.7
9964.0,1.81,1.81
11558.0,70.8,70.8
11844.0,74.3,74.3
11319.0,4.23,4.23
11576.0,73.8,73.8
11257.0,73.4,73.4
9370.0,1.29,1.29
11791.0,71.8,71.8
8657.0,74.3,74.3
8525.0,3.5,3.5
12141.0,73.2,73.2
11661.0,72.2,72.2
36174.0,4.62,4.62
12471.0,75.2,75.2
19658.0,71.8,71.8
8993.0,78.1,78.1
12598.0,73.2,73.2
12186.0,72.5,72.5
10910.0,4.13,4.13
12823.0,72.7,72.7
13909.0,72.0,72.0
9762.0,3.99,3.99
12827.0,71.4,71.4
12065.0,71.3,71.3
11338.0,1.51,1.51
12869.0,74.0,74.0
12194.0,73.0,73.0
10036.0,3.94,3.94
12977.0,72.3,72.3
13161.0,73.3,73.3
12851.0,2.8,2.8
13220.0,72.3,72.3
13769.0,71.4,71.4
16158.0,2.02,2.02
13441.0,73.3,73.3
9469.0,76.1,76.1
12305.0,3.1,3.1
13593.0,73.6,73.6
14027.0,71.7,71.7
11599.0,71.2,71.2
13711.0,73.7,73.7
13215.0,73.3,73.3
11900.0,2.87,2.87
13801.0,74.0,74.0
14432.0,73.0,73.0
10953.0,4.47,4.47
13963.0,72.8,72.8
15304.0,70.9,70.9
12836.0,1.45,1.45
14099.0,73.5,73.5
11052.0,71.4,71.4
10814.0,1.7,1.7
14175.0,70.5,70.5
13744.0,70.6,70.6
9539.0,3.84,3.84
14311.0,71.5,71.5
13455.0,71.9,71.9
12348.0,2.24,2.24
14407.0,72.6,72.6
14604.0,71.4,71.4
13809.0,3.77,3.77
14521.0,73.6,73.6
14462.0,72.7,72.7
12974.0,3.82,3.82
14650.0,69.9,69.9
8758.0,71.7,71.7
13731.0,77.8,77.8
14695.0,73.7,73.7
11986.0,74.6,74.6
10524.0,3.01,3.01
14827.0,70.9,70.9
12392.0,72.3,72.3
11843.0,2.93,2.93
15960.0,3.86,3.86
15227.0,73.3,73.3
15212.0,71.8,71.8
13312.0,2.23,2.23
15239.0,71.0,71.0
17248.0,70.4,70.4
10983.0,1.62,1.62
15509.0,71.6,71.6
14795.0,69.9,69.9
13985.0,1.56,1.56
15556.0,74.5,74.5
13275.0,74.4,74.4
10932.0,2.62,2.62
15560.0,71.5,71.5
14465.0,71.7,71.7
14688.0,1.12,1.12
15611.0,74.2,74.2
12396.0,1.91,1.91
15634.0,71.9,71.9
14964.0,72.1,72.1
12772.0,2.33,2.33
15652.0,72.0,72.0
15067.0,70.6,70.6
15256.0,4.83,4.83
15713.0,72.2,72.2
14864.0,72.3,72.3
12427.0,2.69,2.69
15724.0,68.5,68.5
12685.0,70.8,70.8
15898.0,3.46,3.46
14318.0,2.37,2.37
15895.0,72.4,72.4
14235.0,72.2,72.2
13326.0,4.2,4.2
15955.0,72.0,72.0
13134.0,72.0,72.0
35600.0,3.99,3.99
16116.0,67.0,67.0
15091.0,3.21,3.21
16143.0,74.0,74.0
14391.0,74.7,74.7
13877.0,3.6,3.6
16175.0,70.7,70.7
16920.0,69.4,69.4
12916.0,3.76,3.76
16324.0,72.2,72.2
18551.0,70.5,70.5
13388.0,4.79,4.79
16363.0,72.3,72.3
17265.0,69.3,69.3
13728.0,1.48,1.48
16420.0,70.1,70.1
12810.0,73.7,73.7
15111.0,2.59,2.59
16609.0,72.8,72.8
15472.0,71.4,71.4
16396.0,3.32,3.32
16753.0,72.4,72.4
15901.0,70.2,70.2
14546.0,4.53,4.53
16896.0,70.7,70.7
20342.0,68.0,68.0
14178.0,3.25,3.25
16918.0,71.9,71.9
17186.0,70.7,70.7
12158.0,2.7,2.7
17020.0,71.3,71.3
13614.0,71.3,71.3
18422.0,4.35,4.35
17031.0,72.4,72.4
16317.0,69.8,69.8
15600.0,4.0,4.0
17036.0,72.3,72.3
17620.0,71.1,71.1
18635.0,4.15,4.15
17102.0,68.9,68.9
15062.0,71.4,71.4
12766.0,4.82,4.82
17144.0,70.8,70.8
15867.0,70.6,70.6
12868.0,3.26,3.26
13378.0,3.63,3.63
13558.0,4.64,4.64
17388.0,71.0,71.0
15520.0,70.6,70.6
16266.0,1.26,1.26
17468.0,72.8,72.8
16903.0,73.1,73.1
13282.0,2.62,2.62
17548.0,72.1,72.1
19890.0,69.6,69.6
13799.0,3.84,3.84
17566.0,67.8,67.8
13624.0,71.9,71.9
24688.0,4.1,4.1
17616.0,72.1,72.1
5852.0,75.5,75.5
14245.0,2.5,2.5
17877.0,70.8,70.8
14434.0,69.7,69.7
15572.0,2.66,2.66
17953.0,71.1,71.1
19699.0,69.5,69.5
15561.0,3.73,3.73
17965.0,71.4,71.4
17281.0,70.5,70.5
16512.0,3.51,3.51
18011.0,69.7,69.7
17318.0,68.5,68.5
13220.0,3.62,3.62
18017.0,70.6,70.6
16015.0,69.1,69.1
67971.0,4.68,4.68
18033.0,67.5,67.5
17184.0,4.39,4.39
18202.0,69.6,69.6
14028.0,67.1,67.1
17176.0,2.95,2.95
18226.0,71.8,71.8
17414.0,71.0,71.0
15283.0,2.48,2.48
18294.0,70.9,70.9
17488.0,69.6,69.6
14009.0,1.11,1.11
18399.0,70.6,70.6
17777.0,70.0,70.0
18178.0,2.43,2.43
18575.0,70.9,70.9
17820.0,69.0,69.0
16531.0,1.11,1.11
18695.0,71.3,71.3
12769.0,71.7,71.7
15252.0,4.57,4.57
18802.0,69.4,69.4
19820.0,68.4,68.4
15245.0,76.2,76.2
18950.0,70.3,70.3
18019.0,70.6,70.6
16791.0,4.74,4.74
18489.0,4.93,4.93
19055.0,70.8,70.8
22359.0,69.3,69.3
21315.0,4.94,4.94
19077.0,71.8,71.8
19518.0,70.3,70.3
18625.0,2.13,2.13
19098.0,67.7,67.7
16011.0,69.6,69.6
14011.0,2.54,2.54
19100.0,69.1,69.1
17229.0,68.9,68.9
18120.0,80.0,80.0
19179.0,71.6,71.6
18434.0,69.7,69.7
19363.0,2.53,2.53
19308.0,70.5,70.5
19816.0,67.3,67.3
18331.0,2.73,2.73
19366.0,72.4,72.4
19790.0,68.9,68.9
14370.0,2.2,2.2
19389.0,68.8,68.8
17350.0,68.3,68.3
13832.0,1.96,1.96
19582.0,69.4,69.4
17579.0,69.0,69.0
18099.0,4.04,4.04
19930.0,72.5,72.5
18084.0,69.2,69.2
18279.0,3.67,3.67
19972.0,72.1,72.1
18737.0,2.35,2.35
20044.0,71.0,71.0
16596.0,4.06,4.06
19070.0,1.99,1.99
20263.0,68.9,68.9
19541.0,70.8,70.8
19226.0,2.81,2.81
18987.0,68.8,68.8
20534.0,70.8,70.8
20439.0,69.7,69.7
17551.0,3.51,3.51
20669.0,71.7,71.7
17925.0,67.6,67.6
14659.0,2.61,2.61
20748.0,67.8,67.8
18501.0,68.2,68.2
17495.0,1.73,1.73
20826.0,69.7,69.7
23556.0,66.0,66.0
15685.0,74.2,74.2
20860.0,69.1,69.1
17947.0,68.2,68.2
19253.0,3.97,3.97
20956.0,68.8,68.8
18335.0,2.7,2.7
20971.0,70.1,70.1
24230.0,66.2,66.2
20621.0,4.17,4.17
21054.0,70.5,70.5
23525.0,67.6,67.6
19694.0,3.17,3.17
21055.0,69.5,69.5
20034.0,68.0,68.0
18892.0,4.51,4.51
16503.0,3.55,3.55
21311.0,69.8,69.8
19932.0,69.1,69.1
16226.0,2.58,2.58
21426.0,66.7,66.7
19758.0,68.5,68.5
19601.0,3.09,3.09
21440.0,68.0,68.0
25049.0,63.4,63.4
19099.0,77.5,77.5
21591.0,72.3,72.3
23941.0,68.0,68.0
16262.0,4.45,4.45
21812.0,67.8,67.8
19913.0,67.2,67.2
20640.0,3.71,3.71
21859.0,69.7,69.7
19146.0,4.69,4.69
21877.0,70.9,70.9
23090.0,67.5,67.5
16804.0,4.29,4.29
21963.0,68.0,68.0
18520.0,68.7,68.7
17888.0,2.15,2.15
22050.0,69.9,69.9
23488.0,68.9,68.9
19510.0,2.69,2.69
22345.0,68.8,68.8
19321.0,71.1,71.1
20468.0,4.82,4.82
22448.0,69.1,69.1
21177.0,68.7,68.7
20406.0,3.43,3.43
22527.0,72.0,72.0
17419.0,69.8,69.8
17350.0,1.47,1.47
22654.0,69.5,69.5
19959.0,67.6,67.6
22313.0,2.16,2.16
22761.0,69.7,69.7
17285.0,2.17,2.17
22813.0,69.0,69.0
19346.0,68.3,68.3
31013.0,2.7,2.7
22863.0,71.7,71.7
26302.0,69.9,69.9
20634.0,1.05,1.05
22910.0,69.5,69.5
22103.0,68.3,68.3
19331.0,3.31,3.31
23017.0,64.0,64.0
21408.0,65.0,65.0
20296.0,4.04,4.04
23039.0,68.8,68.8
26248.0,65.1,65.1
19592.0,1.31,1.31
23068.0,68.1,68.1
20822.0,67.8,67.8
20759.0,4.34,4.34
23387.0,68.3,68.3
19579.0,67.6,67.6
21382.0,4.47,4.47
23839.0,68.0,68.0
22654.0,67.8,67.8
20737.0,3.94,3.94
20485.0,1.7,1.7
23915.0,69.1,69.1
21376.0,67.0,67.0
22224.0,4.39,4.39
24151.0,69.1,69.1
21292.0,67.1,67.1
19290.0,3.81,3.81
24189.0,66.9,66.9
21285.0,67.3,67.3
20365.0,75.0,75.0
24379.0,67.8,67.8
23325.0,66.7,66.7
20478.0,4.65,4.65
24718.0,67.6,67.6
23842.0,3.97,3.97
24970.0,69.1,69.1
19448.0,2.51,2.51
25075.0,65.8,65.8
21994.0,66.3,66.3
18919.0,3.06,3.06
25149.0,68.7,68.7
23502.0,72.3,72.3
21743.0,2.24,2.24
25262.0,69.1,69.1
26142.0,66.6,66.6
20427.0,2.1,2.1
25437.0,65.4,65.4
21648.0,66.1,66.1
20168.0,2.19,2.19
25512.0,66.1,66.1
22376.0,66.6,66.6
23617.0,3.91,3.91
25544.0,67.3,67.3
27106.0,65.7,65.7
22298.0,3.48,3.48
25750.0,69.8,69.8
23555.0,70.4,70.4
25730.0,4.57,4.57
25766.0,65.7,65.7
27422.0,70.3,70.3
22958.0,2.09,2.09
22779.0,1.56,1.56
23811.0,1.26,1.26
25923.0,68.7,68.7
30505.0,63.1,63.1
22177.0,4.23,4.23
26319.0,66.4,66.4
24488.0,65.1,65.1
20960.0,3.94,3.94
26346.0,66.2,66.2
23381.0,64.9,64.9
21963.0,3.82,3.82
26402.0,67.0,67.0
22651.0,67.7,67.7
23011.0,4.89,4.89
22714.0,2.71,2.71
26767.0,66.8,66.8
27212.0,63.3,63.3
23320.0,76.2,76.2
26882.0,67.9,67.9
26690.0,65.6,65.6
22356.0,68.8,68.8
26932.0,69.0,69.0
23915.0,4.31,4.31
27047.0,67.1,67.1
29362.0,63.1,63.1
21258.0,1.73,1.73
27201.0,65.7,65.7
24119.0,67.0,67.0
24933.0,1.84,1.84
27256.0,65.5,65.5
25104.0,66.7,66.7
23095.0,2.1,2.1
27265.0,66.7,66.7
25753.0,64.1,64.1
21588.0,3.51,3.51
27414.0,64.3,64.3
23685.0,64.2,64.2
28620.0,1.57,1.57
27513.0,68.1,68.1
23754.0,68.1,68.1
23090.0,74.0,74.0
27954.0,65.0,65.0
37351.0,62.2,62.2
23579.0,2.53,2.53
28011.0,66.4,66.4
21294.0,66.9,66.9
23080.0,1.81,1.81
28204.0,64.9,64.9
24345.0,66.2,66.2
22941.0,3.23,3.23
28347.0,64.8,64.8
24783.0,65.6,65.6
23307.0,1.99,1.99
28694.0,65.1,65.1
25252.0,64.6,64.6
25033.0,1.98,1.98
28724.0,68.0,68.0
28756.0,66.5,66.5
27352.0,4.4,4.4
28823.0,69.8,69.8
25269.0,68.9,68.9
24548.0,3.35,3.35
28923.0,64.4,64.4
22120.0,65.1,65.1
27620.0,3.05,3.05
29080.0,67.0,67.0
29077.0,63.7,63.7
35588.0,72.3,72.3
29145.0,68.5,68.5
31354.0,65.5,65.5
23553.0,1.28,1.28
29149.0,64.9,64.9
24951.0,65.3,65.3
30150.0,4.02,4.02
29192.0,69.1,69.1
26704.0,65.9,65.9
20918.0,3.05,3.05
29286.0,67.1,67.1
23895.0,3.24,3.24
29411.0,65.2,65.2
29714.0,66.7,66.7
23613.0,2.1,2.1
29422.0,64.4,64.4
24646.0,64.5,64.5
26280.0,2.01,2.01
29522.0,67.4,67.4
32318.0,62.0,62.0
26044.0,1.6,1.6
29603.0,63.9,63.9
33367.0,59.7,59.7
25297.0,1.42,1.42
29740.0,63.9,63.9
25364.0,64.0,64.0
26159.0,65.3,65.3
29811.0,64.5,64.5
30385.0,63.8,63.8
37413.0,3.06,3.06
29817.0,62.7,62.7
12079.0,76.3,76.3
28574.0,1.78,1.78
29843.0,66.9,66.9
30557.0,63.8,63.8
26399.0,71.9,71.9
29862.0,66.4,66.4
34464.0,63.5,63.5
26828.0,2.35,2.35
30088.0,66.6,66.6
29430.0,62.7,62.7
35127.0,1.76,1.76
30238.0,66.1,66.1
27750.0,67.2,67.2
24978.0,2.69,2.69
30306.0,62.2,62.2
25637.0,65.2,65.2
25536.0,1.49,1.49
30408.0,64.4,64.4
28646.0,63.1,63.1
29271.0,4.73,4.73
30638.0,65.0,65.0
32175.0,63.8,63.8
33784.0,4.37,4.37
30740.0,62.2,62.2
27637.0,2.9,2.9
30827.0,64.6,64.6
30692.0,61.4,61.4
27450.0,2.06,2.06
27028.0,4.07,4.07
30880.0,67.1,67.1
27680.0,64.8,64.8
27841.0,66.2,66.2
30940.0,65.5,65.5
30003.0,64.2,64.2
26961.0,4.52,4.52
31020.0,62.5,62.5
22331.0,66.7,66.7
29998.0,4.21,4.21
28183.0,73.5,73.5
31546.0,66.8,66.8
33257.0,63.9,63.9
31457.0,4.19,4.19
31566.0,65.6,65.6
33628.0,63.3,63.3
28321.0,4.69,4.69
32003.0,63.9,63.9
28686.0,62.5,62.5
28966.0,3.58,3.58
32382.0,63.1,63.1
30147.0,61.4,61.4
29260.0,1.64,1.64
29798.0,1.84,1.84
32878.0,61.7,61.7
34681.0,60.4,60.4
26123.0,2.53,2.53
32883.0,61.3,61.3
26085.0,63.8,63.8
26113.0,1.32,1.32
33116.0,62.5,62.5
24923.0,64.8,64.8
28878.0,3.36,3.36
33174.0,69.3,69.3
30123.0,70.2,70.2
27252.0,1.0,1.0
33179.0,61.8,61.8
26785.0,61.3,61.3
31141.0,1.7,1.7
33276.0,64.0,64.0
29245.0,64.5,64.5
27752.0,3.33,3.33
33303.0,68.8,68.8
25758.0,71.7,71.7
28642.0,4.61,4.61
30726.0,4.32,4.32
33666.0,65.6,65.6
32276.0,55.0,55.0
21470.0,1.13,1.13
33682.0,65.9,65.9
40410.0,65.6,65.6
28258.0,3.95,3.95
33978.0,60.3,60.3
27035.0,62.9,62.9
31010.0,1.48,1.48
31917.0,67.5,67.5
34228.0,64.8,64.8
33753.0,62.4,62.4
30784.0,3.01,3.01
34441.0,64.0,64.0
31743.0,61.8,61.8
30804.0,4.8,4.8
34607.0,63.4,63.4
38398.0,57.2,57.2
30456.0,2.03,2.03
34688.0,63.5,63.5
32529.0,62.6,62.6
30600.0,2.09,2.09
34745.0,60.3,60.3
30311.0,60.5,60.5
32946.0,75.0,75.0
35072.0,63.2,63.2
37337.0,60.7,60.7
32002.0,1.71,1.71
31187.0,4.15,4.15
35090.0,62.7,62.7
33786.0,58.6,58.6
32478.0,4.92,4.92
35256.0,63.4,63.4
33800.0,60.8,60.8
38376.0,2.7,2.7
35378.0,66.7,66.7
30317.0,67.7,67.7
29410.0,4.76,4.76
35672.0,61.1,61.1
28305.0,61.4,61.4
31687.0,1.39,1.39
35772.0,63.9,63.9
35291.0,61.7,61.7
32582.0,3.33,3.33
35859.0,65.5,65.5
28344.0,64.3,64.3
36333.0,2.84,2.84
36289.0,62.9,62.9
35153.0,59.9,59.9
37268.0,3.7,3.7
40699.0,1.85,1.85
36925.0,64.8,64.8
38408.0,61.2,61.2
32328.0,4.7,4.7
37006.0,58.2,58.2
29242.0,60.7,60.7
32745.0,4.77,4.77
37098.0,61.8,61.8
34368.0,61.1,61.1
33527.0,2.36,2.36
37246.0,62.8,62.8
39301.0,59.5,59.5
32038.0,2.83,2.83
37276.0,59.3,59.3
29635.0,62.7,62.7
31788.0,73.8,73.8
37606.0,60.3,60.3
37518.0,58.0,58.0
32800.0,2.81,2.81
38078.0,62.5,62.5
38486.0,58.8,58.8
27385.0,3.79,3.79
33735.0,3.39,3.39
38104.0,63.4,63.4
35374.0,60.1,60.1
34132.0,3.08,3.08
38106.0,57.8,57.8
30496.0,60.6,60.6
34417.0,4.66,4.66
38121.0,59.9,59.9
33810.0,58.8,58.8
42282.0,73.8,73.8
38326.0,65.0,65.0
43195.0,61.7,61.7
38085.0,2.37,2.37
38345.0,62.6,62.6
41137.0,58.8,58.8
35872.0,3.79,3.79
38893.0,61.1,61.1
37318.0,58.4,58.4
43490.0,1.17,1.17
39080.0,67.4,67.4
23904.0,70.0,70.0
35841.0,1.11,1.11
39155.0,59.9,59.9
38625.0,56.8,56.8
33383.0,2.37,2.37
39157.0,59.6,59.6
35330.0,58.0,58.0
44619.0,2.95,2.95
39316.0,63.6,63.6
37446.0,60.8,60.8
33963.0,2.95,2.95
39354.0,60.4,60.4
35177.0,59.4,59.4
36824.0,73.8,73.8
39528.0,59.1,59.1
38112.0,57.5,57.5
41454.0,3.56,3.56
39568.0,60.7,60.7
40412.0,57.5,57.5
33278.0,3.29,3.29
39660.0,58.7,58.7
36061.0,57.2,57.2
37849.0,3.62,3.62
39741.0,59.8,59.8
32388.0,59.4,59.4
34522.0,4.8,4.8
43726.0,4.34,4.34
39920.0,61.0,61.0
43153.0,54.6,54.6
40008.0,4.04,4.04
39975.0,64.7,64.7
26621.0,66.4,66.4
36075.0,1.58,1.58
40177.0,59.5,59.5
36346.0,57.0,57.0
41647.0,4.99,4.99
40187.0,62.6,62.6
40453.0,61.5,61.5
37257.0,3.06,3.06
40663.0,57.3,57.3
32074.0,59.4,59.4
35300.0,4.2,4.2
40798.0,66.8,66.8
45055.0,52.3,52.3
74245.0,2.92,2.92
40910.0,62.3,62.3
96589.0,13.5,13.5
41099.0,1.13,1.13
41160.0,59.7,59.7
47781.0,52.3,52.3
35607.0,4.19,4.19
41564.0,60.0,60.0
37731.0,57.4,57.4
36178.0,1.02,1.02
40411.0,1.43,1.43
42675.0,59.8,59.8
39788.0,57.3,57.3
39621.0,3.32,3.32
42724.0,55.9,55.9
33744.0,58.5,58.5
36422.0,1.95,1.95
38711.0,4.46,4.46
43010.0,58.6,58.6
44133.0,56.5,56.5
46624.0,1.67,1.67
43296.0,59.0,59.0
44366.0,56.5,56.5
44349.0,2.87,2.87
43323.0,57.9,57.9
38915.0,63.2,63.2
40824.0,4.6,4.6
43357.0,60.8,60.8
49554.0,54.0,54.0
39499.0,3.35,3.35
40044.0,3.89,3.89
43611.0,56.1,56.1
42121.0,3.86,3.86
43701.0,57.3,57.3
38459.0,56.3,56.3
36832.0,3.96,3.96
43790.0,59.8,59.8
37420.0,58.8,58.8
43437.0,2.95,2.95
44134.0,57.4,57.4
44489.0,54.2,54.2
39352.0,1.7,1.7
44195.0,56.4,56.4
38043.0,56.0,56.0
45412.0,1.92,1.92
44266.0,56.8,56.8
38972.0,55.6,55.6
45462.0,2.13,2.13
44307.0,57.0,57.0
41644.0,57.7,57.7
44593.0,60.2,60.2
48097.0,52.5,52.5
39429.0,4.79,4.79
44709.0,55.8,55.8
39411.0,55.1,55.1
39288.0,3.15,3.15
44904.0,57.4,57.4
43256.0,55.0,55.0
52474.0,1.1,1.1
44950.0,61.7,61.7
43707.0,57.7,57.7
38742.0,1.74,1.74
45190.0,56.3,56.3
34231.0,60.8,60.8
69956.0,1.18,1.18
45266.0,60.5,60.5
40226.0,59.0,59.0
39956.0,2.3,2.3
40172.0,1.34,1.34
44021.0,63.8,63.8
45565.0,58.5,58.5
47416.0,51.0,51.0
40464.0,4.17,4.17
45662.0,54.7,54.7
40061.0,56.4,56.4
44082.0,3.46,3.46
45797.0,58.2,58.2
41980.0,57.5,57.5
44486.0,4.41,4.41
46288.0,54.7,54.7
46988.0,53.1,53.1
41576.0,3.78,3.78
46429.0,54.4,54.4
41000.0,53.7,53.7
44352.0,2.91,2.91
46769.0,55.3,55.3
45383.0,53.9,53.9
40328.0,2.39,2.39
46827.0,55.6,55.6
41569.0,53.4,53.4
51867.0,3.57,3.57
47989.0,58.5,58.5
47894.0,57.4,57.4
46345.0,3.65,3.65
48353.0,55.9,55.9
33713.0,60.0,60.0
40412.0,4.26,4.26
48547.0,58.5,58.5
46684.0,53.7,53.7
44389.0,2.2,2.2
48819.0,56.4,56.4
50468.0,48.6,48.6
46853.0,2.28,2.28
49388.0,61.3,61.3
26548.0,65.3,65.3
71192.0,2.35,2.35
49466.0,60.0,60.0
45986.0,59.2,59.2
44418.0,4.04,4.04
49500.0,52.3,52.3
43218.0,52.9,52.9
45054.0,2.22,2.22
49521.0,53.4,53.4
42752.0,54.5,54.5
38746.0,3.6,3.6
45398.0,1.19,1.19
49940.0,52.5,52.5
44329.0,50.2,50.2
43629.0,1.15,1.15
50135.0,53.2,53.2
46632.0,51.3,51.3
47258.0,4.4,4.4
50289.0,59.5,59.5
48248.0,1.29,1.29
50292.0,59.7,59.7
48982.0,54.4,54.4
48440.0,1.52,1.52
50537.0,57.3,57.3
50059.0,50.8,50.8
152676.0,1.13,1.13
50705.0,56.5,56.5
51230.0,49.5,49.5
45041.0,59.0,59.0
50805.0,55.1,55.1
47068.0,52.1,52.1
47485.0,4.26,4.26
50881.0,53.3,53.3
41671.0,54.3,54.3
46077.0,2.77,2.77
51320.0,57.9,57.9
57323.0,43.7,43.7
49522.0,2.2,2.2
51353.0,53.0,53.0
44164.0,52.1,52.1
60276.0,3.39,3.39
51564.0,55.4,55.4
49188.0,51.2,51.2
45940.0,2.54,2.54
51836.0,53.7,53.7
52898.0,49.5,49.5
42704.0,2.87,2.87
52335.0,57.7,57.7
36828.0,56.8,56.8
53143.0,3.59,3.59
52338.0,52.5,52.5
51356.0,48.0,48.0
51710.0,2.07,2.07
52353.0,57.9,57.9
47222.0,1.24,1.24
52497.0,53.1,53.1
52585.0,47.3,47.3
45008.0,4.2,4.2
52539.0,55.0,55.0
46315.0,3.21,3.21
52542.0,54.3,54.3
53483.0,47.6,47.6
49797.0,4.05,4.05
47923.0,3.84,3.84
52807.0,56.8,56.8
58527.0,52.6,52.6
54099.0,1.69,1.69
52889.0,56.5,56.5
58494.0,50.4,50.4
71462.0,4.27,4.27
53157.0,57.5,57.5
58624.0,44.5,44.5
48013.0,1.55,1.55
53776.0,50.5,50.5
49902.0,47.6,47.6
47928.0,4.55,4.55
54123.0,47.8,47.8
46125.0,48.5,48.5
48852.0,3.05,3.05
54425.0,51.5,51.5
51829.0,51.3,51.3
58389.0,4.13,4.13
54586.0,54.9,54.9
46664.0,58.7,58.7
66588.0,57.5,57.5
54628.0,55.3,55.3
51259.0,4.6,4.6
46630.0,1.52,1.52
54874.0,49.5,49.5
53874.0,2.31,2.31
54900.0,49.9,49.9
45428.0,50.5,50.5
53416.0,3.69,3.69
54960.0,55.4,55.4
54852.0,53.2,53.2
49776.0,2.65,2.65
55088.0,51.4,51.4
55105.0,47.2,47.2
58423.0,3.4,3.4
55207.0,56.2,56.2
49861.0,56.0,56.0
55656.0,59.2,59.2
55501.0,51.6,51.6
49893.0,48.1,48.1
51755.0,1.1,1.1
55516.0,51.7,51.7
54026.0,47.8,47.8
52684.0,4.99,4.99
55588.0,52.7,52.7
38150.0,56.4,56.4
55209.0,4.39,4.39
55824.0,49.5,49.5
48524.0,50.7,50.7
50393.0,4.24,4.24
55977.0,49.2,49.2
47347.0,47.0,47.0
40394.0,1.45,1.45
56588.0,60.1,60.1
27125.0,66.4,66.4
149571.0,37.2,37.2
56597.0,56.6,56.6
49289.0,51.6,51.6
51796.0,4.39,4.39
56610.0,52.7,52.7
55666.0,48.0,48.0
52367.0,69.2,69.2
57080.0,48.2,48.2
49937.0,47.6,47.6
52752.0,3.82,3.82
57299.0,46.4,46.4
48548.0,48.3,48.3
87866.0,1.23,1.23
57334.0,54.0,54.0
73745.0,37.5,37.5
53043.0,3.27,3.27
58009.0,49.0,49.0
53462.0,45.8,45.8
67481.0,2.27,2.27
58022.0,53.8,53.8
63233.0,1.8,1.8
58110.0,56.5,56.5
63128.0,46.5,46.5
103079.0,2.43,2.43
58335.0,52.3,52.3
62247.0,43.7,43.7
53313.0,4.29,4.29
58607.0,50.6,50.6
57539.0,46.4,46.4
55476.0,2.31,2.31
53775.0,2.06,2.06
59145.0,50.7,50.7
53681.0,49.4,49.4
54485.0,2.22,2.22
59326.0,49.3,49.3
43349.0,56.7,56.7
55166.0,4.25,4.25
59395.0,44.9,44.9
51979.0,44.8,44.8
58290.0,3.93,3.93
59518.0,46.5,46.5
50228.0,47.8,47.8
108871.0,4.99,4.99
59696.0,45.8,45.8
54168.0,47.3,47.3
44782.0,2.78,2.78
59876.0,49.8,49.8
35265.0,59.0,59.0
60339.0,2.82,2.82
60190.0,47.9,47.9
56084.0,45.7,45.7
58537.0,1.27,1.27
60194.0,48.6,48.6
60257.0,46.5,46.5
116580.0,2.29,2.29
60384.0,49.4,49.4
80159.0,37.9,37.9
54892.0,76.2,76.2
60557.0,48.2,48.2
58383.0,45.4,45.4
67064.0,58.0,58.0
60826.0,51.5,51.5
52874.0,55.4,55.4
59869.0,3.0,3.0
61037.0,43.4,43.4
50980.0,46.0,46.0
56069.0,59.5,59.5
61097.0,46.2,46.2
41259.0,54.1,54.1
56834.0,61.8,61.8
61656.0,48.5,48.5
60008.0,44.3,44.3
152952.0,1.42,1.42
61670.0,49.6,49.6
58127.0,3.51,3.51
62105.0,45.3,45.3
56290.0,46.5,46.5
60117.0,1.11,1.11
62215.0,48.3,48.3
60977.0,44.6,44.6
71983.0,2.62,2.62
62621.0,58.5,58.5
54794.0,57.2,57.2
61123.0,3.06,3.06
62927.0,43.5,43.5
53921.0,44.6,44.6
50755.0,1.98,1.98
62969.0,45.4,45.4
63611.0,39.8,39.8
64979.0,2.96,2.96
62994.0,50.0,50.0
74663.0,37.1,37.1
64986.0,56.2,56.2
63029.0,43.5,43.5
61791.0,38.3,38.3
134757.0,3.12,3.12
63338.0,48.0,48.0
48468.0,48.6,48.6
77623.0,3.97,3.97
63387.0,45.3,45.3
70804.0,45.5,45.5
75190.0,4.52,4.52
63585.0,60.0,60.0
53076.0,62.8,62.8
57431.0,1.37,1.37
63998.0,47.3,47.3
56734.0,45.2,45.2
55173.0,3.99,3.99
64039.0,51.5,51.5
70369.0,44.1,44.1
45703.0,4.48,4.48
64090.0,52.9,52.9
36376.0,59.9,59.9
77242.0,2.1,2.1
64587.0,43.7,43.7
63649.0,43.5,43.5
110117.0,1.59,1.59
64853.0,42.3,42.3
63645.0,42.3,42.3
63947.0,2.56,2.56
64917.0,42.9,42.9
53244.0,43.3,43.3
61577.0,1.56,1.56
64920.0,44.9,44.9
60142.0,43.0,43.0
22847.0,3.75,3.75
65106.0,42.5,42.5
49250.0,4.13,4.13
66455.0,54.1,54.1
38489.0,58.8,58.8
64133.0,1.53,1.53
66521.0,43.0,43.0
54761.0,44.9,44.9
61808.0,56.2,56.2
66780.0,46.8,46.8
62214.0,46.9,46.9
62799.0,4.66,4.66
66898.0,46.4,46.4
60377.0,42.3,42.3
67061.0,44.9,44.9
118049.0,2.89,2.89
67191.0,53.5,53.5
69139.0,46.7,46.7
61131.0,3.73,3.73
69717.0,3.23,3.23
67471.0,36.3,36.3
104587.0,13.0,13.0
65256.0,3.64,3.64
67647.0,40.6,40.6
56877.0,42.2,42.2
61051.0,4.1,4.1
56248.0,1.81,1.81
68525.0,44.0,44.0
69803.0,38.6,38.6
63396.0,4.41,4.41
68821.0,42.2,42.2
63074.0,39.3,39.3
60790.0,65.6,65.6
69168.0,42.9,42.9
65446.0,43.0,43.0
62273.0,3.04,3.04
69426.0,47.5,47.5
85352.0,36.1,36.1
67846.0,1.14,1.14
68485.0,1.8,1.8
70065.0,43.4,43.4
57590.0,45.3,45.3
68086.0,2.04,2.04
70311.0,43.3,43.3
70790.0,42.8,42.8
72877.0,1.83,1.83
70395.0,43.8,43.8
58693.0,45.2,45.2
83881.0,44.5,44.5
71047.0,44.5,44.5
75188.0,40.2,40.2
64346.0,4.19,4.19
71129.0,43.1,43.1
65071.0,38.4,38.4
67414.0,3.97,3.97
71215.0,37.8,37.8
149720.0,3.38,3.38
71388.0,43.5,43.5
61708.0,48.0,48.0
98577.0,4.98,4.98
71606.0,46.6,46.6
29633.0,1.55,1.55
71872.0,43.3,43.3
63949.0,4.32,4.32
72868.0,43.5,43.5
57950.0,48.6,48.6
76175.0,1.42,1.42
72906.0,58.9,58.9
35836.0,63.5,63.5
80757.0,1.67,1.67
72907.0,48.7,48.7
57770.0,48.7,48.7
88607.0,3.96,3.96
73121.0,44.5,44.5
31823.0,61.3,61.3
70612.0,4.75,4.75
73842.0,1.33,1.33
73340.0,41.3,41.3
68635.0,36.6,36.6
66831.0,4.91,4.91
73668.0,42.8,42.8
72200.0,33.4,33.4
68802.0,1.22,1.22
73747.0,37.4,37.4
58824.0,41.5,41.5
118207.0,2.49,2.49
74131.0,38.8,38.8
73433.0,39.8,39.8
94951.0,1.06,1.06
74297.0,44.0,44.0
73737.0,38.5,38.5
69540.0,60.0,60.0
74793.0,39.3,39.3
68064.0,35.0,35.0
64761.0,1.48,1.48
74795.0,42.1,42.1
68032.0,38.4,38.4
104395.0,2.05,2.05
74941.0,35.8,35.8
55175.0,49.5,49.5
66073.0,62.5,62.5
75215.0,43.3,43.3
69793.0,39.4,39.4
132536.0,2.61,2.61
75244.0,45.1,45.1
68514.0,41.1,41.1
66567.0,3.31,3.31
75264.0,43.9,43.9
70049.0,47.6,47.6
48272.0,1.1,1.1
75281.0,58.8,58.8
29286.0,66.1,66.1
70310.0,3.33,3.33
75690.0,42.2,42.2
61374.0,41.0,41.0
74367.0,38.8,38.8
75899.0,43.0,43.0
86539.0,29.8,29.8
74438.0,4.88,4.88
76997.0,38.8,38.8
69314.0,34.0,34.0
60874.0,4.12,4.12
81176.0,3.81,3.81
77041.0,43.1,43.1
116339.0,25.1,25.1
72919.0,3.6,3.6
77146.0,38.6,38.6
67190.0,37.8,37.8
47646.0,68.8,68.8
77488.0,41.9,41.9
86528.0,39.8,39.8
131606.0,2.02,2.02
77578.0,41.6,41.6
72629.0,42.8,42.8
145213.0,63.8,63.8
77863.0,43.9,43.9
74467.0,4.8,4.8
78494.0,38.2,38.2
71005.0,35.3,35.3
105532.0,1.93,1.93
78504.0,41.3,41.3
57304.0,41.7,41.7
74549.0,4.82,4.82
78550.0,41.8,41.8
75914.0,35.6,35.6
108210.0,3.58,3.58
78624.0,38.5,38.5
75979.0,4.6,4.6
78892.0,36.2,36.2
60072.0,44.9,44.9
71038.0,2.75,2.75
78993.0,43.5,43.5
92381.0,31.2,31.2
77820.0,62.8,62.8
95258.0,1.46,1.46
106921.0,1.88,1.88
79330.0,42.4,42.4
57048.0,45.4,45.4
111931.0,3.35,3.35
79459.0,38.9,38.9
78312.0,34.5,34.5
71272.0,3.64,3.64
84522.0,2.0,2.0
84373.0,3.52,3.52
79977.0,37.2,37.2
75327.0,32.9,32.9
95043.0,3.82,3.82
80596.0,39.5,39.5
70813.0,43.4,43.4
74547.0,3.29,3.29
82242.0,35.0,35.0
69714.0,36.6,36.6
87117.0,2.07,2.07
82481.0,46.3,46.3
68653.0,45.6,45.6
70072.0,1.09,1.09
82667.0,38.3,38.3
83143.0,2.75,2.75
83341.0,33.4,33.4
75750.0,34.0,34.0
134903.0,2.6,2.6
83763.0,38.8,38.8
72904.0,36.0,36.0
82550.0,2.78,2.78
96121.0,3.66,3.66
84394.0,49.2,49.2
64950.0,52.3,52.3
91840.0,4.07,4.07
151357.0,4.21,4.21
84900.0,41.2,41.2
69229.0,39.1,39.1
114352.0,4.72,4.72
85144.0,43.0,43.0
76674.0,44.8,44.8
140332.0,41.0,41.0
86232.0,45.8,45.8
78500.0,45.1,45.1
96006.0,1.93,1.93
86280.0,32.0,32.0
72289.0,31.8,31.8
101848.0,1.48,1.48
86283.0,32.1,32.1
101488.0,33.1,33.1
79016.0,3.89,3.89
86588.0,33.8,33.8
78915.0,28.1,28.1
98275.0,1.24,1.24
87922.0,30.1,30.1
91044.0,24.7,24.7
120046.0,2.57,2.57
88049.0,38.1,38.1
69769.0,40.4,40.4
85020.0,2.56,2.56
88181.0,32.5,32.5
77834.0,31.6,31.6
141909.0,3.2,3.2
88299.0,31.3,31.3
119009.0,15.5,15.5
149637.0,2.05,2.05
88942.0,41.8,41.8
71700.0,54.1,54.1
70613.0,1.58,1.58
89005.0,45.4,45.4
92465.0,2.15,2.15
89049.0,47.2,47.2
54290.0,61.2,61.2
83385.0,3.74,3.74
89515.0,33.3,33.3
84205.0,26.0,26.0
88726.0,3.72,3.72
89645.0,29.4,29.4
85291.0,25.4,25.4
88439.0,3.83,3.83
90248.0,44.0,44.0
58759.0,53.5,53.5
85104.0,43.6,43.6
90542.0,32.8,32.8
84544.0,29.0,29.0
99025.0,3.94,3.94
99511.0,19.5,19.5
91515.0,36.5,36.5
113307.0,15.0,15.0
48814.0,1.67,1.67
91934.0,35.8,35.8
80632.0,27.1,27.1
90098.0,4.74,4.74
92624.0,37.5,37.5
100810.0,27.6,27.6
85592.0,4.69,4.69
92841.0,32.4,32.4
103253.0,25.8,25.8
96776.0,71.2,71.2
92891.0,33.4,33.4
84787.0,30.4,30.4
47796.0,56.0,56.0
88034.0,1.67,1.67
93382.0,28.0,28.0
86518.0,24.3,24.3
98345.0,4.85,4.85
94870.0,33.8,33.8
105182.0,24.3,24.3
150548.0,2.94,2.94
95519.0,30.9,30.9
99137.0,25.8,25.8
98284.0,4.64,4.64
133882.0,1.32,1.32
97101.0,34.0,34.0
88466.0,28.7,28.7
88158.0,4.48,4.48
97144.0,29.1,29.1
82312.0,33.5,33.5
95752.0,1.1,1.1
97433.0,26.6,26.6
84264.0,26.3,26.3
56940.0,4.55,4.55
97705.0,19.5,19.5
148829.0,4.37,4.37
97765.0,33.7,33.7
100935.0,38.8,38.8
97869.0,27.0,27.0
102110.0,17.7,17.7
109372.0,1.08,1.08
98412.0,42.4,42.4
65877.0,53.8,53.8
110782.0,3.07,3.07
98731.0,21.8,21.8
100935.0,11.6,11.6
100994.0,4.67,4.67
98892.0,24.6,24.6
81875.0,29.2,29.2
124334.0,4.0,4.0
99511.0,24.4,24.4
107520.0,4.8,4.8
99954.0,27.3,27.3
79932.0,32.3,32.3
115657.0,4.64,4.64
99985.0,51.3,51.3
50025.0,57.9,57.9
99550.0,2.39,2.39
100539.0,28.0,28.0
88683.0,24.0,24.0
131074.0,2.71,2.71
101987.0,26.5,26.5
88260.0,28.4,28.4
151735.0,2.78,2.78
102073.0,30.2,30.2
91325.0,28.2,28.2
127030.0,3.54,3.54
102281.0,34.7,34.7
65214.0,41.9,41.9
133435.0,2.22,2.22
102999.0,31.2,31.2
83146.0,35.6,35.6
93924.0,1.52,1.52
103377.0,34.6,34.6
117712.0,18.6,18.6
117126.0,1.36,1.36
104105.0,35.5,35.5
71612.0,46.6,46.6
143169.0,3.6,3.6
107080.0,30.5,30.5
102240.0,18.7,18.7
92543.0,3.83,3.83
107645.0,20.1,20.1
112511.0,15.5,15.5
139810.0,4.23,4.23
108254.0,25.7,25.7
87940.0,29.2,29.2
17046.0,4.1,4.1
108368.0,36.8,36.8
80046.0,42.5,42.5
102069.0,2.74,2.74
152543.0,3.34,3.34
108742.0,24.7,24.7
93309.0,20.9,20.9
134736.0,2.07,2.07
109189.0,28.6,28.6
78141.0,37.9,37.9
97370.0,1.2,1.2
109633.0,28.5,28.5
93560.0,30.1,30.1
52306.0,3.73,3.73
109635.0,48.4,48.4
36743.0,63.0,63.0
74978.0,3.66,3.66
110684.0,24.2,24.2
108511.0,2.9,2.9
111276.0,41.0,41.0
73587.0,42.9,42.9
103431.0,1.03,1.03
111291.0,26.9,26.9
111576.0,14.1,14.1
145455.0,4.08,4.08
112241.0,33.6,33.6
125117.0,4.76,4.76
114034.0,20.6,20.6
114497.0,14.4,14.4
119256.0,2.6,2.6
114315.0,24.3,24.3
152813.0,4.66,4.66
136904.0,2.82,2.82
115264.0,23.3,23.3
95845.0,23.8,23.8
115311.0,3.66,3.66
115456.0,19.4,19.4
123116.0,12.9,12.9
128708.0,4.53,4.53
116112.0,24.2,24.2
142714.0,2.37,2.37
117189.0,21.3,21.3
99769.0,19.6,19.6
135560.0,27.7,27.7
118305.0,18.5,18.5
120596.0,10.9,10.9
148148.0,2.57,2.57
118842.0,20.7,20.7
107370.0,16.0,16.0
152547.0,4.68,4.68
119124.0,30.2,30.2
140258.0,1.36,1.36
119691.0,27.8,27.8
98055.0,4.33,4.33
120672.0,22.8,22.8
42591.0,56.8,56.8
107508.0,3.23,3.23
120693.0,24.2,24.2
85919.0,28.5,28.5
133612.0,16.0,16.0
120746.0,17.2,17.2
130977.0,3.66,3.66
110434.0,19.0,19.0
121517.0,15.8,15.8
111302.0,29.8,29.8
140735.0,3.54,3.54
122518.0,23.0,23.0
122698.0,1.32,1.32
123875.0,44.0,44.0
50880.0,51.5,51.5
149173.0,4.98,4.98
124240.0,29.8,29.8
151214.0,2.92,2.92
128323.0,16.3,16.3
143094.0,4.52,4.52
129283.0,16.0,16.0
106788.0,2.3,2.3
131320.0,18.8,18.8
116210.0,10.8,10.8
143775.0,1.41,1.41
131915.0,13.8,13.8
114640.0,2.5,2.5
133091.0,24.1,24.1
148871.0,2.74,2.74
133530.0,41.7,41.7
61392.0,45.2,45.2
120656.0,3.46,3.46
134356.0,28.5,28.5
133308.0,2.68,2.68
152960.0,1.44,1.44
134867.0,17.7,17.7
114151.0,3.72,3.72
136052.0,11.9,11.9
86306.0,14.0,14.0
130173.0,2.83,2.83
139024.0,16.5,16.5
149828.0,3.9,3.9
140760.0,21.3,21.3
129458.0,3.74,3.74
141520.0,26.4,26.4
106155.0,37.0,37.0
149919.0,3.37,3.37
143493.0,11.0,11.0
146789.0,2.02,2.02
144272.0,10.4,10.4
147335.0,2.78,2.78
151551.0,4.1,4.1
152611.0,11.6,11.6
149115.0,3.2,3.2
153330.0,8.5,8.5
97081.0,32.5,32.5
153789.0,17.3,17.3
91828.0,28.8,28.8
29504.0,2.95,2.95
51026.0,44.0,44.0
130027.0,2.88,2.88
63102.0,40.4,40.4
27736.0,4.31,4.31
103527.0,4.37,4.37
23874.0,1.97,1.97
139834.0,3.06,3.06
5239.0,3.09,3.09
28614.0,1.98,1.98
45746.0,4.09,4.09
45386.0,1.12,1.12
101632.0,2.53,2.53
132589.0,2.31,2.31
75450.0,47.0,47.0
99696.0,11.5,11.5
49637.0,3.27,3.27
141087.0,1.32,1.32
86471.0,41.3,41.3
46028.0,1.96,1.96
97085.0,3.18,3.18
142099.0,4.78,4.78
144081.0,2.5,2.5
22273.0,2.09,2.09
138125.0,4.94,4.94
149594.0,3.73,3.73
146639.0,4.71,4.71
127122.0,3.11,3.11
151403.0,2.24,2.24
20291.0,3.52,3.52
146591.0,2.93,2.93
148284.0,4.7,4.7
150486.0,1.32,1.32
152648.0,4.86,4.86
116643.0,25.1,25.1
79711.0,1.58,1.58
50672.0,52.6,52.6
150278.0,1.92,1.92
151197.0,2.57,2.57
144018.0,1.8,1.8
72417.0,37.9,37.9
117710.0,3.0,3.0
55720.0,48.8,48.8
152848.0,55.0,55.0
83671.0,34.8,34.8
68699.0,2.05,2.05
30282.0,2.48,2.48
132274.0,1.33,1.33
84482.0,44.1,44.1
153034.0,1.2,1.2
153545.0,2.7,2.7
104200.0,27.1,27.1
79260.0,1.95,1.95
76098.0,2.49,2.49
92108.0,4.04,4.04
76209.0,3.27,3.27
151543.0,3.33,3.33
45002.0,3.38,3.38
25696.0,3.45,3.45
64808.0,4.61,4.61
23213.0,3.65,3.65
20376.0,4.73,4.73
153628.0,4.28,4.28
151172.0,1.63,1.63
79652.0,2.67,2.67
38743.0,58.8,58.8
389.0,1.53,1.53
279.0,76.7,76.7
215.0,78.8,78.8
791.0,2.83,2.83
918.0,75.6,75.6
1244.0,77.2,77.2
1707.0,2.6,2.6
1656.0,75.8,75.8
2120.0,75.8,75.8
1691.0,4.62,4.62
1874.0,76.8,76.8
1507.0,76.4,76.4
2067.0,1.88,1.88
2166.0,75.8,75.8
3248.0,73.6,73.6
2380.0,1.81,1.81
2943.0,76.3,76.3
2364.0,77.1,77.1
2617.0,77.0,77.0
3112.0,76.2,76.2
2513.0,77.0,77.0
3686.0,78.8,78.8
3682.0,75.6,75.6
3656.0,76.2,76.2
3123.0,2.35,2.35
3939.0,75.8,75.8
3142.0,76.0,76.0
2858.0,2.56,2.56
3986.0,75.5,75.5
3485.0,76.3,76.3
3558.0,1.84,1.84
4025.0,76.5,76.5
4605.0,74.5,74.5
3304.0,78.8,78.8
4086.0,73.2,73.2
4334.0,76.0,76.0
3822.0,2.66,2.66
4126.0,75.6,75.6
5134.0,73.9,73.9
5540.0,4.34,4.34
4226.0,75.0,75.0
6211.0,76.0,76.0
3376.0,1.35,1.35
4347.0,75.4,75.4
4710.0,74.8,74.8
4729.0,1.96,1.96
4909.0,75.4,75.4
6452.0,74.1,74.1
3844.0,3.45,3.45
5463.0,75.2,75.2
5003.0,73.5,73.5
3970.0,2.59,2.59
5492.0,75.7,75.7
5971.0,74.7,74.7
4660.0,4.52,4.52
5936.0,75.2,75.2
5467.0,74.5,74.5
4545.0,1.57,1.57
6002.0,75.3,75.3
7071.0,74.4,74.4
6731.0,4.22,4.22
6052.0,77.5,77.5
8453.0,75.0,75.0
6617.0,3.97,3.97
6513.0,74.2,74.2
4272.0,75.4,75.4
3943.0,2.68,2.68
6601.0,74.9,74.9
4559.0,74.9,74.9
3423.0,3.64,3.64
6641.0,76.3,76.3
4763.0,75.0,75.0
6959.0,3.15,3.15
6793.0,75.9,75.9
8650.0,71.5,71.5
5544.0,3.09,3.09
6856.0,75.8,75.8
7141.0,73.6,73.6
6825.0,4.48,4.48
6877.0,74.1,74.1
5665.0,70.3,70.3
5588.0,4.98,4.98
6960.0,74.8,74.8
6386.0,75.4,75.4
5791.0,4.79,4.79
7101.0,75.2,75.2
7256.0,73.8,73.8
5671.0,3.72,3.72
7283.0,76.7,76.7
5135.0,76.2,76.2
6033.0,3.8,3.8
7541.0,75.5,75.5
8301.0,74.5,74.5
8877.0,4.3,4.3
8346.0,77.5,77.5
6113.0,75.0,75.0
7063.0,4.77,4.77
8537.0,73.9,73.9
8896.0,73.2,73.2
6772.0,4.71,4.71
8568.0,75.0,75.0
8008.0,73.7,73.7
5585.0,2.65,2.65
8636.0,74.4,74.4
8075.0,74.8,74.8
6705.0,2.82,2.82
8659.0,70.8,70.8
10540.0,73.2,73.2
7229.0,2.59,2.59
8736.0,75.0,75.0
7661.0,74.5,74.5
6014.0,2.05,2.05
9229.0,73.2,73.2
10012.0,73.0,73.0
7583.0,3.36,3.36
9248.0,76.1,76.1
8387.0,74.3,74.3
6594.0,3.16,3.16
9285.0,74.3,74.3
7803.0,74.0,74.0
7049.0,1.49,1.49
9287.0,74.8,74.8
11192.0,73.7,73.7
5699.0,4.83,4.83
9400.0,73.6,73.6
9379.0,75.0,75.0
7727.0,76.2,76.2
9415.0,77.3,77.3
9753.0,74.5,74.5
8709.0,2.23,2.23
9743.0,74.2,74.2
11399.0,71.6,71.6
8253.0,1.36,1.36
9781.0,71.8,71.8
10364.0,71.7,71.7
12706.0,4.18,4.18
10122.0,73.9,73.9
15782.0,74.1,74.1
15057.0,4.8,4.8
10366.0,74.0,74.0
9718.0,73.2,73.2
9709.0,1.91,1.91
10478.0,74.3,74.3
11650.0,72.1,72.1
7565.0,3.29,3.29
10652.0,73.1,73.1
10061.0,73.0,73.0
8432.0,3.49,3.49
10794.0,73.3,73.3
10793.0,73.0,73.0
8187.0,1.03,1.03
10964.0,73.6,73.6
12055.0,72.0,72.0
7611.0,4.42,4.42
11219.0,73.4,73.4
11074.0,72.3,72.3
8635.0,1.71,1.71
11298.0,74.0,74.0
9951.0,73.0,73.0
9876.0,4.02,4.02
11311.0,74.1,74.1
11521.0,72.6,72.6
8686.0,75.0,75.0
11332.0,72.7,72.7
13437.0,72.0,72.0
9232.0,1.74,1.74
11403.0,71.7,71.7
11385.0,70.7,70.7
9964.0,3.21,3.21
11558.0,70.8,70.8
11844.0,74.3,74.3
11319.0,4.22,4.22
11576.0,73.8,73.8
11257.0,73.4,73.4
9370.0,2.26,2.26
11791.0,71.8,71.8
8657.0,74.3,74.3
8525.0,4.61,4.61
12141.0,73.2,73.2
11661.0,72.2,72.2
36174.0,4.91,4.91
12471.0,75.2,75.2
19658.0,71.8,71.8
8993.0,78.1,78.1
12598.0,73.2,73.2
12186.0,72.5,72.5
10910.0,3.93,3.93
12823.0,72.7,72.7
13909.0,72.0,72.0
9762.0,1.74,1.74
12827.0,71.4,71.4
12065.0,71.3,71.3
11338.0,4.82,4.82
12869.0,74.0,74.0
12194.0,73.0,73.0
10036.0,2.69,2.69
12977.0,72.3,72.3
13161.0,73.3,73.3
12851.0,3.3,3.3
13220.0,72.3,72.3
13769.0,71.4,71.4
16158.0,4.97,4.97
13441.0,73.3,73.3
9469.0,76.1,76.1
12305.0,3.05,3.05
13593.0,73.6,73.6
14027.0,71.7,71.7
11599.0,71.2,71.2
13711.0,73.7,73.7
13215.0,73.3,73.3
11900.0,3.92,3.92
13801.0,74.0,74.0
14432.0,73.0,73.0
10953.0,2.53,2.53
13963.0,72.8,72.8
15304.0,70.9,70.9
12836.0,1.82,1.82
14099.0,73.5,73.5
11052.0,71.4,71.4
10814.0,4.58,4.58
14175.0,70.5,70.5
13744.0,70.6,70.6
9539.0,4.19,4.19
14311.0,71.5,71.5
13455.0,71.9,71.9
12348.0,4.36,4.36
14407.0,72.6,72.6
14604.0,71.4,71.4
13809.0,3.43,3.43
14521.0,73.6,73.6
14462.0,72.7,72.7
12974.0,1.41,1.41
14650.0,69.9,69.9
8758.0,71.7,71.7
13731.0,77.8,77.8
14695.0,73.7,73.7
11986.0,74.6,74.6
10524.0,3.53,3.53
14827.0,70.9,70.9
12392.0,72.3,72.3
11843.0,3.66,3.66
15960.0,2.1,2.1
15227.0,73.3,73.3
15212.0,71.8,71.8
13312.0,2.54,2.54
15239.0,71.0,71.0
17248.0,70.4,70.4
10983.0,3.27,3.27
15509.0,71.6,71.6
14795.0,69.9,69.9
13985.0,1.37,1.37
15556.0,74.5,74.5
13275.0,74.4,74.4
10932.0,2.07,2.07
15560.0,71.5,71.5
14465.0,71.7,71.7
14688.0,4.94,4.94
15611.0,74.2,74.2
12396.0,3.68,3.68
15634.0,71.9,71.9
14964.0,72.1,72.1
12772.0,1.73,1.73
15652.0,72.0,72.0
15067.0,70.6,70.6
15256.0,3.92,3.92
15713.0,72.2,72.2
14864.0,72.3,72.3
12427.0,3.76,3.76
15724.0,68.5,68.5
12685.0,70.8,70.8
15898.0,2.7,2.7
14318.0,1.09,1.09
15895.0,72.4,72.4
14235.0,72.2,72.2
13326.0,2.04,2.04
15955.0,72.0,72.0
13134.0,72.0,72.0
35600.0,4.22,4.22
16116.0,67.0,67.0
15091.0,4.3,4.3
16143.0,74.0,74.0
14391.0,74.7,74.7
13877.0,3.32,3.32
16175.0,70.7,70.7
16920.0,69.4,69.4
12916.0,1.14,1.14
16324.0,72.2,72.2
18551.0,70.5,70.5
13388.0,4.06,4.06
16363.0,72.3,72.3
17265.0,69.3,69.3
13728.0,3.97,3.97
16420.0,70.1,70.1
12810.0,73.7,73.7
15111.0,1.41,1.41
16609.0,72.8,72.8
15472.0,71.4,71.4
16396.0,2.39,2.39
16753.0,72.4,72.4
15901.0,70.2,70.2
14546.0,4.97,4.97
16896.0,70.7,70.7
20342.0,68.0,68.0
14178.0,2.41,2.41
16918.0,71.9,71.9
17186.0,70.7,70.7
12158.0,2.73,2.73
17020.0,71.3,71.3
13614.0,71.3,71.3
18422.0,4.13,4.13
17031.0,72.4,72.4
16317.0,69.8,69.8
15600.0,4.4,4.4
17036.0,72.3,72.3
17620.0,71.1,71.1
18635.0,1.3,1.3
17102.0,68.9,68.9
15062.0,71.4,71.4
12766.0,3.12,3.12
17144.0,70.8,70.8
15867.0,70.6,70.6
12868.0,2.69,2.69
13378.0,4.39,4.39
13558.0,4.21,4.21
17388.0,71.0,71.0
15520.0,70.6,70.6
16266.0,1.11,1.11
17468.0,72.8,72.8
16903.0,73.1,73.1
13282.0,4.35,4.35
17548.0,72.1,72.1
19890.0,69.6,69.6
13799.0,1.62,1.62
17566.0,67.8,67.8
13624.0,71.9,71.9
24688.0,1.74,1.74
17616.0,72.1,72.1
5852.0,75.5,75.5
14245.0,1.58,1.58
17877.0,70.8,70.8
14434.0,69.7,69.7
15572.0,4.49,4.49
17953.0,71.1,71.1
19699.0,69.5,69.5
15561.0,4.77,4.77
17965.0,71.4,71.4
17281.0,70.5,70.5
16512.0,2.86,2.86
18011.0,69.7,69.7
17318.0,68.5,68.5
13220.0,4.21,4.21
18017.0,70.6,70.6
16015.0,69.1,69.1
67971.0,2.08,2.08
18033.0,67.5,67.5
17184.0,2.34,2.34
18202.0,69.6,69.6
14028.0,67.1,67.1
17176.0,1.49,1.49
18226.0,71.8,71.8
17414.0,71.0,71.0
15283.0,3.29,3.29
18294.0,70.9,70.9
17488.0,69.6,69.6
14009.0,1.9,1.9
18399.0,70.6,70.6
17777.0,70.0,70.0
18178.0,1.56,1.56
18575.0,70.9,70.9
17820.0,69.0,69.0
16531.0,4.47,4.47
18695.0,71.3,71.3
12769.0,71.7,71.7
15252.0,3.36,3.36
18802.0,69.4,69.4
19820.0,68.4,68.4
15245.0,76.2,76.2
18950.0,70.3,70.3
18019.0,70.6,70.6
16791.0,3.45,3.45
18489.0,3.87,3.87
19055.0,70.8,70.8
22359.0,69.3,69.3
21315.0,4.05,4.05
19077.0,71.8,71.8
19518.0,70.3,70.3
18625.0,1.14,1.14
19098.0,67.7,67.7
16011.0,69.6,69.6
14011.0,4.62,4.62
19100.0,69.1,69.1
17229.0,68.9,68.9
18120.0,80.0,80.0
19179.0,71.6,71.6
18434.0,69.7,69.7
19363.0,3.57,3.57
19308.0,70.5,70.5
19816.0,67.3,67.3
18331.0,3.34,3.34
19366.0,72.4,72.4
19790.0,68.9,68.9
14370.0,2.4,2.4
19389.0,68.8,68.8
17350.0,68.3,68.3
13832.0,3.79,3.79
19582.0,69.4,69.4
17579.0,69.0,69.0
18099.0,4.55,4.55
19930.0,72.5,72.5
18084.0,69.2,69.2
18279.0,2.83,2.83
19972.0,72.1,72.1
18737.0,2.23,2.23
20044.0,71.0,71.0
16596.0,2.28,2.28
19070.0,2.98,2.98
20263.0,68.9,68.9
19541.0,70.8,70.8
19226.0,2.45,2.45
18987.0,68.8,68.8
20534.0,70.8,70.8
20439.0,69.7,69.7
17551.0,1.53,1.53
20669.0,71.7,71.7
17925.0,67.6,67.6
14659.0,1.83,1.83
20748.0,67.8,67.8
18501.0,68.2,68.2
17495.0,2.17,2.17
20826.0,69.7,69.7
23556.0,66.0,66.0
15685.0,74.2,74.2
20860.0,69.1,69.1
17947.0,68.2,68.2
19253.0,2.52,2.52
20956.0,68.8,68.8
18335.0,4.11,4.11
20971.0,70.1,70.1
24230.0,66.2,66.2
20621.0,3.02,3.02
21054.0,70.5,70.5
23525.0,67.6,67.6
19694.0,3.5,3.5
21055.0,69.5,69.5
20034.0,68.0,68.0
18892.0,1.11,1.11
16503.0,3.43,3.43
21311.0,69.8,69.8
19932.0,69.1,69.1
16226.0,4.32,4.32
21426.0,66.7,66.7
19758.0,68.5,68.5
19601.0,1.04,1.04
21440.0,68.0,68.0
25049.0,63.4,63.4
19099.0,77.5,77.5
21591.0,72.3,72.3
23941.0,68.0,68.0
16262.0,1.4,1.4
21812.0,67.8,67.8
19913.0,67.2,67.2
20640.0,4.41,4.41
21859.0,69.7,69.7
19146.0,4.85,4.85
21877.0,70.9,70.9
23090.0,67.5,67.5
16804.0,4.5,4.5
21963.0,68.0,68.0
18520.0,68.7,68.7
17888.0,4.82,4.82
22050.0,69.9,69.9
23488.0,68.9,68.9
19510.0,1.06,1.06
22345.0,68.8,68.8
19321.0,71.1,71.1
20468.0,1.61,1.61
22448.0,69.1,69.1
21177.0,68.7,68.7
20406.0,1.71,1.71
22527.0,72.0,72.0
17419.0,69.8,69.8
17350.0,3.92,3.92
22654.0,69.5,69.5
19959.0,67.6,67.6
22313.0,4.91,4.91
22761.0,69.7,69.7
17285.0,2.89,2.89
22813.0,69.0,69.0
19346.0,68.3,68.3
31013.0,3.24,3.24
22863.0,71.7,71.7
26302.0,69.9,69.9
20634.0,3.44,3.44
22910.0,69.5,69.5
22103.0,68.3,68.3
19331.0,4.47,4.47
23017.0,64.0,64.0
21408.0,65.0,65.0
20296.0,1.01,1.01
23039.0,68.8,68.8
26248.0,65.1,65.1
19592.0,2.86,2.86
23068.0,68.1,68.1
20822.0,67.8,67.8
20759.0,4.71,4.71
23387.0,68.3,68.3
19579.0,67.6,67.6
21382.0,4.71,4.71
23839.0,68.0,68.0
22654.0,67.8,67.8
20737.0,3.37,3.37
20485.0,1.41,1.41
23915.0,69.1,69.1
21376.0,67.0,67.0
22224.0,2.49,2.49
24151.0,69.1,69.1
21292.0,67.1,67.1
19290.0,1.94,1.94
24189.0,66.9,66.9
21285.0,67.3,67.3
20365.0,75.0,75.0
24379.0,67.8,67.8
23325.0,66.7,66.7
20478.0,1.27,1.27
24718.0,67.6,67.6
23842.0,3.34,3.34
24970.0,69.1,69.1
19448.0,4.41,4.41
25075.0,65.8,65.8
21994.0,66.3,66.3
18919.0,1.35,1.35
25149.0,68.7,68.7
23502.0,72.3,72.3
21743.0,4.97,4.97
25262.0,69.1,69.1
26142.0,66.6,66.6
20427.0,3.44,3.44
25437.0,65.4,65.4
21648.0,66.1,66.1
20168.0,3.57,3.57
25512.0,66.1,66.1
22376.0,66.6,66.6
23617.0,4.72,4.72
25544.0,67.3,67.3
27106.0,65.7,65.7
22298.0,2.41,2.41
25750.0,69.8,69.8
23555.0,70.4,70.4
25730.0,3.15,3.15
25766.0,65.7,65.7
27422.0,70.3,70.3
22958.0,3.41,3.41
22779.0,4.16,4.16
23811.0,4.17,4.17
25923.0,68.7,68.7
30505.0,63.1,63.1
22177.0,4.38,4.38
26319.0,66.4,66.4
24488.0,65.1,65.1
20960.0,4.17,4.17
26346.0,66.2,66.2
23381.0,64.9,64.9
21963.0,4.91,4.91
26402.0,67.0,67.0
22651.0,67.7,67.7
23011.0,2.36,2.36
22714.0,3.23,3.23
26767.0,66.8,66.8
27212.0,63.3,63.3
23320.0,76.2,76.2
26882.0,67.9,67.9
26690.0,65.6,65.6
22356.0,68.8,68.8
26932.0,69.0,69.0
23915.0,2.85,2.85
27047.0,67.1,67.1
29362.0,63.1,63.1
21258.0,4.63,4.63
27201.0,65.7,65.7
24119.0,67.0,67.0
24933.0,4.85,4.85
27256.0,65.5,65.5
25104.0,66.7,66.7
23095.0,4.44,4.44
27265.0,66.7,66.7
25753.0,64.1,64.1
21588.0,4.51,4.51
27414.0,64.3,64.3
23685.0,64.2,64.2
28620.0,1.84,1.84
27513.0,68.1,68.1
23754.0,68.1,68.1
23090.0,74.0,74.0
27954.0,65.0,65.0
37351.0,62.2,62.2
23579.0,2.67,2.67
28011.0,66.4,66.4
21294.0,66.9,66.9
23080.0,4.24,4.24
28204.0,64.9,64.9
24345.0,66.2,66.2
22941.0,3.87,3.87
28347.0,64.8,64.8
24783.0,65.6,65.6
23307.0,4.7,4.7
28694.0,65.1,65.1
25252.0,64.6,64.6
25033.0,3.63,3.63
28724.0,68.0,68.0
28756.0,66.5,66.5
27352.0,2.08,2.08
28823.0,69.8,69.8
25269.0,68.9,68.9
24548.0,3.38,3.38
28923.0,64.4,64.4
22120.0,65.1,65.1
27620.0,1.38,1.38
29080.0,67.0,67.0
29077.0,63.7,63.7
35588.0,72.3,72.3
29145.0,68.5,68.5
31354.0,65.5,65.5
23553.0,1.61,1.61
29149.0,64.9,64.9
24951.0,65.3,65.3
30150.0,4.01,4.01
29192.0,69.1,69.1
26704.0,65.9,65.9
20918.0,4.41,4.41
29286.0,67.1,67.1
23895.0,2.5,2.5
29411.0,65.2,65.2
29714.0,66.7,66.7
23613.0,4.25,4.25
29422.0,64.4,64.4
24646.0,64.5,64.5
26280.0,1.8,1.8
29522.0,67.4,67.4
32318.0,62.0,62.0
26044.0,1.17,1.17
29603.0,63.9,63.9
33367.0,59.7,59.7
25297.0,3.54,3.54
29740.0,63.9,63.9
25364.0,64.0,64.0
26159.0,65.3,65.3
29811.0,64.5,64.5
30385.0,63.8,63.8
37413.0,4.69,4.69
29817.0,62.7,62.7
12079.0,76.3,76.3
28574.0,1.21,1.21
29843.0,66.9,66.9
30557.0,63.8,63.8
26399.0,71.9,71.9
29862.0,66.4,66.4
34464.0,63.5,63.5
26828.0,2.05,2.05
30088.0,66.6,66.6
29430.0,62.7,62.7
35127.0,2.34,2.34
30238.0,66.1,66.1
27750.0,67.2,67.2
24978.0,1.71,1.71
30306.0,62.2,62.2
25637.0,65.2,65.2
25536.0,4.26,4.26
30408.0,64.4,64.4
28646.0,63.1,63.1
29271.0,4.78,4.78
30638.0,65.0,65.0
32175.0,63.8,63.8
33784.0,4.84,4.84
30740.0,62.2,62.2
27637.0,2.3,2.3
30827.0,64.6,64.6
30692.0,61.4,61.4
27450.0,1.03,1.03
27028.0,1.22,1.22
30880.0,67.1,67.1
27680.0,64.8,64.8
27841.0,66.2,66.2
30940.0,65.5,65.5
30003.0,64.2,64.2
26961.0,4.96,4.96
31020.0,62.5,62.5
22331.0,66.7,66.7
29998.0,1.98,1.98
28183.0,73.5,73.5
31546.0,66.8,66.8
33257.0,63.9,63.9
31457.0,2.77,2.77
31566.0,65.6,65.6
33628.0,63.3,63.3
28321.0,2.45,2.45
32003.0,63.9,63.9
28686.0,62.5,62.5
28966.0,3.46,3.46
32382.0,63.1,63.1
30147.0,61.4,61.4
29260.0,1.32,1.32
29798.0,2.16,2.16
32878.0,61.7,61.7
34681.0,60.4,60.4
26123.0,1.81,1.81
32883.0,61.3,61.3
26085.0,63.8,63.8
26113.0,2.06,2.06
33116.0,62.5,62.5
24923.0,64.8,64.8
28878.0,3.47,3.47
33174.0,69.3,69.3
30123.0,70.2,70.2
27252.0,4.77,4.77
33179.0,61.8,61.8
26785.0,61.3,61.3
31141.0,3.06,3.06
33276.0,64.0,64.0
29245.0,64.5,64.5
27752.0,4.77,4.77
33303.0,68.8,68.8
25758.0,71.7,71.7
28642.0,4.28,4.28
30726.0,1.38,1.38
33666.0,65.6,65.6
32276.0,55.0,55.0
21470.0,3.05,3.05
33682.0,65.9,65.9
40410.0,65.6,65.6
28258.0,3.11,3.11
33978.0,60.3,60.3
27035.0,62.9,62.9
31010.0,3.4,3.4
31917.0,67.5,67.5
34228.0,64.8,64.8
33753.0,62.4,62.4
30784.0,1.21,1.21
34441.0,64.0,64.0
31743.0,61.8,61.8
30804.0,1.36,1.36
34607.0,63.4,63.4
38398.0,57.2,57.2
30456.0,3.7,3.7
34688.0,63.5,63.5
32529.0,62.6,62.6
30600.0,2.86,2.86
34745.0,60.3,60.3
30311.0,60.5,60.5
32946.0,75.0,75.0
35072.0,63.2,63.2
37337.0,60.7,60.7
32002.0,3.11,3.11
31187.0,3.76,3.76
35090.0,62.7,62.7
33786.0,58.6,58.6
32478.0,4.49,4.49
35256.0,63.4,63.4
33800.0,60.8,60.8
38376.0,4.48,4.48
35378.0,66.7,66.7
30317.0,67.7,67.7
29410.0,4.73,4.73
35672.0,61.1,61.1
28305.0,61.4,61.4
31687.0,4.45,4.45
35772.0,63.9,63.9
35291.0,61.7,61.7
32582.0,2.95,2.95
35859.0,65.5,65.5
28344.0,64.3,64.3
36333.0,2.56,2.56
36289.0,62.9,62.9
35153.0,59.9,59.9
37268.0,2.17,2.17
40699.0,3.99,3.99
36925.0,64.8,64.8
38408.0,61.2,61.2
32328.0,1.87,1.87
37006.0,58.2,58.2
29242.0,60.7,60.7
32745.0,3.81,3.81
37098.0,61.8,61.8
34368.0,61.1,61.1
33527.0,1.86,1.86
37246.0,62.8,62.8
39301.0,59.5,59.5
32038.0,1.08,1.08
37276.0,59.3,59.3
29635.0,62.7,62.7
31788.0,73.8,73.8
37606.0,60.3,60.3
37518.0,58.0,58.0
32800.0,1.44,1.44
38078.0,62.5,62.5
38486.0,58.8,58.8
27385.0,2.45,2.45
33735.0,3.47,3.47
38104.0,63.4,63.4
35374.0,60.1,60.1
34132.0,2.52,2.52
38106.0,57.8,57.8
30496.0,60.6,60.6
34417.0,4.33,4.33
38121.0,59.9,59.9
33810.0,58.8,58.8
42282.0,73.8,73.8
38326.0,65.0,65.0
43195.0,61.7,61.7
38085.0,2.95,2.95
38345.0,62.6,62.6
41137.0,58.8,58.8
35872.0,3.83,3.83
38893.0,61.1,61.1
37318.0,58.4,58.4
43490.0,4.53,4.53
39080.0,67.4,67.4
23904.0,70.0,70.0
35841.0,1.16,1.16
39155.0,59.9,59.9
38625.0,56.8,56.8
33383.0,3.28,3.28
39157.0,59.6,59.6
35330.0,58.0,58.0
44619.0,1.29,1.29
39316.0,63.6,63.6
37446.0,60.8,60.8
33963.0,2.66,2.66
39354.0,60.4,60.4
35177.0,59.4,59.4
36824.0,73.8,73.8
39528.0,59.1,59.1
38112.0,57.5,57.5
41454.0,2.08,2.08
39568.0,60.7,60.7
40412.0,57.5,57.5
33278.0,1.28,1.28
39660.0,58.7,58.7
36061.0,57.2,57.2
37849.0,4.38,4.38
39741.0,59.8,59.8
32388.0,59.4,59.4
34522.0,2.56,2.56
43726.0,2.34,2.34
39920.0,61.0,61.0
43153.0,54.6,54.6
40008.0,4.12,4.12
39975.0,64.7,64.7
26621.0,66.4,66.4
36075.0,3.47,3.47
40177.0,59.5,59.5
36346.0,57.0,57.0
41647.0,2.47,2.47
40187.0,62.6,62.6
40453.0,61.5,61.5
37257.0,2.21,2.21
40663.0,57.3,57.3
32074.0,59.4,59.4
35300.0,3.83,3.83
40798.0,66.8,66.8
45055.0,52.3,52.3
74245.0,2.9,2.9
40910.0,62.3,62.3
96589.0,13.5,13.5
41099.0,4.56,4.56
41160.0,59.7,59.7
47781.0,52.3,52.3
35607.0,3.48,3.48
41564.0,60.0,60.0
37731.0,57.4,57.4
36178.0,4.96,4.96
40411.0,4.13,4.13
42675.0,59.8,59.8
39788.0,57.3,57.3
39621.0,4.61,4.61
42724.0,55.9,55.9
33744.0,58.5,58.5
36422.0,3.36,3.36
38711.0,1.9,1.9
43010.0,58.6,58.6
44133.0,56.5,56.5
46624.0,2.02,2.02
43296.0,59.0,59.0
44366.0,56.5,56.5
44349.0,3.42,3.42
43323.0,57.9,57.9
38915.0,63.2,63.2
40824.0,4.87,4.87
43357.0,60.8,60.8
49554.0,54.0,54.0
39499.0,2.79,2.79
40044.0,4.34,4.34
43611.0,56.1,56.1
42121.0,2.54,2.54
43701.0,57.3,57.3
38459.0,56.3,56.3
36832.0,2.07,2.07
43790.0,59.8,59.8
37420.0,58.8,58.8
43437.0,1.01,1.01
44134.0,57.4,57.4
44489.0,54.2,54.2
39352.0,2.01,2.01
44195.0,56.4,56.4
38043.0,56.0,56.0
45412.0,3.12,3.12
44266.0,56.8,56.8
38972.0,55.6,55.6
45462.0,2.73,2.73
44307.0,57.0,57.0
41644.0,57.7,57.7
44593.0,60.2,60.2
48097.0,52.5,52.5
39429.0,1.96,1.96
44709.0,55.8,55.8
39411.0,55.1,55.1
39288.0,3.78,3.78
44904.0,57.4,57.4
43256.0,55.0,55.0
52474.0,3.78,3.78
44950.0,61.7,61.7
43707.0,57.7,57.7
38742.0,3.26,3.26
45190.0,56.3,56.3
34231.0,60.8,60.8
69956.0,1.95,1.95
45266.0,60.5,60.5
40226.0,59.0,59.0
39956.0,1.51,1.51
40172.0,2.47,2.47
44021.0,63.8,63.8
45565.0,58.5,58.5
47416.0,51.0,51.0
40464.0,2.05,2.05
45662.0,54.7,54.7
40061.0,56.4,56.4
44082.0,2.26,2.26
45797.0,58.2,58.2
41980.0,57.5,57.5
44486.0,4.83,4.83
46288.0,54.7,54.7
46988.0,53.1,53.1
41576.0,1.19,1.19
46429.0,54.4,54.4
41000.0,53.7,53.7
44352.0,2.62,2.62
46769.0,55.3,55.3
45383.0,53.9,53.9
40328.0,4.94,4.94
46827.0,55.6,55.6
41569.0,53.4,53.4
51867.0,3.5,3.5
47989.0,58.5,58.5
47894.0,57.4,57.4
46345.0,2.2,2.2
48353.0,55.9,55.9
33713.0,60.0,60.0
40412.0,2.43,2.43
48547.0,58.5,58.5
46684.0,53.7,53.7
44389.0,3.61,3.61
48819.0,56.4,56.4
50468.0,48.6,48.6
46853.0,2.47,2.47
49388.0,61.3,61.3
26548.0,65.3,65.3
71192.0,2.49,2.49
49466.0,60.0,60.0
45986.0,59.2,59.2
44418.0,2.02,2.02
49500.0,52.3,52.3
43218.0,52.9,52.9
45054.0,1.57,1.57
49521.0,53.4,53.4
42752.0,54.5,54.5
38746.0,2.3,2.3
45398.0,3.92,3.92
49940.0,52.5,52.5
44329.0,50.2,50.2
43629.0,3.79,3.79
50135.0,53.2,53.2
46632.0,51.3,51.3
47258.0,3.27,3.27
50289.0,59.5,59.5
48248.0,4.28,4.28
50292.0,59.7,59.7
48982.0,54.4,54.4
48440.0,1.75,1.75
50537.0,57.3,57.3
50059.0,50.8,50.8
152676.0,2.98,2.98
50705.0,56.5,56.5
51230.0,49.5,49.5
45041.0,59.0,59.0
50805.0,55.1,55.1
47068.0,52.1,52.1
47485.0,1.41,1.41
50881.0,53.3,53.3
41671.0,54.3,54.3
46077.0,4.0,4.0
51320.0,57.9,57.9
57323.0,43.7,43.7
49522.0,3.07,3.07
51353.0,53.0,53.0
44164.0,52.1,52.1
60276.0,3.54,3.54
51564.0,55.4,55.4
49188.0,51.2,51.2
45940.0,1.28,1.28
51836.0,53.7,53.7
52898.0,49.5,49.5
42704.0,3.56,3.56
52335.0,57.7,57.7
36828.0,56.8,56.8
53143.0,3.49,3.49
52338.0,52.5,52.5
51356.0,48.0,48.0
51710.0,4.54,4.54
52353.0,57.9,57.9
47222.0,3.77,3.77
52497.0,53.1,53.1
52585.0,47.3,47.3
45008.0,2.53,2.53
52539.0,55.0,55.0
46315.0,2.25,2.25
52542.0,54.3,54.3
53483.0,47.6,47.6
49797.0,4.42,4.42
47923.0,2.93,2.93
52807.0,56.8,56.8
58527.0,52.6,52.6
54099.0,1.73,1.73
52889.0,56.5,56.5
58494.0,50.4,50.4
71462.0,1.72,1.72
53157.0,57.5,57.5
58624.0,44.5,44.5
48013.0,1.24,1.24
53776.0,50.5,50.5
49902.0,47.6,47.6
47928.0,3.9,3.9
54123.0,47.8,47.8
46125.0,48.5,48.5
48852.0,2.8,2.8
54425.0,51.5,51.5
51829.0,51.3,51.3
58389.0,1.18,1.18
54586.0,54.9,54.9
46664.0,58.7,58.7
66588.0,57.5,57.5
54628.0,55.3,55.3
51259.0,2.41,2.41
46630.0,4.65,4.65
54874.0,49.5,49.5
53874.0,4.74,4.74
54900.0,49.9,49.9
45428.0,50.5,50.5
53416.0,1.54,1.54
54960.0,55.4,55.4
54852.0,53.2,53.2
49776.0,1.92,1.92
55088.0,51.4,51.4
55105.0,47.2,47.2
58423.0,4.94,4.94
55207.0,56.2,56.2
49861.0,56.0,56.0
55656.0,59.2,59.2
55501.0,51.6,51.6
49893.0,48.1,48.1
51755.0,2.18,2.18
55516.0,51.7,51.7
54026.0,47.8,47.8
52684.0,3.38,3.38
55588.0,52.7,52.7
38150.0,56.4,56.4
55209.0,4.64,4.64
55824.0,49.5,49.5
48524.0,50.7,50.7
50393.0,1.2,1.2
55977.0,49.2,49.2
47347.0,47.0,47.0
40394.0,1.53,1.53
56588.0,60.1,60.1
27125.0,66.4,66.4
149571.0,37.2,37.2
56597.0,56.6,56.6
49289.0,51.6,51.6
51796.0,2.13,2.13
56610.0,52.7,52.7
55666.0,48.0,48.0
52367.0,69.2,69.2
57080.0,48.2,48.2
49937.0,47.6,47.6
52752.0,2.27,2.27
57299.0,46.4,46.4
48548.0,48.3,48.3
87866.0,3.59,3.59
57334.0,54.0,54.0
73745.0,37.5,37.5
53043.0,4.7,4.7
58009.0,49.0,49.0
53462.0,45.8,45.8
67481.0,4.83,4.83
58022.0,53.8,53.8
63233.0,3.77,3.77
58110.0,56.5,56.5
63128.0,46.5,46.5
103079.0,1.21,1.21
58335.0,52.3,52.3
62247.0,43.7,43.7
53313.0,3.9,3.9
58607.0,50.6,50.6
57539.0,46.4,46.4
55476.0,3.24,3.24
53775.0,4.19,4.19
59145.0,50.7,50.7
53681.0,49.4,49.4
54485.0,3.36,3.36
59326.0,49.3,49.3
43349.0,56.7,56.7
55166.0,3.42,3.42
59395.0,44.9,44.9
51979.0,44.8,44.8
58290.0,1.99,1.99
59518.0,46.5,46.5
50228.0,47.8,47.8
108871.0,4.51,4.51
59696.0,45.8,45.8
54168.0,47.3,47.3
44782.0,2.97,2.97
59876.0,49.8,49.8
35265.0,59.0,59.0
60339.0,4.27,4.27
60190.0,47.9,47.9
56084.0,45.7,45.7
58537.0,3.73,3.73
60194.0,48.6,48.6
60257.0,46.5,46.5
116580.0,3.39,3.39
60384.0,49.4,49.4
80159.0,37.9,37.9
54892.0,76.2,76.2
60557.0,48.2,48.2
58383.0,45.4,45.4
67064.0,58.0,58.0
60826.0,51.5,51.5
52874.0,55.4,55.4
59869.0,2.42,2.42
61037.0,43.4,43.4
50980.0,46.0,46.0
56069.0,59.5,59.5
61097.0,46.2,46.2
41259.0,54.1,54.1
56834.0,61.8,61.8
61656.0,48.5,48.5
60008.0,44.3,44.3
152952.0,4.15,4.15
61670.0,49.6,49.6
58127.0,4.95,4.95
62105.0,45.3,45.3
56290.0,46.5,46.5
60117.0,2.9,2.9
62215.0,48.3,48.3
60977.0,44.6,44.6
71983.0,1.94,1.94
62621.0,58.5,58.5
54794.0,57.2,57.2
61123.0,4.0,4.0
62927.0,43.5,43.5
53921.0,44.6,44.6
50755.0,2.23,2.23
62969.0,45.4,45.4
63611.0,39.8,39.8
64979.0,1.35,1.35
62994.0,50.0,50.0
74663.0,37.1,37.1
64986.0,56.2,56.2
63029.0,43.5,43.5
61791.0,38.3,38.3
134757.0,1.76,1.76
63338.0,48.0,48.0
48468.0,48.6,48.6
77623.0,4.16,4.16
63387.0,45.3,45.3
70804.0,45.5,45.5
75190.0,4.95,4.95
63585.0,60.0,60.0
53076.0,62.8,62.8
57431.0,1.77,1.77
63998.0,47.3,47.3
56734.0,45.2,45.2
55173.0,1.87,1.87
64039.0,51.5,51.5
70369.0,44.1,44.1
45703.0,4.94,4.94
64090.0,52.9,52.9
36376.0,59.9,59.9
77242.0,1.66,1.66
64587.0,43.7,43.7
63649.0,43.5,43.5
110117.0,1.27,1.27
64853.0,42.3,42.3
63645.0,42.3,42.3
63947.0,1.58,1.58
64917.0,42.9,42.9
53244.0,43.3,43.3
61577.0,1.86,1.86
64920.0,44.9,44.9
60142.0,43.0,43.0
22847.0,1.86,1.86
65106.0,42.5,42.5
49250.0,4.46,4.46
66455.0,54.1,54.1
38489.0,58.8,58.8
64133.0,1.9,1.9
66521.0,43.0,43.0
54761.0,44.9,44.9
61808.0,56.2,56.2
66780.0,46.8,46.8
62214.0,46.9,46.9
62799.0,3.01,3.01
66898.0,46.4,46.4
60377.0,42.3,42.3
67061.0,44.9,44.9
118049.0,3.04,3.04
67191.0,53.5,53.5
69139.0,46.7,46.7
61131.0,4.08,4.08
69717.0,3.75,3.75
67471.0,36.3,36.3
104587.0,13.0,13.0
65256.0,3.78,3.78
67647.0,40.6,40.6
56877.0,42.2,42.2
61051.0,1.52,1.52
56248.0,1.89,1.89
68525.0,44.0,44.0
69803.0,38.6,38.6
63396.0,2.3,2.3
68821.0,42.2,42.2
63074.0,39.3,39.3
60790.0,65.6,65.6
69168.0,42.9,42.9
65446.0,43.0,43.0
62273.0,2.97,2.97
69426.0,47.5,47.5
85352.0,36.1,36.1
67846.0,1.85,1.85
68485.0,2.5,2.5
70065.0,43.4,43.4
57590.0,45.3,45.3
68086.0,4.0,4.0
70311.0,43.3,43.3
70790.0,42.8,42.8
72877.0,1.11,1.11
70395.0,43.8,43.8
58693.0,45.2,45.2
83881.0,44.5,44.5
71047.0,44.5,44.5
75188.0,40.2,40.2
64346.0,1.57,1.57
71129.0,43.1,43.1
65071.0,38.4,38.4
67414.0,2.71,2.71
71215.0,37.8,37.8
149720.0,4.53,4.53
71388.0,43.5,43.5
61708.0,48.0,48.0
98577.0,1.76,1.76
71606.0,46.6,46.6
29633.0,2.81,2.81
71872.0,43.3,43.3
63949.0,2.97,2.97
72868.0,43.5,43.5
57950.0,48.6,48.6
76175.0,1.03,1.03
72906.0,58.9,58.9
35836.0,63.5,63.5
80757.0,3.76,3.76
72907.0,48.7,48.7
57770.0,48.7,48.7
88607.0,3.33,3.33
73121.0,44.5,44.5
31823.0,61.3,61.3
70612.0,3.94,3.94
73842.0,1.37,1.37
73340.0,41.3,41.3
68635.0,36.6,36.6
66831.0,3.68,3.68
73668.0,42.8,42.8
72200.0,33.4,33.4
68802.0,4.23,4.23
73747.0,37.4,37.4
58824.0,41.5,41.5
118207.0,4.87,4.87
74131.0,38.8,38.8
73433.0,39.8,39.8
94951.0,2.43,2.43
74297.0,44.0,44.0
73737.0,38.5,38.5
69540.0,60.0,60.0
74793.0,39.3,39.3
68064.0,35.0,35.0
64761.0,1.61,1.61
74795.0,42.1,42.1
68032.0,38.4,38.4
104395.0,3.67,3.67
74941.0,35.8,35.8
55175.0,49.5,49.5
66073.0,62.5,62.5
75215.0,43.3,43.3
69793.0,39.4,39.4
132536.0,2.23,2.23
75244.0,45.1,45.1
68514.0,41.1,41.1
66567.0,1.76,1.76
75264.0,43.9,43.9
70049.0,47.6,47.6
48272.0,1.08,1.08
75281.0,58.8,58.8
29286.0,66.1,66.1
70310.0,1.89,1.89
75690.0,42.2,42.2
61374.0,41.0,41.0
74367.0,38.8,38.8
75899.0,43.0,43.0
86539.0,29.8,29.8
74438.0,3.86,3.86
76997.0,38.8,38.8
69314.0,34.0,34.0
60874.0,3.04,3.04
81176.0,1.06,1.06
77041.0,43.1,43.1
116339.0,25.1,25.1
72919.0,3.07,3.07
77146.0,38.6,38.6
67190.0,37.8,37.8
47646.0,68.8,68.8
77488.0,41.9,41.9
86528.0,39.8,39.8
131606.0,2.91,2.91
77578.0,41.6,41.6
72629.0,42.8,42.8
145213.0,63.8,63.8
77863.0,43.9,43.9
74467.0,1.21,1.21
78494.0,38.2,38.2
71005.0,35.3,35.3
105532.0,2.79,2.79
78504.0,41.3,41.3
57304.0,41.7,41.7
74549.0,3.6,3.6
78550.0,41.8,41.8
75914.0,35.6,35.6
108210.0,3.48,3.48
78624.0,38.5,38.5
75979.0,1.68,1.68
78892.0,36.2,36.2
60072.0,44.9,44.9
71038.0,4.12,4.12
78993.0,43.5,43.5
92381.0,31.2,31.2
77820.0,62.8,62.8
95258.0,1.54,1.54
106921.0,3.83,3.83
79330.0,42.4,42.4
57048.0,45.4,45.4
111931.0,3.44,3.44
79459.0,38.9,38.9
78312.0,34.5,34.5
71272.0,1.8,1.8
84522.0,2.64,2.64
84373.0,3.47,3.47
79977.0,37.2,37.2
75327.0,32.9,32.9
95043.0,4.89,4.89
80596.0,39.5,39.5
70813.0,43.4,43.4
74547.0,1.63,1.63
82242.0,35.0,35.0
69714.0,36.6,36.6
87117.0,1.74,1.74
82481.0,46.3,46.3
68653.0,45.6,45.6
70072.0,4.8,4.8
82667.0,38.3,38.3
83143.0,3.59,3.59
83341.0,33.4,33.4
75750.0,34.0,34.0
134903.0,3.15,3.15
83763.0,38.8,38.8
72904.0,36.0,36.0
82550.0,4.15,4.15
96121.0,1.97,1.97
84394.0,49.2,49.2
64950.0,52.3,52.3
91840.0,2.36,2.36
151357.0,4.2,4.2
84900.0,41.2,41.2
69229.0,39.1,39.1
114352.0,4.82,4.82
85144.0,43.0,43.0
76674.0,44.8,44.8
140332.0,41.0,41.0
86232.0,45.8,45.8
78500.0,45.1,45.1
96006.0,3.01,3.01
86280.0,32.0,32.0
72289.0,31.8,31.8
101848.0,3.32,3.32
86283.0,32.1,32.1
101488.0,33.1,33.1
79016.0,1.03,1.03
86588.0,33.8,33.8
78915.0,28.1,28.1
98275.0,4.67,4.67
87922.0,30.1,30.1
91044.0,24.7,24.7
120046.0,4.71,4.71
88049.0,38.1,38.1
69769.0,40.4,40.4
85020.0,1.95,1.95
88181.0,32.5,32.5
77834.0,31.6,31.6
141909.0,3.86,3.86
88299.0,31.3,31.3
119009.0,15.5,15.5
149637.0,3.89,3.89
88942.0,41.8,41.8
71700.0,54.1,54.1
70613.0,2.03,2.03
89005.0,45.4,45.4
92465.0,4.51,4.51
89049.0,47.2,47.2
54290.0,61.2,61.2
83385.0,2.51,2.51
89515.0,33.3,33.3
84205.0,26.0,26.0
88726.0,4.47,4.47
89645.0,29.4,29.4
85291.0,25.4,25.4
88439.0,3.2,3.2
90248.0,44.0,44.0
58759.0,53.5,53.5
85104.0,43.6,43.6
90542.0,32.8,32.8
84544.0,29.0,29.0
99025.0,2.26,2.26
99511.0,19.5,19.5
91515.0,36.5,36.5
113307.0,15.0,15.0
48814.0,4.27,4.27
91934.0,35.8,35.8
80632.0,27.1,27.1
90098.0,1.18,1.18
92624.0,37.5,37.5
100810.0,27.6,27.6
85592.0,1.08,1.08
92841.0,32.4,32.4
103253.0,25.8,25.8
96776.0,71.2,71.2
92891.0,33.4,33.4
84787.0,30.4,30.4
47796.0,56.0,56.0
88034.0,2.68,2.68
93382.0,28.0,28.0
86518.0,24.3,24.3
98345.0,4.92,4.92
94870.0,33.8,33.8
105182.0,24.3,24.3
150548.0,2.7,2.7
95519.0,30.9,30.9
99137.0,25.8,25.8
98284.0,2.72,2.72
133882.0,3.21,3.21
97101.0,34.0,34.0
88466.0,28.7,28.7
88158.0,3.15,3.15
97144.0,29.1,29.1
82312.0,33.5,33.5
95752.0,2.58,2.58
97433.0,26.6,26.6
84264.0,26.3,26.3
56940.0,3.11,3.11
97705.0,19.5,19.5
148829.0,2.42,2.42
97765.0,33.7,33.7
100935.0,38.8,38.8
97869.0,27.0,27.0
102110.0,17.7,17.7
109372.0,4.2,4.2
98412.0,42.4,42.4
65877.0,53.8,53.8
110782.0,3.28,3.28
98731.0,21.8,21.8
100935.0,11.6,11.6
100994.0,2.6,2.6
98892.0,24.6,24.6
81875.0,29.2,29.2
124334.0,1.24,1.24
99511.0,24.4,24.4
107520.0,3.22,3.22
99954.0,27.3,27.3
79932.0,32.3,32.3
115657.0,2.51,2.51
99985.0,51.3,51.3
50025.0,57.9,57.9
99550.0,4.54,4.54
100539.0,28.0,28.0
88683.0,24.0,24.0
131074.0,4.21,4.21
101987.0,26.5,26.5
88260.0,28.4,28.4
151735.0,2.18,2.18
102073.0,30.2,30.2
91325.0,28.2,28.2
127030.0,2.28,2.28
102281.0,34.7,34.7
65214.0,41.9,41.9
133435.0,1.55,1.55
102999.0,31.2,31.2
83146.0,35.6,35.6
93924.0,3.72,3.72
103377.0,34.6,34.6
117712.0,18.6,18.6
117126.0,3.17,3.17
104105.0,35.5,35.5
71612.0,46.6,46.6
143169.0,3.52,3.52
107080.0,30.5,30.5
102240.0,18.7,18.7
92543.0,4.21,4.21
107645.0,20.1,20.1
112511.0,15.5,15.5
139810.0,1.02,1.02
108254.0,25.7,25.7
87940.0,29.2,29.2
17046.0,2.89,2.89
108368.0,36.8,36.8
80046.0,42.5,42.5
102069.0,2.38,2.38
152543.0,1.45,1.45
108742.0,24.7,24.7
93309.0,20.9,20.9
134736.0,2.08,2.08
109189.0,28.6,28.6
78141.0,37.9,37.9
97370.0,1.35,1.35
109633.0,28.5,28.5
93560.0,30.1,30.1
52306.0,1.96,1.96
109635.0,48.4,48.4
36743.0,63.0,63.0
74978.0,3.38,3.38
110684.0,24.2,24.2
108511.0,4.87,4.87
111276.0,41.0,41.0
73587.0,42.9,42.9
103431.0,3.99,3.99
111291.0,26.9,26.9
111576.0,14.1,14.1
145455.0,3.32,3.32
112241.0,33.6,33.6
125117.0,4.25,4.25
114034.0,20.6,20.6
114497.0,14.4,14.4
119256.0,2.66,2.66
114315.0,24.3,24.3
152813.0,2.6,2.6
136904.0,1.56,1.56
115264.0,23.3,23.3
95845.0,23.8,23.8
115311.0,2.02,2.02
115456.0,19.4,19.4
123116.0,12.9,12.9
128708.0,4.61,4.61
116112.0,24.2,24.2
142714.0,3.98,3.98
117189.0,21.3,21.3
99769.0,19.6,19.6
135560.0,27.7,27.7
118305.0,18.5,18.5
120596.0,10.9,10.9
148148.0,2.71,2.71
118842.0,20.7,20.7
107370.0,16.0,16.0
152547.0,4.78,4.78
119124.0,30.2,30.2
140258.0,1.98,1.98
119691.0,27.8,27.8
98055.0,2.69,2.69
120672.0,22.8,22.8
42591.0,56.8,56.8
107508.0,1.14,1.14
120693.0,24.2,24.2
85919.0,28.5,28.5
133612.0,16.0,16.0
120746.0,17.2,17.2
130977.0,3.25,3.25
110434.0,19.0,19.0
121517.0,15.8,15.8
111302.0,29.8,29.8
140735.0,3.73,3.73
122518.0,23.0,23.0
122698.0,1.89,1.89
123875.0,44.0,44.0
50880.0,51.5,51.5
149173.0,4.23,4.23
124240.0,29.8,29.8
151214.0,4.55,4.55
128323.0,16.3,16.3
143094.0,3.7,3.7
129283.0,16.0,16.0
106788.0,3.92,3.92
131320.0,18.8,18.8
116210.0,10.8,10.8
143775.0,2.62,2.62
131915.0,13.8,13.8
114640.0,4.0,4.0
133091.0,24.1,24.1
148871.0,2.5,2.5
133530.0,41.7,41.7
61392.0,45.2,45.2
120656.0,3.77,3.77
134356.0,28.5,28.5
133308.0,3.6,3.6
152960.0,2.19,2.19
134867.0,17.7,17.7
114151.0,3.96,3.96
136052.0,11.9,11.9
86306.0,14.0,14.0
130173.0,3.43,3.43
139024.0,16.5,16.5
149828.0,1.32,1.32
140760.0,21.3,21.3
129458.0,4.32,4.32
141520.0,26.4,26.4
106155.0,37.0,37.0
149919.0,3.56,3.56
143493.0,11.0,11.0
146789.0,1.89,1.89
144272.0,10.4,10.4
147335.0,4.06,4.06
151551.0,1.38,1.38
152611.0,11.6,11.6
149115.0,3.2,3.2
153330.0,8.5,8.5
97081.0,32.5,32.5
153789.0,17.3,17.3
91828.0,28.8,28.8
29504.0,2.61,2.61
51026.0,44.0,44.0
130027.0,3.61,3.61
63102.0,40.4,40.4
27736.0,1.38,1.38
103527.0,2.55,2.55
23874.0,2.17,2.17
139834.0,2.79,2.79
5239.0,3.24,3.24
28614.0,1.85,1.85
45746.0,3.67,3.67
45386.0,1.99,1.99
101632.0,1.18,1.18
132589.0,2.1,2.1
75450.0,47.0,47.0
99696.0,11.5,11.5
49637.0,1.29,1.29
141087.0,2.31,2.31
86471.0,41.3,41.3
46028.0,3.27,3.27
97085.0,2.5,2.5
142099.0,1.55,1.55
144081.0,3.91,3.91
22273.0,4.3,4.3
138125.0,3.37,3.37
149594.0,2.59,2.59
146639.0,4.78,4.78
127122.0,3.74,3.74
151403.0,2.87,2.87
20291.0,4.55,4.55
146591.0,3.76,3.76
148284.0,2.24,2.24
150486.0,1.67,1.67
152648.0,4.03,4.03
116643.0,25.1,25.1
79711.0,4.43,4.43
50672.0,52.6,52.6
150278.0,2.18,2.18
151197.0,2.07,2.07
144018.0,4.05,4.05
72417.0,37.9,37.9
117710.0,4.17,4.17
55720.0,48.8,48.8
152848.0,55.0,55.0
83671.0,34.8,34.8
68699.0,1.87,1.87
30282.0,3.38,3.38
132274.0,1.37,1.37
84482.0,44.1,44.1
153034.0,1.2,1.2
153545.0,1.34,1.34
104200.0,27.1,27.1
79260.0,3.47,3.47
76098.0,2.61,2.61
92108.0,2.32,2.32
76209.0,2.31,2.31
151543.0,3.01,3.01
45002.0,1.87,1.87
25696.0,2.69,2.69
64808.0,2.84,2.84
23213.0,1.93,1.93
20376.0,4.63,4.63
153628.0,1.59,1.59
151172.0,3.11,3.11
79652.0,1.06,1.06
38743.0,58.8,58.8
44329.0,50.2,50.2
46429.0,54.4,54.4
45383.0,53.9,53.9
41671.0,54.3,54.3
45428.0,50.5,50.5
42752.0,54.5,54.5
44329.0,50.2,50.2
43153.0,54.6,54.6
47347.0,47.0,47.0
43256.0,55.0,55.0
49937.0,47.6,47.6
49521.0,53.4,53.4
46632.0,51.3,51.3
45428.0,50.5,50.5
46288.0,54.7,54.7
49902.0,47.6,47.6
46429.0,54.4,54.4
43153.0,54.6,54.6
43256.0,55.0,55.0
48548.0,48.3,48.3
48548.0,48.3,48.3
45662.0,54.7,54.7
42752.0,54.5,54.5
49500.0,52.3,52.3
49940.0,52.5,52.5
47416.0,51.0,51.0
47416.0,51.0,51.0
43218.0,52.9,52.9
45383.0,53.9,53.9
46288.0,54.7,54.7
44164.0,52.1,52.1
45383.0,53.9,53.9
46632.0,51.3,51.3
46288.0,54.7,54.7
46288.0,54.7,54.7
45383.0,53.9,53.9
42752.0,54.5,54.5
49893.0,48.1,48.1
49500.0,52.3,52.3
46988.0,53.1,53.1
47416.0,51.0,51.0
49521.0,53.4,53.4
41000.0,53.7,53.7
47416.0,51.0,51.0
45662.0,54.7,54.7
46429.0,54.4,54.4
45662.0,54.7,54.7
47781.0,52.3,52.3
46988.0,53.1,53.1
46125.0,48.5,48.5
43256.0,55.0,55.0
47347.0,47.0,47.0
32276.0,55.0,55.0
45662.0,54.7,54.7
46632.0,51.3,51.3
46988.0,53.1,53.1
43153.0,54.6,54.6
41000.0,53.7,53.7
41000.0,53.7,53.7
47068.0,52.1,52.1
47781.0,52.3,52.3
41000.0,53.7,53.7
47068.0,52.1,52.1
47781.0,52.3,52.3
41000.0,53.7,53.7
45383.0,53.9,53.9
43256.0,55.0,55.0
45383.0,53.9,53.9
48468.0,48.6,48.6
43153.0,54.6,54.6
46125.0,48.5,48.5
46429.0,54.4,54.4
46632.0,51.3,51.3
48524.0,50.7,50.7
47781.0,52.3,52.3
32276.0,55.0,55.0
49937.0,47.6,47.6
45383.0,53.9,53.9
49554.0,54.0,54.0
48982.0,54.4,54.4
47416.0,51.0,51.0
46125.0,48.5,48.5
47416.0,51.0,51.0
43256.0,55.0,55.0
47416.0,51.0,51.0
41569.0,53.4,53.4
44329.0,50.2,50.2
43218.0,52.9,52.9
32276.0,55.0,55.0
41569.0,53.4,53.4
49893.0,48.1,48.1
45055.0,52.3,52.3
49554.0,54.0,54.0
32276.0,55.0,55.0
44164.0,52.1,52.1
45383.0,53.9,53.9
45428.0,50.5,50.5
46988.0,53.1,53.1
49893.0,48.1,48.1
43256.0,55.0,55.0
46125.0,48.5,48.5
49940.0,52.5,52.5
49937.0,47.6,47.6
43218.0,52.9,52.9
46632.0,51.3,51.3
47347.0,47.0,47.0
42752.0,54.5,54.5
46288.0,54.7,54.7
32276.0,55.0,55.0
49554.0,54.0,54.0
49940.0,52.5,52.5
44329.0,50.2,50.2
41671.0,54.3,54.3
46684.0,53.7,53.7
45383.0,53.9,53.9
45662.0,54.7,54.7
43153.0,54.6,54.6
47781.0,52.3,52.3
44329.0,50.2,50.2
41569.0,53.4,53.4
46988.0,53.1,53.1
41569.0,53.4,53.4
46988.0,53.1,53.1
46125.0,48.5,48.5
44329.0,50.2,50.2
49188.0,51.2,51.2
49289.0,51.6,51.6
46429.0,54.4,54.4
48468.0,48.6,48.6
46125.0,48.5,48.5
44489.0,54.2,54.2
44164.0,52.1,52.1
47068.0,52.1,52.1
49554.0,54.0,54.0
49940.0,52.5,52.5
41000.0,53.7,53.7
44164.0,52.1,52.1
44164.0,52.1,52.1
44164.0,52.1,52.1
47781.0,52.3,52.3
47781.0,52.3,52.3
49902.0,47.6,47.6
47347.0,47.0,47.0
43256.0,55.0,55.0
46988.0,53.1,53.1
47416.0,51.0,51.0
32276.0,55.0,55.0
41671.0,54.3,54.3
32276.0,55.0,55.0
49289.0,51.6,51.6
45055.0,52.3,52.3
44329.0,50.2,50.2
47347.0,47.0,47.0
46684.0,53.7,53.7
49940.0,52.5,52.5
46288.0,54.7,54.7
45428.0,50.5,50.5
43218.0,52.9,52.9
48548.0,48.3,48.3
48468.0,48.6,48.6
41569.0,53.4,53.4
49893.0,48.1,48.1
49940.0,52.5,52.5
46988.0,53.1,53.1
46988.0,53.1,53.1
41259.0,54.1,54.1
45662.0,54.7,54.7
46288.0,54.7,54.7
49893.0,48.1,48.1
42752.0,54.5,54.5
49893.0,48.1,48.1
32276.0,55.0,55.0
49893.0,48.1,48.1
43153.0,54.6,54.6
45662.0,54.7,54.7
41000.0,53.7,53.7
48097.0,52.5,52.5
47416.0,51.0,51.0
41671.0,54.3,54.3
44489.0,54.2,54.2
45662.0,54.7,54.7
46429.0,54.4,54.4
48468.0,48.6,48.6
48468.0,48.6,48.6
44164.0,52.1,52.1
45055.0,52.3,52.3
48982.0,54.4,54.4
48548.0,48.3,48.3
46632.0,51.3,51.3
49188.0,51.2,51.2
49289.0,51.6,51.6
49500.0,52.3,52.3
43218.0,52.9,52.9
46632.0,51.3,51.3
46684.0,53.7,53.7
47781.0,52.3,52.3
49902.0,47.6,47.6
46429.0,54.4,54.4
45055.0,52.3,52.3
44164.0,52.1,52.1
41671.0,54.3,54.3
45662.0,54.7,54.7
41671.0,54.3,54.3
44164.0,52.1,52.1
41569.0,53.4,53.4
46988.0,53.1,53.1
43256.0,55.0,55.0
41259.0,54.1,54.1
43153.0,54.6,54.6
46632.0,51.3,51.3
47416.0,51.0,51.0
46288.0,54.7,54.7
46125.0,48.5,48.5
41259.0,54.1,54.1
43153.0,54.6,54.6
43218.0,52.9,52.9
48097.0,52.5,52.5
46632.0,51.3,51.3
45662.0,54.7,54.7
45428.0,50.5,50.5
49521.0,53.4,53.4
49893.0,48.1,48.1
43153.0,54.6,54.6
47416.0,51.0,51.0
43256.0,55.0,55.0
49521.0,53.4,53.4
49937.0,47.6,47.6
48468.0,48.6,48.6
47416.0,51.0,51.0
43218.0,52.9,52.9
41671.0,54.3,54.3
43256.0,55.0,55.0
46288.0,54.7,54.7
44164.0,52.1,52.1
45428.0,50.5,50.5
41000.0,53.7,53.7
48468.0,48.6,48.6
45428.0,50.5,50.5
49289.0,51.6,51.6
47347.0,47.0,47.0
49893.0,48.1,48.1
46632.0,51.3,51.3
47781.0,52.3,52.3
45428.0,50.5,50.5
43218.0,52.9,52.9
49893.0,48.1,48.1
46429.0,54.4,54.4
47068.0,52.1,52.1
43256.0,55.0,55.0
49902.0,47.6,47.6
43153.0,54.6,54.6
41000.0,53.7,53.7
44164.0,52.1,52.1
49893.0,48.1,48.1
49940.0,52.5,52.5
42752.0,54.5,54.5
43256.0,55.0,55.0
44164.0,52.1,52.1
43256.0,55.0,55.0
41569.0,53.4,53.4
45383.0,53.9,53.9
48982.0,54.4,54.4
43256.0,55.0,55.0
49893.0,48.1,48.1
47347.0,47.0,47.0
41259.0,54.1,54.1
49940.0,52.5,52.5
48548.0,48.3,48.3
48548.0,48.3,48.3
49188.0,51.2,51.2
46288.0,54.7,54.7
43256.0,55.0,55.0
41671.0,54.3,54.3
41671.0,54.3,54.3
42752.0,54.5,54.5
49902.0,47.6,47.6
46684.0,53.7,53.7
44164.0,52.1,52.1
46125.0,48.5,48.5
42752.0,54.5,54.5
43256.0,55.0,55.0
41671.0,54.3,54.3
47781.0,52.3,52.3
47347.0,47.0,47.0
47416.0,51.0,51.0
46684.0,53.7,53.7
48548.0,48.3,48.3
44489.0,54.2,54.2
49937.0,47.6,47.6
44489.0,54.2,54.2
43218.0,52.9,52.9
47781.0,52.3,52.3
49937.0,47.6,47.6
46632.0,51.3,51.3
46429.0,54.4,54.4
44489.0,54.2,54.2
45383.0,53.9,53.9
43218.0,52.9,52.9
49289.0,51.6,51.6
48468.0,48.6,48.6
41671.0,54.3,54.3
43256.0,55.0,55.0
49500.0,52.3,52.3
48982.0,54.4,54.4
41000.0,53.7,53.7
49500.0,52.3,52.3
41671.0,54.3,54.3
46632.0,51.3,51.3
46632.0,51.3,51.3
48524.0,50.7,50.7
45428.0,50.5,50.5
44489.0,54.2,54.2
46125.0,48.5,48.5
48097.0,52.5,52.5
47347.0,47.0,47.0
45662.0,54.7,54.7
46684.0,53.7,53.7
46632.0,51.3,51.3
46684.0,53.7,53.7
45055.0,52.3,52.3
